customer_id,churn_probability,predicted_label,top_3_drivers,actual_churned,segment
500893,0.9993,1,No purchase for 4 months; 3 support tickets in last 3m; No marketing emails opened in last 3m,1,Lapsed
501583,0.9992,1,3 support tickets in last 3m; No purchases in last 3m; No marketing emails opened in last 3m,1,Lapsed
502331,0.998,1,No purchase for 4 months; 2 support tickets in last 3m; Spend $0/month (last 3m),1,Lapsed
500119,0.9976,1,Transactions trending down (-1.6/month); No purchases in last 3m; 2 support tickets in last 3m,1,Lapsed
502373,0.9975,1,4 support tickets in last 3m; Transactions trending down (-1.8/month); 1.0 transactions/month (last 3m),1,Active
500945,0.9973,1,Transactions trending down (-1.5/month); No purchases in last 3m; No marketing emails opened in last 3m,1,Lapsed
500702,0.9972,1,No purchase for 5 months; No marketing emails opened in last 3m; Spend $0/month (last 3m),1,Lapsed
501335,0.9972,1,3 support tickets in last 3m; Transactions trending down (-1.5/month); 0.5 transactions/month (last 3m),1,Active
502059,0.9969,1,No purchase in 6+ months; No marketing emails opened in last 3m; Spend $0/month (last 3m),1,Lapsed
501959,0.9967,1,No purchases in last 3m; Transactions trending down (-1.1/month); No marketing emails opened in last 3m,1,Lapsed
501140,0.9966,1,No purchase in 6+ months; No marketing emails opened in last 3m; Spend $0/month (last 3m),1,Lapsed
502133,0.9966,1,No purchase for 4 months; Transactions trending down (-1.1/month); No marketing emails opened in last 3m,1,Lapsed
500302,0.996,1,No purchase for 4 months; Transactions trending down (-1.5/month); No marketing emails opened in last 3m,1,Lapsed
500820,0.9957,1,No purchases in last 3m; Transactions trending down (-1.0/month); No marketing emails opened in last 3m,1,Lapsed
500246,0.9956,1,No purchase for 5 months; Spend $0/month (last 3m); No app use in last 3m,1,Lapsed
500762,0.9955,1,No purchase for 5 months; No marketing emails opened in last 3m; Spend $0/month (last 3m),1,Lapsed
500498,0.9955,1,No purchase for 4 months; No marketing emails opened in last 3m; Spend $0/month (last 3m),1,Lapsed
501807,0.9955,1,No purchases in last 3m; Transactions trending down (-1.0/month); No marketing emails opened in last 3m,1,Lapsed
502125,0.9949,1,No purchases in last 3m; 5 support tickets in 6m; No marketing emails opened in last 3m,1,Lapsed
502197,0.9948,1,No purchases in last 3m; Transactions trending down (-1.1/month); 2 support tickets in last 3m,1,Lapsed
501995,0.9948,1,No purchase for 4 months; Transactions trending down (-1.1/month); No marketing emails opened in last 3m,1,Lapsed
501831,0.9945,1,No purchases in last 3m; Transactions trending down (-1.1/month); No marketing emails opened in last 3m,1,Lapsed
502058,0.9944,1,No purchase for 5 months; No marketing emails opened in last 3m; Spend $0/month (last 3m),1,Lapsed
502376,0.9943,1,No purchase in 6+ months; No marketing emails opened in last 3m; Spend $0/month (last 3m),1,Lapsed
501859,0.9943,1,No purchase in 6+ months; No marketing emails opened in last 3m; Spend $0/month (last 3m),1,Lapsed
500298,0.9943,1,No purchase in 6+ months; No marketing emails opened in last 3m; Spend $0/month (last 3m),1,Lapsed
501168,0.9941,1,No purchase in 6+ months; No marketing emails opened in last 3m; Spend $0/month (last 3m),1,Lapsed
500951,0.994,1,No purchase in 6+ months; No marketing emails opened in last 3m; Spend $0/month (last 3m),1,Lapsed
502144,0.9939,1,No purchase for 5 months; No marketing emails opened in last 3m; Spend $0/month (last 3m),1,Lapsed
501039,0.9939,1,No purchase for 5 months; No marketing emails opened in last 3m; Spend $0/month (last 3m),1,Lapsed
500084,0.9939,1,No purchases in last 3m; No marketing emails opened in last 3m; Spend $0/month (last 3m),1,Lapsed
501113,0.9938,1,No purchase in 6+ months; No marketing emails opened in last 3m; Spend $0/month (last 3m),1,Lapsed
501748,0.9937,1,No purchase for 4 months; No marketing emails opened in last 3m; Spend $0/month (last 3m),1,Lapsed
500055,0.9936,1,No purchase for 4 months; No marketing emails opened in last 3m; Spend $0/month (last 3m),1,Lapsed
501947,0.9936,1,No purchase for 4 months; No marketing emails opened in last 3m; Spend $0/month (last 3m),1,Lapsed
501525,0.9934,1,No purchase in 6+ months; No marketing emails opened in last 3m; Spend $0/month (last 3m),1,Lapsed
502103,0.9934,1,No purchase in 6+ months; No marketing emails opened in last 3m; Spend $0/month (last 3m),1,Lapsed
502224,0.9933,1,No purchase in 6+ months; No marketing emails opened in last 3m; Spend $0/month (last 3m),1,Lapsed
501099,0.9933,1,No purchase in 6+ months; No marketing emails opened in last 3m; Spend $0/month (last 3m),1,Lapsed
500872,0.9932,1,No purchase in 6+ months; No marketing emails opened in last 3m; Spend $0/month (last 3m),1,Lapsed
501141,0.9932,1,No purchases in last 3m; No marketing emails opened in last 3m; Spend $0/month (last 3m),1,Lapsed
500499,0.9931,1,No purchases in last 3m; No marketing emails opened in last 3m; Spend $0/month (last 3m),1,Lapsed
502394,0.9931,1,No purchase for 5 months; No marketing emails opened in last 3m; Spend $0/month (last 3m),1,Lapsed
501908,0.993,1,No purchase in 6+ months; No marketing emails opened in last 3m; Spend $0/month (last 3m),1,Lapsed
501106,0.9929,1,No purchase for 4 months; Transactions trending down (-0.9/month); No marketing emails opened in last 3m,1,Lapsed
500925,0.9929,1,No purchase for 4 months; No marketing emails opened in last 3m; Spend $0/month (last 3m),1,Lapsed
502070,0.9929,1,No purchases in last 3m; No marketing emails opened in last 3m; Spend $0/month (last 3m),1,Lapsed
500873,0.9929,1,No purchase for 4 months; No marketing emails opened in last 3m; Spend $0/month (last 3m),1,Lapsed
500666,0.9928,1,No purchase in 6+ months; No marketing emails opened in last 3m; Spend $0/month (last 3m),1,Lapsed
501055,0.9928,1,No purchase for 4 months; No marketing emails opened in last 3m; Spend $0/month (last 3m),1,Lapsed
501621,0.9928,1,No purchase in 6+ months; No marketing emails opened in last 3m; Spend $0/month (last 3m),1,Lapsed
501091,0.9927,1,No purchase in 6+ months; No marketing emails opened in last 3m; Spend $0/month (last 3m),1,Lapsed
500227,0.9925,1,No purchase for 4 months; Transactions trending down (-1.0/month); No marketing emails opened in last 3m,1,Lapsed
500374,0.9925,1,Transactions trending down (-1.7/month); No purchase for 4 months; No marketing emails opened in last 3m,1,Lapsed
502410,0.9925,1,No purchase for 4 months; No marketing emails opened in last 3m; Spend $0/month (last 3m),1,Lapsed
501338,0.9923,1,3 support tickets in last 3m; Transactions trending down (-1.3/month); 0.3 transactions/month (last 3m),1,Active
500478,0.9923,1,No purchase for 5 months; No marketing emails opened in last 3m; Spend $0/month (last 3m),1,Lapsed
500690,0.9923,1,No purchase for 5 months; No marketing emails opened in last 3m; Spend $0/month (last 3m),1,Lapsed
501367,0.9922,1,No purchase for 4 months; No marketing emails opened in last 3m; Spend $0/month (last 3m),1,Lapsed
502187,0.9922,1,No purchase for 5 months; No marketing emails opened in last 3m; Spend $0/month (last 3m),1,Lapsed
500644,0.992,1,No purchase for 4 months; No marketing emails opened in last 3m; Spend $0/month (last 3m),1,Lapsed
501303,0.992,1,No purchase for 5 months; No marketing emails opened in last 3m; Spend $0/month (last 3m),1,Lapsed
500135,0.992,1,No purchase in 6+ months; No marketing emails opened in last 3m; Spend $0/month (last 3m),1,Lapsed
502100,0.992,1,No purchase for 4 months; 2 support tickets in last 3m; No marketing emails opened in last 3m,1,Lapsed
501881,0.9919,1,No purchase in 6+ months; No marketing emails opened in last 3m; Spend $0/month (last 3m),1,Lapsed
502062,0.9919,1,No purchase for 5 months; No marketing emails opened in last 3m; Spend $0/month (last 3m),1,Lapsed
500989,0.9917,1,4 support tickets in last 3m; 1.0 transactions/month (last 3m); Transactions trending down (-0.9/month),1,Active
501029,0.9917,1,No purchases in last 3m; Transactions trending down (-1.1/month); No marketing emails opened in last 3m,1,Lapsed
502375,0.9916,1,No purchase in 6+ months; No marketing emails opened in last 3m; Spend $0/month (last 3m),1,Lapsed
501639,0.9916,1,No purchases in last 3m; 2 support tickets in last 3m; Spend $0/month (last 3m),1,Lapsed
501208,0.9915,1,No purchase in 6+ months; No marketing emails opened in last 3m; Spend $0/month (last 3m),1,Lapsed
501781,0.9915,1,No purchase in 6+ months; No marketing emails opened in last 3m; Spend $0/month (last 3m),1,Lapsed
502492,0.9914,1,No purchase for 5 months; No marketing emails opened in last 3m; Spend $0/month (last 3m),1,Lapsed
500905,0.9914,1,No purchase in 6+ months; No marketing emails opened in last 3m; Spend $0/month (last 3m),1,Lapsed
502589,0.9914,1,No purchase in 6+ months; No marketing emails opened in last 3m; Spend $0/month (last 3m),1,Lapsed
501184,0.9914,1,No purchases in last 3m; Transactions trending down (-1.3/month); No marketing emails opened in last 3m,1,Lapsed
500798,0.9912,1,No purchase in 6+ months; No marketing emails opened in last 3m; Spend $0/month (last 3m),1,Lapsed
502104,0.9912,1,No purchase in 6+ months; No marketing emails opened in last 3m; Spend $0/month (last 3m),1,Lapsed
501852,0.9912,1,No purchase in 6+ months; No marketing emails opened in last 3m; Spend $0/month (last 3m),1,Lapsed
500916,0.9912,1,No purchase for 5 months; No marketing emails opened in last 3m; Spend $0/month (last 3m),1,Lapsed
501427,0.9912,1,No purchase in 6+ months; No marketing emails opened in last 3m; Spend $0/month (last 3m),1,Lapsed
500281,0.9912,1,No purchase in 6+ months; No marketing emails opened in last 3m; Spend $0/month (last 3m),1,Lapsed
502482,0.9911,1,No purchase for 5 months; No marketing emails opened in last 3m; Spend $0/month (last 3m),1,Lapsed
500773,0.991,1,No purchase in 6+ months; No marketing emails opened in last 3m; Spend $0/month (last 3m),1,Lapsed
501270,0.991,1,No purchase in 6+ months; No marketing emails opened in last 3m; Spend $0/month (last 3m),1,Lapsed
501605,0.991,1,No purchase in 6+ months; No marketing emails opened in last 3m; Spend $0/month (last 3m),1,Lapsed
502150,0.991,1,No purchase for 5 months; No marketing emails opened in last 3m; Spend $0/month (last 3m),1,Lapsed
502168,0.991,1,No purchase in 6+ months; No marketing emails opened in last 3m; Spend $0/month (last 3m),1,Lapsed
500130,0.9909,1,No purchase in 6+ months; No marketing emails opened in last 3m; Spend $0/month (last 3m),1,Lapsed
500882,0.9909,1,No purchase in 6+ months; No marketing emails opened in last 3m; Spend $0/month (last 3m),1,Lapsed
501630,0.9909,1,No purchase in 6+ months; No marketing emails opened in last 3m; Spend $0/month (last 3m),1,Lapsed
502147,0.9908,1,No purchase in 6+ months; No marketing emails opened in last 3m; Spend $0/month (last 3m),1,Lapsed
501185,0.9908,1,No purchase in 6+ months; No marketing emails opened in last 3m; Spend $0/month (last 3m),1,Lapsed
500588,0.9907,1,No purchases in last 3m; No marketing emails opened in last 3m; Spend $0/month (last 3m),1,Lapsed
501687,0.9907,1,No purchase in 6+ months; No marketing emails opened in last 3m; Spend $0/month (last 3m),1,Lapsed
502207,0.9907,1,No purchase for 5 months; No marketing emails opened in last 3m; Spend $0/month (last 3m),1,Lapsed
500396,0.9907,1,No purchases in last 3m; No marketing emails opened in last 3m; Spend $0/month (last 3m),1,Lapsed
500079,0.9907,1,No purchase for 4 months; No marketing emails opened in last 3m; Spend $0/month (last 3m),1,Lapsed
500153,0.9906,1,No purchase in 6+ months; No marketing emails opened in last 3m; Spend $0/month (last 3m),1,Lapsed
502451,0.9906,1,No purchase in 6+ months; No marketing emails opened in last 3m; Spend $0/month (last 3m),1,Lapsed
500756,0.9906,1,No purchase in 6+ months; No marketing emails opened in last 3m; Spend $0/month (last 3m),1,Lapsed
501684,0.9904,1,No purchase in 6+ months; No marketing emails opened in last 3m; Spend $0/month (last 3m),1,Lapsed
501588,0.9904,1,No purchase for 5 months; No marketing emails opened in last 3m; Spend $0/month (last 3m),1,Lapsed
500361,0.9904,1,No purchase for 5 months; Transactions trending down (-1.0/month); No marketing emails opened in last 3m,1,Lapsed
501837,0.9903,1,No purchase for 5 months; No marketing emails opened in last 3m; Spend $0/month (last 3m),1,Lapsed
501868,0.9903,1,No purchase in 6+ months; No marketing emails opened in last 3m; Spend $0/month (last 3m),1,Lapsed
501691,0.9902,1,No purchase in 6+ months; No marketing emails opened in last 3m; Spend $0/month (last 3m),1,Lapsed
501737,0.9902,1,No purchase for 5 months; No marketing emails opened in last 3m; Spend $0/month (last 3m),1,Lapsed
500386,0.9902,1,No purchase in 6+ months; No marketing emails opened in last 3m; Spend $0/month (last 3m),1,Lapsed
502215,0.9901,1,No purchase in 6+ months; No marketing emails opened in last 3m; Spend $0/month (last 3m),1,Lapsed
501872,0.9901,1,No purchase in 6+ months; No marketing emails opened in last 3m; Spend $0/month (last 3m),1,Lapsed
501887,0.9901,1,Transactions trending down (-1.7/month); No purchases in last 3m; No marketing emails opened in last 3m,1,Lapsed
502213,0.9901,1,No purchase for 4 months; No marketing emails opened in last 3m; Spend $0/month (last 3m),1,Lapsed
502009,0.99,1,No purchase in 6+ months; No marketing emails opened in last 3m; Spend $0/month (last 3m),1,Lapsed
502255,0.99,1,No purchase in 6+ months; No marketing emails opened in last 3m; Spend $0/month (last 3m),1,Lapsed
500045,0.9899,1,No purchase in 6+ months; No marketing emails opened in last 3m; Spend $0/month (last 3m),1,Lapsed
502041,0.9899,1,No purchase for 5 months; No marketing emails opened in last 3m; Spend $0/month (last 3m),1,Lapsed
500700,0.9899,1,Transactions trending down (-2.1/month); No purchases in last 3m; No marketing emails opened in last 3m,1,Lapsed
500681,0.9899,1,No purchase for 5 months; No marketing emails opened in last 3m; Spend $0/month (last 3m),1,Lapsed
500034,0.9899,1,No purchase in 6+ months; No marketing emails opened in last 3m; Spend $0/month (last 3m),1,Lapsed
500669,0.9898,1,No purchase for 4 months; No marketing emails opened in last 3m; Spend $0/month (last 3m),1,Lapsed
500260,0.9898,1,No purchase for 5 months; No marketing emails opened in last 3m; Spend $0/month (last 3m),1,Lapsed
500388,0.9897,1,No purchase in 6+ months; No marketing emails opened in last 3m; Spend $0/month (last 3m),1,Lapsed
501644,0.9896,1,No purchase for 5 months; No marketing emails opened in last 3m; Spend $0/month (last 3m),1,Lapsed
500815,0.9896,1,No purchase in 6+ months; No marketing emails opened in last 3m; Spend $0/month (last 3m),1,Lapsed
500560,0.9896,1,No purchase in 6+ months; No marketing emails opened in last 3m; Spend $0/month (last 3m),1,Lapsed
501265,0.9895,1,No purchase in 6+ months; No marketing emails opened in last 3m; Spend $0/month (last 3m),1,Lapsed
501866,0.9895,1,No purchase in 6+ months; No marketing emails opened in last 3m; Spend $0/month (last 3m),1,Lapsed
501483,0.9895,1,No purchase in 6+ months; No marketing emails opened in last 3m; Spend $0/month (last 3m),1,Lapsed
501771,0.9895,1,No purchases in last 3m; Transactions trending down (-1.1/month); No marketing emails opened in last 3m,1,Lapsed
501636,0.9895,1,No purchase in 6+ months; No marketing emails opened in last 3m; Spend $0/month (last 3m),1,Lapsed
501829,0.9894,1,No purchase in 6+ months; No marketing emails opened in last 3m; Spend $0/month (last 3m),1,Lapsed
500779,0.9894,1,No purchase in 6+ months; No marketing emails opened in last 3m; Spend $0/month (last 3m),1,Lapsed
502498,0.9894,1,No purchase in 6+ months; No marketing emails opened in last 3m; Spend $0/month (last 3m),1,Lapsed
500274,0.9894,1,No purchase in 6+ months; No marketing emails opened in last 3m; Spend $0/month (last 3m),1,Lapsed
502054,0.9894,1,No purchase in 6+ months; No marketing emails opened in last 3m; Spend $0/month (last 3m),1,Lapsed
500720,0.9893,1,No purchase in 6+ months; No marketing emails opened in last 3m; Spend $0/month (last 3m),1,Lapsed
500320,0.9893,1,No purchase in 6+ months; No marketing emails opened in last 3m; Spend $0/month (last 3m),1,Lapsed
501267,0.9893,1,No purchase in 6+ months; No marketing emails opened in last 3m; Spend $0/month (last 3m),1,Lapsed
501806,0.9893,1,No purchase in 6+ months; No marketing emails opened in last 3m; Spend $0/month (last 3m),1,Lapsed
502191,0.9893,1,No purchase in 6+ months; No marketing emails opened in last 3m; Spend $0/month (last 3m),1,Lapsed
501062,0.9893,1,No purchase in 6+ months; No marketing emails opened in last 3m; Spend $0/month (last 3m),1,Lapsed
501058,0.9893,1,No purchase for 5 months; No marketing emails opened in last 3m; Spend $0/month (last 3m),1,Lapsed
500988,0.9892,1,No purchase for 5 months; No marketing emails opened in last 3m; Spend $0/month (last 3m),1,Lapsed
502587,0.9892,1,No purchase in 6+ months; No marketing emails opened in last 3m; Spend $0/month (last 3m),1,Lapsed
501100,0.9892,1,No purchase in 6+ months; No marketing emails opened in last 3m; Spend $0/month (last 3m),1,Lapsed
501570,0.9891,1,No purchase in 6+ months; No marketing emails opened in last 3m; Spend $0/month (last 3m),1,Lapsed
501744,0.989,1,No purchase in 6+ months; No marketing emails opened in last 3m; Spend $0/month (last 3m),1,Lapsed
502190,0.9889,1,No purchase in 6+ months; No marketing emails opened in last 3m; Spend $0/month (last 3m),1,Lapsed
501358,0.9889,1,No purchase in 6+ months; No marketing emails opened in last 3m; Spend $0/month (last 3m),1,Lapsed
502563,0.9888,1,No purchase for 4 months; Spend $0/month (last 3m); No app use in last 3m,0,Lapsed
502430,0.9888,1,No purchase in 6+ months; No marketing emails opened in last 3m; Spend $0/month (last 3m),1,Lapsed
501530,0.9888,1,No purchase in 6+ months; No marketing emails opened in last 3m; Spend $0/month (last 3m),1,Lapsed
500221,0.9888,1,No purchase for 5 months; No marketing emails opened in last 3m; Spend $0/month (last 3m),1,Lapsed
501612,0.9888,1,No purchase in 6+ months; No marketing emails opened in last 3m; Spend $0/month (last 3m),1,Lapsed
500768,0.9887,1,No purchase for 5 months; No marketing emails opened in last 3m; Spend $0/month (last 3m),1,Lapsed
501783,0.9887,1,No purchase in 6+ months; No marketing emails opened in last 3m; Spend $0/month (last 3m),1,Lapsed
501515,0.9887,1,No purchase in 6+ months; No marketing emails opened in last 3m; Spend $0/month (last 3m),1,Lapsed
501614,0.9887,1,No purchase in 6+ months; No marketing emails opened in last 3m; Spend $0/month (last 3m),1,Lapsed
501544,0.9887,1,No purchase for 4 months; No marketing emails opened in last 3m; Spend $0/month (last 3m),1,Lapsed
501056,0.9887,1,0.7 transactions/month (last 3m); No marketing emails opened in last 3m; Transactions trending down (-0.9/month),1,Active
501455,0.9886,1,No purchase for 5 months; No marketing emails opened in last 3m; Spend $0/month (last 3m),1,Lapsed
502264,0.9886,1,No purchases in last 3m; Spend $0/month (last 3m); No app use in last 3m,1,Lapsed
500290,0.9885,1,No purchase for 5 months; No marketing emails opened in last 3m; Spend $0/month (last 3m),1,Lapsed
500545,0.9885,1,No purchase in 6+ months; No marketing emails opened in last 3m; Spend $0/month (last 3m),1,Lapsed
500677,0.9885,1,No purchase in 6+ months; No marketing emails opened in last 3m; Spend $0/month (last 3m),1,Lapsed
501190,0.9885,1,No purchase in 6+ months; No marketing emails opened in last 3m; Spend $0/month (last 3m),1,Lapsed
500683,0.9885,1,No purchase in 6+ months; No marketing emails opened in last 3m; Spend $0/month (last 3m),1,Lapsed
500621,0.9885,1,No purchase in 6+ months; No marketing emails opened in last 3m; Spend $0/month (last 3m),1,Lapsed
502490,0.9884,1,No purchase in 6+ months; No marketing emails opened in last 3m; Spend $0/month (last 3m),1,Lapsed
502522,0.9884,1,No purchase in 6+ months; No marketing emails opened in last 3m; Spend $0/month (last 3m),1,Lapsed
500590,0.9884,1,No purchase in 6+ months; No marketing emails opened in last 3m; Spend $0/month (last 3m),1,Lapsed
501600,0.9883,1,No purchase in 6+ months; No marketing emails opened in last 3m; Spend $0/month (last 3m),1,Lapsed
500878,0.9883,1,No purchase in 6+ months; No marketing emails opened in last 3m; Spend $0/month (last 3m),1,Lapsed
500868,0.9883,1,No purchase in 6+ months; No marketing emails opened in last 3m; Spend $0/month (last 3m),1,Lapsed
501227,0.9883,1,No purchase in 6+ months; No marketing emails opened in last 3m; Spend $0/month (last 3m),1,Lapsed
500129,0.9882,1,No purchase in 6+ months; No marketing emails opened in last 3m; Spend $0/month (last 3m),1,Lapsed
501297,0.9882,1,No purchase in 6+ months; No marketing emails opened in last 3m; Spend $0/month (last 3m),1,Lapsed
501978,0.9882,1,No purchase for 5 months; No marketing emails opened in last 3m; Spend $0/month (last 3m),1,Lapsed
501536,0.9882,1,No purchases in last 3m; 2 support tickets in last 3m; No marketing emails opened in last 3m,1,Lapsed
500970,0.9882,1,No purchase in 6+ months; No marketing emails opened in last 3m; Spend $0/month (last 3m),1,Lapsed
500785,0.9881,1,No purchase in 6+ months; No marketing emails opened in last 3m; Spend $0/month (last 3m),1,Lapsed
500787,0.988,1,No purchase for 5 months; No marketing emails opened in last 3m; Spend $0/month (last 3m),1,Lapsed
502073,0.988,1,No purchase in 6+ months; No marketing emails opened in last 3m; Spend $0/month (last 3m),1,Lapsed
501548,0.988,1,No purchase in 6+ months; No marketing emails opened in last 3m; Spend $0/month (last 3m),1,Lapsed
501817,0.988,1,Transactions trending down (-1.5/month); No purchases in last 3m; No marketing emails opened in last 3m,1,Lapsed
501759,0.988,1,No purchase in 6+ months; No marketing emails opened in last 3m; Spend $0/month (last 3m),1,Lapsed
500461,0.9879,1,No purchase in 6+ months; No marketing emails opened in last 3m; Spend $0/month (last 3m),1,Lapsed
500514,0.9879,1,No purchase in 6+ months; No marketing emails opened in last 3m; Spend $0/month (last 3m),1,Lapsed
500968,0.9879,1,No purchase for 5 months; No marketing emails opened in last 3m; Spend $0/month (last 3m),1,Lapsed
502256,0.9879,1,No purchase for 4 months; No marketing emails opened in last 3m; Spend $0/month (last 3m),1,Lapsed
500891,0.9878,1,No purchase in 6+ months; No marketing emails opened in last 3m; Spend $0/month (last 3m),1,Lapsed
500217,0.9878,1,No purchases in last 3m; No marketing emails opened in last 3m; Spend $0/month (last 3m),1,Lapsed
502485,0.9878,1,No purchase in 6+ months; No marketing emails opened in last 3m; Spend $0/month (last 3m),1,Lapsed
502391,0.9877,1,No purchase for 5 months; No marketing emails opened in last 3m; Spend $0/month (last 3m),1,Lapsed
501531,0.9877,1,No purchase in 6+ months; No marketing emails opened in last 3m; Spend $0/month (last 3m),1,Lapsed
500094,0.9877,1,No purchase in 6+ months; No marketing emails opened in last 3m; Spend $0/month (last 3m),1,Lapsed
500887,0.9877,1,No purchase in 6+ months; No marketing emails opened in last 3m; Spend $0/month (last 3m),1,Lapsed
502193,0.9877,1,No purchase in 6+ months; No marketing emails opened in last 3m; Spend $0/month (last 3m),1,Lapsed
502412,0.9877,1,No purchase in 6+ months; No marketing emails opened in last 3m; Spend $0/month (last 3m),1,Lapsed
502458,0.9876,1,No purchase in 6+ months; No marketing emails opened in last 3m; Spend $0/month (last 3m),1,Lapsed
502230,0.9876,1,No purchase for 5 months; No marketing emails opened in last 3m; Spend $0/month (last 3m),1,Lapsed
500237,0.9876,1,No purchase in 6+ months; No marketing emails opened in last 3m; Spend $0/month (last 3m),1,Lapsed
500316,0.9875,1,No purchase in 6+ months; No marketing emails opened in last 3m; Spend $0/month (last 3m),1,Lapsed
502579,0.9875,1,No purchase in 6+ months; No marketing emails opened in last 3m; Spend $0/month (last 3m),1,Lapsed
501983,0.9875,1,No purchase in 6+ months; No marketing emails opened in last 3m; Spend $0/month (last 3m),1,Lapsed
500176,0.9874,1,No purchase in 6+ months; No marketing emails opened in last 3m; Spend $0/month (last 3m),1,Lapsed
500415,0.9874,1,0.7 transactions/month (last 3m); 2 support tickets in last 3m; No marketing emails opened in last 3m,1,Active
500376,0.9874,1,No purchase in 6+ months; No marketing emails opened in last 3m; Spend $0/month (last 3m),1,Lapsed
502433,0.9874,1,No purchase in 6+ months; No marketing emails opened in last 3m; Spend $0/month (last 3m),1,Lapsed
501951,0.9873,1,No purchase in 6+ months; No marketing emails opened in last 3m; Spend $0/month (last 3m),1,Lapsed
501838,0.9873,1,No purchase in 6+ months; No marketing emails opened in last 3m; Spend $0/month (last 3m),1,Lapsed
501001,0.9872,1,No purchase in 6+ months; No marketing emails opened in last 3m; Spend $0/month (last 3m),1,Lapsed
500582,0.9872,1,No purchase in 6+ months; No marketing emails opened in last 3m; Spend $0/month (last 3m),1,Lapsed
501631,0.9872,1,No purchase in 6+ months; No marketing emails opened in last 3m; Spend $0/month (last 3m),1,Lapsed
500107,0.9871,1,No purchase in 6+ months; No marketing emails opened in last 3m; Spend $0/month (last 3m),1,Lapsed
501953,0.9871,1,No purchase in 6+ months; No marketing emails opened in last 3m; Spend $0/month (last 3m),1,Lapsed
500739,0.9871,1,No purchase in 6+ months; No marketing emails opened in last 3m; Spend $0/month (last 3m),1,Lapsed
502001,0.9871,1,No purchase in 6+ months; No marketing emails opened in last 3m; Spend $0/month (last 3m),1,Lapsed
501808,0.987,1,No purchase in 6+ months; No marketing emails opened in last 3m; Spend $0/month (last 3m),1,Lapsed
501984,0.987,1,No purchase in 6+ months; No marketing emails opened in last 3m; Spend $0/month (last 3m),1,Lapsed
500566,0.9869,1,No purchase in 6+ months; No marketing emails opened in last 3m; Spend $0/month (last 3m),1,Lapsed
500583,0.9869,1,No purchase in 6+ months; No marketing emails opened in last 3m; Spend $0/month (last 3m),1,Lapsed
501192,0.9869,1,No purchase in 6+ months; No marketing emails opened in last 3m; Spend $0/month (last 3m),1,Lapsed
501910,0.9868,1,No purchase in 6+ months; No marketing emails opened in last 3m; Spend $0/month (last 3m),1,Lapsed
500996,0.9868,1,5 support tickets in last 3m; 1.7 transactions/month (last 3m); Spend $22/month (last 3m),1,Active
501421,0.9868,1,No purchase in 6+ months; No marketing emails opened in last 3m; Spend $0/month (last 3m),1,Lapsed
500198,0.9868,1,No purchase in 6+ months; No marketing emails opened in last 3m; Spend $0/month (last 3m),1,Lapsed
502407,0.9868,1,No purchase in 6+ months; No marketing emails opened in last 3m; Spend $0/month (last 3m),1,Lapsed
500406,0.9867,1,No purchase in 6+ months; No marketing emails opened in last 3m; Spend $0/month (last 3m),1,Lapsed
500483,0.9867,1,No purchase in 6+ months; No marketing emails opened in last 3m; Spend $0/month (last 3m),1,Lapsed
500591,0.9867,1,No purchase in 6+ months; No marketing emails opened in last 3m; Spend $0/month (last 3m),1,Lapsed
502483,0.9866,1,No purchase in 6+ months; No marketing emails opened in last 3m; Spend $0/month (last 3m),1,Lapsed
500163,0.9866,1,No purchase in 6+ months; No marketing emails opened in last 3m; Spend $0/month (last 3m),1,Lapsed
501146,0.9866,1,No purchase in 6+ months; No marketing emails opened in last 3m; Spend $0/month (last 3m),1,Lapsed
501724,0.9866,1,No purchase in 6+ months; No marketing emails opened in last 3m; Spend $0/month (last 3m),1,Lapsed
501508,0.9865,1,No purchase in 6+ months; No marketing emails opened in last 3m; Spend $0/month (last 3m),1,Lapsed
502600,0.9865,1,No purchase in 6+ months; No marketing emails opened in last 3m; Spend $0/month (last 3m),1,Lapsed
500017,0.9864,1,No purchase in 6+ months; No marketing emails opened in last 3m; Spend $0/month (last 3m),1,Lapsed
502229,0.9864,1,No purchase in 6+ months; No marketing emails opened in last 3m; Spend $0/month (last 3m),1,Lapsed
501643,0.9864,1,No purchase in 6+ months; No marketing emails opened in last 3m; Spend $0/month (last 3m),1,Lapsed
501013,0.9864,1,No purchase for 4 months; No marketing emails opened in last 3m; Spend $0/month (last 3m),1,Lapsed
501061,0.9864,1,No purchase in 6+ months; No marketing emails opened in last 3m; Spend $0/month (last 3m),1,Lapsed
500918,0.9863,1,No purchase in 6+ months; No marketing emails opened in last 3m; Spend $0/month (last 3m),1,Lapsed
502055,0.9863,1,No purchase in 6+ months; No marketing emails opened in last 3m; Spend $0/month (last 3m),1,Lapsed
501610,0.9863,1,No purchase in 6+ months; No marketing emails opened in last 3m; Spend $0/month (last 3m),1,Lapsed
502093,0.9863,1,No purchase in 6+ months; No marketing emails opened in last 3m; Spend $0/month (last 3m),1,Lapsed
501173,0.9863,1,No purchase in 6+ months; No marketing emails opened in last 3m; Spend $0/month (last 3m),1,Lapsed
502268,0.9862,1,No purchase in 6+ months; No marketing emails opened in last 3m; Spend $0/month (last 3m),1,Lapsed
500074,0.9862,1,No purchase in 6+ months; No marketing emails opened in last 3m; Spend $0/month (last 3m),1,Lapsed
500584,0.9862,1,No purchase for 5 months; No marketing emails opened in last 3m; Spend $0/month (last 3m),1,Lapsed
500503,0.9862,1,No purchase in 6+ months; No marketing emails opened in last 3m; Spend $0/month (last 3m),1,Lapsed
501853,0.9862,1,No purchase in 6+ months; No marketing emails opened in last 3m; Spend $0/month (last 3m),1,Lapsed
500151,0.986,1,No purchase in 6+ months; No marketing emails opened in last 3m; Spend $0/month (last 3m),1,Lapsed
501287,0.986,1,No purchase in 6+ months; No marketing emails opened in last 3m; Spend $0/month (last 3m),1,Lapsed
500047,0.986,1,No purchase in 6+ months; No marketing emails opened in last 3m; Spend $0/month (last 3m),1,Lapsed
500362,0.986,1,No purchase in 6+ months; No marketing emails opened in last 3m; Spend $0/month (last 3m),1,Lapsed
500418,0.986,1,No purchase in 6+ months; No marketing emails opened in last 3m; Spend $0/month (last 3m),1,Lapsed
501871,0.986,1,No purchase in 6+ months; No marketing emails opened in last 3m; Spend $0/month (last 3m),1,Lapsed
500276,0.986,1,6 support tickets in 6m; 0.7 transactions/month (last 3m); Transactions trending down (-0.9/month),1,Active
501906,0.9859,1,No purchase in 6+ months; No marketing emails opened in last 3m; Spend $0/month (last 3m),1,Lapsed
500289,0.9859,1,No purchases in last 3m; Transactions trending down (-1.2/month); No marketing emails opened in last 3m,1,Lapsed
500948,0.9859,1,No purchase in 6+ months; No marketing emails opened in last 3m; Spend $0/month (last 3m),1,Lapsed
502469,0.9858,1,No purchase in 6+ months; No marketing emails opened in last 3m; Spend $0/month (last 3m),1,Lapsed
502111,0.9858,1,No purchase in 6+ months; No marketing emails opened in last 3m; Spend $0/month (last 3m),1,Lapsed
502060,0.9857,1,No purchase in 6+ months; No marketing emails opened in last 3m; Spend $0/month (last 3m),1,Lapsed
500581,0.9857,1,No purchase in 6+ months; No marketing emails opened in last 3m; Spend $0/month (last 3m),1,Lapsed
502345,0.9857,1,No purchase in 6+ months; No marketing emails opened in last 3m; Spend $0/month (last 3m),1,Lapsed
500933,0.9857,1,No purchase in 6+ months; No marketing emails opened in last 3m; Spend $0/month (last 3m),1,Lapsed
500897,0.9857,1,No purchase in 6+ months; No marketing emails opened in last 3m; Spend $0/month (last 3m),1,Lapsed
500295,0.9857,1,No purchase in 6+ months; No marketing emails opened in last 3m; Spend $0/month (last 3m),1,Lapsed
501046,0.9857,1,No purchase in 6+ months; No marketing emails opened in last 3m; Spend $0/month (last 3m),1,Lapsed
501095,0.9856,1,No purchase in 6+ months; No marketing emails opened in last 3m; Spend $0/month (last 3m),1,Lapsed
501104,0.9856,1,No purchase in 6+ months; No marketing emails opened in last 3m; Spend $0/month (last 3m),1,Lapsed
500790,0.9855,1,No purchase in 6+ months; No marketing emails opened in last 3m; Spend $0/month (last 3m),1,Lapsed
500089,0.9855,1,No purchase in 6+ months; No marketing emails opened in last 3m; Spend $0/month (last 3m),1,Lapsed
502426,0.9855,1,No purchase in 6+ months; No marketing emails opened in last 3m; Spend $0/month (last 3m),1,Lapsed
501973,0.9854,1,No purchase in 6+ months; No marketing emails opened in last 3m; Spend $0/month (last 3m),1,Lapsed
502333,0.9854,1,No purchase in 6+ months; No marketing emails opened in last 3m; Spend $0/month (last 3m),1,Lapsed
500157,0.9854,1,No purchase in 6+ months; No marketing emails opened in last 3m; Spend $0/month (last 3m),1,Lapsed
502027,0.9854,1,No purchase in 6+ months; No marketing emails opened in last 3m; Spend $0/month (last 3m),1,Lapsed
501233,0.9853,1,No purchase in 6+ months; No marketing emails opened in last 3m; Spend $0/month (last 3m),1,Lapsed
502221,0.9853,1,No purchase in 6+ months; No marketing emails opened in last 3m; Spend $0/month (last 3m),1,Lapsed
501299,0.9853,1,No purchase in 6+ months; No marketing emails opened in last 3m; Spend $0/month (last 3m),1,Lapsed
501451,0.9853,1,No purchase in 6+ months; No marketing emails opened in last 3m; Spend $0/month (last 3m),1,Lapsed
502520,0.9852,1,No purchase for 4 months; No marketing emails opened in last 3m; Spend $0/month (last 3m),1,Lapsed
500341,0.9852,1,No purchase for 5 months; No marketing emails opened in last 3m; Spend $0/month (last 3m),1,Lapsed
502037,0.9852,1,No purchase in 6+ months; No marketing emails opened in last 3m; Spend $0/month (last 3m),1,Lapsed
502007,0.9852,1,No purchases in last 3m; 2 support tickets in last 3m; No marketing emails opened in last 3m,1,Lapsed
500068,0.9851,1,No purchase for 4 months; No marketing emails opened in last 3m; Spend $0/month (last 3m),1,Lapsed
500501,0.9851,1,No purchase in 6+ months; No marketing emails opened in last 3m; Spend $0/month (last 3m),1,Lapsed
500377,0.9851,1,No purchase in 6+ months; No marketing emails opened in last 3m; Spend $0/month (last 3m),1,Lapsed
500116,0.9851,1,No purchase in 6+ months; Spend $0/month (last 3m); No app use in last 3m,1,Lapsed
501926,0.9851,1,No purchase in 6+ months; No marketing emails opened in last 3m; Spend $0/month (last 3m),1,Lapsed
501669,0.9851,1,No purchase in 6+ months; No marketing emails opened in last 3m; Spend $0/month (last 3m),1,Lapsed
501195,0.9851,1,No purchase for 5 months; No marketing emails opened in last 3m; Spend $0/month (last 3m),1,Lapsed
500813,0.9851,1,No purchase in 6+ months; No marketing emails opened in last 3m; Spend $0/month (last 3m),1,Lapsed
500941,0.985,1,No purchase in 6+ months; No marketing emails opened in last 3m; Spend $0/month (last 3m),1,Lapsed
502185,0.985,1,No purchase in 6+ months; No marketing emails opened in last 3m; Spend $0/month (last 3m),1,Lapsed
501394,0.9849,1,No purchase in 6+ months; No marketing emails opened in last 3m; Spend $0/month (last 3m),1,Lapsed
500232,0.9849,1,No purchase in 6+ months; No marketing emails opened in last 3m; Spend $0/month (last 3m),1,Lapsed
500611,0.9849,1,No purchase in 6+ months; No marketing emails opened in last 3m; Spend $0/month (last 3m),1,Lapsed
500573,0.9849,1,No purchase in 6+ months; No marketing emails opened in last 3m; Spend $0/month (last 3m),1,Lapsed
501005,0.9849,1,No purchase in 6+ months; No marketing emails opened in last 3m; Spend $0/month (last 3m),1,Lapsed
501708,0.9848,1,No purchase in 6+ months; No marketing emails opened in last 3m; Spend $0/month (last 3m),1,Lapsed
500090,0.9848,1,No purchases in last 3m; Transactions trending down (-1.1/month); No marketing emails opened in last 3m,1,Lapsed
501703,0.9848,1,No purchase for 5 months; No marketing emails opened in last 3m; Spend $0/month (last 3m),1,Lapsed
502438,0.9848,1,No purchase in 6+ months; No marketing emails opened in last 3m; Spend $0/month (last 3m),1,Lapsed
501243,0.9848,1,No purchase in 6+ months; No marketing emails opened in last 3m; Spend $0/month (last 3m),1,Lapsed
500225,0.9848,1,No purchase in 6+ months; No marketing emails opened in last 3m; Spend $0/month (last 3m),1,Lapsed
500244,0.9847,1,No purchase in 6+ months; No marketing emails opened in last 3m; Spend $0/month (last 3m),1,Lapsed
500278,0.9847,1,No purchase in 6+ months; No marketing emails opened in last 3m; Spend $0/month (last 3m),1,Lapsed
502526,0.9847,1,No purchase in 6+ months; No marketing emails opened in last 3m; Spend $0/month (last 3m),1,Lapsed
502110,0.9846,1,No purchase in 6+ months; No marketing emails opened in last 3m; Spend $0/month (last 3m),1,Lapsed
501291,0.9846,1,No purchase in 6+ months; No marketing emails opened in last 3m; Spend $0/month (last 3m),1,Lapsed
500808,0.9846,1,No purchase in 6+ months; No marketing emails opened in last 3m; Spend $0/month (last 3m),1,Lapsed
501875,0.9846,1,No purchase in 6+ months; No marketing emails opened in last 3m; Spend $0/month (last 3m),1,Lapsed
501398,0.9845,1,No purchase in 6+ months; No marketing emails opened in last 3m; Spend $0/month (last 3m),1,Lapsed
502167,0.9845,1,No purchase in 6+ months; No marketing emails opened in last 3m; Spend $0/month (last 3m),1,Lapsed
502128,0.9844,1,No purchase in 6+ months; No marketing emails opened in last 3m; Spend $0/month (last 3m),1,Lapsed
501479,0.9843,1,No purchase in 6+ months; No marketing emails opened in last 3m; Spend $0/month (last 3m),1,Lapsed
502533,0.9843,1,No purchase in 6+ months; No marketing emails opened in last 3m; Spend $0/month (last 3m),1,Lapsed
500834,0.9843,1,No purchase in 6+ months; No marketing emails opened in last 3m; Spend $0/month (last 3m),1,Lapsed
500936,0.9842,1,No purchase in 6+ months; No marketing emails opened in last 3m; Spend $0/month (last 3m),1,Lapsed
502429,0.9842,1,No purchase in 6+ months; No marketing emails opened in last 3m; Spend $0/month (last 3m),1,Lapsed
501422,0.9842,1,No purchase for 4 months; No marketing emails opened in last 3m; Spend $0/month (last 3m),1,Lapsed
501784,0.9842,1,No purchase in 6+ months; No marketing emails opened in last 3m; Spend $0/month (last 3m),1,Lapsed
501444,0.9841,1,No purchase in 6+ months; No marketing emails opened in last 3m; Spend $0/month (last 3m),1,Lapsed
501999,0.9841,1,No purchase in 6+ months; No marketing emails opened in last 3m; Spend $0/month (last 3m),1,Lapsed
500099,0.984,1,No purchase for 4 months; No marketing emails opened in last 3m; Spend $0/month (last 3m),1,Lapsed
501356,0.984,1,No purchase in 6+ months; No marketing emails opened in last 3m; Spend $0/month (last 3m),1,Lapsed
501556,0.9839,1,No purchase in 6+ months; No marketing emails opened in last 3m; Spend $0/month (last 3m),1,Lapsed
502303,0.9839,1,No purchase in 6+ months; No marketing emails opened in last 3m; Spend $0/month (last 3m),1,Lapsed
501033,0.9838,1,No purchase for 5 months; No marketing emails opened in last 3m; Spend $0/month (last 3m),1,Lapsed
500022,0.9838,1,No purchase for 4 months; No marketing emails opened in last 3m; Spend $0/month (last 3m),1,Lapsed
501249,0.9836,1,No purchase in 6+ months; No marketing emails opened in last 3m; Spend $0/month (last 3m),1,Lapsed
502010,0.9835,1,No purchase in 6+ months; No marketing emails opened in last 3m; Spend $0/month (last 3m),1,Lapsed
500819,0.9834,1,No purchase in 6+ months; No marketing emails opened in last 3m; Spend $0/month (last 3m),1,Lapsed
500124,0.9834,1,No purchase in 6+ months; No marketing emails opened in last 3m; Spend $0/month (last 3m),1,Lapsed
502063,0.9834,1,No purchase in 6+ months; No marketing emails opened in last 3m; Spend $0/month (last 3m),1,Lapsed
502097,0.9833,1,No purchase in 6+ months; No marketing emails opened in last 3m; Spend $0/month (last 3m),1,Lapsed
502574,0.9832,1,No purchase in 6+ months; No marketing emails opened in last 3m; Spend $0/month (last 3m),1,Lapsed
501813,0.9831,1,No purchase in 6+ months; No marketing emails opened in last 3m; Spend $0/month (last 3m),1,Lapsed
500977,0.9831,1,No purchase in 6+ months; No marketing emails opened in last 3m; Spend $0/month (last 3m),1,Lapsed
500470,0.983,1,No purchase in 6+ months; No marketing emails opened in last 3m; Spend $0/month (last 3m),1,Lapsed
500173,0.9829,1,No purchase for 4 months; 6 support tickets in 6m; No marketing emails opened in last 3m,1,Lapsed
500928,0.9828,1,No purchase in 6+ months; No marketing emails opened in last 3m; Spend $0/month (last 3m),1,Lapsed
500804,0.9828,1,No purchase for 5 months; No marketing emails opened in last 3m; Spend $0/month (last 3m),1,Lapsed
501965,0.9827,1,No purchase in 6+ months; No marketing emails opened in last 3m; Spend $0/month (last 3m),1,Lapsed
502479,0.9827,1,No purchase in 6+ months; No marketing emails opened in last 3m; Spend $0/month (last 3m),1,Lapsed
500634,0.9827,1,No purchase in 6+ months; No marketing emails opened in last 3m; Spend $0/month (last 3m),1,Lapsed
501521,0.9826,1,No purchase in 6+ months; No marketing emails opened in last 3m; Spend $0/month (last 3m),1,Lapsed
500752,0.9826,1,No purchase in 6+ months; No marketing emails opened in last 3m; Spend $0/month (last 3m),1,Lapsed
502396,0.9825,1,No purchase in 6+ months; No marketing emails opened in last 3m; Spend $0/month (last 3m),1,Lapsed
500991,0.9825,1,No purchase in 6+ months; No marketing emails opened in last 3m; Spend $0/month (last 3m),1,Lapsed
500284,0.9825,1,No purchase in 6+ months; No marketing emails opened in last 3m; Spend $0/month (last 3m),1,Lapsed
501166,0.9825,1,No purchase in 6+ months; No marketing emails opened in last 3m; Spend $0/month (last 3m),1,Lapsed
501034,0.9824,1,No purchase in 6+ months; No marketing emails opened in last 3m; Spend $0/month (last 3m),1,Lapsed
500692,0.9824,1,Transactions trending down (-1.4/month); No purchases in last 3m; Spend $0/month (last 3m),1,Lapsed
500459,0.9824,1,No purchase in 6+ months; No marketing emails opened in last 3m; Spend $0/month (last 3m),1,Lapsed
500449,0.9823,1,No purchase in 6+ months; No marketing emails opened in last 3m; Spend $0/month (last 3m),1,Lapsed
502026,0.9823,1,No purchase in 6+ months; No marketing emails opened in last 3m; Spend $0/month (last 3m),1,Lapsed
502443,0.9823,1,No purchase in 6+ months; No marketing emails opened in last 3m; Spend $0/month (last 3m),1,Lapsed
501200,0.9823,1,No purchase in 6+ months; No marketing emails opened in last 3m; Spend $0/month (last 3m),1,Lapsed
500637,0.9822,1,No purchase in 6+ months; No marketing emails opened in last 3m; Spend $0/month (last 3m),1,Lapsed
501212,0.9822,1,No purchase in 6+ months; No marketing emails opened in last 3m; Spend $0/month (last 3m),1,Lapsed
501336,0.9821,1,No purchase in 6+ months; No marketing emails opened in last 3m; Spend $0/month (last 3m),1,Lapsed
501794,0.9821,1,No purchase in 6+ months; No marketing emails opened in last 3m; Spend $0/month (last 3m),1,Lapsed
500869,0.982,1,No purchase for 4 months; No marketing emails opened in last 3m; Spend $0/month (last 3m),1,Lapsed
500236,0.9819,1,No purchase in 6+ months; No marketing emails opened in last 3m; Spend $0/month (last 3m),1,Lapsed
501294,0.9819,1,No purchase in 6+ months; No marketing emails opened in last 3m; Spend $0/month (last 3m),1,Lapsed
502220,0.9819,1,No purchase in 6+ months; No marketing emails opened in last 3m; Spend $0/month (last 3m),1,Lapsed
501522,0.9818,1,No purchase in 6+ months; No marketing emails opened in last 3m; Spend $0/month (last 3m),1,Lapsed
502561,0.9818,1,Transactions trending down (-1.5/month); 2 support tickets in last 3m; 1.0 transactions/month (last 3m),1,Active
500715,0.9818,1,No purchase in 6+ months; No marketing emails opened in last 3m; Spend $0/month (last 3m),1,Lapsed
500653,0.9818,1,No purchase in 6+ months; No marketing emails opened in last 3m; Spend $0/month (last 3m),1,Lapsed
500564,0.9817,1,3 support tickets in last 3m; 0.3 transactions/month (last 3m); Spend $10/month (last 3m),1,Active
502312,0.9817,1,No purchase in 6+ months; No marketing emails opened in last 3m; Spend $0/month (last 3m),1,Lapsed
501891,0.9817,1,No purchase in 6+ months; No marketing emails opened in last 3m; Spend $0/month (last 3m),1,Lapsed
501324,0.9816,1,No purchase in 6+ months; No marketing emails opened in last 3m; Spend $0/month (last 3m),1,Lapsed
501919,0.9814,1,No purchase for 5 months; No marketing emails opened in last 3m; Spend $0/month (last 3m),1,Lapsed
501476,0.9813,1,2 support tickets in last 3m; No marketing emails opened in last 3m; No transactions last month,1,Active
501229,0.9812,1,No purchase for 4 months; No marketing emails opened in last 3m; Spend $0/month (last 3m),1,Lapsed
501892,0.9812,1,No purchase in 6+ months; No marketing emails opened in last 3m; Spend $0/month (last 3m),1,Lapsed
500444,0.9812,1,No purchase in 6+ months; No marketing emails opened in last 3m; Spend $0/month (last 3m),1,Lapsed
502388,0.9811,1,No purchase in 6+ months; No marketing emails opened in last 3m; Spend $0/month (last 3m),1,Lapsed
501332,0.9811,1,Transactions trending down (-1.5/month); 0.7 transactions/month (last 3m); No marketing emails opened in last 3m,1,Active
501220,0.9811,1,No purchase for 4 months; No marketing emails opened in last 3m; Spend $0/month (last 3m),1,Lapsed
502013,0.9811,1,No purchase in 6+ months; No marketing emails opened in last 3m; Spend $0/month (last 3m),1,Lapsed
501171,0.9811,1,No purchase in 6+ months; No marketing emails opened in last 3m; Spend $0/month (last 3m),1,Lapsed
501262,0.981,1,No purchase in 6+ months; No marketing emails opened in last 3m; Spend $0/month (last 3m),1,Lapsed
500344,0.9809,1,No purchase in 6+ months; No marketing emails opened in last 3m; Spend $0/month (last 3m),1,Lapsed
501535,0.9808,1,Transactions trending down (-1.2/month); 0.3 transactions/month (last 3m); No marketing emails opened in last 3m,1,Active
500125,0.9807,1,No purchase in 6+ months; No marketing emails opened in last 3m; Spend $0/month (last 3m),1,Lapsed
500727,0.9807,1,No purchase for 5 months; No marketing emails opened in last 3m; Spend $0/month (last 3m),1,Lapsed
501649,0.9806,1,No purchase in 6+ months; No marketing emails opened in last 3m; Spend $0/month (last 3m),1,Lapsed
502556,0.9805,1,No purchase in 6+ months; No marketing emails opened in last 3m; Spend $0/month (last 3m),1,Lapsed
501268,0.9805,1,No purchase in 6+ months; No marketing emails opened in last 3m; Spend $0/month (last 3m),1,Lapsed
500724,0.9804,1,No purchase for 4 months; No marketing emails opened in last 3m; Spend $0/month (last 3m),1,Lapsed
502232,0.9804,1,No purchase in 6+ months; No marketing emails opened in last 3m; Spend $0/month (last 3m),1,Lapsed
501520,0.9803,1,No purchase in 6+ months; No marketing emails opened in last 3m; Spend $0/month (last 3m),1,Lapsed
502200,0.9803,1,No purchase in 6+ months; No marketing emails opened in last 3m; Spend $0/month (last 3m),1,Lapsed
502283,0.9803,1,No purchase in 6+ months; No marketing emails opened in last 3m; Spend $0/month (last 3m),1,Lapsed
501286,0.9801,1,No purchase in 6+ months; No marketing emails opened in last 3m; Spend $0/month (last 3m),1,Lapsed
500972,0.98,1,No purchase in 6+ months; No marketing emails opened in last 3m; Spend $0/month (last 3m),1,Lapsed
501350,0.9798,1,No purchase in 6+ months; No marketing emails opened in last 3m; Spend $0/month (last 3m),1,Lapsed
501454,0.9798,1,No purchase in 6+ months; No marketing emails opened in last 3m; Spend $0/month (last 3m),1,Lapsed
501765,0.9798,1,No purchase in 6+ months; No marketing emails opened in last 3m; Spend $0/month (last 3m),1,Lapsed
500866,0.9798,1,No purchase in 6+ months; No marketing emails opened in last 3m; Spend $0/month (last 3m),1,Lapsed
501399,0.9797,1,No purchase in 6+ months; No marketing emails opened in last 3m; Spend $0/month (last 3m),1,Lapsed
502131,0.9796,1,No purchase for 4 months; No marketing emails opened in last 3m; Spend $0/month (last 3m),1,Lapsed
501847,0.9796,1,No purchase in 6+ months; No marketing emails opened in last 3m; Spend $0/month (last 3m),1,Lapsed
501326,0.9796,1,No purchase in 6+ months; No marketing emails opened in last 3m; Spend $0/month (last 3m),1,Lapsed
500864,0.9795,1,No purchase in 6+ months; No marketing emails opened in last 3m; Spend $0/month (last 3m),1,Lapsed
501126,0.9794,1,No purchase in 6+ months; No marketing emails opened in last 3m; Spend $0/month (last 3m),1,Lapsed
501296,0.9793,1,No purchase in 6+ months; No marketing emails opened in last 3m; Spend $0/month (last 3m),1,Lapsed
500904,0.9793,1,No purchases in last 3m; No marketing emails opened in last 3m; Spend $0/month (last 3m),1,Lapsed
502554,0.9793,1,No purchase in 6+ months; No marketing emails opened in last 3m; Spend $0/month (last 3m),1,Lapsed
502453,0.9793,1,No purchase in 6+ months; No marketing emails opened in last 3m; Spend $0/month (last 3m),1,Lapsed
501580,0.9792,1,No purchase in 6+ months; No marketing emails opened in last 3m; Spend $0/month (last 3m),1,Lapsed
502018,0.9791,1,No purchase in 6+ months; No marketing emails opened in last 3m; Spend $0/month (last 3m),1,Lapsed
500204,0.9791,1,No purchase in 6+ months; No marketing emails opened in last 3m; Spend $0/month (last 3m),1,Lapsed
501477,0.9791,1,No purchase in 6+ months; No marketing emails opened in last 3m; Spend $0/month (last 3m),1,Lapsed
501578,0.9791,1,No purchases in last 3m; No marketing emails opened in last 3m; Spend $0/month (last 3m),1,Lapsed
502166,0.9791,1,No purchase in 6+ months; No marketing emails opened in last 3m; Spend $0/month (last 3m),1,Lapsed
501272,0.979,1,No purchase in 6+ months; No marketing emails opened in last 3m; Spend $0/month (last 3m),1,Lapsed
501985,0.979,1,No purchase in 6+ months; No marketing emails opened in last 3m; Spend $0/month (last 3m),1,Lapsed
502330,0.979,1,No purchase in 6+ months; No marketing emails opened in last 3m; Spend $0/month (last 3m),1,Lapsed
500734,0.9789,1,0.3 transactions/month (last 3m); No marketing emails opened in last 3m; Spend $6/month (last 3m),1,Active
501730,0.9788,1,No purchases in last 3m; No marketing emails opened in last 3m; Spend $0/month (last 3m),1,Lapsed
500211,0.9787,1,No purchase in 6+ months; No marketing emails opened in last 3m; Spend $0/month (last 3m),1,Lapsed
501445,0.9786,1,No purchase in 6+ months; No marketing emails opened in last 3m; Spend $0/month (last 3m),1,Lapsed
501673,0.9786,1,No purchase for 4 months; No marketing emails opened in last 3m; Spend $0/month (last 3m),1,Lapsed
502423,0.9785,1,No purchase in 6+ months; No marketing emails opened in last 3m; Spend $0/month (last 3m),1,Lapsed
502545,0.9785,1,No purchase in 6+ months; No marketing emails opened in last 3m; Spend $0/month (last 3m),1,Lapsed
501008,0.9784,1,No purchase in 6+ months; No marketing emails opened in last 3m; Spend $0/month (last 3m),1,Lapsed
500437,0.9783,1,No purchase in 6+ months; No marketing emails opened in last 3m; Spend $0/month (last 3m),1,Lapsed
502291,0.9782,1,No purchase in 6+ months; No marketing emails opened in last 3m; Spend $0/month (last 3m),1,Lapsed
500247,0.9782,1,No purchase in 6+ months; No marketing emails opened in last 3m; Spend $0/month (last 3m),1,Lapsed
500630,0.9781,1,Transactions trending down (-3.0/month); No marketing emails opened in last 3m; No transactions last month,0,Active
500783,0.9781,1,No purchase in 6+ months; No marketing emails opened in last 3m; Spend $0/month (last 3m),1,Lapsed
500895,0.9781,1,Transactions trending down (-1.2/month); 0.3 transactions/month (last 3m); 2 support tickets in last 3m,1,Active
500019,0.978,1,No purchases in last 3m; No marketing emails opened in last 3m; Spend $0/month (last 3m),1,Lapsed
501165,0.978,1,No purchase in 6+ months; No marketing emails opened in last 3m; Spend $0/month (last 3m),1,Lapsed
500036,0.9779,1,No purchase in 6+ months; No marketing emails opened in last 3m; Spend $0/month (last 3m),1,Lapsed
502425,0.9779,1,No purchase in 6+ months; No marketing emails opened in last 3m; Spend $0/month (last 3m),1,Lapsed
500983,0.9777,1,No purchase in 6+ months; No marketing emails opened in last 3m; Spend $0/month (last 3m),1,Lapsed
501905,0.9777,1,No purchase in 6+ months; No marketing emails opened in last 3m; Spend $0/month (last 3m),1,Lapsed
501968,0.9776,1,No purchase in 6+ months; No marketing emails opened in last 3m; Spend $0/month (last 3m),1,Lapsed
501067,0.9776,1,No purchase in 6+ months; No marketing emails opened in last 3m; Spend $0/month (last 3m),1,Lapsed
500534,0.9775,1,No purchase for 4 months; No marketing emails opened in last 3m; Spend $0/month (last 3m),1,Lapsed
500496,0.9775,1,No purchase in 6+ months; No marketing emails opened in last 3m; Spend $0/month (last 3m),1,Lapsed
502246,0.9774,1,No purchase in 6+ months; No marketing emails opened in last 3m; Spend $0/month (last 3m),1,Lapsed
501181,0.9774,1,No purchase in 6+ months; No marketing emails opened in last 3m; Spend $0/month (last 3m),1,Lapsed
502403,0.9772,1,0.3 transactions/month (last 3m); 2 support tickets in last 3m; Spend $7/month (last 3m),1,Active
500511,0.9771,1,No purchase in 6+ months; No marketing emails opened in last 3m; Spend $0/month (last 3m),1,Lapsed
500750,0.977,1,No purchase in 6+ months; No marketing emails opened in last 3m; Spend $0/month (last 3m),1,Lapsed
501756,0.977,1,4 support tickets in last 3m; 0.3 transactions/month (last 3m); Spend $13/month (last 3m),1,Active
502235,0.9769,1,No purchase in 6+ months; No marketing emails opened in last 3m; Spend $0/month (last 3m),1,Lapsed
500333,0.9769,1,No purchase for 5 months; No marketing emails opened in last 3m; Spend $0/month (last 3m),1,Lapsed
500203,0.9769,1,No purchase in 6+ months; No marketing emails opened in last 3m; Spend $0/month (last 3m),1,Lapsed
500567,0.9768,1,No purchase in 6+ months; No marketing emails opened in last 3m; Spend $0/month (last 3m),1,Lapsed
500612,0.9768,1,No purchase in 6+ months; No marketing emails opened in last 3m; Spend $0/month (last 3m),1,Lapsed
500145,0.9767,1,No purchase in 6+ months; No marketing emails opened in last 3m; Spend $0/month (last 3m),1,Lapsed
501895,0.9767,1,No purchase in 6+ months; No marketing emails opened in last 3m; Spend $0/month (last 3m),1,Lapsed
500132,0.9767,1,No purchases in last 3m; No marketing emails opened in last 3m; Spend $0/month (last 3m),1,Lapsed
501902,0.9767,1,No purchase in 6+ months; No marketing emails opened in last 3m; Spend $0/month (last 3m),1,Lapsed
501300,0.9766,1,No purchase in 6+ months; No marketing emails opened in last 3m; Spend $0/month (last 3m),1,Lapsed
501989,0.9766,1,No purchase in 6+ months; No marketing emails opened in last 3m; Spend $0/month (last 3m),1,Lapsed
500816,0.9763,1,No purchase in 6+ months; No marketing emails opened in last 3m; Spend $0/month (last 3m),1,Lapsed
501414,0.9763,1,No purchase in 6+ months; No marketing emails opened in last 3m; Spend $0/month (last 3m),1,Lapsed
501377,0.9762,1,No purchase in 6+ months; No marketing emails opened in last 3m; Spend $0/month (last 3m),1,Lapsed
500725,0.9759,1,No purchase in 6+ months; No marketing emails opened in last 3m; Spend $0/month (last 3m),1,Lapsed
500937,0.9759,1,No purchase for 5 months; No marketing emails opened in last 3m; Spend $0/month (last 3m),1,Lapsed
501961,0.9758,1,No purchase in 6+ months; No marketing emails opened in last 3m; Spend $0/month (last 3m),1,Lapsed
502202,0.9757,1,No purchase in 6+ months; No marketing emails opened in last 3m; Spend $0/month (last 3m),1,Lapsed
501641,0.9756,1,No purchases in last 3m; No marketing emails opened in last 3m; Spend $0/month (last 3m),1,Lapsed
500101,0.9756,1,No purchase in 6+ months; No marketing emails opened in last 3m; Spend $0/month (last 3m),1,Lapsed
501622,0.9755,1,No purchase in 6+ months; No marketing emails opened in last 3m; Spend $0/month (last 3m),1,Lapsed
501749,0.9755,1,No purchase in 6+ months; No marketing emails opened in last 3m; Spend $0/month (last 3m),1,Lapsed
502258,0.9754,1,No purchase for 4 months; No marketing emails opened in last 3m; Spend $0/month (last 3m),1,Lapsed
501473,0.9754,1,No purchase in 6+ months; No marketing emails opened in last 3m; Spend $0/month (last 3m),1,Lapsed
500147,0.9754,1,No purchase in 6+ months; No marketing emails opened in last 3m; Spend $0/month (last 3m),1,Lapsed
501251,0.9752,1,No purchase in 6+ months; No marketing emails opened in last 3m; Spend $0/month (last 3m),1,Lapsed
501913,0.9751,1,No purchase in 6+ months; No marketing emails opened in last 3m; Spend $0/month (last 3m),1,Lapsed
500796,0.9751,1,No purchase in 6+ months; No marketing emails opened in last 3m; Spend $0/month (last 3m),1,Lapsed
500871,0.9751,1,No purchase for 4 months; Transactions trending down (-1.1/month); No marketing emails opened in last 3m,1,Lapsed
500649,0.975,1,No purchase in 6+ months; No marketing emails opened in last 3m; Spend $0/month (last 3m),1,Lapsed
501941,0.975,1,No purchase in 6+ months; No marketing emails opened in last 3m; Spend $0/month (last 3m),1,Lapsed
501495,0.9749,1,No purchase in 6+ months; No marketing emails opened in last 3m; Spend $0/month (last 3m),1,Lapsed
502108,0.9747,1,No purchase in 6+ months; No marketing emails opened in last 3m; Spend $0/month (last 3m),1,Lapsed
501894,0.9746,1,No purchase in 6+ months; No marketing emails opened in last 3m; Spend $0/month (last 3m),1,Lapsed
501844,0.9745,1,No purchase in 6+ months; No marketing emails opened in last 3m; Spend $0/month (last 3m),1,Lapsed
500894,0.9745,1,No purchase in 6+ months; No marketing emails opened in last 3m; Spend $0/month (last 3m),1,Lapsed
500962,0.9745,1,No purchase in 6+ months; No marketing emails opened in last 3m; Spend $0/month (last 3m),1,Lapsed
501070,0.9745,1,No purchase for 4 months; No marketing emails opened in last 3m; Spend $0/month (last 3m),1,Lapsed
501071,0.9745,1,No purchase in 6+ months; No marketing emails opened in last 3m; Spend $0/month (last 3m),1,Lapsed
501877,0.9744,1,No purchase in 6+ months; No marketing emails opened in last 3m; Spend $0/month (last 3m),1,Lapsed
501478,0.9744,1,No purchase in 6+ months; No marketing emails opened in last 3m; Spend $0/month (last 3m),1,Lapsed
500086,0.9742,1,No purchase in 6+ months; No marketing emails opened in last 3m; Spend $0/month (last 3m),1,Lapsed
501065,0.9741,1,No purchase in 6+ months; No marketing emails opened in last 3m; Spend $0/month (last 3m),1,Lapsed
501762,0.974,1,No purchase in 6+ months; No marketing emails opened in last 3m; Spend $0/month (last 3m),1,Lapsed
500723,0.974,1,No purchase in 6+ months; No marketing emails opened in last 3m; Spend $0/month (last 3m),1,Lapsed
500641,0.9739,1,No purchase in 6+ months; No marketing emails opened in last 3m; Spend $0/month (last 3m),1,Lapsed
500549,0.9739,1,No purchase for 4 months; No marketing emails opened in last 3m; Spend $0/month (last 3m),1,Lapsed
501102,0.9738,1,No purchase in 6+ months; No marketing emails opened in last 3m; Spend $0/month (last 3m),1,Lapsed
502365,0.9737,1,No purchase in 6+ months; No marketing emails opened in last 3m; Spend $0/month (last 3m),1,Lapsed
500265,0.9737,1,No purchase in 6+ months; No marketing emails opened in last 3m; Spend $0/month (last 3m),1,Lapsed
500469,0.9736,1,No purchase in 6+ months; No marketing emails opened in last 3m; Spend $0/month (last 3m),1,Lapsed
500219,0.9736,1,No purchase for 5 months; No marketing emails opened in last 3m; Spend $0/month (last 3m),1,Lapsed
501615,0.9736,1,No purchase in 6+ months; No marketing emails opened in last 3m; Spend $0/month (last 3m),1,Lapsed
501397,0.9736,1,No purchase in 6+ months; No marketing emails opened in last 3m; Spend $0/month (last 3m),1,Lapsed
502088,0.9735,1,No purchase in 6+ months; No marketing emails opened in last 3m; Spend $0/month (last 3m),1,Lapsed
500044,0.9732,1,No purchases in last 3m; Spend $0/month (last 3m); Buys 0.0 categories/month,1,Lapsed
500569,0.9732,1,No purchase in 6+ months; No marketing emails opened in last 3m; Spend $0/month (last 3m),1,Lapsed
501363,0.9731,1,No purchase in 6+ months; No marketing emails opened in last 3m; Spend $0/month (last 3m),1,Lapsed
500603,0.9731,1,No purchase in 6+ months; No marketing emails opened in last 3m; Spend $0/month (last 3m),1,Lapsed
502039,0.973,1,No purchase in 6+ months; No marketing emails opened in last 3m; Spend $0/month (last 3m),1,Lapsed
501502,0.973,1,No purchases in last 3m; Transactions trending down (-1.1/month); No marketing emails opened in last 3m,1,Lapsed
501475,0.973,1,No purchases in last 3m; No marketing emails opened in last 3m; Spend $0/month (last 3m),1,Lapsed
501623,0.9729,1,No purchase for 4 months; No marketing emails opened in last 3m; Spend $0/month (last 3m),1,Lapsed
502463,0.9728,1,No purchase in 6+ months; No marketing emails opened in last 3m; Spend $0/month (last 3m),1,Lapsed
501066,0.9728,1,No purchase in 6+ months; No marketing emails opened in last 3m; Spend $0/month (last 3m),1,Lapsed
500944,0.9728,1,No purchase in 6+ months; No marketing emails opened in last 3m; Spend $0/month (last 3m),1,Lapsed
501613,0.9727,1,No purchase in 6+ months; No marketing emails opened in last 3m; Spend $0/month (last 3m),1,Lapsed
500814,0.9726,1,No purchase in 6+ months; No marketing emails opened in last 3m; Spend $0/month (last 3m),1,Lapsed
501459,0.9725,1,No purchases in last 3m; No marketing emails opened in last 3m; Spend $0/month (last 3m),1,Lapsed
500886,0.9724,1,No purchase in 6+ months; No marketing emails opened in last 3m; Spend $0/month (last 3m),1,Lapsed
500680,0.9722,1,No purchase in 6+ months; No marketing emails opened in last 3m; Spend $0/month (last 3m),1,Lapsed
500186,0.9721,1,No purchase in 6+ months; No marketing emails opened in last 3m; Spend $0/month (last 3m),1,Lapsed
500822,0.9718,1,No purchase in 6+ months; No marketing emails opened in last 3m; Spend $0/month (last 3m),1,Lapsed
500409,0.9716,1,No purchase in 6+ months; No marketing emails opened in last 3m; Spend $0/month (last 3m),1,Lapsed
502368,0.9712,1,No purchase in 6+ months; No marketing emails opened in last 3m; Spend $0/month (last 3m),1,Lapsed
500401,0.9712,1,No purchase in 6+ months; No marketing emails opened in last 3m; Spend $0/month (last 3m),1,Lapsed
501962,0.9712,1,No purchase in 6+ months; No marketing emails opened in last 3m; Spend $0/month (last 3m),1,Lapsed
502252,0.9711,1,No purchase in 6+ months; No marketing emails opened in last 3m; Spend $0/month (last 3m),1,Lapsed
501811,0.9708,1,No purchase in 6+ months; No marketing emails opened in last 3m; Spend $0/month (last 3m),1,Lapsed
500759,0.9708,1,No purchase in 6+ months; No marketing emails opened in last 3m; Spend $0/month (last 3m),1,Lapsed
500395,0.9708,1,No purchase in 6+ months; No marketing emails opened in last 3m; Spend $0/month (last 3m),1,Lapsed
501574,0.9708,1,No purchase for 4 months; No marketing emails opened in last 3m; Spend $0/month (last 3m),1,Lapsed
501142,0.9703,1,No purchase in 6+ months; No marketing emails opened in last 3m; Spend $0/month (last 3m),1,Lapsed
501385,0.97,1,No purchase in 6+ months; No marketing emails opened in last 3m; Spend $0/month (last 3m),1,Lapsed
500272,0.9699,1,No purchase in 6+ months; No marketing emails opened in last 3m; Spend $0/month (last 3m),1,Lapsed
502447,0.9699,1,No purchase in 6+ months; No marketing emails opened in last 3m; Spend $0/month (last 3m),1,Lapsed
500445,0.9698,1,No purchase in 6+ months; No marketing emails opened in last 3m; Spend $0/month (last 3m),1,Lapsed
500987,0.9697,1,No purchase in 6+ months; No marketing emails opened in last 3m; Spend $0/month (last 3m),1,Lapsed
502508,0.9697,1,No purchase in 6+ months; No marketing emails opened in last 3m; Spend $0/month (last 3m),1,Lapsed
502068,0.9696,1,No purchase in 6+ months; No marketing emails opened in last 3m; Spend $0/month (last 3m),1,Lapsed
500077,0.9696,1,No purchase for 4 months; No marketing emails opened in last 3m; Spend $0/month (last 3m),1,Lapsed
500860,0.9696,1,No purchase in 6+ months; No marketing emails opened in last 3m; Spend $0/month (last 3m),1,Lapsed
501582,0.9695,1,No purchase in 6+ months; No marketing emails opened in last 3m; Spend $0/month (last 3m),1,Lapsed
500354,0.9693,1,No purchase in 6+ months; No marketing emails opened in last 3m; Spend $0/month (last 3m),1,Lapsed
502384,0.9693,1,No purchase for 4 months; Transactions trending down (-1.0/month); No marketing emails opened in last 3m,1,Lapsed
501413,0.9691,1,No purchase in 6+ months; No marketing emails opened in last 3m; Spend $0/month (last 3m),1,Lapsed
500365,0.9691,1,No purchase in 6+ months; No marketing emails opened in last 3m; Spend $0/month (last 3m),1,Lapsed
502541,0.9691,1,No purchase in 6+ months; No marketing emails opened in last 3m; Spend $0/month (last 3m),1,Lapsed
501433,0.969,1,No purchase for 4 months; No marketing emails opened in last 3m; Spend $0/month (last 3m),1,Lapsed
502259,0.969,1,No purchase in 6+ months; No marketing emails opened in last 3m; Spend $0/month (last 3m),1,Lapsed
500158,0.969,1,No purchases in last 3m; Transactions trending down (-1.0/month); No marketing emails opened in last 3m,1,Lapsed
501318,0.969,1,No purchase in 6+ months; No marketing emails opened in last 3m; Spend $0/month (last 3m),1,Lapsed
502174,0.9689,1,No purchase in 6+ months; No marketing emails opened in last 3m; Spend $0/month (last 3m),1,Lapsed
501659,0.9689,1,No purchase in 6+ months; No marketing emails opened in last 3m; Spend $0/month (last 3m),1,Lapsed
501069,0.9687,1,No purchase in 6+ months; No marketing emails opened in last 3m; Spend $0/month (last 3m),1,Lapsed
502247,0.9687,1,No purchase in 6+ months; No marketing emails opened in last 3m; Spend $0/month (last 3m),1,Lapsed
500778,0.9686,1,1.0 transactions/month (last 3m); Transactions trending down (-0.7/month); No app use in last 3m,1,Active
501506,0.9686,1,No purchase in 6+ months; No marketing emails opened in last 3m; Spend $0/month (last 3m),1,Lapsed
501084,0.9686,1,No purchases in last 3m; No marketing emails opened in last 3m; Spend $0/month (last 3m),1,Lapsed
502107,0.9685,1,No purchase in 6+ months; No marketing emails opened in last 3m; Spend $0/month (last 3m),1,Lapsed
502267,0.9682,1,No purchase in 6+ months; No marketing emails opened in last 3m; Spend $0/month (last 3m),1,Lapsed
501277,0.9682,1,4 support tickets in last 3m; 0.7 transactions/month (last 3m); Spend $20/month (last 3m),1,Active
501175,0.9682,1,No purchase in 6+ months; No marketing emails opened in last 3m; Spend $0/month (last 3m),1,Lapsed
502284,0.9681,1,No purchases in last 3m; No marketing emails opened in last 3m; Spend $0/month (last 3m),1,Lapsed
502350,0.9681,1,0.3 transactions/month (last 3m); Spend +300% vs prior 3m; No app use in last 3m,1,Active
500218,0.9681,1,No purchase in 6+ months; No marketing emails opened in last 3m; Spend $0/month (last 3m),1,Lapsed
501879,0.968,1,2 support tickets in last 3m; No marketing emails opened in last 3m; No transactions last month,1,Active
501656,0.968,1,No purchase in 6+ months; No marketing emails opened in last 3m; Spend $0/month (last 3m),1,Lapsed
500197,0.9679,1,No purchase in 6+ months; No marketing emails opened in last 3m; Spend $0/month (last 3m),1,Lapsed
502586,0.9678,1,No purchase in 6+ months; No marketing emails opened in last 3m; Spend $0/month (last 3m),1,Lapsed
501179,0.9678,1,No purchases in last 3m; Spend $0/month (last 3m); No app use in last 3m,1,Lapsed
501121,0.9676,1,No purchase in 6+ months; No marketing emails opened in last 3m; Spend $0/month (last 3m),1,Lapsed
501802,0.9676,1,No purchase in 6+ months; No marketing emails opened in last 3m; Spend $0/month (last 3m),1,Lapsed
502308,0.9675,1,No purchase for 4 months; No marketing emails opened in last 3m; Spend $0/month (last 3m),1,Lapsed
500137,0.9675,1,No purchase in 6+ months; No marketing emails opened in last 3m; Spend $0/month (last 3m),1,Lapsed
501145,0.9674,1,No purchases in last 3m; No marketing emails opened in last 3m; Spend $0/month (last 3m),1,Lapsed
500185,0.9674,1,No purchase in 6+ months; No marketing emails opened in last 3m; Spend $0/month (last 3m),1,Lapsed
502304,0.9674,1,No purchase for 4 months; No marketing emails opened in last 3m; Spend $0/month (last 3m),1,Lapsed
501972,0.9674,1,No purchase in 6+ months; No marketing emails opened in last 3m; Spend $0/month (last 3m),1,Lapsed
502595,0.9674,1,No purchase in 6+ months; No marketing emails opened in last 3m; Spend $0/month (last 3m),1,Lapsed
501406,0.9674,1,No purchase in 6+ months; No marketing emails opened in last 3m; Spend $0/month (last 3m),1,Lapsed
501196,0.9672,1,No purchase in 6+ months; No marketing emails opened in last 3m; Spend $0/month (last 3m),1,Lapsed
502163,0.9672,1,No purchase in 6+ months; No marketing emails opened in last 3m; Spend $0/month (last 3m),1,Lapsed
501824,0.9671,1,No purchase in 6+ months; No marketing emails opened in last 3m; Spend $0/month (last 3m),1,Lapsed
502032,0.9669,1,No purchase in 6+ months; No marketing emails opened in last 3m; Spend $0/month (last 3m),1,Lapsed
501260,0.9669,1,No purchase in 6+ months; No marketing emails opened in last 3m; Spend $0/month (last 3m),1,Lapsed
501117,0.9666,1,No purchase in 6+ months; No marketing emails opened in last 3m; Spend $0/month (last 3m),1,Lapsed
500694,0.9664,1,No purchase in 6+ months; No marketing emails opened in last 3m; Spend $0/month (last 3m),1,Lapsed
500254,0.9664,1,No purchase in 6+ months; No marketing emails opened in last 3m; Spend $0/month (last 3m),1,Lapsed
501974,0.9664,1,No purchase in 6+ months; No marketing emails opened in last 3m; Spend $0/month (last 3m),1,Lapsed
500874,0.9663,1,No purchase in 6+ months; No marketing emails opened in last 3m; Spend $0/month (last 3m),1,Lapsed
502091,0.9663,1,No purchase in 6+ months; No marketing emails opened in last 3m; Spend $0/month (last 3m),1,Lapsed
502066,0.9657,1,No purchase for 5 months; No marketing emails opened in last 3m; Spend $0/month (last 3m),1,Lapsed
501411,0.9656,1,No purchase for 4 months; No marketing emails opened in last 3m; Spend $0/month (last 3m),1,Lapsed
502222,0.9656,1,No purchase in 6+ months; No marketing emails opened in last 3m; Spend $0/month (last 3m),1,Lapsed
501558,0.9655,1,No purchase in 6+ months; No marketing emails opened in last 3m; Spend $0/month (last 3m),1,Lapsed
501981,0.9654,1,No purchase in 6+ months; No marketing emails opened in last 3m; Spend $0/month (last 3m),1,Lapsed
502597,0.9652,1,No purchase in 6+ months; No marketing emails opened in last 3m; Spend $0/month (last 3m),1,Lapsed
501116,0.9651,1,No purchase in 6+ months; No marketing emails opened in last 3m; Spend $0/month (last 3m),1,Lapsed
500348,0.9648,1,No purchase in 6+ months; No marketing emails opened in last 3m; Spend $0/month (last 3m),1,Lapsed
501107,0.9647,1,No purchase in 6+ months; No marketing emails opened in last 3m; Spend $0/month (last 3m),1,Lapsed
501118,0.9647,1,No purchase in 6+ months; No marketing emails opened in last 3m; Spend $0/month (last 3m),1,Lapsed
500239,0.9647,1,No purchase for 4 months; No marketing emails opened in last 3m; Spend $0/month (last 3m),1,Lapsed
500659,0.9646,1,No purchase in 6+ months; No marketing emails opened in last 3m; Spend $0/month (last 3m),1,Lapsed
500249,0.9646,1,No purchase in 6+ months; No marketing emails opened in last 3m; Spend $0/month (last 3m),1,Lapsed
500152,0.9641,1,No purchase in 6+ months; No marketing emails opened in last 3m; Spend $0/month (last 3m),1,Lapsed
500431,0.9641,1,No purchase in 6+ months; No marketing emails opened in last 3m; Spend $0/month (last 3m),1,Lapsed
501230,0.9637,1,0.3 transactions/month (last 3m); No marketing emails opened in last 3m; Spend $11/month (last 3m),1,Active
500436,0.9636,1,No purchase in 6+ months; No marketing emails opened in last 3m; Spend $0/month (last 3m),1,Lapsed
501885,0.9633,1,No purchase for 5 months; Spend $0/month (last 3m); No app use in last 3m,1,Lapsed
501293,0.9633,1,No purchase in 6+ months; No marketing emails opened in last 3m; Spend $0/month (last 3m),1,Lapsed
501112,0.9628,1,No purchase in 6+ months; No marketing emails opened in last 3m; Spend $0/month (last 3m),1,Lapsed
500632,0.9628,1,No purchase for 4 months; No marketing emails opened in last 3m; Spend $0/month (last 3m),1,Lapsed
500580,0.9626,1,3 support tickets in last 3m; 0.7 transactions/month (last 3m); Transactions trending down (-0.9/month),1,Active
500607,0.9625,1,No purchase in 6+ months; No marketing emails opened in last 3m; Spend $0/month (last 3m),1,Lapsed
501354,0.962,1,No purchase for 4 months; No marketing emails opened in last 3m; Spend $0/month (last 3m),1,Lapsed
501993,0.9619,1,No purchases in last 3m; No marketing emails opened in last 3m; Spend $0/month (last 3m),1,Lapsed
500207,0.9618,1,No purchase in 6+ months; No marketing emails opened in last 3m; Spend $0/month (last 3m),1,Lapsed
500689,0.9617,1,No purchase in 6+ months; No marketing emails opened in last 3m; Spend $0/month (last 3m),1,Lapsed
501842,0.9615,1,No purchases in last 3m; No marketing emails opened in last 3m; Spend $0/month (last 3m),1,Lapsed
501681,0.9613,1,No purchase in 6+ months; No marketing emails opened in last 3m; Spend $0/month (last 3m),1,Lapsed
501384,0.9611,1,No purchase in 6+ months; No marketing emails opened in last 3m; Spend $0/month (last 3m),1,Lapsed
501087,0.9609,1,No purchases in last 3m; No marketing emails opened in last 3m; Spend $0/month (last 3m),1,Lapsed
501860,0.9599,1,No purchases in last 3m; No marketing emails opened in last 3m; Spend $0/month (last 3m),1,Lapsed
502341,0.9599,1,No purchase in 6+ months; No marketing emails opened in last 3m; Spend $0/month (last 3m),1,Lapsed
500451,0.9598,1,No purchase in 6+ months; No marketing emails opened in last 3m; Spend $0/month (last 3m),1,Lapsed
500282,0.9597,1,0.3 transactions/month (last 3m); Transactions trending down (-0.9/month); Spend $12/month (last 3m),1,Active
500654,0.9596,1,No purchase in 6+ months; No marketing emails opened in last 3m; Spend $0/month (last 3m),1,Lapsed
500196,0.9596,1,No purchase in 6+ months; No marketing emails opened in last 3m; Spend $0/month (last 3m),1,Lapsed
501016,0.9594,1,No purchases in last 3m; No marketing emails opened in last 3m; Spend $0/month (last 3m),1,Lapsed
501097,0.9592,1,No purchase in 6+ months; No marketing emails opened in last 3m; Spend $0/month (last 3m),1,Lapsed
501755,0.959,1,No purchases in last 3m; No marketing emails opened in last 3m; Spend $0/month (last 3m),1,Lapsed
501423,0.959,1,No purchase in 6+ months; No marketing emails opened in last 3m; Spend $0/month (last 3m),1,Lapsed
502434,0.9589,1,No purchase in 6+ months; No marketing emails opened in last 3m; Spend $0/month (last 3m),1,Lapsed
500109,0.9586,1,No purchase in 6+ months; No marketing emails opened in last 3m; Spend $0/month (last 3m),1,Lapsed
501971,0.9584,1,No purchase in 6+ months; No marketing emails opened in last 3m; Spend $0/month (last 3m),1,Lapsed
501383,0.9584,1,No purchase in 6+ months; No marketing emails opened in last 3m; Spend $0/month (last 3m),1,Lapsed
500902,0.9581,1,No purchase in 6+ months; No marketing emails opened in last 3m; Spend $0/month (last 3m),1,Lapsed
500628,0.9577,1,No purchase in 6+ months; No marketing emails opened in last 3m; Spend $0/month (last 3m),1,Lapsed
501706,0.9577,1,No purchase in 6+ months; No marketing emails opened in last 3m; Spend $0/month (last 3m),1,Lapsed
501052,0.9576,1,No purchase in 6+ months; No marketing emails opened in last 3m; Spend $0/month (last 3m),1,Lapsed
502113,0.957,1,No purchase in 6+ months; No marketing emails opened in last 3m; Spend $0/month (last 3m),1,Lapsed
502448,0.9569,1,No purchases in last 3m; No marketing emails opened in last 3m; Spend $0/month (last 3m),1,Lapsed
500719,0.9564,1,No purchase in 6+ months; No marketing emails opened in last 3m; Spend $0/month (last 3m),1,Lapsed
500971,0.9562,1,No purchase in 6+ months; No marketing emails opened in last 3m; Spend $0/month (last 3m),1,Lapsed
502199,0.9561,1,No purchase in 6+ months; No marketing emails opened in last 3m; Spend $0/month (last 3m),1,Lapsed
501392,0.9552,1,1.0 transactions/month (last 3m); No marketing emails opened in last 3m; Spend $24/month (last 3m),1,Active
502156,0.9547,1,No purchase in 6+ months; No marketing emails opened in last 3m; Spend $0/month (last 3m),1,Lapsed
502540,0.9542,1,No purchase in 6+ months; No marketing emails opened in last 3m; Spend $0/month (last 3m),1,Lapsed
500492,0.9541,1,No purchase for 5 months; No marketing emails opened in last 3m; Spend $0/month (last 3m),1,Lapsed
502386,0.9538,1,0.3 transactions/month (last 3m); No marketing emails opened in last 3m; Spend $10/month (last 3m),1,Active
501754,0.9535,1,No purchases in last 3m; No marketing emails opened in last 3m; Spend $0/month (last 3m),1,Lapsed
502415,0.9529,1,1.0 transactions/month (last 3m); No app use in last 3m; Spend $33/month (last 3m),1,Active
501740,0.9527,1,0.3 transactions/month (last 3m); No marketing emails opened in last 3m; Spend $9/month (last 3m),1,Active
501663,0.9525,1,No purchase in 6+ months; No marketing emails opened in last 3m; Spend $0/month (last 3m),1,Lapsed
501688,0.952,1,0.3 transactions/month (last 3m); Transactions trending down (-1.1/month); No marketing emails opened in last 3m,1,Active
500903,0.9504,1,No purchase for 4 months; No marketing emails opened in last 3m; Spend $0/month (last 3m),1,Lapsed
502076,0.9501,1,0.3 transactions/month (last 3m); No marketing emails opened in last 3m; Transactions trending down (-0.9/month),1,Active
500883,0.95,1,0.3 transactions/month (last 3m); No marketing emails opened in last 3m; Spend $8/month (last 3m),1,Active
500985,0.9494,1,0.3 transactions/month (last 3m); 2 support tickets in last 3m; Spend $10/month (last 3m),1,Active
500801,0.9491,1,0.7 transactions/month (last 3m); 2 support tickets in last 3m; No marketing emails opened in last 3m,0,Active
500853,0.9488,1,3 support tickets in last 3m; No marketing emails opened in last 3m; No transactions last month,1,Active
501213,0.9486,1,No purchase for 4 months; No marketing emails opened in last 3m; Spend $0/month (last 3m),1,Lapsed
502186,0.9477,1,No purchase in 6+ months; No marketing emails opened in last 3m; Spend $0/month (last 3m),1,Lapsed
501633,0.9474,1,0.3 transactions/month (last 3m); No marketing emails opened in last 3m; Spend $16/month (last 3m),1,Active
500885,0.9471,1,No purchases in last 3m; No marketing emails opened in last 3m; Spend $0/month (last 3m),1,Lapsed
500827,0.9467,1,2 support tickets in last 3m; No marketing emails opened in last 3m; No transactions last month,1,Active
500950,0.9463,1,0.3 transactions/month (last 3m); 2 support tickets in last 3m; Spend $10/month (last 3m),1,Active
501791,0.9458,1,Transactions trending down (-1.1/month); No marketing emails opened in last 3m; 4 support tickets in 6m,1,Active
501352,0.9457,1,No purchases in last 3m; No marketing emails opened in last 3m; Spend $0/month (last 3m),1,Lapsed
500519,0.9445,1,2 support tickets in last 3m; 1.0 transactions/month (last 3m); No marketing emails opened in last 3m,1,Active
501948,0.944,1,No purchases in last 3m; No marketing emails opened in last 3m; Spend $0/month (last 3m),1,Lapsed
500082,0.9434,1,No purchase for 4 months; No marketing emails opened in last 3m; Spend $0/month (last 3m),1,Lapsed
500643,0.9429,1,3 support tickets in last 3m; No marketing emails opened in last 3m; No transactions last month,0,Active
501374,0.9421,1,No purchase in 6+ months; No marketing emails opened in last 3m; Spend $0/month (last 3m),1,Lapsed
501253,0.942,1,1.0 transactions/month (last 3m); No app use in last 3m; Spend $26/month (last 3m),0,Active
500845,0.9415,1,Transactions trending down (-1.1/month); 1.0 transactions/month (last 3m); No marketing emails opened in last 3m,1,Active
501496,0.9402,1,0.5 transactions/month (last 3m); No marketing emails opened in last 3m; Spend $18/month (last 3m),1,Active
501449,0.9381,1,No purchases in last 3m; No marketing emails opened in last 3m; Spend $0/month (last 3m),1,Lapsed
500576,0.9377,1,Transactions trending down (-2.3/month); 0.7 transactions/month (last 3m); No marketing emails opened in last 3m,1,Active
500310,0.9373,1,No purchases in last 3m; No marketing emails opened in last 3m; Spend $0/month (last 3m),1,Lapsed
500024,0.9366,1,0.7 transactions/month (last 3m); Spend $14/month (last 3m); No app use in last 3m,1,Active
501505,0.9356,1,0.3 transactions/month (last 3m); Transactions trending down (-0.9/month); No marketing emails opened in last 3m,1,Active
501312,0.9352,1,Transactions trending down (-1.3/month); 0.3 transactions/month (last 3m); No marketing emails opened in last 3m,1,Active
502092,0.9321,1,Transactions trending down (-1.5/month); 0.7 transactions/month (last 3m); No marketing emails opened in last 3m,1,Active
501210,0.9317,1,2 support tickets in last 3m; 1.0 transactions/month (last 3m); Transactions trending down (-0.8/month),1,Active
501732,0.9308,1,Transactions trending down (-1.3/month); 0.3 transactions/month (last 3m); No marketing emails opened in last 3m,1,Active
501443,0.9266,1,2 support tickets in last 3m; No marketing emails opened in last 3m; No transactions last month,1,Active
501252,0.9241,1,No purchases in last 3m; No marketing emails opened in last 3m; Spend $0/month (last 3m),1,Lapsed
502179,0.9209,1,No marketing emails opened in last 3m; No transactions last month; No app use in last 3m,0,Active
502208,0.9189,1,Transactions trending down (-1.5/month); 0.3 transactions/month (last 3m); No marketing emails opened in last 3m,1,Active
501429,0.9189,1,Transactions trending down (-1.3/month); No marketing emails opened in last 3m; No transactions last month,1,Active
502086,0.9165,1,Transactions trending down (-1.3/month); No marketing emails opened in last 3m; No transactions last month,1,Active
500568,0.9161,1,0.5 transactions/month (last 3m); No marketing emails opened in last 3m; Spend $8/month (last 3m),0,Active
501900,0.915,1,4 support tickets in last 3m; 1.0 transactions/month (last 3m); No app use in last 3m,1,Active
500140,0.9117,1,0.5 transactions/month (last 3m); No marketing emails opened in last 3m; Transactions trending down (-0.9/month),0,Active
502551,0.9113,1,Transactions trending down (-1.1/month); No marketing emails opened in last 3m; No transactions last month,1,Active
502053,0.9112,1,3 support tickets in last 3m; 1.0 transactions/month (last 3m); Spend $23/month (last 3m),1,Active
501517,0.9105,1,2 support tickets in last 3m; Transactions trending down (-1.0/month); No transactions last month,1,Active
501129,0.9077,1,No purchases in last 3m; Spend $0/month (last 3m); No app use in last 3m,1,Lapsed
502183,0.907,1,1.0 transactions/month (last 3m); No marketing emails opened in last 3m; Spend $18/month (last 3m),1,Active
501776,0.9059,1,Transactions trending down (-1.4/month); 0.3 transactions/month (last 3m); No marketing emails opened in last 3m,1,Active
500092,0.9051,1,0.3 transactions/month (last 3m); Spend $10/month (last 3m); Transactions trending down (-0.8/month),1,Active
501804,0.9008,1,No marketing emails opened in last 3m; No transactions last month; No app use in last 3m,1,Active
501442,0.8977,1,No marketing emails opened in last 3m; No transactions last month; No app use in last 3m,1,Active
501604,0.8964,1,No purchases in last 3m; Spend $0/month (last 3m); Buys 0.0 categories/month,1,Lapsed
500899,0.8963,1,No purchases in last 3m; Spend $0/month (last 3m); 3 support tickets in 6m,0,Lapsed
500606,0.8961,1,0.3 transactions/month (last 3m); Spend $16/month (last 3m); App use 0.3 sessions/month,1,Active
502184,0.8957,1,Transactions trending down (-1.3/month); 1.0 transactions/month (last 3m); No marketing emails opened in last 3m,1,Active
500631,0.8934,1,0.7 transactions/month (last 3m); Transactions trending down (-0.8/month); Spend $32/month (last 3m),1,Active
500450,0.8905,1,Transactions trending down (-3.5/month); No transactions last month; Formal complaint in last 3m,0,Active
501735,0.8904,1,2 support tickets in last 3m; Transactions trending down (-1.0/month); No transactions last month,0,Active
502288,0.8872,1,Transactions trending down (-1.9/month); No marketing emails opened in last 3m; No transactions last month,1,Active
501490,0.8866,1,0.3 transactions/month (last 3m); No marketing emails opened in last 3m; Spend $16/month (last 3m),1,Active
500799,0.8811,1,No purchases in last 3m; No marketing emails opened in last 3m; Spend $0/month (last 3m),1,Lapsed
500763,0.8809,1,Transactions trending down (-1.4/month); No transactions last month; Buys 0.0 categories/month,1,Active
500614,0.876,1,2 support tickets in last 3m; 1.0 transactions/month (last 3m); No marketing emails opened in last 3m,1,Active
501391,0.8757,1,Transactions trending down (-1.1/month); No marketing emails opened in last 3m; No transactions last month,1,Active
500865,0.8696,1,Transactions trending down (-2.1/month); No transactions last month; Spend $37/month (last 3m),1,Active
501284,0.869,1,2 support tickets in last 3m; Transactions trending down (-0.9/month); No marketing emails opened in last 3m,1,Active
500699,0.8657,1,No marketing emails opened in last 3m; No transactions last month; Transactions trending down (-0.8/month),1,Active
502030,0.8643,1,No purchase in 6+ months; Spend $0/month (last 3m); Buys 0.0 categories/month,0,Lapsed
501596,0.8546,1,Transactions trending down (-2.4/month); No marketing emails opened in last 3m; No transactions last month,1,Active
501839,0.8534,1,0.7 transactions/month (last 3m); No marketing emails opened in last 3m; No app use in last 3m,1,Active
502280,0.8498,1,Transactions trending down (-1.5/month); No transactions last month; Spend $25/month (last 3m),1,Active
501645,0.8497,1,Transactions trending down (-1.3/month); 0.7 transactions/month (last 3m); No marketing emails opened in last 3m,1,Active
500755,0.8479,1,0.3 transactions/month (last 3m); No marketing emails opened in last 3m; Spend $13/month (last 3m),1,Active
502507,0.8394,1,0.3 transactions/month (last 3m); Spend +300% vs prior 3m; No marketing emails opened in last 3m,0,Active
501576,0.8371,1,0.3 transactions/month (last 3m); Transactions trending down (-1.1/month); No marketing emails opened in last 3m,1,Active
502171,0.8341,1,Transactions trending down (-1.4/month); 1.0 transactions/month (last 3m); Spend $21/month (last 3m),0,Active
500802,0.8261,1,0.3 transactions/month (last 3m); Spend $13/month (last 3m); No app use in last 3m,1,Active
500965,0.8204,1,No purchase for 4 months; Spend $0/month (last 3m); Buys 0.0 categories/month,0,Lapsed
500625,0.8105,1,0.7 transactions/month (last 3m); Transactions trending down (-0.9/month); No marketing emails opened in last 3m,1,Active
502250,0.809,1,Transactions trending down (-3.0/month); No transactions last month; App use 0.7 sessions/month,0,Active
502337,0.8025,1,1.0 transactions/month (last 3m); No marketing emails opened in last 3m; Spend $34/month (last 3m),1,Active
500585,0.8009,1,0.7 transactions/month (last 3m); 2 support tickets in last 3m; No marketing emails opened in last 3m,1,Active
500454,0.7957,1,No purchases in last 3m; Spend $0/month (last 3m); No app use in last 3m,1,Lapsed
501878,0.7948,1,Transactions trending down (-1.2/month); 0.7 transactions/month (last 3m); No app use in last 3m,1,Active
500085,0.7916,1,No marketing emails opened in last 3m; No transactions last month; Spend $48/month (last 3m),1,Active
500416,0.7828,1,0.7 transactions/month (last 3m); No app use in last 3m; Spend $27/month (last 3m),1,Active
500014,0.7826,1,0.5 transactions/month (last 3m); No marketing emails opened in last 3m; Spend $19/month (last 3m),1,Active
502003,0.7768,1,0.7 transactions/month (last 3m); Spend $18/month (last 3m); No app use in last 3m,1,Active
500398,0.7763,1,0.3 transactions/month (last 3m); Spend $10/month (last 3m); No app use in last 3m,0,Active
502364,0.7701,1,3 support tickets in last 3m; Transactions trending down (-1.1/month); No transactions last month,1,Active
501310,0.7692,1,1.0 transactions/month (last 3m); No marketing emails opened in last 3m; No app use in last 3m,0,Active
501019,0.7674,1,1.0 transactions/month (last 3m); No marketing emails opened in last 3m; No app use in last 3m,1,Active
501893,0.7656,1,1.0 transactions/month (last 3m); No marketing emails opened in last 3m; No app use in last 3m,1,Active
500776,0.7507,1,0.3 transactions/month (last 3m); Spend +300% vs prior 3m; No marketing emails opened in last 3m,1,Active
502228,0.7504,1,0.3 transactions/month (last 3m); No marketing emails opened in last 3m; Spend $7/month (last 3m),1,Active
500722,0.7429,1,No transactions last month; 3 support tickets in 6m; App use 0.3 sessions/month,1,Active
502033,0.7298,1,No transactions last month; No app use in last 3m; Transactions trending down (-0.7/month),1,Active
500121,0.7273,1,No purchases in last 3m; Spend $0/month (last 3m); Buys 0.0 categories/month,1,Lapsed
501918,0.7191,1,No marketing emails opened in last 3m; No transactions last month; No app use in last 3m,1,Active
501662,0.7139,1,1.0 transactions/month (last 3m); No app use in last 3m; Spend $28/month (last 3m),1,Active
500981,0.7129,1,1.3 transactions/month (last 3m); Opens 0.3 emails/month; Spend $43/month (last 3m),1,Active
502170,0.7099,1,0.7 transactions/month (last 3m); No marketing emails opened in last 3m; Spend $18/month (last 3m),1,Active
502542,0.7071,1,0.7 transactions/month (last 3m); No marketing emails opened in last 3m; Spend $14/month (last 3m),1,Active
500031,0.7045,1,1.0 transactions/month (last 3m); Spend $25/month (last 3m); Buys 0.0 categories/month,0,Active
500467,0.6989,1,Transactions trending down (-1.0/month); No marketing emails opened in last 3m; No transactions last month,1,Active
501695,0.6986,1,2 support tickets in last 3m; Transactions trending down (-1.0/month); No transactions last month,0,Active
501153,0.6896,1,2 support tickets in last 3m; No transactions last month; Transactions trending down (-0.6/month),0,Active
500069,0.6786,1,2 support tickets in last 3m; 1.3 transactions/month (last 3m); No app use in last 3m,1,Active
502050,0.6777,1,1.0 transactions/month (last 3m); No marketing emails opened in last 3m; Spend $20/month (last 3m),1,Active
502172,0.6681,1,No transactions last month; Opens 0.3 emails/month; Formal complaint in last 3m,0,Active
501032,0.6638,1,No transactions last month; Transactions trending down (-0.7/month); Spend $41/month (last 3m),0,Active
501862,0.6594,1,0.3 transactions/month (last 3m); No marketing emails opened in last 3m; Spend $13/month (last 3m),1,Active
500175,0.6478,1,No transactions last month; 3 support tickets in 6m; App use 0.3 sessions/month,0,Active
501441,0.6442,1,No transactions last month; No app use in last 3m; Spend $38/month (last 3m),0,Active
501464,0.6372,1,0.7 transactions/month (last 3m); Spend $24/month (last 3m); No app use in last 3m,0,Active
501627,0.621,1,Spend +300% vs prior 3m; 1.0 transactions/month (last 3m); App use 0.7 sessions/month,0,Active
500222,0.6138,1,0.3 transactions/month (last 3m); Spend $15/month (last 3m); No app use in last 3m,1,Active
501585,0.6103,1,0.3 transactions/month (last 3m); Transactions trending down (-1.0/month); No marketing emails opened in last 3m,0,Active
501550,0.609,1,No marketing emails opened in last 3m; Transactions trending down (-0.9/month); No transactions last month,0,Active
501869,0.5986,1,1.0 transactions/month (last 3m); Spend $19/month (last 3m); No app use in last 3m,1,Active
500906,0.598,1,Transactions trending down (-1.7/month); 2 support tickets in last 3m; No marketing emails opened in last 3m,1,Active
500760,0.5962,1,No transactions last month; Spend $36/month (last 3m); App use 0.3 sessions/month,1,Active
500032,0.5937,1,0.7 transactions/month (last 3m); Spend +300% vs prior 3m; 69% of trips use a promotion,1,Active
501376,0.5876,1,0.3 transactions/month (last 3m); Transactions trending down (-1.1/month); Spend $13/month (last 3m),1,Active
502012,0.5864,1,2 support tickets in last 3m; No marketing emails opened in last 3m; Spend $45/month (last 3m),1,Active
500170,0.5817,1,No transactions last month; App use 0.3 sessions/month; Opens 0.3 emails/month,1,Active
501987,0.5772,1,2 support tickets in last 3m; Transactions trending down (-0.7/month); Only 1 transaction(s) last month,0,Active
502493,0.5762,1,No marketing emails opened in last 3m; No transactions last month; Spend $52/month (last 3m),0,Active
500256,0.5752,1,2 support tickets in last 3m; No app use in last 3m; Only 1 transaction(s) last month,1,Active
501408,0.5726,1,Transactions trending down (-4.0/month); Opens 0.3 emails/month; Spend $63/month (last 3m),0,Active
500414,0.5699,1,0.3 transactions/month (last 3m); No marketing emails opened in last 3m; Spend $9/month (last 3m),0,Active
500627,0.561,1,1.0 transactions/month (last 3m); No marketing emails opened in last 3m; Spend $28/month (last 3m),0,Active
502509,0.556,1,Transactions trending down (-1.3/month); 2 support tickets in last 3m; 1.7 transactions/month (last 3m),1,Active
501834,0.5466,1,2 support tickets in last 3m; No transactions last month; Buys 0.3 categories/month,0,Active
500876,0.5442,1,4 support tickets in last 3m; Spend +245% vs prior 3m; Only 1 transaction(s) last month,1,Active
501470,0.5427,1,Transactions trending down (-1.8/month); No transactions last month; Formal complaint in last 3m,0,Active
500455,0.5408,1,0.3 transactions/month (last 3m); No marketing emails opened in last 3m; Spend $7/month (last 3m),0,Active
500201,0.5247,1,1.0 transactions/month (last 3m); Spend $29/month (last 3m); Opens 0.3 emails/month,1,Active
502569,0.5207,1,1.7 transactions/month (last 3m); App use 0.3 sessions/month; Spend $42/month (last 3m),0,Active
500958,0.5165,1,Transactions trending down (-1.1/month); 0.7 transactions/month (last 3m); Spend $29/month (last 3m),1,Active
500640,0.5077,1,2 support tickets in last 3m; No marketing emails opened in last 3m; No transactions last month,1,Active
501248,0.5046,1,1.0 transactions/month (last 3m); No app use in last 3m; Spend $36/month (last 3m),0,Active
500006,0.5011,1,2 support tickets in last 3m; No transactions last month; Spend $39/month (last 3m),0,Active
500235,0.4991,1,0.5 transactions/month (last 3m); Spend $22/month (last 3m); No app use in last 3m,1,Active
501295,0.487,1,Transactions trending down (-1.3/month); No marketing emails opened in last 3m; No transactions last month,1,Active
500596,0.484,1,1.0 transactions/month (last 3m); No marketing emails opened in last 3m; Spend $32/month (last 3m),0,Active
502195,0.4811,1,1.3 transactions/month (last 3m); Spend $25/month (last 3m); App use 0.3 sessions/month,0,Active
501626,0.4806,1,1.3 transactions/month (last 3m); No app use in last 3m; Spend $25/month (last 3m),0,Active
500889,0.4788,1,No marketing emails opened in last 3m; 1.7 transactions/month (last 3m); App use 0.3 sessions/month,1,Active
502378,0.4705,1,0.7 transactions/month (last 3m); Transactions trending down (-0.8/month); Spend $27/month (last 3m),0,Active
501371,0.4583,1,Transactions trending down (-1.4/month); Only 1 transaction(s) last month; Opens 0.3 emails/month,1,Active
501085,0.4454,1,No transactions last month; Transactions trending down (-0.7/month); Formal complaint in last 3m,1,Active
502420,0.4441,1,No marketing emails opened in last 3m; No transactions last month; No app use in last 3m,1,Active
502132,0.4395,1,No transactions last month; Spend $15/month (last 3m); Transactions trending down (-0.6/month),0,Active
500220,0.439,1,No marketing emails opened in last 3m; No transactions last month; Transactions trending down (-0.9/month),0,Active
500661,0.4372,1,1.0 transactions/month (last 3m); App use 0.3 sessions/month; Spend $44/month (last 3m),0,Active
500072,0.4273,1,2 support tickets in last 3m; Only 1 transaction(s) last month; Opens 0.3 emails/month,0,Active
500303,0.4224,1,0.7 transactions/month (last 3m); Spend $28/month (last 3m); Transactions trending down (-0.6/month),1,Active
500946,0.4189,1,2 support tickets in last 3m; No app use in last 3m; 75% of trips use a promotion,0,Active
502324,0.4188,1,0.3 transactions/month (last 3m); Spend $11/month (last 3m); No app use in last 3m,0,Active
501986,0.4117,1,Transactions trending down (-1.1/month); 2 support tickets in last 3m; Only 1 transaction(s) last month,1,Active
502578,0.4102,1,1.7 transactions/month (last 3m); 3 support tickets in 6m; Opens 0.3 emails/month,0,Active
501489,0.4083,1,Spend +300% vs prior 3m; 1.3 transactions/month (last 3m); No app use in last 3m,0,Active
501161,0.3887,1,1.3 transactions/month (last 3m); No app use in last 3m; Spend $40/month (last 3m),1,Active
501015,0.3882,1,1.0 transactions/month (last 3m); No marketing emails opened in last 3m; Spend $24/month (last 3m),0,Active
500337,0.3843,1,0.7 transactions/month (last 3m); Spend $27/month (last 3m); 1 support tickets in last 3m,0,Active
500645,0.3839,1,No marketing emails opened in last 3m; No transactions last month; App use -67% vs prior 3m,0,Active
501830,0.3806,1,1.0 transactions/month (last 3m); Spend $36/month (last 3m); App use 0.5 sessions/month,0,Active
501538,0.3802,1,No marketing emails opened in last 3m; No transactions last month; Spend $31/month (last 3m),0,Active
502293,0.375,1,0.7 transactions/month (last 3m); Spend $19/month (last 3m); No app use in last 3m,0,Active
501701,0.3688,0,No transactions last month; Spend +239% vs prior 3m; Opens 0.3 emails/month,0,Active
501772,0.3657,0,No marketing emails opened in last 3m; 2.0 transactions/month (last 3m); App use 0.5 sessions/month,0,Active
502282,0.3648,0,0.7 transactions/month (last 3m); Spend $21/month (last 3m); App use 0.3 sessions/month,0,Active
500926,0.3633,0,Transactions trending down (-1.1/month); 2 support tickets in last 3m; No transactions last month,0,Active
501857,0.3624,0,2 support tickets in last 3m; Spend +229% vs prior 3m; 2.0 transactions/month (last 3m),0,Active
501763,0.3612,0,2 support tickets in last 3m; No app use in last 3m; 2.7 transactions/month (last 3m),0,Active
501355,0.3527,0,No transactions last month; Transactions trending down (-0.8/month); Spend $37/month (last 3m),0,Active
501764,0.3526,0,Only 1 transaction(s) last month; Spend $42/month (last 3m); Formal complaint in last 3m,0,Active
501855,0.3526,0,No marketing emails opened in last 3m; 1.7 transactions/month (last 3m); Spend $45/month (last 3m),0,Active
500949,0.3512,0,Transactions trending down (-1.4/month); No marketing emails opened in last 3m; No transactions last month,0,Active
501110,0.348,0,Transactions trending down (-1.0/month); No marketing emails opened in last 3m; 1.7 transactions/month (last 3m),1,Active
501325,0.345,0,Transactions trending down (-1.0/month); No transactions last month; App use -57% vs prior 3m,0,Active
501322,0.3388,0,Transactions trending down (-1.9/month); No marketing emails opened in last 3m; No transactions last month,0,Active
501715,0.3267,0,0.7 transactions/month (last 3m); No marketing emails opened in last 3m; Spend $29/month (last 3m),1,Active
502424,0.3186,0,Transactions trending down (-1.5/month); No transactions last month; Opens 0.3 emails/month,0,Active
501285,0.3144,0,No marketing emails opened in last 3m; 2.3 transactions/month (last 3m); App use 0.7 sessions/month,0,Active
501790,0.3104,0,1.5 transactions/month (last 3m); Spend $56/month (last 3m); 1 support tickets in last 3m,1,Active
500707,0.3017,0,0.7 transactions/month (last 3m); Spend $15/month (last 3m); No app use in last 3m,0,Active
501746,0.2965,0,1.3 transactions/month (last 3m); App use 0.3 sessions/month; Opens 0.3 emails/month,1,Active
501481,0.2927,0,No transactions last month; Transactions trending down (-0.7/month); Spend $48/month (last 3m),0,Active
502295,0.284,0,No transactions last month; 1 support tickets in last 3m; Opted in to marketing,0,Active
500509,0.2792,0,Transactions trending down (-1.0/month); 2.0 transactions/month (last 3m); Spend $62/month (last 3m),0,Active
502078,0.2784,0,1.0 transactions/month (last 3m); No marketing emails opened in last 3m; Spend $18/month (last 3m),1,Active
501722,0.277,0,No transactions last month; Transactions trending down (-0.8/month); No app use in last 3m,1,Active
500769,0.2747,0,4 support tickets in 6m; No app use in last 3m; 2.7 transactions/month (last 3m),1,Active
500241,0.2724,0,Transactions trending down (-1.2/month); No transactions last month; Spend $35/month (last 3m),0,Active
500508,0.2679,0,2 support tickets in last 3m; Only 1 transaction(s) last month; Spend $55/month (last 3m),0,Active
500453,0.2662,0,1.0 transactions/month (last 3m); Spend $19/month (last 3m); Opens 0.3 emails/month,0,Active
502573,0.2657,0,1.7 transactions/month (last 3m); Spend $56/month (last 3m); App use 0.7 sessions/month,0,Active
501882,0.2644,0,Only 1 transaction(s) last month; App use 0.3 sessions/month; Formal complaint in last 3m,0,Active
502196,0.2618,0,Only 1 transaction(s) last month; Opens 0.3 emails/month; App use -75% vs prior 3m,0,Active
500852,0.2581,0,0.7 transactions/month (last 3m); Transactions trending down (-1.0/month); Spend $21/month (last 3m),0,Active
501030,0.2571,0,No transactions last month; App use 0.3 sessions/month; Opens 0.3 emails/month,1,Active
501045,0.254,0,Transactions trending down (-1.4/month); 2 support tickets in last 3m; Only 1 transaction(s) last month,0,Active
501289,0.2533,0,No transactions last month; Transactions trending down (-0.7/month); Opens 0.3 emails/month,0,Active
500849,0.2532,0,2 support tickets in last 3m; App use -67% vs prior 3m; Preferred category: Bakery,1,Active
500447,0.2515,0,No marketing emails opened in last 3m; No transactions last month; Transactions trending down (-0.8/month),0,Active
501812,0.2508,0,1.0 transactions/month (last 3m); Spend $20/month (last 3m); No app use in last 3m,1,Active
501911,0.2496,0,Transactions trending down (-1.2/month); No transactions last month; Formal complaint in last 3m,0,Active
501361,0.2448,0,0.3 transactions/month (last 3m); Spend $9/month (last 3m); App use 0.7 sessions/month,0,Active
500336,0.2436,0,1.0 transactions/month (last 3m); Spend +202% vs prior 3m; Opens 0.3 emails/month,0,Active
501500,0.2394,0,Spend +300% vs prior 3m; 1.3 transactions/month (last 3m); App use 0.7 sessions/month,0,Active
501480,0.2381,0,Transactions trending down (-2.5/month); No transactions last month; 1 support tickets in last 3m,0,Active
501351,0.2363,0,No transactions last month; Opens 0.3 emails/month; Transactions trending down (-0.5/month),0,Active
501758,0.2358,0,No transactions last month; App use -57% vs prior 3m; Transactions trending down (-0.5/month),0,Active
501472,0.2343,0,0.3 transactions/month (last 3m); Spend +300% vs prior 3m; Buys 0.3 categories/month,0,Active
502567,0.2274,0,Transactions trending down (-1.2/month); No transactions last month; Opens 0.3 emails/month,0,Active
500532,0.2238,0,No marketing emails opened in last 3m; No app use in last 3m; Formal complaint in last 3m,1,Active
502273,0.2225,0,Transactions trending down (-2.3/month); App use -67% vs prior 3m; 1 support tickets in last 3m,0,Active
501528,0.2212,0,Transactions trending down (-1.4/month); No transactions last month; Formal complaint in last 3m,0,Active
500073,0.2211,0,2.0 transactions/month (last 3m); Spend $55/month (last 3m); 1 support tickets in last 3m,0,Active
502535,0.2195,0,1.3 transactions/month (last 3m); Transactions trending down (-0.6/month); App use 0.7 sessions/month,1,Active
501698,0.218,0,2 support tickets in last 3m; App use 0.3 sessions/month; Opens 0.3 emails/month,0,Active
500421,0.218,0,No transactions last month; Transactions trending down (-0.7/month); Buys 0.3 categories/month,1,Active
500911,0.2149,0,No marketing emails opened in last 3m; Formal complaint in last 3m; Spend $68/month (last 3m),0,Active
502506,0.2145,0,No marketing emails opened in last 3m; No transactions last month; App use 0.3 sessions/month,0,Active
500075,0.2089,0,2 support tickets in last 3m; No marketing emails opened in last 3m; Only 1 transaction(s) last month,0,Active
502152,0.2063,0,1.7 transactions/month (last 3m); Formal complaint in last 3m; Spend $45/month (last 3m),0,Active
500372,0.2023,0,No marketing emails opened in last 3m; 1.5 transactions/month (last 3m); Buys 0.0 categories/month,0,Active
502311,0.2009,0,0.3 transactions/month (last 3m); Spend $8/month (last 3m); App use 0.3 sessions/month,0,Active
501939,0.2009,0,Transactions trending down (-1.5/month); Only 1 transaction(s) last month; Opted in to marketing,0,Active
501897,0.1994,0,No transactions last month; App use 0.3 sessions/month; Spend $58/month (last 3m),0,Active
502251,0.1941,0,1.0 transactions/month (last 3m); Spend +223% vs prior 3m; Buys 0.7 categories/month,0,Active
500867,0.1896,0,Transactions trending down (-0.9/month); No transactions last month; Opens 0.3 emails/month,1,Active
500502,0.1883,0,Transactions trending down (-1.5/month); Only 1 transaction(s) last month; Opted in to marketing,0,Active
502340,0.1878,0,No marketing emails opened in last 3m; Only 1 transaction(s) last month; App use 0.7 sessions/month,0,Active
501209,0.1855,0,Transactions trending down (-1.2/month); No transactions last month; Spend $56/month (last 3m),1,Active
502530,0.1821,0,1.0 transactions/month (last 3m); Spend $35/month (last 3m); App use 1.0 sessions/month,1,Active
502478,0.1789,0,1.7 transactions/month (last 3m); Transactions trending down (-0.6/month); Opens 0.3 emails/month,0,Active
500146,0.1781,0,Only 1 transaction(s) last month; Opens 0.3 emails/month; App use -75% vs prior 3m,0,Active
500660,0.1754,0,No marketing emails opened in last 3m; Transactions trending down (-0.6/month); App use -67% vs prior 3m,0,Active
501172,0.1739,0,Transactions trending down (-2.5/month); Formal complaint in last 3m; Opted in to marketing,0,Active
501713,0.1695,0,Transactions trending down (-0.7/month); Only 1 transaction(s) last month; Opens 0.3 emails/month,0,Active
502153,0.1692,0,2.0 transactions/month (last 3m); 3 support tickets in 6m; Transactions trending down (-0.6/month),0,Active
502297,0.1687,0,No transactions last month; App use 0.7 sessions/month; 1 support tickets in last 3m,0,Active
501976,0.1665,0,1.0 transactions/month (last 3m); Spend $34/month (last 3m); Buys 0.5 categories/month,0,Active
501665,0.1653,0,2 support tickets in last 3m; Spend +229% vs prior 3m; Only 1 transaction(s) last month,1,Active
500477,0.1651,0,1.0 transactions/month (last 3m); No marketing emails opened in last 3m; Spend $43/month (last 3m),0,Active
500120,0.164,0,No app use in last 3m; 2.0 transactions/month (last 3m); 1 support tickets in last 3m,0,Active
502257,0.1619,0,0.5 transactions/month (last 3m); Spend $15/month (last 3m); Opens 0.5 emails/month,0,Active
500572,0.1617,0,Spend $28/month (last 3m); Only 1 transaction(s) last month; 1 support tickets in last 3m,0,Active
500716,0.1604,0,2 support tickets in last 3m; No app use in last 3m; Only 2 transaction(s) last month,0,Active
501841,0.1506,0,No transactions last month; Transactions trending down (-0.7/month); Opens 0.3 emails/month,0,Active
500604,0.1503,0,1.3 transactions/month (last 3m); Spend $34/month (last 3m); Opens 0.3 emails/month,0,Active
501778,0.1498,0,0.7 transactions/month (last 3m); Spend $27/month (last 3m); App use 0.3 sessions/month,0,Active
502239,0.1493,0,Only 1 transaction(s) last month; Opens 0.3 emails/month; Transactions trending down (-0.5/month),0,Active
500195,0.1492,0,No transactions last month; Spend $37/month (last 3m); App use 0.3 sessions/month,0,Active
500515,0.1457,0,1.7 transactions/month (last 3m); Opens 0.3 emails/month; Spend $70/month (last 3m),0,Active
502510,0.1452,0,Transactions trending down (-1.0/month); No transactions last month; Opens 0.3 emails/month,0,Active
500228,0.145,0,2 support tickets in last 3m; App use 0.3 sessions/month; 2.7 transactions/month (last 3m),0,Active
500200,0.1438,0,2.0 transactions/month (last 3m); Spend $48/month (last 3m); 1 support tickets in last 3m,0,Active
502154,0.1429,0,2 support tickets in last 3m; 1.0 transactions/month (last 3m); No marketing emails opened in last 3m,0,Active
502537,0.1424,0,Only 1 transaction(s) last month; Spend $46/month (last 3m); App use 0.5 sessions/month,0,Active
501594,0.1424,0,No marketing emails opened in last 3m; 1 support tickets in last 3m; Spend $70/month (last 3m),0,Active
501403,0.1409,0,No marketing emails opened in last 3m; 1.7 transactions/month (last 3m); 1 support tickets in last 3m,0,Active
501492,0.1408,0,Transactions trending down (-1.5/month); 2 support tickets in last 3m; Only 1 transaction(s) last month,0,Active
502404,0.1394,0,0.5 transactions/month (last 3m); Spend $17/month (last 3m); Buys 0.5 categories/month,0,Active
500738,0.138,0,1.7 transactions/month (last 3m); Spend $48/month (last 3m); 1 support tickets in last 3m,1,Active
501672,0.1364,0,No transactions last month; Buys 0.3 categories/month; Spend $59/month (last 3m),0,Active
502398,0.1358,0,Transactions trending down (-0.7/month); Only 1 transaction(s) last month; App use 0.3 sessions/month,0,Active
502049,0.1354,0,Spend $56/month (last 3m); Only 2 transaction(s) last month; Preferred category: Bakery,0,Active
500387,0.1326,0,No transactions last month; Formal complaint in last 3m; Opted in to marketing,0,Active
500167,0.1325,0,No app use in last 3m; 2.3 transactions/month (last 3m); Opted in to marketing,0,Active
501431,0.1321,0,Only 1 transaction(s) last month; Spend $41/month (last 3m); Transactions trending down (-0.5/month),0,Active
502210,0.1299,0,1.0 transactions/month (last 3m); Spend $44/month (last 3m); Opens 0.5 emails/month,0,Active
500226,0.1285,0,No app use in last 3m; Only 1 transaction(s) last month; Opens 0.3 emails/month,1,Active
501149,0.1276,0,Transactions trending down (-1.4/month); No marketing emails opened in last 3m; No transactions last month,0,Active
501777,0.1258,0,1.3 transactions/month (last 3m); Buys 0.3 categories/month; Spend $63/month (last 3m),0,Active
500657,0.1243,0,Spend +300% vs prior 3m; App use 0.3 sessions/month; Formal complaint in last 3m,0,Active
500460,0.1238,0,1.3 transactions/month (last 3m); No app use in last 3m; Spend $37/month (last 3m),0,Active
501584,0.1232,0,2.3 transactions/month (last 3m); Spend $67/month (last 3m); Opted in to marketing,0,Active
502149,0.1229,0,No marketing emails opened in last 3m; App use 0.3 sessions/month; Spend $50/month (last 3m),0,Active
502101,0.1222,0,No marketing emails opened in last 3m; Transactions trending down (-0.7/month); Only 1 transaction(s) last month,0,Active
500037,0.1212,0,0.7 transactions/month (last 3m); Spend $20/month (last 3m); App use 0.3 sessions/month,0,Active
502370,0.1203,0,No marketing emails opened in last 3m; 1.7 transactions/month (last 3m); Spend $55/month (last 3m),0,Active
502329,0.1181,0,No transactions last month; Transactions trending down (-0.5/month); Spend $72/month (last 3m),0,Active
501591,0.116,0,Transactions trending down (-1.0/month); 1.7 transactions/month (last 3m); App use 0.3 sessions/month,0,Active
500528,0.1128,0,No marketing emails opened in last 3m; No transactions last month; Transactions trending down (-0.5/month),0,Active
502532,0.1113,0,Only 1 transaction(s) last month; Buys 0.7 categories/month; Spend $71/month (last 3m),0,Active
500269,0.1105,0,1.5 transactions/month (last 3m); No app use in last 3m; Spend $33/month (last 3m),1,Active
501368,0.1103,0,1.0 transactions/month (last 3m); No marketing emails opened in last 3m; Spend $28/month (last 3m),0,Active
501493,0.11,0,No marketing emails opened in last 3m; Transactions trending down (-0.9/month); No transactions last month,0,Active
500309,0.1093,0,1.3 transactions/month (last 3m); No app use in last 3m; Spend $52/month (last 3m),1,Active
500424,0.109,0,1.3 transactions/month (last 3m); Transactions trending down (-0.8/month); Spend $54/month (last 3m),0,Active
501239,0.1086,0,No transactions last month; Spend $71/month (last 3m); Opted in to marketing,0,Active
501696,0.1085,0,Transactions trending down (-1.5/month); Only 1 transaction(s) last month; Opens 0.3 emails/month,0,Active
501482,0.1083,0,Transactions trending down (-0.6/month); Spend $48/month (last 3m); App use -78% vs prior 3m,0,Active
502126,0.108,0,0.7 transactions/month (last 3m); Spend $18/month (last 3m); Transactions trending down (-0.7/month),0,Active
500793,0.1061,0,Transactions trending down (-0.7/month); 1 support tickets in last 3m; Only 2 transaction(s) last month,0,Active
502035,0.1039,0,2 support tickets in last 3m; 1.3 transactions/month (last 3m); Spend $36/month (last 3m),0,Active
502008,0.1037,0,2 support tickets in last 3m; Transactions trending down (-0.7/month); App use -58% vs prior 3m,0,Active
500394,0.1035,0,Transactions trending down (-2.2/month); No marketing emails opened in last 3m; Only 1 transaction(s) last month,0,Active
501491,0.1031,0,App use 0.7 sessions/month; 1 support tickets in last 3m; Preferred category: Bakery,0,Active
500973,0.1029,0,Transactions trending down (-1.1/month); 1.3 transactions/month (last 3m); Spend $44/month (last 3m),0,Active
502450,0.0987,0,No marketing emails opened in last 3m; 2.0 transactions/month (last 3m); 1 support tickets in last 3m,0,Active
501463,0.0982,0,No marketing emails opened in last 3m; Transactions trending down (-0.7/month); 1 support tickets in last 3m,0,Active
500030,0.0978,0,No transactions last month; Spend $43/month (last 3m); Buys 0.7 categories/month,0,Active
501372,0.0976,0,Transactions trending down (-1.2/month); No marketing emails opened in last 3m; App use 0.3 sessions/month,0,Active
502548,0.0974,0,2 support tickets in last 3m; Transactions trending down (-0.7/month); Opens 0.3 emails/month,1,Active
501370,0.0972,0,Only 1 transaction(s) last month; App use 0.3 sessions/month; Opted in to marketing,0,Active
500955,0.0971,0,0.7 transactions/month (last 3m); Spend +300% vs prior 3m; 63% of trips use a promotion,1,Active
501162,0.0968,0,Opens 0.3 emails/month; 1 support tickets in last 3m; Preferred category: Bakery,1,Active
500877,0.0958,0,Opens 0.3 emails/month; Formal complaint in last 3m; 2.3 transactions/month (last 3m),0,Active
501334,0.0947,0,1.0 transactions/month (last 3m); Spend $38/month (last 3m); App use 0.5 sessions/month,0,Active
501048,0.0934,0,Transactions trending down (-1.8/month); No marketing emails opened in last 3m; Only 1 transaction(s) last month,0,Active
501880,0.0932,0,1.3 transactions/month (last 3m); Spend $51/month (last 3m); Buys 0.3 categories/month,0,Active
501949,0.0928,0,No transactions last month; Formal complaint in last 3m; Transactions trending down (-0.6/month),0,Active
502272,0.0921,0,1 support tickets in last 3m; Only 2 transaction(s) last month; Preferred category: Bakery,0,Active
501998,0.0914,0,1.0 transactions/month (last 3m); Spend $27/month (last 3m); 1 support tickets in last 3m,0,Active
501138,0.0897,0,0.3 transactions/month (last 3m); Spend $11/month (last 3m); Formal complaint in last 3m,0,Active
502399,0.0881,0,Transactions trending down (-0.9/month); No transactions last month; 1 support tickets in last 3m,0,Active
501198,0.0873,0,2 support tickets in last 3m; No marketing emails opened in last 3m; 2.0 transactions/month (last 3m),0,Active
501646,0.0869,0,1.7 transactions/month (last 3m); Spend $46/month (last 3m); Buys 0.3 categories/month,0,Active
501330,0.0851,0,No transactions last month; Transactions trending down (-0.8/month); Opens 0.3 emails/month,0,Active
500544,0.084,0,0.7 transactions/month (last 3m); No app use in last 3m; Spend $30/month (last 3m),0,Active
500059,0.0838,0,Transactions trending down (-1.0/month); App use -83% vs prior 3m; 2.5 transactions/month (last 3m),0,Active
500419,0.0837,0,No marketing emails opened in last 3m; No app use in last 3m; Only 2 transaction(s) last month,0,Active
502476,0.0829,0,Transactions trending down (-1.0/month); 1.7 transactions/month (last 3m); Spend $74/month (last 3m),0,Active
501269,0.0829,0,0.7 transactions/month (last 3m); Spend $27/month (last 3m); Opens 0.3 emails/month,0,Active
500806,0.0829,0,Spend +300% vs prior 3m; No marketing emails opened in last 3m; 1.7 transactions/month (last 3m),0,Active
502494,0.0827,0,Opens 0.3 emails/month; 2.3 transactions/month (last 3m); 1 support tickets in last 3m,0,Active
501562,0.0823,0,Transactions trending down (-1.7/month); No transactions last month; App use trending down,0,Active
501079,0.0822,0,No marketing emails opened in last 3m; Only 1 transaction(s) last month; Preferred category: Bakery,0,Active
500708,0.0818,0,App use 0.3 sessions/month; Formal complaint in last 3m; Preferred category: Bakery,0,Active
500142,0.0817,0,Transactions trending down (-1.3/month); Opens 0.3 emails/month; Only 2 transaction(s) last month,0,Active
501890,0.0811,0,No marketing emails opened in last 3m; 1.3 transactions/month (last 3m); Buys 0.3 categories/month,0,Active
501595,0.0799,0,Transactions trending down (-0.5/month); 1 support tickets in last 3m; Preferred category: Bakery,1,Active
501038,0.0796,0,Transactions trending down (-1.0/month); No marketing emails opened in last 3m; Formal complaint in last 3m,1,Active
501405,0.0794,0,Transactions trending down (-1.4/month); No marketing emails opened in last 3m; Only 1 transaction(s) last month,0,Active
500209,0.0782,0,Opens 0.3 emails/month; Formal complaint in last 3m; App use -62% vs prior 3m,0,Active
502422,0.078,0,1.3 transactions/month (last 3m); Spend $45/month (last 3m); App use -67% vs prior 3m,0,Active
501059,0.0777,0,App use 0.3 sessions/month; Opens 0.3 emails/month; Buys 0.7 categories/month,0,Active
502134,0.0769,0,2 support tickets in last 3m; No marketing emails opened in last 3m; App use 0.5 sessions/month,0,Active
501343,0.0769,0,1.3 transactions/month (last 3m); Spend $40/month (last 3m); Opted in to marketing,0,Active
501235,0.0764,0,Transactions trending down (-0.9/month); Only 1 transaction(s) last month; App use 0.3 sessions/month,0,Active
500624,0.0755,0,Transactions trending down (-1.0/month); Only 1 transaction(s) last month; Spend $54/month (last 3m),0,Active
502151,0.0752,0,Transactions trending down (-1.5/month); Only 1 transaction(s) last month; Opens 0.3 emails/month,0,Active
500193,0.0752,0,0.7 transactions/month (last 3m); Spend $23/month (last 3m); Buys 0.7 categories/month,0,Active
501305,0.075,0,No app use in last 3m; Transactions trending down (-0.7/month); 2.3 transactions/month (last 3m),0,Active
500010,0.0742,0,1.0 transactions/month (last 3m); Spend $54/month (last 3m); Buys 1.0 categories/month,0,Active
501935,0.0742,0,0.3 transactions/month (last 3m); Spend $8/month (last 3m); App use 0.3 sessions/month,0,Active
500854,0.0736,0,No app use in last 3m; Opens 0.3 emails/month; Spend +143% vs prior 3m,0,Active
502281,0.0729,0,Transactions trending down (-0.8/month); Only 1 transaction(s) last month; 1 support tickets in last 3m,0,Active
500192,0.0729,0,App use 0.7 sessions/month; Transactions trending down (-0.5/month); Spend $66/month (last 3m),0,Active
500402,0.0724,0,No transactions last month; Opens 0.3 emails/month; Spend $50/month (last 3m),0,Active
500975,0.0724,0,No marketing emails opened in last 3m; Opted in to marketing; App use 1.0 sessions/month,0,Active
500615,0.0723,0,2 support tickets in last 3m; Opted in to marketing; Opens 0.7 emails/month,0,Active
501692,0.0719,0,Formal complaint in last 3m; App use -71% vs prior 3m; Opted in to marketing,0,Active
500844,0.0711,0,2.0 transactions/month (last 3m); Buys 0.0 categories/month; Spend $42/month (last 3m),0,Active
501420,0.071,0,No marketing emails opened in last 3m; Transactions trending down (-0.8/month); 1 support tickets in last 3m,0,Active
500166,0.0688,0,1.3 transactions/month (last 3m); Spend $37/month (last 3m); 1 support tickets in last 3m,0,Active
502562,0.0688,0,Only 1 transaction(s) last month; Spend $64/month (last 3m); Opted in to marketing,1,Active
502044,0.0687,0,1.3 transactions/month (last 3m); App use 0.3 sessions/month; Spend $56/month (last 3m),0,Active
502512,0.0677,0,Formal complaint in last 3m; App use -67% vs prior 3m; Opted in to marketing,0,Active
501453,0.0673,0,No marketing emails opened in last 3m; 1.3 transactions/month (last 3m); Spend $37/month (last 3m),0,Active
500384,0.0671,0,2.0 transactions/month (last 3m); Opens 0.3 emails/month; Spend $55/month (last 3m),0,Active
501238,0.0644,0,2 support tickets in last 3m; Only 2 transaction(s) last month; Preferred category: Bakery,0,Active
500613,0.0627,0,Transactions trending down (-0.9/month); Only 1 transaction(s) last month; Opens 0.3 emails/month,0,Active
501590,0.062,0,No transactions last month; Spend $50/month (last 3m); Opted in to marketing,0,Active
501945,0.0615,0,No transactions last month; Transactions trending down (-0.6/month); Spend $57/month (last 3m),0,Active
500224,0.0611,0,1.3 transactions/month (last 3m); Spend $33/month (last 3m); Transactions trending down (-0.5/month),0,Active
501664,0.0607,0,No marketing emails opened in last 3m; No app use in last 3m; 2.0 transactions/month (last 3m),0,Active
500594,0.0605,0,No transactions last month; Spend $62/month (last 3m); Opted in to marketing,0,Active
501827,0.0599,0,Transactions trending down (-1.1/month); Spend $55/month (last 3m); 2.5 transactions/month (last 3m),0,Active
500969,0.0596,0,1 support tickets in last 3m; Preferred category: Bakery; Opted in to marketing,0,Active
501903,0.059,0,No marketing emails opened in last 3m; Opted in to marketing; App use 1.0 sessions/month,0,Active
502582,0.0582,0,2.0 transactions/month (last 3m); App use -71% vs prior 3m; Spend $68/month (last 3m),0,Active
501670,0.0577,0,Transactions trending down (-0.9/month); No marketing emails opened in last 3m; 1 support tickets in last 3m,1,Active
500351,0.0577,0,Transactions trending down (-1.2/month); 2.7 transactions/month (last 3m); Opted in to marketing,0,Active
500565,0.0574,0,Transactions trending down (-1.1/month); 2 support tickets in last 3m; No marketing emails opened in last 3m,0,Active
500308,0.0564,0,Transactions trending down (-0.6/month); Spend $67/month (last 3m); Only 2 transaction(s) last month,0,Active
502148,0.0562,0,Spend $54/month (last 3m); App use 0.7 sessions/month; 1 support tickets in last 3m,0,Active
501936,0.0559,0,1.3 transactions/month (last 3m); Spend $37/month (last 3m); Transactions trending down (-0.5/month),0,Active
500379,0.0559,0,No transactions last month; App use -70% vs prior 3m; Transactions trending down (-0.5/month),0,Active
501581,0.0555,0,No marketing emails opened in last 3m; Only 1 transaction(s) last month; Spend $69/month (last 3m),0,Active
501661,0.0555,0,No marketing emails opened in last 3m; 1.7 transactions/month (last 3m); Spend $64/month (last 3m),0,Active
500578,0.0551,0,1.3 transactions/month (last 3m); No app use in last 3m; Spend $34/month (last 3m),0,Active
501923,0.055,0,3 support tickets in last 3m; No marketing emails opened in last 3m; App use -54% vs prior 3m,0,Active
502029,0.0546,0,No transactions last month; Spend $53/month (last 3m); Preferred category: Bakery,0,Active
501098,0.0531,0,No transactions last month; Transactions trending down (-0.8/month); Opted in to marketing,1,Active
501134,0.0531,0,No marketing emails opened in last 3m; Transactions trending down (-0.9/month); Preferred category: Bakery,0,Active
501840,0.0529,0,No marketing emails opened in last 3m; 2.0 transactions/month (last 3m); No coupons redeemed in last 3m,0,Active
502047,0.0527,0,1.3 transactions/month (last 3m); Spend $31/month (last 3m); Preferred category: Bakery,0,Active
500182,0.0525,0,3 support tickets in 6m; Opens 0.3 emails/month; App use 0.7 sessions/month,0,Active
502261,0.0525,0,1.7 transactions/month (last 3m); App use 0.3 sessions/month; Spend $45/month (last 3m),0,Active
500665,0.0522,0,No transactions last month; Opens 0.3 emails/month; Opted in to marketing,0,Active
501246,0.0521,0,2 support tickets in last 3m; 1.7 transactions/month (last 3m); App use 0.7 sessions/month,0,Active
501264,0.052,0,1.0 transactions/month (last 3m); Spend $20/month (last 3m); No coupons redeemed in last 3m,0,Active
500678,0.052,0,2 support tickets in last 3m; Preferred category: Bakery; Opted in to marketing,0,Active
500104,0.0519,0,1 support tickets in last 3m; Only 2 transaction(s) last month; Preferred category: Bakery,0,Active
501592,0.0517,0,App use 0.7 sessions/month; Transactions trending down (-0.5/month); 1 support tickets in last 3m,0,Active
501554,0.0517,0,3 support tickets in 6m; Transactions trending down (-0.6/month); App use -75% vs prior 3m,0,Active
500108,0.0516,0,Transactions trending down (-1.2/month); Opens 0.3 emails/month; 1 support tickets in last 3m,0,Active
500033,0.0514,0,No transactions last month; Transactions trending down (-0.7/month); App use -56% vs prior 3m,0,Active
501203,0.0507,0,App use 0.3 sessions/month; Spend $56/month (last 3m); Opted in to marketing,0,Active
501244,0.0506,0,Only 1 transaction(s) last month; Opens 0.3 emails/month; App use 1.0 sessions/month,1,Active
502382,0.0486,0,Spend +286% vs prior 3m; 2.0 transactions/month (last 3m); App use 0.3 sessions/month,0,Active
500020,0.0484,0,1.7 transactions/month (last 3m); Spend $46/month (last 3m); App use 0.7 sessions/month,0,Active
500652,0.0484,0,1.3 transactions/month (last 3m); Spend $42/month (last 3m); Buys 0.3 categories/month,0,Active
501263,0.0478,0,3 support tickets in last 3m; Opted in to marketing; App use -44% vs prior 3m,0,Active
501000,0.047,0,Transactions trending down (-0.8/month); Opens 0.3 emails/month; 1 support tickets in last 3m,0,Active
501573,0.0468,0,No marketing emails opened in last 3m; Only 1 transaction(s) last month; Home-store price tier: Value,1,Active
500280,0.0468,0,Transactions trending down (-1.5/month); App use trending down; Preferred category: Bakery,0,Active
502583,0.0467,0,Formal complaint in last 3m; Transactions trending down (-0.5/month); Opted in to marketing,0,Active
500818,0.0467,0,2.0 transactions/month (last 3m); Spend $50/month (last 3m); 1 support tickets in last 3m,0,Active
502441,0.0467,0,Only 1 transaction(s) last month; Spend $58/month (last 3m); Opted in to marketing,0,Active
501123,0.0466,0,1.3 transactions/month (last 3m); Transactions trending down (-0.7/month); Spend $41/month (last 3m),0,Active
502139,0.0466,0,No transactions last month; Transactions trending down (-0.5/month); Opted in to marketing,0,Active
500251,0.0463,0,Opens 0.3 emails/month; App use -67% vs prior 3m; 2.7 transactions/month (last 3m),0,Active
502400,0.0463,0,2.3 transactions/month (last 3m); Spend $57/month (last 3m); App use 0.7 sessions/month,0,Active
502212,0.0462,0,1.7 transactions/month (last 3m); App use 0.3 sessions/month; Spend $60/month (last 3m),0,Active
502338,0.0462,0,2.0 transactions/month (last 3m); Spend $48/month (last 3m); Preferred category: Bakery,0,Active
500484,0.0457,0,1.3 transactions/month (last 3m); Formal complaint in last 3m; Spend $54/month (last 3m),0,Active
501012,0.0449,0,No transactions last month; Transactions trending down (-0.7/month); Formal complaint in last 3m,0,Active
501152,0.0446,0,2.3 transactions/month (last 3m); Buys 0.7 categories/month; Opted in to marketing,0,Active
501689,0.0444,0,Transactions trending down (-1.6/month); 2.3 transactions/month (last 3m); 1 support tickets in last 3m,0,Active
501462,0.0443,0,No marketing emails opened in last 3m; Only 1 transaction(s) last month; Transactions trending down (-0.5/month),0,Active
501404,0.0443,0,1 support tickets in last 3m; Only 2 transaction(s) last month; Preferred category: Bakery,0,Active
501425,0.0438,0,2 support tickets in last 3m; App use 0.3 sessions/month; Opened 0.0 emails/month before,0,Active
500542,0.0437,0,2 support tickets in last 3m; Opens 0.3 emails/month; App use 0.7 sessions/month,0,Active
500705,0.0432,0,1 support tickets in last 3m; Opted in to marketing; App use was 0.7 sessions/month,0,Active
500749,0.0419,0,No marketing emails opened in last 3m; Buys 0.7 categories/month; App use 1.0 sessions/month,0,Active
502474,0.0418,0,2.0 transactions/month (last 3m); Opens 0.5 emails/month; Transactions trending down (-0.4/month),0,Active
501401,0.0418,0,Transactions trending down (-0.8/month); Spend $41/month (last 3m); 2.3 transactions/month (last 3m),0,Active
502043,0.0411,0,Transactions trending down (-0.9/month); No marketing emails opened in last 3m; App use -80% vs prior 3m,0,Active
501156,0.0411,0,No marketing emails opened in last 3m; App use 0.3 sessions/month; Formal complaint in last 3m,0,Active
502292,0.0406,0,2 support tickets in last 3m; No marketing emails opened in last 3m; Transactions trending down (-0.7/month),0,Active
501624,0.0398,0,Opens 0.3 emails/month; Formal complaint in last 3m; No coupons redeemed in last 3m,0,Active
500117,0.0397,0,Only 1 transaction(s) last month; Opens 0.3 emails/month; App use -60% vs prior 3m,0,Active
502262,0.0396,0,No marketing emails opened in last 3m; 62% of trips use a promotion; 1 support tickets in last 3m,0,Active
500672,0.0394,0,Buys 0.3 categories/month; 2.7 transactions/month (last 3m); Spend $74/month (last 3m),0,Active
502416,0.0392,0,No marketing emails opened in last 3m; Only 1 transaction(s) last month; App use -57% vs prior 3m,0,Active
502435,0.0387,0,Transactions trending down (-0.6/month); Opted in to marketing; Spend $83/month (last 3m),0,Active
500078,0.0386,0,2.0 transactions/month (last 3m); Preferred category: Bakery; Opted in to marketing,0,Active
501997,0.0386,0,Transactions trending down (-0.7/month); 2.0 transactions/month (last 3m); App use 0.7 sessions/month,0,Active
500468,0.0382,0,No transactions last month; Transactions trending down (-0.6/month); No coupons redeemed in last 3m,0,Active
500531,0.0382,0,1.7 transactions/month (last 3m); Spend $52/month (last 3m); 1 support tickets in last 3m,0,Active
502116,0.0377,0,1.7 transactions/month (last 3m); Opens 0.3 emails/month; Spend $50/month (last 3m),0,Active
501240,0.0374,0,1.0 transactions/month (last 3m); No app use in last 3m; Spend $38/month (last 3m),0,Active
501089,0.0372,0,Transactions trending down (-0.9/month); No transactions last month; Opted in to marketing,0,Active
502516,0.0371,0,2.0 transactions/month (last 3m); Buys 0.7 categories/month; Opted in to marketing,0,Active
501387,0.0366,0,Only 1 transaction(s) last month; 3 support tickets in 6m; Opened 0.0 emails/month before,0,Active
501120,0.0363,0,Only 1 transaction(s) last month; App use -78% vs prior 3m; Spend $53/month (last 3m),0,Active
500650,0.0363,0,Opens 0.3 emails/month; Spend $61/month (last 3m); Preferred category: Bakery,0,Active
500931,0.0361,0,1.7 transactions/month (last 3m); Spend $38/month (last 3m); Opted in to marketing,0,Active
500782,0.0355,0,Spend $64/month (last 3m); Opted in to marketing; No coupons redeemed in last 3m,0,Active
500966,0.0349,0,Only 1 transaction(s) last month; Opted in to marketing; No coupons redeemed in last 3m,0,Active
502534,0.0348,0,1.0 transactions/month (last 3m); Spend $27/month (last 3m); Opted in to marketing,0,Active
500592,0.0348,0,2.3 transactions/month (last 3m); Spend $58/month (last 3m); Preferred category: Bakery,0,Active
501369,0.0348,0,Transactions trending down (-0.7/month); Opens 0.3 emails/month; Buys 1.0 categories/month,0,Active
501845,0.0343,0,Spend +300% vs prior 3m; App use 0.7 sessions/month; Only 2 transaction(s) last month,0,Active
501988,0.0341,0,1.5 transactions/month (last 3m); Spend $59/month (last 3m); Opted in to marketing,0,Active
500711,0.0338,0,No marketing emails opened in last 3m; Transactions trending down (-0.9/month); Only 2 transaction(s) last month,0,Active
501990,0.0336,0,1.7 transactions/month (last 3m); Spend $26/month (last 3m); Opted in to marketing,1,Active
500524,0.0336,0,1.7 transactions/month (last 3m); Spend $59/month (last 3m); 1 support tickets in last 3m,0,Active
500187,0.0336,0,Spend +300% vs prior 3m; 2.3 transactions/month (last 3m); Opted in to marketing,0,Active
501886,0.0336,0,Only 2 transaction(s) last month; Opted in to marketing; Transactions trending down (-0.3/month),0,Active
502204,0.0331,0,1.7 transactions/month (last 3m); Spend $56/month (last 3m); App use 0.7 sessions/month,0,Active
502120,0.0329,0,Transactions trending down (-1.5/month); Formal complaint in last 3m; Opted in to marketing,0,Active
500635,0.0329,0,Opens 0.3 emails/month; 1 support tickets in last 3m; 2.7 transactions/month (last 3m),0,Active
500038,0.0329,0,2 support tickets in last 3m; Only 1 transaction(s) last month; Transactions trending down (-0.6/month),0,Active
501861,0.0328,0,No marketing emails opened in last 3m; Only 2 transaction(s) last month; No coupons redeemed in last 3m,0,Active
501960,0.0327,0,Only 1 transaction(s) last month; Opens 0.3 emails/month; Transactions trending down (-0.4/month),0,Active
500713,0.0327,0,No marketing emails opened in last 3m; Only 1 transaction(s) last month; App use 1.0 sessions/month,0,Active
501937,0.0325,0,Only 1 transaction(s) last month; App use 0.7 sessions/month; Opened 0.0 emails/month before,0,Active
502022,0.032,0,Spend +300% vs prior 3m; App use 0.7 sessions/month; 1 support tickets in last 3m,0,Active
502211,0.0318,0,1.5 transactions/month (last 3m); Spend $67/month (last 3m); Opted in to marketing,0,Active
500999,0.0318,0,App use 0.3 sessions/month; Opens 0.3 emails/month; City: Columbus,0,Active
501357,0.0314,0,Only 1 transaction(s) last month; Opens 0.3 emails/month; Spend $57/month (last 3m),0,Active
502421,0.0313,0,1.0 transactions/month (last 3m); Spend $40/month (last 3m); App use 0.7 sessions/month,0,Active
501814,0.0311,0,Buys 0.3 categories/month; 1 support tickets in last 3m; Only 2 transaction(s) last month,0,Active
500884,0.0311,0,Only 1 transaction(s) last month; App use 0.7 sessions/month; Preferred category: Bakery,0,Active
502343,0.0309,0,Only 1 transaction(s) last month; Opens 0.3 emails/month; Spend $53/month (last 3m),0,Active
500929,0.0306,0,2.0 transactions/month (last 3m); App use 0.7 sessions/month; 1 support tickets in last 3m,0,Active
501290,0.0298,0,No marketing emails opened in last 3m; No app use in last 3m; No coupons redeemed in last 3m,0,Active
501966,0.0296,0,1.7 transactions/month (last 3m); Opens 0.3 emails/month; Spend $61/month (last 3m),0,Active
500537,0.0294,0,No transactions last month; Spend $71/month (last 3m); Opted in to marketing,0,Active
500093,0.0293,0,Transactions trending down (-1.4/month); Only 1 transaction(s) last month; Opted in to marketing,0,Active
501678,0.0292,0,No marketing emails opened in last 3m; 1 support tickets in last 3m; No coupons redeemed in last 3m,0,Active
500623,0.0288,0,No marketing emails opened in last 3m; App use 1.0 sessions/month; Age unknown,0,Active
500888,0.0286,0,Formal complaint in last 3m; App use -78% vs prior 3m; Only 2 transaction(s) last month,0,Active
500050,0.0283,0,Transactions trending down (-0.5/month); No coupons redeemed in last 3m; Opened 0.0 emails/month before,0,Active
500404,0.0283,0,Transactions trending down (-0.7/month); Only 1 transaction(s) last month; App use -75% vs prior 3m,0,Active
501819,0.0282,0,1.3 transactions/month (last 3m); Spend $35/month (last 3m); Transactions trending down (-0.4/month),0,Active
502523,0.028,0,Transactions trending down (-0.6/month); Only 2 transaction(s) last month; App use -50% vs prior 3m,0,Active
502539,0.0278,0,No app use in last 3m; Only 1 transaction(s) last month; Opted in to marketing,0,Active
500370,0.0273,0,Only 1 transaction(s) last month; App use -50% vs prior 3m; Opted in to marketing,0,Active
502005,0.0273,0,2 support tickets in last 3m; 2.3 transactions/month (last 3m); Transactions trending down (-0.5/month),0,Active
500693,0.0272,0,Formal complaint in last 3m; Opted in to marketing; Home-store price tier: Value,0,Active
501969,0.0271,0,No marketing emails opened in last 3m; Transactions trending down (-0.8/month); App use -59% vs prior 3m,0,Active
500961,0.0269,0,2.0 transactions/month (last 3m); Spend $54/month (last 3m); Opted in to marketing,0,Active
502254,0.0263,0,No transactions last month; Spend $72/month (last 3m); Opted in to marketing,0,Active
502320,0.0263,0,App use 0.3 sessions/month; Opens 0.3 emails/month; Preferred category: Bakery,0,Active
501682,0.0261,0,Opens 0.3 emails/month; 1 support tickets in last 3m; Transactions trending down (-0.5/month),0,Active
501551,0.0261,0,1.7 transactions/month (last 3m); Spend $46/month (last 3m); Preferred category: Bakery,0,Active
500758,0.0259,0,Only 1 transaction(s) last month; App use 0.5 sessions/month; Opted in to marketing,0,Active
501222,0.0258,0,Spend $60/month (last 3m); Opted in to marketing; App use 1.0 sessions/month,0,Active
501586,0.0258,0,Spend +225% vs prior 3m; No app use in last 3m; Opens 0.3 emails/month,0,Active
500016,0.0256,0,Transactions trending down (-0.9/month); Opted in to marketing; Opens 0.7 emails/month,0,Active
501395,0.0255,0,1.7 transactions/month (last 3m); Spend $56/month (last 3m); Opted in to marketing,0,Active
501337,0.0253,0,Only 1 transaction(s) last month; Formal complaint in last 3m; Spend $72/month (last 3m),0,Active
500326,0.0252,0,Opens 0.3 emails/month; 1 support tickets in last 3m; Opted in to marketing,0,Active
501382,0.0251,0,2 support tickets in last 3m; Opted in to marketing; Home-store price tier: Value,0,Active
502085,0.0249,0,2.0 transactions/month (last 3m); Formal complaint in last 3m; Opted in to marketing,0,Active
501773,0.0248,0,Opens 0.3 emails/month; Transactions trending down (-0.5/month); App use -67% vs prior 3m,0,Active
502525,0.0247,0,Transactions trending down (-1.0/month); No transactions last month; Opens 0.3 emails/month,0,Active
500334,0.0247,0,No marketing emails opened in last 3m; App use 0.7 sessions/month; City: Columbus,0,Active
501457,0.0247,0,2 support tickets in last 3m; App use -60% vs prior 3m; Preferred category: Bakery,0,Active
500208,0.0246,0,Opens 0.3 emails/month; 2.3 transactions/month (last 3m); Spend $68/month (last 3m),0,Active
502405,0.0241,0,Spend +189% vs prior 3m; Opens 0.3 emails/month; App use -50% vs prior 3m,0,Active
500890,0.024,0,Transactions trending down (-1.2/month); Only 1 transaction(s) last month; Opted in to marketing,0,Active
502102,0.024,0,0.3 transactions/month (last 3m); Spend $12/month (last 3m); Buys 0.0 categories/month,0,Active
501526,0.0238,0,No app use in last 3m; Only 2 transaction(s) last month; Spend +72% vs prior 3m,0,Active
501292,0.0238,0,1.7 transactions/month (last 3m); App use 0.3 sessions/month; Spend $43/month (last 3m),0,Active
500673,0.0237,0,1 support tickets in last 3m; Opted in to marketing; Redeemed 0.0 coupons/month before,0,Active
501023,0.0236,0,Formal complaint in last 3m; Transactions trending down (-0.5/month); Only 2 transaction(s) last month,0,Active
500076,0.0234,0,App use 0.3 sessions/month; Opens 0.3 emails/month; Spend +155% vs prior 3m,0,Active
502553,0.0232,0,2.0 transactions/month (last 3m); Opens 0.3 emails/month; Spend $52/month (last 3m),0,Active
500262,0.0232,0,App use 0.3 sessions/month; 1 support tickets in last 3m; Opted in to marketing,1,Active
502552,0.0231,0,App use 0.3 sessions/month; 1 support tickets in last 3m; Opted in to marketing,0,Active
501127,0.023,0,Opens 0.3 emails/month; Formal complaint in last 3m; No coupons redeemed in last 3m,1,Active
501766,0.023,0,No marketing emails opened in last 3m; App use 0.3 sessions/month; Preferred category: Bakery,0,Active
500002,0.0229,0,Transactions trending down (-0.8/month); Opens 0.3 emails/month; Only 2 transaction(s) last month,0,Active
502414,0.0228,0,2 support tickets in last 3m; No marketing emails opened in last 3m; No coupons redeemed in last 3m,0,Active
500149,0.0224,0,No marketing emails opened in last 3m; 2.7 transactions/month (last 3m); App use 1.0 sessions/month,0,Active
502352,0.0223,0,Spend $33/month (last 3m); 2.0 transactions/month (last 3m); Opted in to marketing,0,Active
501648,0.0223,0,Only 1 transaction(s) last month; App use -56% vs prior 3m; Transactions trending down (-0.4/month),0,Active
500880,0.0222,0,1.7 transactions/month (last 3m); Opens 0.3 emails/month; Transactions trending down (-0.6/month),0,Active
501428,0.0219,0,Transactions trending down (-0.9/month); Opens 0.3 emails/month; App use -67% vs prior 3m,0,Active
501952,0.0219,0,No marketing emails opened in last 3m; 3 support tickets in 6m; Buys 0.7 categories/month,0,Active
500426,0.0214,0,Preferred category: Bakery; App use -50% vs prior 3m; Opted in to marketing,0,Active
501308,0.021,0,0.5 transactions/month (last 3m); Spend +300% vs prior 3m; No app use in last 3m,0,Active
500710,0.0209,0,Transactions trending down (-1.3/month); 1 support tickets in last 3m; Opted in to marketing,0,Active
500800,0.0209,0,No marketing emails opened in last 3m; Buys 0.0 categories/month; App use 1.0 sessions/month,0,Active
500526,0.0209,0,No marketing emails opened in last 3m; App use 0.7 sessions/month; Buys 1.0 categories/month,0,Active
500829,0.0207,0,App use 0.3 sessions/month; 1 support tickets in last 3m; Preferred category: Bakery,0,Active
502464,0.0205,0,Opens 0.3 emails/month; Only 2 transaction(s) last month; Preferred category: Bakery,0,Active
500539,0.0202,0,Opens 0.3 emails/month; 2.3 transactions/month (last 3m); App use 0.7 sessions/month,0,Active
502313,0.0201,0,No marketing emails opened in last 3m; 1.3 transactions/month (last 3m); Spend $40/month (last 3m),0,Active
500025,0.0199,0,Only 1 transaction(s) last month; App use 0.7 sessions/month; Transactions trending down (-0.5/month),0,Active
501409,0.0197,0,No marketing emails opened in last 3m; App use -67% vs prior 3m; Preferred category: Personal Care,0,Active
500156,0.0196,0,Formal complaint in last 3m; Only 2 transaction(s) last month; Opted in to marketing,0,Active
501011,0.0195,0,1.0 transactions/month (last 3m); Spend $33/month (last 3m); Opted in to marketing,0,Active
500066,0.0195,0,Transactions trending down (-0.7/month); 1 support tickets in last 3m; Opted in to marketing,0,Active
501346,0.0195,0,2.0 transactions/month (last 3m); Spend $58/month (last 3m); Opened 0.0 emails/month before,0,Active
502460,0.0194,0,No transactions last month; Spend +182% vs prior 3m; Age unknown,0,Active
501320,0.0191,0,No transactions last month; 1 support tickets in last 3m; Opted in to marketing,0,Active
502454,0.019,0,2 support tickets in last 3m; Opens 0.3 emails/month; Only 2 transaction(s) last month,0,Active
500540,0.0188,0,App use -83% vs prior 3m; Opens 0.5 emails/month; Only 2 transaction(s) last month,0,Active
502069,0.0183,0,App use 0.5 sessions/month; Transactions trending down (-0.5/month); Preferred category: Bakery,0,Active
500283,0.0182,0,1 support tickets in last 3m; Only 2 transaction(s) last month; Opted in to marketing,0,Active
500271,0.0182,0,1.0 transactions/month (last 3m); Spend $45/month (last 3m); App use 0.7 sessions/month,0,Active
500947,0.0181,0,Transactions trending down (-0.7/month); 1 support tickets in last 3m; Only 2 transaction(s) last month,0,Active
501321,0.018,0,Formal complaint in last 3m; Transactions trending down (-0.5/month); App use -50% vs prior 3m,0,Active
501241,0.0179,0,1 support tickets in last 3m; Preferred category: Bakery; Opted in to marketing,0,Active
500160,0.0179,0,1 support tickets in last 3m; App use -56% vs prior 3m; Opted in to marketing,0,Active
500746,0.0178,0,Formal complaint in last 3m; Preferred category: Bakery; Opted in to marketing,0,Active
500597,0.0177,0,3 support tickets in 6m; Opted in to marketing; Home-store price tier: Value,0,Active
500143,0.0176,0,Formal complaint in last 3m; Only 2 transaction(s) last month; Opted in to marketing,0,Active
502379,0.0175,0,App use -58% vs prior 3m; Opted in to marketing; Opens 0.7 emails/month,0,Active
500930,0.0174,0,No marketing emails opened in last 3m; Preferred category: Bakery; Opted in to marketing,0,Active
501741,0.0173,0,1.7 transactions/month (last 3m); Buys 0.0 categories/month; Transactions trending down (-0.5/month),0,Active
501709,0.0173,0,2 support tickets in last 3m; Only 1 transaction(s) last month; Opens 0.3 emails/month,0,Active
501822,0.0172,0,2.0 transactions/month (last 3m); Spend $46/month (last 3m); 1 support tickets in last 3m,0,Active
500095,0.0172,0,No marketing emails opened in last 3m; 2.0 transactions/month (last 3m); Spend $62/month (last 3m),0,Active
502486,0.017,0,Transactions trending down (-1.0/month); Only 1 transaction(s) last month; App use -59% vs prior 3m,0,Active
502344,0.017,0,No marketing emails opened in last 3m; 2.0 transactions/month (last 3m); Spend $61/month (last 3m),0,Active
501273,0.0167,0,Transactions trending down (-0.9/month); Only 1 transaction(s) last month; Opted in to marketing,0,Active
501975,0.0166,0,Spend +300% vs prior 3m; 1.7 transactions/month (last 3m); 1 support tickets in last 3m,0,Active
502241,0.0166,0,Transactions trending down (-0.9/month); Formal complaint in last 3m; Preferred category: Bakery,0,Active
501883,0.0166,0,1.7 transactions/month (last 3m); Spend $56/month (last 3m); Buys 0.7 categories/month,0,Active
501498,0.0166,0,Spend $61/month (last 3m); Preferred category: Bakery; Opted in to marketing,0,Active
501471,0.0165,0,2 support tickets in last 3m; Opens 0.3 emails/month; Spend +139% vs prior 3m,0,Active
500917,0.0165,0,App use -67% vs prior 3m; Opted in to marketing; Spend $77/month (last 3m),0,Active
501047,0.0164,0,2 support tickets in last 3m; Opted in to marketing; Transactions trending down (-0.4/month),0,Active
502034,0.0162,0,App use 0.3 sessions/month; Only 2 transaction(s) last month; Opted in to marketing,0,Active
501916,0.0162,0,No transactions last month; Transactions trending down (-0.8/month); Opens 0.3 emails/month,0,Active
502023,0.0159,0,1.7 transactions/month (last 3m); Spend $60/month (last 3m); App use -60% vs prior 3m,0,Active
500229,0.0158,0,No app use in last 3m; 2.3 transactions/month (last 3m); Spend $70/month (last 3m),0,Active
500154,0.0157,0,Opens 0.3 emails/month; Only 2 transaction(s) last month; Preferred category: Bakery,0,Active
500571,0.0156,0,1 support tickets in last 3m; Transactions trending down (-0.5/month); Only 2 transaction(s) last month,0,Active
502521,0.0155,0,Transactions trending down (-0.5/month); Only 2 transaction(s) last month; Preferred category: Bakery,0,Active
500741,0.0154,0,Only 1 transaction(s) last month; 3 support tickets in 6m; Opted in to marketing,0,Active
500810,0.0153,0,Transactions trending down (-1.8/month); 1 support tickets in last 3m; Preferred category: Bakery,0,Active
500126,0.0152,0,Transactions trending down (-1.4/month); No transactions last month; App use -56% vs prior 3m,0,Active
500674,0.0152,0,No transactions last month; Transactions trending down (-0.9/month); Opened 0.0 emails/month before,0,Active
501007,0.0151,0,Transactions trending down (-0.5/month); Only 2 transaction(s) last month; Spend $73/month (last 3m),0,Active
500656,0.0151,0,No marketing emails opened in last 3m; Transactions trending down (-0.7/month); 1 support tickets in last 3m,0,Active
502067,0.0151,0,2.0 transactions/month (last 3m); Spend $74/month (last 3m); No coupons redeemed in last 3m,0,Active
502194,0.0151,0,Spend $35/month (last 3m); 2.0 transactions/month (last 3m); Opted in to marketing,0,Active
501743,0.015,0,Transactions trending down (-0.5/month); Spend $59/month (last 3m); 1 support tickets in last 3m,0,Active
501533,0.0149,0,No marketing emails opened in last 3m; 2.0 transactions/month (last 3m); Spend $53/month (last 3m),0,Active
501446,0.0149,0,1.0 transactions/month (last 3m); Spend $31/month (last 3m); Buys 0.0 categories/month,0,Active
501901,0.0148,0,No transactions last month; Opted in to marketing; App use 1.0 sessions/month,0,Active
500923,0.0148,0,App use 0.3 sessions/month; Opens 0.3 emails/month; Transactions trending down (-0.5/month),0,Active
500435,0.0148,0,2 support tickets in last 3m; Opens 0.3 emails/month; App use -33% vs prior 3m,0,Active
502290,0.0147,0,App use 0.7 sessions/month; 2.7 transactions/month (last 3m); Opted in to marketing,0,Active
502278,0.0145,0,Opens 0.3 emails/month; 2.7 transactions/month (last 3m); 2 support tickets in 6m,0,Active
500346,0.0145,0,No marketing emails opened in last 3m; App use 0.7 sessions/month; New member (<4 months of history),0,Active
500851,0.0144,0,Transactions trending down (-0.9/month); Only 1 transaction(s) last month; Opted in to marketing,0,Active
502140,0.0142,0,Spend $64/month (last 3m); Only 2 transaction(s) last month; Opted in to marketing,0,Active
502546,0.0141,0,App use 0.5 sessions/month; Opted in to marketing; New member (<4 months of history),0,Active
500668,0.0141,0,Only 1 transaction(s) last month; Formal complaint in last 3m; Opted in to marketing,0,Active
502439,0.014,0,Transactions trending down (-0.7/month); Opens 0.3 emails/month; Spend $70/month (last 3m),0,Active
501930,0.014,0,Only 1 transaction(s) last month; Preferred category: Bakery; Transactions trending down (-0.4/month),1,Active
501393,0.014,0,No marketing emails opened in last 3m; Only 2 transaction(s) last month; App use 1.0 sessions/month,0,Active
501147,0.0139,0,Buys 0.3 categories/month; 1 support tickets in last 3m; Transactions trending down (-0.4/month),0,Active
502051,0.0139,0,Transactions trending down (-0.9/month); Only 2 transaction(s) last month; Opted in to marketing,0,Active
502083,0.0136,0,Buys 0.0 categories/month; Opted in to marketing; New member (<4 months of history),0,Active
500523,0.0135,0,Transactions trending down (-1.1/month); 1 support tickets in last 3m; Buys 1.0 categories/month,0,Active
500139,0.0135,0,Only 2 transaction(s) last month; App use -50% vs prior 3m; Opened 0.0 emails/month before,0,Active
500148,0.0134,0,No marketing emails opened in last 3m; Only 2 transaction(s) last month; Preferred category: Personal Care,0,Active
501541,0.0132,0,Transactions trending down (-0.5/month); Opted in to marketing; Spend $79/month (last 3m),0,Active
501589,0.0132,0,Opens 0.3 emails/month; Transactions trending down (-0.5/month); No coupons redeemed in last 3m,0,Active
502413,0.0132,0,No marketing emails opened in last 3m; Formal complaint in last 3m; Opted in to marketing,0,Active
502020,0.0131,0,Transactions trending down (-0.5/month); Opted in to marketing; App use 1.0 sessions/month,0,Active
500794,0.0131,0,1 support tickets in last 3m; Opted in to marketing; App use -45% vs prior 3m,0,Active
500383,0.0131,0,1 support tickets in last 3m; Opted in to marketing; App use 1.0 sessions/month,0,Active
502243,0.0131,0,Spend $59/month (last 3m); Opted in to marketing; New member (<4 months of history),0,Active
502036,0.013,0,Opens 0.3 emails/month; No coupons redeemed in last 3m; New member (<4 months of history),0,Active
500433,0.0129,0,Opens 0.3 emails/month; 2.3 transactions/month (last 3m); Spend $85/month (last 3m),0,Active
501769,0.0129,0,Transactions trending down (-1.1/month); Only 1 transaction(s) last month; App use -50% vs prior 3m,0,Active
501909,0.0128,0,Transactions trending down (-0.6/month); Opens 0.7 emails/month; Home-store price tier: Value,0,Active
502216,0.0127,0,Transactions trending down (-0.6/month); Spend $67/month (last 3m); Only 2 transaction(s) last month,0,Active
502518,0.0127,0,Spend $65/month (last 3m); Only 2 transaction(s) last month; Opted in to marketing,0,Active
502393,0.0126,0,Transactions trending down (-1.0/month); Formal complaint in last 3m; Buys 0.5 categories/month,0,Active
501158,0.0126,0,No transactions last month; Transactions trending down (-0.7/month); City: Columbus,0,Active
500504,0.0124,0,2.0 transactions/month (last 3m); Opens 0.5 emails/month; Spend $76/month (last 3m),0,Active
500520,0.0123,0,Transactions trending down (-0.7/month); Opens 0.3 emails/month; Opted in to marketing,0,Active
502590,0.0123,0,2 support tickets in last 3m; Opted in to marketing; Transactions trending down (-0.4/month),0,Active
500048,0.0123,0,Opens 0.3 emails/month; App use -83% vs prior 3m; Only 2 transaction(s) last month,0,Active
501569,0.0123,0,1.7 transactions/month (last 3m); Spend $53/month (last 3m); Preferred category: Bakery,0,Active
501717,0.0122,0,No marketing emails opened in last 3m; Buys 0.3 categories/month; App use -54% vs prior 3m,0,Active
500297,0.0122,0,Spend +300% vs prior 3m; App use 0.3 sessions/month; Opted in to marketing,0,Active
502244,0.0122,0,App use -89% vs prior 3m; Opens 0.3 emails/month; Spend +77% vs prior 3m,0,Active
500772,0.0122,0,No marketing emails opened in last 3m; Only 1 transaction(s) last month; Opted in to marketing,0,Active
502056,0.0122,0,Only 1 transaction(s) last month; App use 0.7 sessions/month; Spend $67/month (last 3m),0,Active
502488,0.0122,0,Spend $50/month (last 3m); 2.3 transactions/month (last 3m); Preferred category: Bakery,0,Active
500922,0.0121,0,No marketing emails opened in last 3m; Transactions trending down (-0.5/month); Only 2 transaction(s) last month,0,Active
500448,0.0121,0,Transactions trending down (-0.5/month); Buys 0.7 categories/month; 2.7 transactions/month (last 3m),0,Active
501207,0.012,0,Opens 0.3 emails/month; Formal complaint in last 3m; Buys 1.0 categories/month,0,Active
501339,0.0118,0,1 support tickets in last 3m; Preferred category: Bakery; App use -50% vs prior 3m,0,Active
501575,0.0118,0,Opens 0.3 emails/month; 2.3 transactions/month (last 3m); App use -56% vs prior 3m,0,Active
500441,0.0116,0,1.5 transactions/month (last 3m); Spend $52/month (last 3m); Transactions trending down (-0.5/month),0,Active
500007,0.0114,0,1 support tickets in last 3m; Opted in to marketing; App use 1.3 sessions/month,0,Active
502024,0.0112,0,Spend +209% vs prior 3m; Only 1 transaction(s) last month; Opted in to marketing,0,Active
502316,0.0111,0,Preferred category: Bakery; Opted in to marketing; Transactions trending down (-0.4/month),0,Active
501418,0.0111,0,Opens 0.3 emails/month; Transactions trending down (-0.5/month); Opted in to marketing,0,Active
500527,0.0107,0,Buys 0.7 categories/month; Opted in to marketing; No coupons redeemed in last 3m,0,Active
502519,0.0107,0,1 support tickets in last 3m; Opens 0.7 emails/month; Preferred category: Personal Care,0,Active
501789,0.0107,0,2 support tickets in last 3m; Opted in to marketing; New member (<4 months of history),0,Active
501647,0.0106,0,No marketing emails opened in last 3m; No coupons redeemed in last 3m; App use -43% vs prior 3m,0,Active
500458,0.0106,0,0.7 transactions/month (last 3m); Spend $30/month (last 3m); Opted in to marketing,0,Active
500726,0.0106,0,App use -67% vs prior 3m; 1 support tickets in last 3m; Opened 0.0 emails/month before,0,Active
500577,0.0106,0,Transactions trending down (-4.0/month); Opted in to marketing; New member (<4 months of history),0,Active
500736,0.0105,0,1.7 transactions/month (last 3m); Spend $63/month (last 3m); Opted in to marketing,0,Active
502470,0.0105,0,Formal complaint in last 3m; Only 2 transaction(s) last month; Opted in to marketing,0,Active
502572,0.0104,0,2 support tickets in last 3m; Only 1 transaction(s) last month; Opted in to marketing,0,Active
501967,0.0104,0,2.5 transactions/month (last 3m); Spend $64/month (last 3m); Opted in to marketing,0,Active
500979,0.0104,0,App use -50% vs prior 3m; Opted in to marketing; No coupons redeemed in last 3m,0,Active
500242,0.0103,0,App use -75% vs prior 3m; 1 support tickets in last 3m; Opted in to marketing,1,Active
501779,0.0102,0,2.0 transactions/month (last 3m); Buys 0.0 categories/month; Spend $66/month (last 3m),0,Active
501331,0.0101,0,Transactions trending down (-0.4/month); 3.0 transactions/month (last 3m); Opens 0.7 emails/month,0,Active
501329,0.0101,0,Opted in to marketing; No coupons redeemed in last 3m; Home-store price tier: Value,0,Active
501096,0.0099,0,Transactions trending down (-0.9/month); Opted in to marketing; Opens 0.7 emails/month,0,Active
500003,0.0099,0,2 support tickets in last 3m; Opens 0.3 emails/month; No coupons redeemed in last 3m,0,Active
502358,0.0098,0,Transactions trending down (-0.6/month); 1 support tickets in last 3m; Opens 0.5 emails/month,0,Active
501858,0.0097,0,No marketing emails opened in last 3m; App use -67% vs prior 3m; Transactions trending down (-0.5/month),0,Active
501559,0.0097,0,Transactions trending down (-1.0/month); New member (<4 months of history); City: Columbus,0,Active
501250,0.0097,0,No marketing emails opened in last 3m; 1 support tickets in last 3m; No coupons redeemed in last 3m,0,Active
500753,0.0096,0,No marketing emails opened in last 3m; Formal complaint in last 3m; Spend +103% vs prior 3m,0,Active
501458,0.0095,0,Buys 0.7 categories/month; Only 2 transaction(s) last month; Opted in to marketing,0,Active
500343,0.0095,0,1 support tickets in last 3m; Opted in to marketing; Spend +64% vs prior 3m,0,Active
502090,0.0094,0,Opted in to marketing; No coupons redeemed in last 3m; New member (<4 months of history),0,Active
501186,0.0094,0,Opted in to marketing; New member (<4 months of history); 3.0 transactions/month (last 3m),0,Active
501710,0.0094,0,Opens 0.5 emails/month; Only 2 transaction(s) last month; Opted in to marketing,0,Active
502201,0.0093,0,Only 1 transaction(s) last month; 1 support tickets in last 3m; Opted in to marketing,0,Active
501917,0.0093,0,Spend +300% vs prior 3m; No app use in last 3m; Opted in to marketing,0,Active
502178,0.0093,0,Only 1 transaction(s) last month; Spend $89/month (last 3m); Buys 1.3 categories/month,0,Active
500589,0.0092,0,Buys 0.5 categories/month; Opens 0.5 emails/month; Only 2 transaction(s) last month,0,Active
501353,0.0091,0,No marketing emails opened in last 3m; App use 0.3 sessions/month; Preferred category: Bakery,0,Active
500821,0.0091,0,Preferred category: Bakery; Opted in to marketing; App use 1.0 sessions/month,0,Active
501942,0.0091,0,1 support tickets in last 3m; Opted in to marketing; No coupons redeemed in last 3m,0,Active
502048,0.0089,0,Transactions trending down (-0.6/month); Opted in to marketing; City: Columbus,0,Active
502157,0.0089,0,App use 0.7 sessions/month; Buys 1.0 categories/month; Spend $81/month (last 3m),0,Active
501194,0.0089,0,Opens 0.3 emails/month; 1 support tickets in last 3m; App use -33% vs prior 3m,0,Active
502444,0.0089,0,2 support tickets in last 3m; Transactions trending down (-0.9/month); Opted in to marketing,0,Active
501704,0.0089,0,Transactions trending down (-0.9/month); Formal complaint in last 3m; Opted in to marketing,0,Active
502357,0.0089,0,Only 2 transaction(s) last month; Opted in to marketing; Spend $79/month (last 3m),0,Active
502406,0.0088,0,Transactions trending down (-0.5/month); Opted in to marketing; 3.0 transactions/month (last 3m),0,Active
500279,0.0088,0,App use 0.3 sessions/month; Opted in to marketing; Home-store price tier: Value,0,Active
501928,0.0088,0,Formal complaint in last 3m; Preferred category: Bakery; Spend +94% vs prior 3m,0,Active
500858,0.0086,0,2 support tickets in last 3m; Opens 0.3 emails/month; App use -78% vs prior 3m,0,Active
501174,0.0085,0,App use 0.7 sessions/month; 2.7 transactions/month (last 3m); Opted in to marketing,0,Active
501801,0.0085,0,Formal complaint in last 3m; Opted in to marketing; New member (<4 months of history),0,Active
501716,0.0084,0,Only 2 transaction(s) last month; Preferred category: Bakery; Opted in to marketing,0,Active
500837,0.0083,0,App use 0.7 sessions/month; 1 support tickets in last 3m; Preferred category: Bakery,0,Active
502237,0.0083,0,1.5 transactions/month (last 3m); Buys 0.0 categories/month; Spend $54/month (last 3m),0,Active
502342,0.0083,0,Transactions trending down (-1.1/month); Opens 0.5 emails/month; Only 2 transaction(s) last month,0,Active
501076,0.0082,0,Opens 0.3 emails/month; 2.3 transactions/month (last 3m); Transactions trending down (-0.5/month),0,Active
501611,0.0082,0,Transactions trending down (-0.9/month); Opens 0.3 emails/month; Formal complaint in last 3m,0,Active
500443,0.008,0,Opens 0.3 emails/month; Spend $62/month (last 3m); 2.7 transactions/month (last 3m),0,Active
501109,0.008,0,Spend +165% vs prior 3m; Opens 0.3 emails/month; Formal complaint in last 3m,0,Active
502496,0.008,0,Spend +300% vs prior 3m; App use 0.3 sessions/month; Opens 0.3 emails/month,0,Active
500105,0.0079,0,3.0 transactions/month (last 3m); Opens 0.7 emails/month; Buys 1.3 categories/month,0,Active
501571,0.0078,0,2.0 transactions/month (last 3m); Opens 0.3 emails/month; Preferred category: Bakery,0,Active
501750,0.0078,0,Transactions trending down (-1.2/month); Opted in to marketing; No coupons redeemed in last 3m,0,Active
502173,0.0078,0,Only 2 transaction(s) last month; Opted in to marketing; App use 1.0 sessions/month,0,Active
500111,0.0077,0,No marketing emails opened in last 3m; Transactions trending down (-0.5/month); Age unknown,0,Active
502559,0.0077,0,2.7 transactions/month (last 3m); New member (<4 months of history); App use trending down,0,Active
500942,0.0077,0,Transactions trending down (-0.7/month); 1 support tickets in last 3m; Opted in to marketing,0,Active
502596,0.0077,0,No marketing emails opened in last 3m; Transactions trending down (-0.7/month); Only 2 transaction(s) last month,0,Active
500743,0.0077,0,Opens 0.3 emails/month; 1 support tickets in last 3m; App use -33% vs prior 3m,0,Active
500352,0.0077,0,Opted in to marketing; Buys 1.0 categories/month; Opened 0.0 emails/month before,0,Active
500648,0.0076,0,Spend $64/month (last 3m); App use -56% vs prior 3m; 2.7 transactions/month (last 3m),0,Active
501723,0.0076,0,Formal complaint in last 3m; Opted in to marketing; App use was 1.0 sessions/month,0,Active
501546,0.0075,0,2.7 transactions/month (last 3m); Opted in to marketing; Home-store price tier: Value,0,Active
500912,0.0075,0,No marketing emails opened in last 3m; Buys 0.0 categories/month; No coupons redeemed in last 3m,0,Active
501898,0.0075,0,No app use in last 3m; Opted in to marketing; New member (<4 months of history),0,Active
502081,0.0075,0,2 support tickets in last 3m; Opens 0.3 emails/month; Preferred category: Bakery,0,Active
500367,0.0075,0,Opens 0.3 emails/month; Spend $73/month (last 3m); Opted in to marketing,0,Active
501170,0.0075,0,No app use in last 3m; 2.0 transactions/month (last 3m); Spend $43/month (last 3m),0,Active
502427,0.0075,0,2 support tickets in last 3m; Opens 0.3 emails/month; Transactions trending down (-0.6/month),0,Active
502136,0.0075,0,Opens 0.3 emails/month; Opted in to marketing; New member (<4 months of history),0,Active
500311,0.0074,0,App use trending down; Transactions trending down (-0.5/month); Preferred category: Bakery,0,Active
501386,0.0074,0,Transactions trending down (-0.4/month); Opted in to marketing; App use -37% vs prior 3m,0,Active
500475,0.0072,0,Opted in to marketing; 2 support tickets in 6m; Spend $75/month (last 3m),0,Active
501940,0.0071,0,Opens 0.3 emails/month; Spend $62/month (last 3m); No coupons redeemed in last 3m,0,Active
502565,0.0071,0,Spend +185% vs prior 3m; 2.7 transactions/month (last 3m); Opted in to marketing,0,Active
501617,0.0071,0,Opens 0.3 emails/month; Transactions trending down (-0.4/month); App use -50% vs prior 3m,0,Active
501466,0.007,0,No marketing emails opened in last 3m; Transactions trending down (-0.5/month); Opted in to marketing,0,Active
501982,0.007,0,Transactions trending down (-0.7/month); Formal complaint in last 3m; Opted in to marketing,0,Active
501327,0.0069,0,60% of trips use a promotion; Opted in to marketing; App use 1.0 sessions/month,0,Active
500179,0.0069,0,Opens 0.3 emails/month; Preferred category: Bakery; No coupons redeemed in last 3m,0,Active
501534,0.0069,0,No marketing emails opened in last 3m; App use 0.3 sessions/month; Home-store price tier: Value,0,Active
501655,0.0069,0,No marketing emails opened in last 3m; 2.5 transactions/month (last 3m); Spend $77/month (last 3m),0,Active
501043,0.0069,0,Preferred category: Bakery; No coupons redeemed in last 3m; Spend $85/month (last 3m),0,Active
500939,0.0069,0,No marketing emails opened in last 3m; Transactions trending down (-0.6/month); 2 support tickets in 6m,0,Active
502359,0.0069,0,Transactions trending down (-0.7/month); Opens 0.3 emails/month; 1 support tickets in last 3m,0,Active
502263,0.0069,0,Transactions trending down (-1.4/month); Opened 0.0 emails/month before; Home-store price tier: Value,0,Active
502072,0.0068,0,Formal complaint in last 3m; App use -56% vs prior 3m; Opted in to marketing,0,Active
501718,0.0067,0,Opted in to marketing; App use -29% vs prior 3m; Buys 1.7 categories/month,0,Active
501017,0.0067,0,No app use in last 3m; 60% of trips use a promotion; Opted in to marketing,0,Active
501529,0.0067,0,2.0 transactions/month (last 3m); Spend $63/month (last 3m); Opted in to marketing,0,Active
502302,0.0067,0,Opted in to marketing; App use 1.0 sessions/month; New member (<4 months of history),0,Active
501782,0.0066,0,2.0 transactions/month (last 3m); Transactions trending down (-0.4/month); Opted in to marketing,0,Active
501867,0.0066,0,1 support tickets in last 3m; Opted in to marketing; App use -33% vs prior 3m,0,Active
500473,0.0066,0,Formal complaint in last 3m; Spend $67/month (last 3m); Opened 0.0 emails/month before,0,Active
501912,0.0066,0,App use -62% vs prior 3m; Opted in to marketing; Home-store price tier: Value,0,Active
501078,0.0066,0,Only 1 transaction(s) last month; Transactions trending down (-0.5/month); Opted in to marketing,0,Active
500740,0.0065,0,Opted in to marketing; No coupons redeemed in last 3m; Buys 1.0 categories/month,0,Active
500757,0.0065,0,Opens 0.3 emails/month; 1 support tickets in last 3m; Transactions trending down (-0.5/month),0,Active
501178,0.0065,0,Transactions trending down (-1.1/month); Opens 0.3 emails/month; Preferred category: Personal Care,0,Active
502592,0.0065,0,Transactions trending down (-0.5/month); App use -60% vs prior 3m; 2.7 transactions/month (last 3m),0,Active
501160,0.0065,0,Preferred category: Bakery; Opted in to marketing; No coupons redeemed in last 3m,0,Active
501728,0.0064,0,App use 0.3 sessions/month; Opens 0.3 emails/month; Transactions trending down (-0.3/month),0,Active
501417,0.0064,0,2 support tickets in last 3m; Only 2 transaction(s) last month; Opted in to marketing,0,Active
500830,0.0064,0,1 support tickets in last 3m; Spend $70/month (last 3m); Opted in to marketing,0,Active
500932,0.0063,0,App use 0.3 sessions/month; Opted in to marketing; No coupons redeemed in last 3m,0,Active
500250,0.0063,0,Buys 0.5 categories/month; Opted in to marketing; No coupons redeemed in last 3m,0,Active
502130,0.0063,0,No marketing emails opened in last 3m; Buys 1.0 categories/month; App use -30% vs prior 3m,0,Active
500533,0.0062,0,Transactions trending down (-2.7/month); Only 2 transaction(s) last month; Opted in to marketing,0,Active
500797,0.0062,0,No marketing emails opened in last 3m; Preferred category: Bakery; App use 1.0 sessions/month,0,Active
502057,0.0061,0,Transactions trending down (-1.6/month); Only 1 transaction(s) last month; Opens 0.3 emails/month,0,Active
500510,0.006,0,Transactions trending down (-0.9/month); Opens 0.3 emails/month; No coupons redeemed in last 3m,0,Active
500261,0.006,0,Only 1 transaction(s) last month; Preferred category: Bakery; Opted in to marketing,0,Active
500485,0.006,0,Transactions trending down (-1.4/month); Only 1 transaction(s) last month; Spend $66/month (last 3m),0,Active
502585,0.006,0,Preferred category: Bakery; Opted in to marketing; App use -33% vs prior 3m,0,Active
501328,0.006,0,Opens 0.3 emails/month; App use -37% vs prior 3m; Buys 1.7 categories/month,0,Active
500159,0.0059,0,Opens 0.3 emails/month; Redeemed 0.0 coupons/month before; App use 1.3 sessions/month,0,Active
502555,0.0059,0,1 support tickets in last 3m; Only 2 transaction(s) last month; Opted in to marketing,0,Active
500432,0.0058,0,Only 2 transaction(s) last month; Opted in to marketing; App use 1.0 sessions/month,0,Active
501450,0.0058,0,Transactions trending down (-0.8/month); Formal complaint in last 3m; Home-store price tier: Value,0,Active
502016,0.0058,0,Buys 0.7 categories/month; 2.7 transactions/month (last 3m); Opted in to marketing,0,Active
502004,0.0058,0,2.0 transactions/month (last 3m); 50% of trips use a promotion; Buys 1.0 categories/month,0,Active
500953,0.0058,0,Opens 0.3 emails/month; 1 support tickets in last 3m; Opted in to marketing,0,Active
502504,0.0057,0,Only 2 transaction(s) last month; Opted in to marketing; Age unknown,0,Active
500100,0.0057,0,App use 0.7 sessions/month; Opted in to marketing; Spend $94/month (last 3m),0,Active
501105,0.0057,0,Transactions trending down (-0.8/month); Opens 0.3 emails/month; App use -45% vs prior 3m,0,Active
501561,0.0057,0,3 support tickets in 6m; Opted in to marketing; Home-store price tier: Value,0,Active
500206,0.0057,0,Formal complaint in last 3m; Opens 0.7 emails/month; Home-store price tier: Value,0,Active
500875,0.0057,0,Formal complaint in last 3m; Spend +94% vs prior 3m; No coupons redeemed in last 3m,0,Active
500934,0.0057,0,No marketing emails opened in last 3m; Preferred category: Personal Care; Transactions trending down (-0.3/month),0,Active
502266,0.0056,0,Opted in to marketing; New member (<4 months of history); 3.0 transactions/month (last 3m),0,Active
502419,0.0056,0,No marketing emails opened in last 3m; Transactions trending down (-0.8/month); No coupons redeemed in last 3m,0,Active
501896,0.0056,0,Opens 0.3 emails/month; 1 support tickets in last 3m; Transactions trending down (-0.5/month),0,Active
500679,0.0056,0,1.3 transactions/month (last 3m); App use 0.3 sessions/month; Spend $54/month (last 3m),0,Active
500214,0.0056,0,No app use in last 3m; 2.0 transactions/month (last 3m); Spend $54/month (last 3m),0,Active
500817,0.0055,0,Transactions trending down (-1.5/month); Opens 0.3 emails/month; App use 1.0 sessions/month,0,Active
500427,0.0055,0,No marketing emails opened in last 3m; App use -70% vs prior 3m; Spend +129% vs prior 3m,0,Active
502045,0.0055,0,No marketing emails opened in last 3m; No coupons redeemed in last 3m; Home-store price tier: Value,0,Active
502285,0.0055,0,App use -57% vs prior 3m; Preferred category: Bakery; Spend +62% vs prior 3m,0,Active
502305,0.0055,0,Opens 0.3 emails/month; Spend $96/month (last 3m); Only 3 transaction(s) last month,0,Active
501677,0.0055,0,Opens 0.3 emails/month; 1 support tickets in last 3m; Preferred category: Bakery,0,Active
502390,0.0054,0,App use -56% vs prior 3m; Opted in to marketing; Home-store price tier: Value,0,Active
501082,0.0054,0,Opens 0.3 emails/month; 1 support tickets in last 3m; Spend $70/month (last 3m),0,Active
500744,0.0054,0,1 support tickets in last 3m; Opted in to marketing; Transactions trending down (-0.3/month),0,Active
501851,0.0054,0,Opens 0.7 emails/month; Home-store price tier: Value; App use 1.3 sessions/month,0,Active
500213,0.0054,0,No app use in last 3m; Only 2 transaction(s) last month; New member (<4 months of history),0,Active
501460,0.0053,0,Opted in to marketing; Transactions trending down (-0.4/month); App use was 1.0 sessions/month,0,Active
500464,0.0053,0,Only 2 transaction(s) last month; Buys 1.0 categories/month; Transactions trending down (-0.3/month),0,Active
502294,0.0053,0,Only 1 transaction(s) last month; Transactions trending down (-0.5/month); Opted in to marketing,0,Active
501381,0.0053,0,No marketing emails opened in last 3m; App use -33% vs prior 3m; Home-store price tier: Value,0,Active
501564,0.0052,0,No marketing emails opened in last 3m; Opted in to marketing; New member (<4 months of history),0,Active
500191,0.0052,0,Opens 0.3 emails/month; 1 support tickets in last 3m; Spend +103% vs prior 3m,0,Active
501042,0.0052,0,2 support tickets in last 3m; No marketing emails opened in last 3m; No coupons redeemed in last 3m,0,Active
500516,0.0051,0,Opens 0.3 emails/month; App use -71% vs prior 3m; Opted in to marketing,0,Active
501712,0.0051,0,2.3 transactions/month (last 3m); Buys 0.7 categories/month; Spend $67/month (last 3m),0,Active
500896,0.005,0,No app use in last 3m; 2.0 transactions/month (last 3m); Spend $67/month (last 3m),0,Active
500848,0.005,0,Only 1 transaction(s) last month; Spend +109% vs prior 3m; Opted in to marketing,0,Active
502524,0.0049,0,Opens 0.3 emails/month; Transactions trending down (-0.5/month); App use -60% vs prior 3m,0,Active
500359,0.0049,0,Transactions trending down (-0.5/month); Buys 1.0 categories/month; Opened 0.0 emails/month before,0,Active
501340,0.0049,0,App use 0.7 sessions/month; Opted in to marketing; No coupons redeemed in last 3m,0,Active
500233,0.0049,0,Transactions trending down (-1.6/month); Opted in to marketing; App use trending down,0,Active
502335,0.0049,0,Opens 0.3 emails/month; 1 support tickets in last 3m; Spend +48% vs prior 3m,0,Active
501963,0.0049,0,No marketing emails opened in last 3m; City: Denver; 3.3 transactions/month (last 3m),0,Active
501826,0.0048,0,Only 2 transaction(s) last month; App use -50% vs prior 3m; Opted in to marketing,0,Active
501053,0.0048,0,Formal complaint in last 3m; Opted in to marketing; App use 1.3 sessions/month,0,Active
501711,0.0048,0,Spend +137% vs prior 3m; 1 support tickets in last 3m; Opted in to marketing,0,Active
502591,0.0048,0,Spend +99% vs prior 3m; Opted in to marketing; Opens 0.7 emails/month,0,Active
501888,0.0048,0,Formal complaint in last 3m; Opted in to marketing; No coupons redeemed in last 3m,0,Active
502214,0.0047,0,Transactions trending down (-1.2/month); Only 1 transaction(s) last month; App use -47% vs prior 3m,0,Active
500263,0.0047,0,1.7 transactions/month (last 3m); Spend $69/month (last 3m); Opted in to marketing,0,Active
501775,0.0047,0,Opens 0.3 emails/month; 2.7 transactions/month (last 3m); Spend $91/month (last 3m),0,Active
500054,0.0047,0,1 support tickets in last 3m; Opted in to marketing; Buys 1.0 categories/month,0,Active
502528,0.0047,0,No app use in last 3m; Opted in to marketing; Buys 1.0 categories/month,0,Active
502287,0.0047,0,1.0 transactions/month (last 3m); Spend $45/month (last 3m); Opted in to marketing,0,Active
502536,0.0047,0,No marketing emails opened in last 3m; Only 1 transaction(s) last month; Home-store price tier: Value,0,Active
500400,0.0046,0,Formal complaint in last 3m; Opted in to marketing; App use was 0.7 sessions/month,0,Active
501957,0.0045,0,Transactions trending down (-1.0/month); 1.7 transactions/month (last 3m); Spend $68/month (last 3m),0,Active
502309,0.0044,0,1 support tickets in last 3m; Opted in to marketing; App use -29% vs prior 3m,0,Active
500824,0.0044,0,Transactions trending down (-1.7/month); Opted in to marketing; Preferred category: Personal Care,0,Active
501379,0.0044,0,3 support tickets in 6m; Opens 0.7 emails/month; Home-store price tier: Value,0,Active
502440,0.0044,0,2.3 transactions/month (last 3m); Transactions trending down (-0.5/month); Opted in to marketing,0,Active
500593,0.0044,0,2 support tickets in last 3m; Opted in to marketing; Redeemed 0.0 coupons/month before,0,Active
501259,0.0044,0,No marketing emails opened in last 3m; No coupons redeemed in last 3m; New member (<4 months of history),0,Active
500993,0.0044,0,Buys 0.5 categories/month; Opens 0.5 emails/month; 3.0 transactions/month (last 3m),0,Active
500413,0.0043,0,1 support tickets in last 3m; Opted in to marketing; Spend +90% vs prior 3m,0,Active
501757,0.0043,0,Spend +116% vs prior 3m; App use 1.0 sessions/month; Opens 0.7 emails/month,0,Active
501820,0.0043,0,App use -60% vs prior 3m; Spend +101% vs prior 3m; Opted in to marketing,0,Active
501507,0.0041,0,Opens 0.3 emails/month; App use -60% vs prior 3m; 1 support tickets in last 3m,0,Active
501364,0.0041,0,1.7 transactions/month (last 3m); Spend $55/month (last 3m); Opted in to marketing,0,Active
500446,0.0041,0,Transactions trending down (-2.6/month); 1 support tickets in last 3m; Opted in to marketing,0,Active
500766,0.004,0,Opted in to marketing; No coupons redeemed in last 3m; New member (<4 months of history),0,Active
500258,0.004,0,App use 0.7 sessions/month; Opted in to marketing; Redeemed 0.0 coupons/month before,0,Active
502021,0.004,0,Opens 0.3 emails/month; Transactions trending down (-0.3/month); Preferred category: Personal Care,0,Active
500300,0.004,0,1 support tickets in last 3m; Opted in to marketing; Home-store price tier: Value,0,Active
500381,0.004,0,2 support tickets in last 3m; Opted in to marketing; 38% of trips use a promotion,0,Active
501040,0.0039,0,1 support tickets in last 3m; App use was 0.0 sessions/month; No coupons redeemed in last 3m,0,Active
502160,0.0039,0,Transactions trending down (-1.3/month); Opted in to marketing; Opens 0.7 emails/month,0,Active
500434,0.0039,0,Opens 0.5 emails/month; Opted in to marketing; No coupons redeemed in last 3m,0,Active
501549,0.0039,0,Opens 0.3 emails/month; 2 support tickets in 6m; No coupons redeemed in last 3m,0,Active
500685,0.0038,0,Preferred category: Bakery; Transactions trending down (-0.4/month); Buys 1.3 categories/month,0,Active
501667,0.0038,0,App use -50% vs prior 3m; Opted in to marketing; City: Columbus,0,Active
501257,0.0038,0,No marketing emails opened in last 3m; App use -75% vs prior 3m; Spend +48% vs prior 3m,0,Active
500155,0.0037,0,Transactions trending down (-1.1/month); Opted in to marketing; Buys 1.7 categories/month,0,Active
500497,0.0037,0,Only 2 transaction(s) last month; App use -50% vs prior 3m; Opens 0.7 emails/month,0,Active
500780,0.0037,0,Opens 0.3 emails/month; Preferred category: Bakery; No coupons redeemed in last 3m,0,Active
500619,0.0036,0,No marketing emails opened in last 3m; Spend $73/month (last 3m); No coupons redeemed in last 3m,0,Active
500553,0.0036,0,App use -46% vs prior 3m; Opted in to marketing; Redeemed 0.0 coupons/month before,0,Active
502491,0.0036,0,No app use in last 3m; Opted in to marketing; 2 support tickets in 6m,0,Active
501702,0.0036,0,Transactions trending down (-0.9/month); App use trending down; Opted in to marketing,0,Active
502455,0.0036,0,Opted in to marketing; App use 1.0 sessions/month; New member (<4 months of history),0,Active
500495,0.0036,0,Formal complaint in last 3m; Opens 0.5 emails/month; Opted in to marketing,0,Active
501797,0.0036,0,Opens 0.3 emails/month; App use -57% vs prior 3m; No coupons redeemed in last 3m,0,Active
500914,0.0035,0,Only 2 transaction(s) last month; Buys 1.0 categories/month; Opened 0.0 emails/month before,0,Active
501742,0.0035,0,Transactions trending down (-0.5/month); Opted in to marketing; App use 1.0 sessions/month,0,Active
500735,0.0035,0,Transactions trending down (-1.7/month); No transactions last month; Opted in to marketing,0,Active
501955,0.0035,0,Transactions trending down (-0.5/month); Opted in to marketing; Home-store price tier: Value,0,Active
501731,0.0034,0,Opted in to marketing; No coupons redeemed in last 3m; Spend $89/month (last 3m),0,Active
501247,0.0034,0,Opens 0.3 emails/month; 3.0 transactions/month (last 3m); Spend $95/month (last 3m),0,Active
501499,0.0034,0,Only 1 transaction(s) last month; Spend $70/month (last 3m); Opted in to marketing,1,Active
501155,0.0034,0,No marketing emails opened in last 3m; No coupons redeemed in last 3m; New member (<4 months of history),0,Active
500530,0.0034,0,Opens 0.3 emails/month; Formal complaint in last 3m; App use was 0.7 sessions/month,0,Active
500123,0.0034,0,Transactions trending down (-2.5/month); App use trending down; No marketing emails opened in last 3m,0,Active
501119,0.0034,0,Transactions trending down (-1.0/month); App use -50% vs prior 3m; Opted in to marketing,0,Active
500205,0.0034,0,Transactions trending down (-0.9/month); App use -50% vs prior 3m; Opted in to marketing,0,Active
500505,0.0033,0,1.0 transactions/month (last 3m); Spend $16/month (last 3m); Opted in to marketing,0,Active
502461,0.0033,0,1 support tickets in last 3m; Opted in to marketing; Opens 0.7 emails/month,0,Active
501738,0.0033,0,No marketing emails opened in last 3m; New member (<4 months of history); Buys 1.0 categories/month,0,Active
500245,0.0033,0,2 support tickets in last 3m; Opened 0.0 emails/month before; City: Columbus,0,Active
501788,0.0033,0,App use 1.0 sessions/month; Opened 0.5 emails/month before; Only 3 transaction(s) last month,1,Active
502495,0.0033,0,Only 2 transaction(s) last month; Opted in to marketing; Transactions trending down (-0.3/month),0,Active
501516,0.0033,0,No marketing emails opened in last 3m; Spend +163% vs prior 3m; Formal complaint in last 3m,0,Active
500823,0.0033,0,App use -57% vs prior 3m; Preferred category: Bakery; Opted in to marketing,0,Active
501958,0.0033,0,Opens 0.3 emails/month; App use -70% vs prior 3m; 1 support tickets in last 3m,0,Active
501255,0.0033,0,Transactions trending down (-0.8/month); Preferred category: Bakery; Opted in to marketing,0,Active
502466,0.0033,0,3 support tickets in 6m; Opens 0.3 emails/month; Preferred category: Bakery,0,Active
502339,0.0032,0,No transactions last month; Opens 0.3 emails/month; Opted in to marketing,0,Active
500943,0.0032,0,Spend +251% vs prior 3m; 1 support tickets in last 3m; App use 1.0 sessions/month,0,Active
502234,0.0032,0,1 support tickets in last 3m; Opted in to marketing; Transactions trending down (-0.3/month),0,Active
501514,0.0032,0,Opens 0.3 emails/month; Formal complaint in last 3m; Spend +105% vs prior 3m,0,Active
501761,0.0032,0,Spend +300% vs prior 3m; App use 0.7 sessions/month; 1 support tickets in last 3m,0,Active
500165,0.0032,0,Spend +300% vs prior 3m; No marketing emails opened in last 3m; Formal complaint in last 3m,0,Active
500620,0.0031,0,1 support tickets in last 3m; App use -57% vs prior 3m; Opted in to marketing,0,Active
501519,0.0031,0,Transactions trending down (-0.7/month); Only 2 transaction(s) last month; Opted in to marketing,0,Active
501848,0.0031,0,No marketing emails opened in last 3m; Age unknown; Spend +72% vs prior 3m,0,Active
502321,0.0031,0,2 support tickets in last 3m; Opted in to marketing; Transactions trending down (-0.4/month),0,Active
501503,0.0031,0,Opted in to marketing; Spend +62% vs prior 3m; Opened 0.3 emails/month before,0,Active
501793,0.0031,0,No marketing emails opened in last 3m; Spend +181% vs prior 3m; App use 1.0 sessions/month,0,Active
501675,0.0031,0,Age unknown; Opens 0.7 emails/month; Redeemed 0.0 coupons/month before,0,Active
500703,0.003,0,No marketing emails opened in last 3m; Spend $52/month (last 3m); App use was 0.0 sessions/month,0,Active
500546,0.003,0,Opted in to marketing; 3.0 transactions/month (last 3m); Spend $89/month (last 3m),0,Active
500732,0.003,0,Opens 0.7 emails/month; Home-store price tier: Value; App use -25% vs prior 3m,0,Active
502031,0.003,0,No marketing emails opened in last 3m; Opted in to marketing; Home-store price tier: Value,0,Active
502017,0.003,0,App use 0.7 sessions/month; Opted in to marketing; Preferred category: Personal Care,0,Active
502477,0.003,0,Opted in to marketing; New member (<4 months of history); Home-store price tier: Value,0,Active
500411,0.003,0,Spend +182% vs prior 3m; App use -62% vs prior 3m; Opted in to marketing,0,Active
500183,0.0029,0,No app use in last 3m; 2.0 transactions/month (last 3m); Spend +150% vs prior 3m,0,Active
502449,0.0029,0,Transactions trending down (-0.5/month); App use -58% vs prior 3m; Opted in to marketing,0,Active
500535,0.0029,0,1 support tickets in last 3m; Opted in to marketing; Spend +83% vs prior 3m,0,Active
501274,0.0028,0,Opted in to marketing; App use 1.0 sessions/month; No coupons redeemed in last 3m,0,Active
501333,0.0028,0,App use 0.7 sessions/month; Preferred category: Bakery; Opted in to marketing,0,Active
501133,0.0028,0,Only 2 transaction(s) last month; Transactions trending down (-0.4/month); Opted in to marketing,0,Active
500018,0.0028,0,Only 1 transaction(s) last month; Opted in to marketing; Preferred category: Personal Care,0,Active
501183,0.0028,0,No marketing emails opened in last 3m; 1 support tickets in last 3m; No coupons redeemed in last 3m,0,Active
500285,0.0028,0,City: Columbus; Opens 0.7 emails/month; App use 1.3 sessions/month,0,Active
500305,0.0028,0,1 support tickets in last 3m; Transactions trending down (-0.5/month); Opted in to marketing,0,Active
500775,0.0028,0,No marketing emails opened in last 3m; Transactions trending down (-0.5/month); 2 support tickets in 6m,0,Active
500892,0.0027,0,Transactions trending down (-1.2/month); Only 1 transaction(s) last month; Opted in to marketing,0,Active
501157,0.0027,0,App use 1.0 sessions/month; No coupons redeemed in last 3m; New member (<4 months of history),0,Active
500835,0.0027,0,Transactions trending down (-0.8/month); Only 2 transaction(s) last month; Opted in to marketing,0,Active
501523,0.0027,0,No marketing emails opened in last 3m; Transactions trending down (-0.8/month); Opted in to marketing,0,Active
501342,0.0026,0,App use 0.7 sessions/month; Opened 0.3 emails/month before; Only 3 transaction(s) last month,0,Active
500216,0.0026,0,Opted in to marketing; No coupons redeemed in last 3m; App use -30% vs prior 3m,0,Active
501856,0.0026,0,Preferred category: Bakery; Opted in to marketing; Redeemed 0.0 coupons/month before,0,Active
502127,0.0026,0,Transactions trending down (-0.7/month); Opted in to marketing; Opened 0.0 emails/month before,0,Active
500252,0.0026,0,No marketing emails opened in last 3m; App use 0.7 sessions/month; Home-store price tier: Value,0,Active
500364,0.0025,0,Transactions trending down (-0.7/month); 1 support tickets in last 3m; Opted in to marketing,0,Active
501889,0.0025,0,Only 1 transaction(s) last month; Transactions trending down (-0.5/month); Opted in to marketing,0,Active
501474,0.0025,0,Opted in to marketing; Home-store price tier: Value; Redeemed 0.0 coupons/month before,0,Active
500288,0.0025,0,No app use in last 3m; Opted in to marketing; No coupons redeemed in last 3m,0,Active
502374,0.0025,0,Opens 0.3 emails/month; Preferred category: Bakery; Spend +99% vs prior 3m,0,Active
501843,0.0025,0,Opens 0.3 emails/month; 1 support tickets in last 3m; App use was 0.5 sessions/month,0,Active
501111,0.0025,0,Transactions trending down (-0.9/month); Formal complaint in last 3m; Opted in to marketing,0,Active
502143,0.0025,0,Opted in to marketing; City: Columbus; 45% of trips use a promotion,0,Active
500378,0.0025,0,Only 1 transaction(s) last month; Buys 0.7 categories/month; Opted in to marketing,0,Active
500570,0.0025,0,Transactions trending down (-1.5/month); 2 support tickets in last 3m; No marketing emails opened in last 3m,0,Active
501236,0.0025,0,Opens 0.3 emails/month; 1 support tickets in last 3m; App use -9% vs prior 3m,0,Active
502564,0.0025,0,Transactions trending down (-1.3/month); Opted in to marketing; Redeems 0.3 coupons/month,0,Active
500838,0.0025,0,No marketing emails opened in last 3m; Spend +129% vs prior 3m; App use -60% vs prior 3m,0,Active
500171,0.0024,0,Transactions trending down (-1.1/month); Opens 0.3 emails/month; Preferred category: Bakery,0,Active
500870,0.0024,0,3 support tickets in 6m; Opens 0.3 emails/month; Home-store price tier: Value,0,Active
502158,0.0024,0,2.5 transactions/month (last 3m); Opens 0.5 emails/month; Opted in to marketing,0,Active
502189,0.0024,0,App use 0.3 sessions/month; Opted in to marketing; Buys 1.0 categories/month,0,Active
502042,0.0024,0,Opted in to marketing; App use was 0.3 sessions/month; City: Columbus,0,Active
502206,0.0024,0,1.0 transactions/month (last 3m); Spend $27/month (last 3m); Buys 0.0 categories/month,0,Active
501760,0.0024,0,2.7 transactions/month (last 3m); App use -50% vs prior 3m; Opted in to marketing,0,Active
501800,0.0024,0,Transactions trending down (-0.5/month); Preferred category: Bakery; Spend $76/month (last 3m),0,Active
500115,0.0024,0,Opted in to marketing; Spend $84/month (last 3m); Redeemed 0.0 coupons/month before,0,Active
500556,0.0024,0,No marketing emails opened in last 3m; Spend +99% vs prior 3m; 2 support tickets in 6m,0,Active
500405,0.0024,0,1 support tickets in last 3m; Only 2 transaction(s) last month; Opted in to marketing,0,Active
501964,0.0023,0,App use -67% vs prior 3m; Opted in to marketing; No coupons redeemed in last 3m,0,Active
501799,0.0023,0,No marketing emails opened in last 3m; Home-store price tier: Value; Only 3 transaction(s) last month,0,Active
500747,0.0023,0,Opens 0.7 emails/month; City: Denver; Transactions trending down (-0.2/month),0,Active
500489,0.0023,0,No marketing emails opened in last 3m; City: Columbus; App use -33% vs prior 3m,0,Active
501187,0.0023,0,Formal complaint in last 3m; App use -37% vs prior 3m; Home-store price tier: Value,0,Active
501874,0.0023,0,Buys 0.5 categories/month; 2.5 transactions/month (last 3m); Spend $69/month (last 3m),0,Active
500113,0.0023,0,Preferred category: Bakery; Opted in to marketing; New member (<4 months of history),0,Active
500009,0.0023,0,Opens 0.3 emails/month; Spend $70/month (last 3m); App use was 1.3 sessions/month,0,Active
500963,0.0023,0,Transactions trending down (-0.7/month); Opted in to marketing; No coupons redeemed in last 3m,0,Active
500324,0.0023,0,Spend +135% vs prior 3m; Opted in to marketing; 3.0 transactions/month (last 3m),1,Active
500091,0.0023,0,Transactions trending down (-0.7/month); Home-store price tier: Value; Spend $101/month (last 3m),0,Active
500688,0.0023,0,1 support tickets in last 3m; Opted in to marketing; App use 1.0 sessions/month,0,Active
500595,0.0023,0,Opted in to marketing; App use -33% vs prior 3m; Opens 0.7 emails/month,0,Active
500389,0.0022,0,Transactions trending down (-1.7/month); App use -53% vs prior 3m; Opted in to marketing,0,Active
500210,0.0022,0,Transactions trending down (-0.5/month); Opted in to marketing; Buys 1.0 categories/month,0,Active
500060,0.0021,0,Transactions trending down (-1.2/month); Opens 0.7 emails/month; Home-store price tier: Value,0,Active
500847,0.0021,0,No marketing emails opened in last 3m; No app use in last 3m; New member (<4 months of history),0,Active
501027,0.0021,0,1 support tickets in last 3m; Opens 0.7 emails/month; Preferred category: Personal Care,0,Active
501628,0.0021,0,Transactions trending down (-0.5/month); Opted in to marketing; Opens 0.7 emails/month,0,Active
500629,0.002,0,City: Columbus; 3.0 transactions/month (last 3m); Redeemed 0.0 coupons/month before,0,Active
500097,0.002,0,Transactions trending down (-0.7/month); Opted in to marketing; Redeemed 0.0 coupons/month before,0,Active
501373,0.002,0,Opens 0.3 emails/month; Buys 0.7 categories/month; Preferred category: Bakery,0,Active
501002,0.002,0,1 support tickets in last 3m; Opened 0.0 emails/month before; Redeemed 0.0 coupons/month before,0,Active
500293,0.002,0,Spend +300% vs prior 3m; Preferred category: Bakery; Opted in to marketing,0,Active
502137,0.002,0,3 support tickets in last 3m; No marketing emails opened in last 3m; Transactions trending down (-0.6/month),0,Active
500238,0.002,0,Preferred category: Bakery; Opted in to marketing; Home-store price tier: Value,0,Active
500178,0.002,0,Formal complaint in last 3m; Opted in to marketing; Redeemed 0.0 coupons/month before,0,Active
500491,0.002,0,Opens 0.3 emails/month; No coupons redeemed in last 3m; Home-store price tier: Value,0,Active
500809,0.0019,0,Opens 0.3 emails/month; Preferred category: Bakery; Buys 1.0 categories/month,0,Active
500662,0.0019,0,No marketing emails opened in last 3m; Spend +135% vs prior 3m; 1 support tickets in last 3m,0,Active
501832,0.0019,0,Only 2 transaction(s) last month; Opted in to marketing; No coupons redeemed in last 3m,0,Active
500638,0.0019,0,Transactions trending down (-0.5/month); Opted in to marketing; App use -33% vs prior 3m,0,Active
501199,0.0019,0,Opted in to marketing; 2 support tickets in 6m; Home-store price tier: Value,0,Active
502580,0.0019,0,Spend $50/month (last 3m); 1 support tickets in last 3m; Opened 0.0 emails/month before,0,Active
501094,0.0018,0,2 support tickets in last 3m; Preferred category: Bakery; Opted in to marketing,0,Active
501063,0.0018,0,No marketing emails opened in last 3m; Spend +42% vs prior 3m; Only 3 transaction(s) last month,0,Active
500737,0.0018,0,No app use in last 3m; 1 support tickets in last 3m; Opted in to marketing,0,Active
502544,0.0018,0,Transactions trending down (-1.6/month); Opted in to marketing; No coupons redeemed in last 3m,0,Active
500317,0.0017,0,1 support tickets in last 3m; No coupons redeemed in last 3m; Opened 0.0 emails/month before,0,Active
501415,0.0017,0,Transactions trending down (-1.2/month); Opted in to marketing; Age unknown,0,Active
500322,0.0017,0,Opted in to marketing; No coupons redeemed in last 3m; 3.0 transactions/month (last 3m),0,Active
501598,0.0017,0,Transactions trending down (-0.5/month); Opted in to marketing; City: Columbus,0,Active
500525,0.0017,0,Formal complaint in last 3m; Opted in to marketing; Redeemed 0.0 coupons/month before,0,Active
500345,0.0017,0,Spend +300% vs prior 3m; Opened 0.0 emails/month before; Redeemed 0.0 coupons/month before,0,Active
500081,0.0017,0,Formal complaint in last 3m; Opted in to marketing; App use -29% vs prior 3m,0,Active
500959,0.0017,0,1 support tickets in last 3m; App use -47% vs prior 3m; Opted in to marketing,0,Active
502372,0.0016,0,Transactions trending down (-0.9/month); 1 support tickets in last 3m; Opted in to marketing,0,Active
500463,0.0016,0,Transactions trending down (-0.8/month); Opted in to marketing; App use -29% vs prior 3m,0,Active
501025,0.0016,0,1 support tickets in last 3m; Opted in to marketing; Preferred category: Personal Care,0,Active
502322,0.0016,0,Opens 0.5 emails/month; New member (<4 months of history); 0 formal complaints in 6m,0,Active
500168,0.0016,0,Transactions trending down (-0.6/month); Opted in to marketing; Opens 0.7 emails/month,0,Active
501319,0.0016,0,1 support tickets in last 3m; Opted in to marketing; Spend +79% vs prior 3m,0,Active
502296,0.0016,0,Opted in to marketing; No coupons redeemed in last 3m; Buys 1.0 categories/month,0,Active
500976,0.0016,0,Opted in to marketing; No coupons redeemed in last 3m; App use -33% vs prior 3m,0,Active
501787,0.0016,0,Opens 0.3 emails/month; Spend +160% vs prior 3m; Only 3 transaction(s) last month,0,Active
501488,0.0016,0,Opens 0.7 emails/month; Home-store price tier: Value; 38% of trips use a promotion,0,Active
500257,0.0016,0,Opens 0.3 emails/month; 1 support tickets in last 3m; App use -16% vs prior 3m,0,Active
501276,0.0015,0,Spend +300% vs prior 3m; 1 support tickets in last 3m; Preferred category: Bakery,0,Active
501228,0.0015,0,Opted in to marketing; Opens 0.7 emails/month; App use was 1.0 sessions/month,0,Active
501438,0.0015,0,2.0 transactions/month (last 3m); App use 0.7 sessions/month; Spend $70/month (last 3m),0,Active
501699,0.0015,0,App use 0.7 sessions/month; Spend +99% vs prior 3m; Opted in to marketing,0,Active
500338,0.0015,0,No marketing emails opened in last 3m; Only 2 transaction(s) last month; App use was 1.0 sessions/month,0,Active
500439,0.0015,0,Transactions trending down (-0.4/month); Opted in to marketing; 3.0 transactions/month (last 3m),0,Active
502484,0.0015,0,Opted in to marketing; Opens 0.7 emails/month; Redeemed 0.0 coupons/month before,0,Active
501568,0.0015,0,Formal complaint in last 3m; Opted in to marketing; City: Columbus,0,Active
502238,0.0015,0,Spend +131% vs prior 3m; App use 1.0 sessions/month; No coupons redeemed in last 3m,0,Active
501539,0.0015,0,Opens 0.5 emails/month; Preferred category: Bakery; App use -44% vs prior 3m,0,Active
502505,0.0015,0,Opens 0.3 emails/month; Transactions trending down (-0.6/month); Preferred category: Personal Care,0,Active
501925,0.0014,0,No marketing emails opened in last 3m; 61% of trips use a promotion; Opted in to marketing,0,Active
502497,0.0014,0,No marketing emails opened in last 3m; 1 support tickets in last 3m; Spend +41% vs prior 3m,0,Active
502465,0.0014,0,Formal complaint in last 3m; Opted in to marketing; City: Columbus,0,Active
501620,0.0014,0,Opted in to marketing; New member (<4 months of history); Preferred category: Personal Care,0,Active
501601,0.0014,0,Opted in to marketing; Only 3 transaction(s) last month; App use was 1.3 sessions/month,0,Active
500667,0.0014,0,App use 0.5 sessions/month; Opted in to marketing; Spend +77% vs prior 3m,0,Active
500266,0.0014,0,No marketing emails opened in last 3m; App use -58% vs prior 3m; 1 support tickets in last 3m,0,Active
500697,0.0014,0,Opens 0.3 emails/month; Home-store price tier: Value; App use -25% vs prior 3m,0,Active
501226,0.0014,0,App use -78% vs prior 3m; Opens 0.7 emails/month; Spend +33% vs prior 3m,0,Active
502080,0.0014,0,No marketing emails opened in last 3m; Home-store price tier: Value; App use -17% vs prior 3m,0,Active
501510,0.0014,0,No coupons redeemed in last 3m; New member (<4 months of history); Buys 1.0 categories/month,0,Active
501798,0.0014,0,No marketing emails opened in last 3m; No coupons redeemed in last 3m; Age unknown,0,Active
501419,0.0014,0,Formal complaint in last 3m; App use -58% vs prior 3m; Preferred category: Bakery,0,Active
500177,0.0014,0,Only 2 transaction(s) last month; Opted in to marketing; New member (<4 months of history),0,Active
500992,0.0014,0,Opted in to marketing; Only 3 transaction(s) last month; App use was 1.3 sessions/month,0,Active
501006,0.0013,0,Transactions trending down (-0.8/month); 1 support tickets in last 3m; Buys 0.7 categories/month,0,Active
500811,0.0013,0,Opted in to marketing; Opens 0.7 emails/month; Home-store price tier: Value,0,Active
502442,0.0013,0,No marketing emails opened in last 3m; Transactions trending down (-0.8/month); Age unknown,0,Active
501144,0.0013,0,No marketing emails opened in last 3m; Transactions trending down (-0.8/month); Only 2 transaction(s) last month,0,Active
501154,0.0013,0,Only 2 transaction(s) last month; Transactions trending down (-0.4/month); Spend $82/month (last 3m),0,Active
502019,0.0013,0,Transactions trending down (-0.6/month); Only 2 transaction(s) last month; Opted in to marketing,0,Active
500984,0.0013,0,No marketing emails opened in last 3m; 60% of trips use a promotion; New member (<4 months of history),0,Active
500986,0.0013,0,1 support tickets in last 3m; Opted in to marketing; Spend $82/month (last 3m),0,Active
501054,0.0013,0,Opens 0.3 emails/month; Transactions trending down (-0.4/month); City: Columbus,0,Active
502298,0.0013,0,1 support tickets in last 3m; Opted in to marketing; App use -36% vs prior 3m,0,Active
501225,0.0013,0,No marketing emails opened in last 3m; App use was 0.0 sessions/month; Spend +93% vs prior 3m,0,Active
501234,0.0013,0,No marketing emails opened in last 3m; City: Denver; Redeems 0.3 coupons/month,0,Active
500088,0.0013,0,Transactions trending down (-0.5/month); Only 2 transaction(s) last month; Opted in to marketing,0,Active
500134,0.0013,0,1 support tickets in last 3m; Opted in to marketing; App use -33% vs prior 3m,0,Active
502198,0.0013,0,Spend $74/month (last 3m); Opted in to marketing; App use was 0.3 sessions/month,0,Active
500480,0.0013,0,2 support tickets in last 3m; Opted in to marketing; Buys 1.3 categories/month,0,Active
501224,0.0013,0,1 support tickets in last 3m; Opted in to marketing; App use 1.3 sessions/month,0,Active
500106,0.0013,0,Opens 0.3 emails/month; Home-store price tier: Value; Redeemed 0.0 coupons/month before,0,Active
501424,0.0012,0,Preferred category: Bakery; Opted in to marketing; Spend $78/month (last 3m),0,Active
501271,0.0012,0,Transactions trending down (-1.0/month); No marketing emails opened in last 3m; Only 2 transaction(s) last month,0,Active
501075,0.0012,0,Transactions trending down (-0.7/month); Opted in to marketing; App use -30% vs prior 3m,0,Active
500548,0.0012,0,No marketing emails opened in last 3m; 48% of trips use a promotion; App use -30% vs prior 3m,0,Active
500898,0.0012,0,Formal complaint in last 3m; Opens 0.5 emails/month; Preferred category: Bakery,0,Active
501938,0.0012,0,Opens 0.5 emails/month; Opted in to marketing; No coupons redeemed in last 3m,0,Active
501727,0.0012,0,Opted in to marketing; No coupons redeemed in last 3m; Spend $98/month (last 3m),0,Active
500051,0.0012,0,Opted in to marketing; Transactions trending down (-0.3/month); Preferred category: Personal Care,0,Active
502598,0.0012,0,App use -54% vs prior 3m; Opted in to marketing; Spend +79% vs prior 3m,0,Active
500982,0.0012,0,No marketing emails opened in last 3m; Home-store price tier: Value; 40% of trips use a promotion,0,Active
500646,0.0012,0,Transactions trending down (-1.0/month); No marketing emails opened in last 3m; Preferred category: Bakery,0,Active
502318,0.0012,0,Opted in to marketing; Age unknown; New member (<4 months of history),0,Active
501809,0.0012,0,No marketing emails opened in last 3m; Only 2 transaction(s) last month; Preferred category: Bakery,0,Active
501657,0.0011,0,App use 0.3 sessions/month; Opted in to marketing; Spend +89% vs prior 3m,0,Active
502558,0.0011,0,1 support tickets in last 3m; Opted in to marketing; Home-store price tier: Value,0,Active
501977,0.0011,0,Opens 0.3 emails/month; App use -27% vs prior 3m; City: Denver,0,Active
500493,0.0011,0,Opens 0.3 emails/month; App use 1.0 sessions/month; No coupons redeemed in last 3m,0,Active
500371,0.0011,0,Transactions trending down (-0.8/month); Opted in to marketing; Buys 1.3 categories/month,0,Active
501979,0.0011,0,Transactions trending down (-0.6/month); App use -68% vs prior 3m; Opted in to marketing,0,Active
501632,0.0011,0,Opted in to marketing; Opens 0.7 emails/month; 39% of trips use a promotion,0,Active
502289,0.0011,0,1 support tickets in last 3m; Preferred category: Bakery; Opted in to marketing,0,Active
500041,0.0011,0,1 support tickets in last 3m; Opted in to marketing; Preferred category: Personal Care,0,Active
500471,0.0011,0,No marketing emails opened in last 3m; App use 1.3 sessions/month; City: Denver,0,Active
500957,0.0011,0,Opted in to marketing; Opened 0.0 emails/month before; Redeemed 0.0 coupons/month before,0,Active
500717,0.0011,0,No marketing emails opened in last 3m; App use was 1.0 sessions/month; Transactions trending down (-0.2/month),0,Active
500500,0.0011,0,Spend $58/month (last 3m); Preferred category: Bakery; Opens 0.7 emails/month,0,Active
500479,0.0011,0,Opted in to marketing; App use -43% vs prior 3m; Spend +62% vs prior 3m,0,Active
501751,0.0011,0,Preferred category: Bakery; Transactions trending down (-0.4/month); Opens 0.7 emails/month,0,Active
500267,0.0011,0,Preferred category: Bakery; Opted in to marketing; New member (<4 months of history),0,Active
502332,0.0011,0,Transactions trending down (-1.0/month); Opted in to marketing; Home-store price tier: Value,0,Active
501540,0.0011,0,App use -82% vs prior 3m; Opted in to marketing; 2 support tickets in 6m,0,Active
500618,0.0011,0,App use -78% vs prior 3m; 1 support tickets in last 3m; Opens 0.7 emails/month,0,Active
502135,0.001,0,Opted in to marketing; Transactions trending down (-0.3/month); City: Denver,0,Active
500482,0.001,0,1 support tickets in last 3m; Opted in to marketing; Home-store price tier: Value,0,Active
501593,0.001,0,Preferred category: Bakery; Spend +55% vs prior 3m; Opened 0.7 emails/month before,0,Active
502437,0.001,0,Opted in to marketing; No coupons redeemed in last 3m; City: Columbus,0,Active
501674,0.001,0,Preferred category: Bakery; Opted in to marketing; Spend $81/month (last 3m),0,Active
500599,0.001,0,App use -81% vs prior 3m; Opted in to marketing; No coupons redeemed in last 3m,0,Active
501542,0.001,0,1 support tickets in last 3m; Opted in to marketing; City: Columbus,0,Active
501671,0.001,0,Opted in to marketing; Opens 0.7 emails/month; Preferred category: Personal Care,0,Active
500474,0.001,0,No marketing emails opened in last 3m; New member (<4 months of history); City: Austin,0,Active
501725,0.001,0,Preferred category: Bakery; Opted in to marketing; App use 1.0 sessions/month,0,Active
500429,0.001,0,Opens 0.3 emails/month; No coupons redeemed in last 3m; App use -40% vs prior 3m,0,Active
501077,0.001,0,No marketing emails opened in last 3m; Preferred category: Personal Care; 37% of trips use a promotion,0,Active
500709,0.001,0,1 support tickets in last 3m; Preferred category: Bakery; Opted in to marketing,0,Active
500609,0.001,0,Transactions trending down (-0.8/month); Only 2 transaction(s) last month; Opted in to marketing,0,Active
500605,0.001,0,Opens 0.3 emails/month; 1 support tickets in last 3m; Only 2 transaction(s) last month,0,Active
500440,0.001,0,App use 0.7 sessions/month; Spend +93% vs prior 3m; Opted in to marketing,0,Active
502269,0.001,0,Transactions trending down (-1.1/month); Opted in to marketing; Redeemed 0.0 coupons/month before,0,Active
500457,0.001,0,Formal complaint in last 3m; App use -12% vs prior 3m; Only 3 transaction(s) last month,0,Active
500748,0.001,0,App use -60% vs prior 3m; 1 support tickets in last 3m; Opted in to marketing,0,Active
500919,0.0009,0,Opted in to marketing; App use 1.0 sessions/month; 50% of trips use a promotion,0,Active
500323,0.0009,0,Spend +80% vs prior 3m; Opened 0.7 emails/month before; 0 formal complaints in 6m,0,Active
501439,0.0009,0,Transactions trending down (-0.5/month); Opens 0.7 emails/month; Home-store price tier: Value,0,Active
500745,0.0009,0,Opens 0.3 emails/month; 1 support tickets in last 3m; City: Columbus,0,Active
500318,0.0009,0,Opted in to marketing; 2 support tickets in 6m; Transactions trending down (-0.3/month),0,Active
500900,0.0009,0,1 support tickets in last 3m; Opened 0.0 emails/month before; Home-store price tier: Value,0,Active
500373,0.0009,0,Transactions trending down (-0.9/month); Opens 0.3 emails/month; Preferred category: Personal Care,0,Active
501375,0.0009,0,Opted in to marketing; Buys 1.0 categories/month; Opened 0.5 emails/month before,0,Active
500199,0.0009,0,App use -56% vs prior 3m; Opens 0.7 emails/month; Buys 1.7 categories/month,0,Active
502141,0.0009,0,App use -57% vs prior 3m; Opens 0.7 emails/month; Redeemed 0.0 coupons/month before,0,Active
500655,0.0009,0,2 support tickets in last 3m; Opened 0.0 emails/month before; City: Columbus,0,Active
501130,0.0009,0,Formal complaint in last 3m; Opted in to marketing; No coupons redeemed in last 3m,0,Active
502513,0.0009,0,Opened 0.0 emails/month before; Buys 1.3 categories/month; Redeemed 0.0 coupons/month before,0,Active
501010,0.0009,0,Transactions trending down (-1.1/month); Opted in to marketing; Home-store price tier: Value,0,Active
502367,0.0009,0,Opted in to marketing; City: Columbus; Redeemed 0.0 coupons/month before,0,Active
502129,0.0009,0,2 support tickets in last 3m; Opted in to marketing; Preferred category: Personal Care,0,Active
501301,0.0009,0,3 support tickets in 6m; Opted in to marketing; Buys 1.3 categories/month,0,Active
500554,0.0009,0,1 support tickets in last 3m; Opted in to marketing; Opened 0.5 emails/month before,0,Active
500248,0.0009,0,Formal complaint in last 3m; Preferred category: Bakery; Opted in to marketing,0,Active
502385,0.0009,0,1 support tickets in last 3m; Spend +95% vs prior 3m; Opted in to marketing,0,Active
502577,0.0009,0,2.0 transactions/month (last 3m); Spend $67/month (last 3m); Opted in to marketing,0,Active
500562,0.0009,0,No marketing emails opened in last 3m; Only 2 transaction(s) last month; City: Columbus,0,Active
500397,0.0009,0,App use 0.7 sessions/month; Preferred category: Bakery; Opted in to marketing,0,Active
501122,0.0009,0,Opens 0.3 emails/month; Formal complaint in last 3m; Transactions trending down (-0.2/month),0,Active
502270,0.0009,0,No marketing emails opened in last 3m; No coupons redeemed in last 3m; Spend +59% vs prior 3m,0,Active
501954,0.0009,0,Opens 0.3 emails/month; Opted in to marketing; App use -36% vs prior 3m,0,Active
502531,0.0009,0,Opens 0.3 emails/month; 1 support tickets in last 3m; Spend +96% vs prior 3m,0,Active
500021,0.0009,0,Opens 0.3 emails/month; Transactions trending down (-0.6/month); App use -42% vs prior 3m,0,Active
500828,0.0008,0,3 support tickets in 6m; Spend +117% vs prior 3m; Preferred category: Bakery,0,Active
500328,0.0008,0,Opted in to marketing; Home-store price tier: Value; Spend +48% vs prior 3m,0,Active
501683,0.0008,0,1 support tickets in last 3m; Opted in to marketing; No coupons redeemed in last 3m,0,Active
501136,0.0008,0,Opted in to marketing; 0 formal complaints in 6m; 0 months of missing data,0,Active
501217,0.0008,0,Opted in to marketing; New member (<4 months of history); Opens 0.7 emails/month,0,Active
501608,0.0008,0,Transactions trending down (-1.1/month); Only 1 transaction(s) last month; Opted in to marketing,0,Active
500304,0.0008,0,Opens 0.3 emails/month; 46% of trips use a promotion; 0 formal complaints in 6m,0,Active
502011,0.0008,0,Buys 0.5 categories/month; Opens 0.5 emails/month; New member (<4 months of history),0,Active
500307,0.0008,0,Opted in to marketing; Buys 1.3 categories/month; Spend $101/month (last 3m),0,Active
500696,0.0008,0,Opted in to marketing; City: Columbus; Redeemed 0.0 coupons/month before,0,Active
500840,0.0008,0,No marketing emails opened in last 3m; 1 support tickets in last 3m; Redeemed 0.0 coupons/month before,0,Active
500015,0.0008,0,Opted in to marketing; Transactions trending down (-0.4/month); Redeemed 0.0 coupons/month before,0,Active
500721,0.0008,0,Opted in to marketing; No coupons redeemed in last 3m; Preferred category: Personal Care,0,Active
502411,0.0008,0,Opted in to marketing; New member (<4 months of history); Buys 1.3 categories/month,0,Active
501437,0.0008,0,No marketing emails opened in last 3m; City: Denver; Spend $103/month (last 3m),0,Active
500357,0.0008,0,Formal complaint in last 3m; Spend +135% vs prior 3m; App use -50% vs prior 3m,0,Active
501390,0.0008,0,Opted in to marketing; Spend +88% vs prior 3m; 46% of trips use a promotion,0,Active
500181,0.0008,0,Opens 0.3 emails/month; Transactions trending down (-0.5/month); Only 2 transaction(s) last month,0,Active
501642,0.0008,0,Opted in to marketing; Preferred category: Personal Care; App use -17% vs prior 3m,0,Active
501182,0.0008,0,Transactions trending down (-0.5/month); Opted in to marketing; Spend $84/month (last 3m),0,Active
502334,0.0008,0,2 support tickets in last 3m; Spend +114% vs prior 3m; Opted in to marketing,0,Active
501770,0.0008,0,No marketing emails opened in last 3m; Home-store price tier: Value; Spend +50% vs prior 3m,0,Active
502077,0.0008,0,1 support tickets in last 3m; Preferred category: Bakery; Opted in to marketing,0,Active
501093,0.0008,0,Only 2 transaction(s) last month; Opted in to marketing; Age unknown,0,Active
500610,0.0008,0,No marketing emails opened in last 3m; Opted in to marketing; New member (<4 months of history),0,Active
500617,0.0008,0,Opens 0.3 emails/month; 1 support tickets in last 3m; Redeemed 0.0 coupons/month before,0,Active
500670,0.0007,0,Opted in to marketing; App use -25% vs prior 3m; Transactions trending down (-0.3/month),0,Active
501634,0.0007,0,Opened 0.0 emails/month before; Home-store price tier: Value; App use -22% vs prior 3m,0,Active
501726,0.0007,0,App use -67% vs prior 3m; Home-store price tier: Value; Transactions trending down (-0.2/month),0,Active
502502,0.0007,0,2 support tickets in last 3m; Preferred category: Bakery; Opted in to marketing,0,Active
500684,0.0007,0,No marketing emails opened in last 3m; Spend +71% vs prior 3m; Redeemed 0.0 coupons/month before,0,Active
501137,0.0007,0,Only 1 transaction(s) last month; Formal complaint in last 3m; Opted in to marketing,0,Active
500472,0.0007,0,Transactions trending down (-1.3/month); Opted in to marketing; 3.0 transactions/month (last 3m),0,Active
500169,0.0007,0,New member (<4 months of history); Only 3 transaction(s) last month; 0 formal complaints in 6m,0,Active
502098,0.0007,0,Opted in to marketing; Age unknown; Transactions trending down (-0.3/month),0,Active
502248,0.0007,0,No marketing emails opened in last 3m; Transactions trending down (-0.8/month); App use -33% vs prior 3m,0,Active
500083,0.0007,0,Preferred category: Bakery; Opted in to marketing; Transactions trending down (-0.3/month),0,Active
501815,0.0007,0,Transactions trending down (-0.7/month); App use -50% vs prior 3m; Opted in to marketing,0,Active
500558,0.0007,0,App use -75% vs prior 3m; Opted in to marketing; Opened 0.0 emails/month before,0,Active
500960,0.0007,0,2 support tickets in last 3m; Opted in to marketing; Home-store price tier: Value,0,Active
500391,0.0007,0,Opens 0.5 emails/month; Spend $69/month (last 3m); Home-store price tier: Value,0,Active
500349,0.0007,0,55% of trips use a promotion; Preferred category: Bakery; Opted in to marketing,0,Active
501143,0.0007,0,Transactions trending down (-0.5/month); Preferred category: Bakery; No coupons redeemed in last 3m,0,Active
502445,0.0007,0,Opted in to marketing; Transactions trending down (-0.4/month); Home-store price tier: Value,0,Active
501767,0.0007,0,App use -53% vs prior 3m; Opted in to marketing; Transactions trending down (-0.4/month),0,Active
500850,0.0007,0,No marketing emails opened in last 3m; Redeemed 0.0 coupons/month before; 0 formal complaints in 6m,0,Active
500490,0.0007,0,Opted in to marketing; Spend $90/month (last 3m); Redeemed 0.0 coupons/month before,0,Active
502387,0.0007,0,No app use in last 3m; Opted in to marketing; No coupons redeemed in last 3m,0,Active
501577,0.0007,0,No marketing emails opened in last 3m; Preferred category: Personal Care; 0 formal complaints in 6m,0,Active
501035,0.0007,0,1 support tickets in last 3m; Age unknown; Redeemed 0.0 coupons/month before,0,Active
502249,0.0006,0,Opted in to marketing; New member (<4 months of history); City: Columbus,0,Active
500507,0.0006,0,Spend +224% vs prior 3m; Opted in to marketing; No coupons redeemed in last 3m,0,Active
502065,0.0006,0,Opted in to marketing; Spend +72% vs prior 3m; 43% of trips use a promotion,0,Active
500420,0.0006,0,Transactions trending down (-0.8/month); Preferred category: Bakery; Opted in to marketing,0,Active
500664,0.0006,0,Opted in to marketing; New member (<4 months of history); Home-store price tier: Value,0,Active
500287,0.0006,0,1 support tickets in last 3m; Opted in to marketing; App use was 1.3 sessions/month,0,Active
502500,0.0006,0,1 support tickets in last 3m; Opted in to marketing; Spend +82% vs prior 3m,0,Active
502061,0.0006,0,Opted in to marketing; Buys 1.0 categories/month; Only 3 transaction(s) last month,0,Active
502547,0.0006,0,No marketing emails opened in last 3m; App use 0.3 sessions/month; Spend +98% vs prior 3m,0,Active
500412,0.0006,0,App use -75% vs prior 3m; Opted in to marketing; Preferred category: Personal Care,0,Active
502225,0.0006,0,1 support tickets in last 3m; Opted in to marketing; City: Columbus,0,Active
502349,0.0006,0,Transactions trending down (-0.6/month); 1 support tickets in last 3m; Opens 0.5 emails/month,0,Active
500907,0.0006,0,Opens 0.3 emails/month; Opted in to marketing; No coupons redeemed in last 3m,0,Active
502446,0.0006,0,Preferred category: Bakery; Opted in to marketing; New member (<4 months of history),0,Active
502226,0.0006,0,Opens 0.3 emails/month; Home-store price tier: Value; Redeems 0.3 coupons/month,0,Active
502588,0.0006,0,Opted in to marketing; Transactions trending down (-0.4/month); No coupons redeemed in last 3m,0,Active
502568,0.0006,0,2.0 transactions/month (last 3m); Spend $60/month (last 3m); Opted in to marketing,0,Active
500861,0.0006,0,Preferred category: Bakery; Opted in to marketing; Home-store price tier: Value,0,Active
502431,0.0006,0,2 support tickets in last 3m; Opens 0.3 emails/month; Spend +52% vs prior 3m,0,Active
500112,0.0006,0,No marketing emails opened in last 3m; Spend +93% vs prior 3m; Home-store price tier: Value,0,Active
501736,0.0006,0,2 support tickets in last 3m; App use -47% vs prior 3m; Opted in to marketing,0,Active
501280,0.0006,0,Opted in to marketing; App use 1.0 sessions/month; City: Denver,0,Active
500967,0.0006,0,Opens 0.3 emails/month; App use -62% vs prior 3m; City: Denver,0,Active
501950,0.0006,0,Transactions trending down (-0.5/month); Only 2 transaction(s) last month; Opted in to marketing,0,Active
500131,0.0006,0,Transactions trending down (-0.6/month); Opted in to marketing; Opened 0.0 emails/month before,0,Active
501512,0.0006,0,Formal complaint in last 3m; App use was 0.0 sessions/month; Opted in to marketing,0,Active
501465,0.0006,0,No coupons redeemed in last 3m; Opened 0.3 emails/month before; City: Denver,0,Active
502471,0.0006,0,Spend +190% vs prior 3m; Opted in to marketing; Opens 0.7 emails/month,0,Active
501314,0.0006,0,Opens 0.5 emails/month; Transactions trending down (-0.5/month); Opted in to marketing,0,Active
501456,0.0006,0,Opens 0.3 emails/month; Preferred category: Bakery; Buys 1.0 categories/month,0,Active
500070,0.0006,0,1 support tickets in last 3m; Opted in to marketing; App use trending down,0,Active
501341,0.0006,0,Transactions trending down (-0.7/month); Opted in to marketing; 0 formal complaints in 6m,0,Active
501345,0.0006,0,Transactions trending down (-0.6/month); 1 support tickets in last 3m; App use -52% vs prior 3m,0,Active
501668,0.0006,0,1 support tickets in last 3m; Preferred category: Bakery; Opted in to marketing,0,Active
501365,0.0006,0,Opted in to marketing; No coupons redeemed in last 3m; 3.0 transactions/month (last 3m),0,Active
501818,0.0006,0,Only 2 transaction(s) last month; Home-store price tier: Value; Spend +57% vs prior 3m,0,Active
501927,0.0006,0,No marketing emails opened in last 3m; 1 support tickets in last 3m; App use was 0.5 sessions/month,0,Active
501714,0.0006,0,No marketing emails opened in last 3m; Transactions trending down (-0.7/month); Redeemed 0.0 coupons/month before,0,Active
501074,0.0005,0,2 support tickets in 6m; Home-store price tier: Value; App use -21% vs prior 3m,0,Active
501020,0.0005,0,App use -50% vs prior 3m; Opted in to marketing; Spend +86% vs prior 3m,0,Active
502515,0.0005,0,Formal complaint in last 3m; Opted in to marketing; No coupons redeemed in last 3m,0,Active
501115,0.0005,0,No marketing emails opened in last 3m; No coupons redeemed in last 3m; Age unknown,0,Active
500133,0.0005,0,Opted in to marketing; No coupons redeemed in last 3m; New member (<4 months of history),0,Active
502119,0.0005,0,Opted in to marketing; 0 formal complaints in 6m; Active in 100% of recent months,0,Active
501214,0.0005,0,No marketing emails opened in last 3m; Transactions trending down (-0.3/month); Buys 1.7 categories/month,0,Active
501865,0.0005,0,Buys 0.3 categories/month; Only 2 transaction(s) last month; Preferred category: Bakery,0,Active
502274,0.0005,0,App use trending down; Opens 0.3 emails/month; Preferred category: Bakery,0,Active
500110,0.0005,0,2 support tickets in 6m; Opened 0.0 emails/month before; Home-store price tier: Value,0,Active
500080,0.0005,0,Opted in to marketing; App use -33% vs prior 3m; Home-store price tier: Value,0,Active
500330,0.0005,0,No marketing emails opened in last 3m; Spend +60% vs prior 3m; City: Denver,0,Active
501524,0.0005,0,Opens 0.3 emails/month; App use was 0.0 sessions/month; No coupons redeemed in last 3m,0,Active
502356,0.0005,0,2 support tickets in 6m; Transactions trending down (-0.4/month); City: Columbus,0,Active
500355,0.0005,0,2 support tickets in last 3m; Opted in to marketing; No coupons redeemed in last 3m,0,Active
501785,0.0005,0,Opted in to marketing; Opens 0.7 emails/month; Home-store price tier: Value,0,Active
500096,0.0005,0,Opens 0.5 emails/month; Age unknown; Home-store price tier: Value,0,Active
500691,0.0005,0,Opted in to marketing; No coupons redeemed in last 3m; Transactions trending down (-0.3/month),0,Active
500695,0.0005,0,Opted in to marketing; App use 1.0 sessions/month; New member (<4 months of history),0,Active
500731,0.0005,0,Opted in to marketing; App use 1.0 sessions/month; Transactions trending down (-0.3/month),0,Active
500856,0.0005,0,Opted in to marketing; No coupons redeemed in last 3m; App use -33% vs prior 3m,0,Active
502468,0.0005,0,No marketing emails opened in last 3m; Transactions trending down (-0.5/month); No coupons redeemed in last 3m,0,Active
500277,0.0005,0,Opted in to marketing; Home-store price tier: Value; Spend +60% vs prior 3m,0,Active
500938,0.0005,0,Transactions trending down (-1.1/month); Opens 0.3 emails/month; 2 support tickets in 6m,0,Active
500777,0.0005,0,New member (<4 months of history); Home-store price tier: Value; Bought in 1 of last 3 months,0,Active
502217,0.0005,0,No marketing emails opened in last 3m; Spend +98% vs prior 3m; App use -33% vs prior 3m,0,Active
500552,0.0005,0,Opens 0.3 emails/month; 1 support tickets in last 3m; Preferred category: Bakery,0,Active
500730,0.0004,0,1 support tickets in last 3m; Opens 0.5 emails/month; Opted in to marketing,0,Active
502028,0.0004,0,Opted in to marketing; App use -40% vs prior 3m; 38% of trips use a promotion,0,Active
502487,0.0004,0,2 support tickets in 6m; Opens 0.7 emails/month; Preferred category: Personal Care,0,Active
501254,0.0004,0,Transactions trending down (-0.8/month); Opens 0.5 emails/month; App use was 0.7 sessions/month,0,Active
501992,0.0004,0,App use -60% vs prior 3m; 1 support tickets in last 3m; Opted in to marketing,0,Active
501366,0.0004,0,Opted in to marketing; No coupons redeemed in last 3m; Home-store price tier: Value,0,Active
500223,0.0004,0,Spend +183% vs prior 3m; App use 1.0 sessions/month; Opened 0.3 emails/month before,0,Active
500194,0.0004,0,Spend +143% vs prior 3m; Opted in to marketing; Home-store price tier: Value,0,Active
502219,0.0004,0,Opted in to marketing; Home-store price tier: Value; 41% of trips use a promotion,0,Active
501360,0.0004,0,Transactions trending down (-0.9/month); Formal complaint in last 3m; Opens 0.7 emails/month,0,Active
502527,0.0004,0,Opted in to marketing; 42% of trips use a promotion; Only 3 transaction(s) last month,0,Active
500270,0.0004,0,App use 1.0 sessions/month; No coupons redeemed in last 3m; New member (<4 months of history),0,Active
502223,0.0004,0,2 support tickets in last 3m; Spend +111% vs prior 3m; Opted in to marketing,0,Active
502074,0.0004,0,Formal complaint in last 3m; Opted in to marketing; City: Denver,0,Active
501302,0.0004,0,Transactions trending down (-0.5/month); Opted in to marketing; App use -30% vs prior 3m,0,Active
500423,0.0004,0,Opted in to marketing; App use -43% vs prior 3m; Spend +28% vs prior 3m,0,Active
501651,0.0004,0,Opted in to marketing; App use -33% vs prior 3m; Redeemed 0.0 coupons/month before,0,Active
500742,0.0004,0,3 support tickets in 6m; Opted in to marketing; No coupons redeemed in last 3m,0,Active
502142,0.0004,0,App use was 0.0 sessions/month; Opted in to marketing; Redeemed 0.0 coupons/month before,0,Active
502002,0.0004,0,Home-store price tier: Value; Transactions trending down (-0.3/month); Redeemed 0.0 coupons/month before,0,Active
500729,0.0004,0,Opted in to marketing; Home-store price tier: Value; City: Austin,0,Active
500512,0.0004,0,No marketing emails opened in last 3m; Formal complaint in last 3m; No coupons redeemed in last 3m,0,Active
501803,0.0004,0,Opted in to marketing; Buys 1.7 categories/month; City: Austin,0,Active
501412,0.0004,0,Opted in to marketing; City: Denver; Redeems 0.3 coupons/month,0,Active
501629,0.0004,0,Opted in to marketing; 2 support tickets in 6m; Home-store price tier: Value,0,Active
501597,0.0004,0,Buys 0.7 categories/month; Opted in to marketing; Spend +77% vs prior 3m,0,Active
502351,0.0004,0,Transactions trending down (-0.8/month); Opted in to marketing; Home-store price tier: Value,0,Active
500046,0.0004,0,Preferred category: Bakery; Opted in to marketing; 37% of trips use a promotion,0,Active
500952,0.0004,0,No coupons redeemed in last 3m; Spend +83% vs prior 3m; App use -37% vs prior 3m,0,Active
500587,0.0004,0,Transactions trending down (-0.8/month); Opted in to marketing; City: Columbus,0,Active
502112,0.0004,0,Opens 0.3 emails/month; 1 support tickets in last 3m; Preferred category: Bakery,0,Active
502436,0.0004,0,Formal complaint in last 3m; Opted in to marketing; No coupons redeemed in last 3m,0,Active
502118,0.0004,0,Opted in to marketing; Spend +87% vs prior 3m; Opened 0.3 emails/month before,0,Active
502271,0.0004,0,Transactions trending down (-0.5/month); Buys 0.7 categories/month; Opted in to marketing,0,Active
502319,0.0004,0,No marketing emails opened in last 3m; No coupons redeemed in last 3m; New member (<4 months of history),0,Active
501555,0.0004,0,Preferred category: Bakery; Opted in to marketing; 0 formal complaints in 6m,0,Active
500255,0.0004,0,Transactions trending down (-1.9/month); Opted in to marketing; Only 3 transaction(s) last month,0,Active
501201,0.0004,0,No marketing emails opened in last 3m; App use -50% vs prior 3m; No coupons redeemed in last 3m,0,Active
501650,0.0004,0,Buys 1.0 categories/month; Opened 0.0 emails/month before; App use -33% vs prior 3m,0,Active
500408,0.0004,0,Transactions trending down (-0.8/month); Opted in to marketing; Home-store price tier: Value,0,Active
501440,0.0003,0,Opted in to marketing; Home-store price tier: Value; App use -17% vs prior 3m,0,Active
502286,0.0003,0,Opted in to marketing; 2 support tickets in 6m; App use was 1.0 sessions/month,0,Active
501435,0.0003,0,Formal complaint in last 3m; Transactions trending down (-0.5/month); Only 2 transaction(s) last month,0,Active
501686,0.0003,0,Opens 0.5 emails/month; Opted in to marketing; New member (<4 months of history),0,Active
501720,0.0003,0,Opens 0.5 emails/month; Opted in to marketing; New member (<4 months of history),0,Active
502180,0.0003,0,Spend +152% vs prior 3m; Opted in to marketing; Redeemed 0.0 coupons/month before,0,Active
501452,0.0003,0,Opted in to marketing; No coupons redeemed in last 3m; Preferred category: Personal Care,0,Active
500329,0.0003,0,Opted in to marketing; Opens 0.7 emails/month; Spend +30% vs prior 3m,0,Active
500301,0.0003,0,Opens 0.3 emails/month; Formal complaint in last 3m; App use -75% vs prior 3m,0,Active
500325,0.0003,0,Opted in to marketing; Spend +64% vs prior 3m; Home-store price tier: Value,0,Active
500275,0.0003,0,Opted in to marketing; App use -26% vs prior 3m; Opened 0.5 emails/month before,0,Active
501545,0.0003,0,Opens 0.5 emails/month; Home-store price tier: Value; Spend +50% vs prior 3m,0,Active
502549,0.0003,0,Spend +176% vs prior 3m; App use 0.3 sessions/month; Formal complaint in last 3m,0,Active
502346,0.0003,0,No marketing emails opened in last 3m; App use -37% vs prior 3m; Spend +37% vs prior 3m,0,Active
502557,0.0003,0,Opted in to marketing; No coupons redeemed in last 3m; App use -40% vs prior 3m,0,Active
502227,0.0003,0,Opted in to marketing; App use 1.0 sessions/month; New member (<4 months of history),0,Active
501729,0.0003,0,Transactions trending down (-0.9/month); Opted in to marketing; 2 support tickets in 6m,0,Active
500103,0.0003,0,Opted in to marketing; Redeemed 0.0 coupons/month before; Buys 1.7 categories/month,0,Active
500956,0.0003,0,No marketing emails opened in last 3m; Age unknown; Home-store price tier: Value,0,Active
501402,0.0003,0,Opens 0.3 emails/month; Spend +79% vs prior 3m; App use was 1.3 sessions/month,0,Active
500174,0.0003,0,Opted in to marketing; Redeemed 0.0 coupons/month before; App use was 1.0 sessions/month,0,Active
502514,0.0003,0,Spend +105% vs prior 3m; Opted in to marketing; No coupons redeemed in last 3m,0,Active
501088,0.0003,0,Opted in to marketing; 2 support tickets in 6m; App use -33% vs prior 3m,0,Active
501057,0.0003,0,No marketing emails opened in last 3m; Spend +216% vs prior 3m; App use -75% vs prior 3m,0,Active
501933,0.0003,0,Opted in to marketing; Spend $82/month (last 3m); Redeems 0.3 coupons/month,0,Active
501934,0.0003,0,Opens 0.3 emails/month; 1 support tickets in last 3m; Home-store price tier: Value,0,Active
502594,0.0003,0,Opened 0.3 emails/month before; Spend $94/month (last 3m); App use -17% vs prior 3m,0,Active
502099,0.0003,0,Opted in to marketing; Spend $78/month (last 3m); Redeemed 0.0 coupons/month before,0,Active
500172,0.0003,0,1 support tickets in last 3m; Opted in to marketing; App use -29% vs prior 3m,0,Active
502432,0.0003,0,Preferred category: Bakery; Transactions trending down (-0.3/month); Redeemed 0.0 coupons/month before,0,Active
500915,0.0003,0,No marketing emails opened in last 3m; 1 support tickets in last 3m; Transactions trending down (-0.5/month),0,Active
501151,0.0003,0,Opted in to marketing; App use 1.0 sessions/month; No coupons redeemed in last 3m,0,Active
500040,0.0003,0,Opted in to marketing; Transactions trending down (-0.2/month); Redeems 0.3 coupons/month,0,Active
502499,0.0003,0,Opted in to marketing; Transactions trending down (-0.4/month); No coupons redeemed in last 3m,0,Active
500184,0.0003,0,Transactions trending down (-0.5/month); Opted in to marketing; Home-store price tier: Value,0,Active
500608,0.0003,0,Opens 0.3 emails/month; 1 support tickets in last 3m; 38% of trips use a promotion,0,Active
500636,0.0003,0,Preferred category: Bakery; Opted in to marketing; Redeemed 0.0 coupons/month before,0,Active
502475,0.0003,0,Opted in to marketing; Redeemed 0.0 coupons/month before; App use was 1.0 sessions/month,0,Active
500728,0.0003,0,No marketing emails opened in last 3m; Spend +146% vs prior 3m; City: Denver,0,Active
502038,0.0003,0,Transactions trending down (-0.5/month); Opted in to marketing; City: Columbus,0,Active
502046,0.0003,0,1 support tickets in last 3m; Opted in to marketing; Home-store price tier: Value,0,Active
502354,0.0003,0,No marketing emails opened in last 3m; Transactions trending down (-0.5/month); App use -15% vs prior 3m,0,Active
502121,0.0003,0,Opens 0.5 emails/month; Preferred category: Bakery; Opted in to marketing,0,Active
500058,0.0003,0,Opted in to marketing; No coupons redeemed in last 3m; Home-store price tier: Value,0,Active
501275,0.0003,0,Opted in to marketing; Spend +82% vs prior 3m; Redeemed 0.0 coupons/month before,0,Active
501389,0.0003,0,Spend +142% vs prior 3m; Preferred category: Bakery; App use -45% vs prior 3m,0,Active
500403,0.0003,0,Opens 0.3 emails/month; No coupons redeemed in last 3m; Spend +82% vs prior 3m,0,Active
502240,0.0003,0,Transactions trending down (-0.7/month); Opens 0.3 emails/month; Home-store price tier: Value,0,Active
501315,0.0003,0,Opens 0.5 emails/month; Buys 1.0 categories/month; Preferred category: Personal Care,0,Active
500128,0.0003,0,Opted in to marketing; Home-store price tier: Value; App use was 1.0 sessions/month,0,Active
501188,0.0003,0,No marketing emails opened in last 3m; 1 support tickets in last 3m; Redeems 0.3 coupons/month,0,Active
500212,0.0003,0,No marketing emails opened in last 3m; Preferred category: Bakery; Opted in to marketing,0,Active
501854,0.0003,0,App use -50% vs prior 3m; Opted in to marketing; Home-store price tier: Value,0,Active
500488,0.0003,0,1 support tickets in last 3m; Opted in to marketing; No coupons redeemed in last 3m,0,Active
502381,0.0003,0,No marketing emails opened in last 3m; Formal complaint in last 3m; Spend +89% vs prior 3m,0,Active
502306,0.0002,0,Opted in to marketing; App use -33% vs prior 3m; Transactions trending down (-0.3/month),0,Active
502584,0.0002,0,Opens 0.7 emails/month; Home-store price tier: Value; 38% of trips use a promotion,0,Active
502276,0.0002,0,Transactions trending down (-0.6/month); Opted in to marketing; Home-store price tier: Value,0,Active
502279,0.0002,0,Opted in to marketing; City: Denver; Redeems 0.3 coupons/month,0,Active
502369,0.0002,0,Opted in to marketing; App use -45% vs prior 3m; No coupons redeemed in last 3m,0,Active
502310,0.0002,0,Age unknown; Home-store price tier: Value; Buys 1.3 categories/month,0,Active
502361,0.0002,0,Opens 0.5 emails/month; Opted in to marketing; Redeemed 0.0 coupons/month before,0,Active
502467,0.0002,0,Spend +194% vs prior 3m; Opted in to marketing; Home-store price tier: Value,0,Active
502328,0.0002,0,Opens 0.3 emails/month; App use -70% vs prior 3m; Spend +77% vs prior 3m,0,Active
502355,0.0002,0,Only 2 transaction(s) last month; Opted in to marketing; Preferred category: Personal Care,0,Active
502233,0.0002,0,Spend +121% vs prior 3m; App use was 0.5 sessions/month; Opens 0.7 emails/month,0,Active
502326,0.0002,0,Opted in to marketing; No coupons redeemed in last 3m; 0 formal complaints in 6m,0,Active
502242,0.0002,0,Opens 0.3 emails/month; Transactions trending down (-0.5/month); City: Columbus,0,Active
500001,0.0002,0,Opens 0.3 emails/month; Opted in to marketing; Spend +79% vs prior 3m,0,Active
500382,0.0002,0,Only 2 transaction(s) last month; Opted in to marketing; Transactions trending down (-0.4/month),0,Active
501899,0.0002,0,Opens 0.3 emails/month; City: Columbus; Home-store price tier: Value,0,Active
501283,0.0002,0,No marketing emails opened in last 3m; Home-store price tier: Value; Redeemed 0.0 coupons/month before,0,Active
500462,0.0002,0,No marketing emails opened in last 3m; Preferred category: Bakery; City: Denver,0,Active
500422,0.0002,0,1 support tickets in last 3m; Opted in to marketing; App use -33% vs prior 3m,0,Active
501400,0.0002,0,Opens 0.5 emails/month; App use was 0.0 sessions/month; Redeemed 0.0 coupons/month before,0,Active
501432,0.0002,0,Opted in to marketing; App use -10% vs prior 3m; Opened 0.7 emails/month before,0,Active
500369,0.0002,0,Opted in to marketing; Home-store price tier: Value; Spend +39% vs prior 3m,0,Active
501509,0.0002,0,Opted in to marketing; App use 1.0 sessions/month; Spend +85% vs prior 3m,0,Active
500358,0.0002,0,Opens 0.3 emails/month; Opted in to marketing; New member (<4 months of history),0,Active
500356,0.0002,0,No marketing emails opened in last 3m; Preferred category: Personal Care; App use -21% vs prior 3m,0,Active
501553,0.0002,0,No marketing emails opened in last 3m; Age unknown; New member (<4 months of history),0,Active
500335,0.0002,0,Preferred category: Bakery; Opted in to marketing; App use -33% vs prior 3m,0,Active
501607,0.0002,0,Opted in to marketing; App use -33% vs prior 3m; Redeemed 0.0 coupons/month before,0,Active
501618,0.0002,0,1 support tickets in last 3m; Opens 0.5 emails/month; Opted in to marketing,0,Active
500291,0.0002,0,Opted in to marketing; Buys 1.0 categories/month; App use -30% vs prior 3m,0,Active
501810,0.0002,0,Transactions trending down (-0.5/month); Opted in to marketing; New member (<4 months of history),0,Active
500141,0.0002,0,Transactions trending down (-1.4/month); Preferred category: Bakery; Home-store price tier: Value,0,Active
501863,0.0002,0,Opted in to marketing; Redeems 0.3 coupons/month; 0 formal complaints in 6m,0,Active
501223,0.0002,0,Spend +164% vs prior 3m; Opted in to marketing; Redeemed 0.0 coupons/month before,0,Active
501215,0.0002,0,Formal complaint in last 3m; New member (<4 months of history); App use trending down,0,Active
500506,0.0002,0,Spend +115% vs prior 3m; Opted in to marketing; Home-store price tier: Value,0,Active
500974,0.0002,0,Opens 0.3 emails/month; Transactions trending down (-0.4/month); No coupons redeemed in last 3m,0,Active
500784,0.0002,0,Formal complaint in last 3m; Age unknown; New member (<4 months of history),0,Active
500839,0.0002,0,Formal complaint in last 3m; Opted in to marketing; City: Columbus,0,Active
500846,0.0002,0,App use -62% vs prior 3m; Opted in to marketing; 0 formal complaints in 6m,0,Active
500859,0.0002,0,Spend +96% vs prior 3m; Opted in to marketing; No coupons redeemed in last 3m,0,Active
500901,0.0002,0,Opted in to marketing; App use -11% vs prior 3m; 0 formal complaints in 6m,0,Active
500913,0.0002,0,Opens 0.3 emails/month; Opted in to marketing; City: Austin,0,Active
500927,0.0002,0,Opted in to marketing; Spend +91% vs prior 3m; Opened 0.5 emails/month before,0,Active
501014,0.0002,0,Preferred category: Bakery; Opted in to marketing; Spend $90/month (last 3m),0,Active
500550,0.0002,0,Opens 0.3 emails/month; Formal complaint in last 3m; App use -33% vs prior 3m,0,Active
501018,0.0002,0,Opted in to marketing; App use -33% vs prior 3m; Home-store price tier: Value,0,Active
501041,0.0002,0,1 support tickets in last 3m; Opted in to marketing; No coupons redeemed in last 3m,0,Active
501050,0.0002,0,Opted in to marketing; No coupons redeemed in last 3m; City: Denver,0,Active
500616,0.0002,0,Spend +156% vs prior 3m; App use -64% vs prior 3m; Opted in to marketing,0,Active
500601,0.0002,0,Opted in to marketing; App use 1.0 sessions/month; New member (<4 months of history),0,Active
501135,0.0002,0,No marketing emails opened in last 3m; Spend +55% vs prior 3m; Preferred category: Personal Care,0,Active
500563,0.0002,0,No app use in last 3m; Opted in to marketing; New member (<4 months of history),0,Active
501864,0.0002,0,Opted in to marketing; App use -12% vs prior 3m; Redeems 0.3 coupons/month,0,Active
500765,0.0002,0,No marketing emails opened in last 3m; 1 support tickets in last 3m; New member (<4 months of history),0,Active
501907,0.0002,0,Opted in to marketing; App use 1.0 sessions/month; New member (<4 months of history),0,Active
500064,0.0002,0,No marketing emails opened in last 3m; Preferred category: Bakery; Spend +53% vs prior 3m,0,Active
501943,0.0002,0,Opted in to marketing; Redeemed 0.0 coupons/month before; Preferred category: Personal Care,0,Active
500098,0.0002,0,Opted in to marketing; No coupons redeemed in last 3m; Age unknown,0,Active
502146,0.0002,0,No marketing emails opened in last 3m; Spend +157% vs prior 3m; Preferred category: Bakery,0,Active
502109,0.0002,0,Formal complaint in last 3m; Only 2 transaction(s) last month; Opted in to marketing,0,Active
500004,0.0002,0,App use -49% vs prior 3m; Opted in to marketing; Redeemed 0.0 coupons/month before,0,Active
502096,0.0002,0,Opted in to marketing; Spend +88% vs prior 3m; 0 formal complaints in 6m,0,Active
500071,0.0002,0,Transactions trending down (-0.8/month); App use -50% vs prior 3m; No coupons redeemed in last 3m,0,Active
500136,0.0002,0,City: Columbus; Home-store price tier: Value; Redeemed 0.0 coupons/month before,0,Active
501288,0.0001,0,Opted in to marketing; Redeemed 0.0 coupons/month before; Preferred category: Personal Care,0,Active
500555,0.0001,0,Opted in to marketing; City: Columbus; App use -25% vs prior 3m,0,Active
502203,0.0001,0,Transactions trending down (-0.3/month); Preferred category: Personal Care; Opened 0.3 emails/month before,0,Active
501080,0.0001,0,Opted in to marketing; App use was 0.3 sessions/month; Opens 0.7 emails/month,0,Active
502138,0.0001,0,Opens 0.3 emails/month; Spend +51% vs prior 3m; City: Denver,0,Active
501086,0.0001,0,Opted in to marketing; New member (<4 months of history); City: Columbus,0,Active
500598,0.0001,0,Opens 0.3 emails/month; City: Columbus; Home-store price tier: Value,0,Active
500575,0.0001,0,Transactions trending down (-1.0/month); Opted in to marketing; App use trending down,0,Active
501124,0.0001,0,Spend +110% vs prior 3m; Opted in to marketing; No coupons redeemed in last 3m,0,Active
501344,0.0001,0,Opted in to marketing; 47% of trips use a promotion; Home-store price tier: Value,0,Active
502409,0.0001,0,Formal complaint in last 3m; Opted in to marketing; Spend +67% vs prior 3m,0,Active
501125,0.0001,0,Opens 0.5 emails/month; No coupons redeemed in last 3m; New member (<4 months of history),0,Active
501131,0.0001,0,App use -57% vs prior 3m; Opted in to marketing; 35% of trips use a promotion,0,Active
502123,0.0001,0,Spend +104% vs prior 3m; Opted in to marketing; No coupons redeemed in last 3m,0,Active
500541,0.0001,0,Opens 0.3 emails/month; Home-store price tier: Value; Transactions trending down (-0.3/month),0,Active
501876,0.0001,0,App use -67% vs prior 3m; 1 support tickets in last 3m; Home-store price tier: Value,0,Active
501189,0.0001,0,Opted in to marketing; No coupons redeemed in last 3m; Age unknown,0,Active
501191,0.0001,0,3 support tickets in 6m; Opted in to marketing; Spend +59% vs prior 3m,0,Active
501193,0.0001,0,No coupons redeemed in last 3m; Opens 0.7 emails/month; Home-store price tier: Value,0,Active
501316,0.0001,0,Opted in to marketing; App use -44% vs prior 3m; Opens 0.7 emails/month,0,Active
501205,0.0001,0,Formal complaint in last 3m; Opted in to marketing; App use -29% vs prior 3m,0,Active
501206,0.0001,0,Opted in to marketing; No coupons redeemed in last 3m; Spend +47% vs prior 3m,0,Active
501313,0.0001,0,54% of trips use a promotion; Opens 0.7 emails/month; App use -10% vs prior 3m,0,Active
502106,0.0001,0,Opens 0.3 emails/month; No coupons redeemed in last 3m; Age unknown,0,Active
501242,0.0001,0,Opted in to marketing; Redeemed 0.0 coupons/month before; Spend $100/month (last 3m),0,Active
502377,0.0001,0,Opted in to marketing; App use -42% vs prior 3m; 0 formal complaints in 6m,0,Active
501311,0.0001,0,No marketing emails opened in last 3m; New member (<4 months of history); Buys 1.0 categories/month,0,Active
500476,0.0001,0,App use 0.7 sessions/month; Opted in to marketing; No coupons redeemed in last 3m,0,Active
502417,0.0001,0,Spend $63/month (last 3m); Opted in to marketing; Home-store price tier: Value,0,Active
501026,0.0001,0,Transactions trending down (-0.4/month); Opened 0.0 emails/month before; App use -14% vs prior 3m,0,Active
500622,0.0001,0,Formal complaint in last 3m; Opted in to marketing; Opens 0.7 emails/month,0,Active
501359,0.0001,0,Opens 0.3 emails/month; Preferred category: Bakery; Opted in to marketing,0,Active
500857,0.0001,0,Opted in to marketing; Spend +33% vs prior 3m; City: Austin,0,Active
500855,0.0001,0,Formal complaint in last 3m; Opted in to marketing; New member (<4 months of history),0,Active
500698,0.0001,0,Opted in to marketing; No coupons redeemed in last 3m; App use -17% vs prior 3m,0,Active
500706,0.0001,0,Opted in to marketing; App use -33% vs prior 3m; Transactions trending down (-0.3/month),0,Active
500841,0.0001,0,Spend $57/month (last 3m); Preferred category: Bakery; Opted in to marketing,0,Active
500712,0.0001,0,App use trending down; Opted in to marketing; Home-store price tier: Value,0,Active
502481,0.0001,0,Transactions trending down (-0.7/month); Only 2 transaction(s) last month; Opted in to marketing,0,Active
502462,0.0001,0,Opens 0.3 emails/month; No coupons redeemed in last 3m; Spend +89% vs prior 3m,0,Active
500826,0.0001,0,Opted in to marketing; Home-store price tier: Value; App use -14% vs prior 3m,0,Active
500812,0.0001,0,2 support tickets in last 3m; Preferred category: Bakery; Opted in to marketing,0,Active
500803,0.0001,0,Transactions trending down (-0.5/month); Opens 0.7 emails/month; 0 formal complaints in 6m,0,Active
500714,0.0001,0,No marketing emails opened in last 3m; No coupons redeemed in last 3m; Preferred category: Personal Care,0,Active
500733,0.0001,0,Opted in to marketing; Opened 0.0 emails/month before; Home-store price tier: Value,0,Active
500788,0.0001,0,1 support tickets in last 3m; Opted in to marketing; App use -37% vs prior 3m,0,Active
500764,0.0001,0,Opted in to marketing; Redeemed 0.0 coupons/month before; App use was 1.3 sessions/month,0,Active
502181,0.0001,0,Transactions trending down (-0.4/month); Opted in to marketing; App use -37% vs prior 3m,0,Active
500879,0.0001,0,Opted in to marketing; New member (<4 months of history); Home-store price tier: Value,0,Active
500686,0.0001,0,Transactions trending down (-1.0/month); Opted in to marketing; Redeemed 0.0 coupons/month before,0,Active
500978,0.0001,0,3 support tickets in 6m; Opens 0.3 emails/month; Preferred category: Bakery,0,Active
501024,0.0001,0,No marketing emails opened in last 3m; No coupons redeemed in last 3m; App use -23% vs prior 3m,0,Active
502164,0.0001,0,Opted in to marketing; No coupons redeemed in last 3m; New member (<4 months of history),0,Active
502165,0.0001,0,3 support tickets in last 3m; Opted in to marketing; App use -41% vs prior 3m,0,Active
501009,0.0001,0,Opens 0.3 emails/month; Preferred category: Bakery; 38% of trips use a promotion,0,Active
500633,0.0001,0,Opted in to marketing; App use was 0.7 sessions/month; Home-store price tier: Value,0,Active
500980,0.0001,0,No marketing emails opened in last 3m; No coupons redeemed in last 3m; 0 formal complaints in 6m,0,Active
500013,0.0001,0,Opened 0.0 emails/month before; Preferred category: Personal Care; City: Denver,0,Active
502177,0.0001,0,No marketing emails opened in last 3m; New member (<4 months of history); 38% of trips use a promotion,0,Active
500647,0.0001,0,Formal complaint in last 3m; Opted in to marketing; No coupons redeemed in last 3m,0,Active
500012,0.0001,0,Opted in to marketing; City: Columbus; Spend +25% vs prior 3m,0,Active
500658,0.0001,0,Transactions trending down (-0.4/month); Opted in to marketing; App use was 0.5 sessions/month,0,Active
500675,0.0001,0,Opted in to marketing; Redeems 0.3 coupons/month; 0 formal complaints in 6m,0,Active
502176,0.0001,0,Opted in to marketing; New member (<4 months of history); Preferred category: Personal Care,0,Active
500910,0.0001,0,Spend +100% vs prior 3m; Opens 0.7 emails/month; Redeems 0.3 coupons/month,0,Active
501349,0.0001,0,Opted in to marketing; City: Columbus; App use -32% vs prior 3m,0,Active
500052,0.0001,0,No marketing emails opened in last 3m; App use -45% vs prior 3m; Home-store price tier: Value,0,Active
501068,0.0001,0,Opens 0.3 emails/month; 35% of trips use a promotion; 0 formal complaints in 6m,0,Active
501557,0.0001,0,Opted in to marketing; App use -43% vs prior 3m; 0 formal complaints in 6m,0,Active
502015,0.0001,0,Transactions trending down (-1.0/month); No marketing emails opened in last 3m; No coupons redeemed in last 3m,0,Active
501527,0.0001,0,1 support tickets in last 3m; Opted in to marketing; Spend +44% vs prior 3m,0,Active
501532,0.0001,0,2 support tickets in 6m; City: Columbus; App use was 0.7 sessions/month,0,Active
501537,0.0001,0,No marketing emails opened in last 3m; App use was 0.7 sessions/month; Home-store price tier: Value,0,Active
501721,0.0001,0,Opted in to marketing; No coupons redeemed in last 3m; App use -9% vs prior 3m,0,Active
500350,0.0001,0,Opens 0.5 emails/month; Home-store price tier: Value; City: Denver,0,Active
502560,0.0001,0,No marketing emails opened in last 3m; Preferred category: Bakery; Home-store price tier: Value,0,Active
500347,0.0001,0,Opted in to marketing; Opens 0.7 emails/month; Home-store price tier: Value,0,Active
500342,0.0001,0,Opted in to marketing; Spend +35% vs prior 3m; 35% of trips use a promotion,0,Active
500122,0.0001,0,Opted in to marketing; App use -45% vs prior 3m; City: Denver,0,Active
501996,0.0001,0,Opted in to marketing; Home-store price tier: Value; App use -18% vs prior 3m,0,Active
500264,0.0001,0,1 support tickets in last 3m; Opted in to marketing; Spend +55% vs prior 3m,0,Active
501497,0.0001,0,App use -70% vs prior 3m; Opted in to marketing; Opens 0.7 emails/month,0,Active
501579,0.0001,0,Opens 0.3 emails/month; 2 support tickets in 6m; No coupons redeemed in last 3m,0,Active
501587,0.0001,0,Opted in to marketing; App use -33% vs prior 3m; Home-store price tier: Value,0,Active
501380,0.0001,0,Opens 0.3 emails/month; Opted in to marketing; Spend +44% vs prior 3m,0,Active
501606,0.0001,0,Preferred category: Bakery; Opted in to marketing; 2 support tickets in 6m,0,Active
500127,0.0001,0,No marketing emails opened in last 3m; New member (<4 months of history); 48% of trips use a promotion,0,Active
502299,0.0001,0,Opens 0.3 emails/month; App use -36% vs prior 3m; Home-store price tier: Value,0,Active
501609,0.0001,0,Opens 0.3 emails/month; Spend +80% vs prior 3m; 0 months of missing data,0,Active
501944,0.0001,0,Opened 0.0 emails/month before; Spend +73% vs prior 3m; Redeemed 0.0 coupons/month before,0,Active
501660,0.0001,0,1 support tickets in last 3m; Opted in to marketing; No coupons redeemed in last 3m,0,Active
502307,0.0001,0,Formal complaint in last 3m; Transactions trending down (-0.6/month); No coupons redeemed in last 3m,0,Active
500299,0.0001,0,Opted in to marketing; Opens 0.7 emails/month; Home-store price tier: Value,0,Active
500231,0.0001,0,Opted in to marketing; 2 support tickets in 6m; App use was 1.0 sessions/month,0,Active
501513,0.0001,0,App use -29% vs prior 3m; Opens 0.7 emails/month; Home-store price tier: Value,0,Active
501922,0.0001,0,Transactions trending down (-0.5/month); Opens 0.5 emails/month; City: Denver,0,Active
501461,0.0001,0,Opens 0.3 emails/month; Opted in to marketing; Spend +60% vs prior 3m,0,Active
502275,0.0001,0,Opted in to marketing; App use -44% vs prior 3m; City: Austin,0,Active
501915,0.0001,0,App use -47% vs prior 3m; Opted in to marketing; Redeemed 0.0 coupons/month before,0,Active
502277,0.0001,0,Formal complaint in last 3m; Transactions trending down (-0.6/month); Opted in to marketing,0,Active
501921,0.0001,0,1 support tickets in last 3m; Opted in to marketing; Transactions trending down (-0.3/month),0,Active
501835,0.0001,0,Transactions trending down (-0.5/month); App use -41% vs prior 3m; Opened 0.0 emails/month before,0,Active
501825,0.0001,0,Spend +143% vs prior 3m; Opted in to marketing; Age unknown,0,Active
501410,0.0001,0,No marketing emails opened in last 3m; Home-store price tier: Value; Redeems 0.3 coupons/month,0,Active
500380,0.0001,0,Transactions trending down (-1.5/month); Preferred category: Bakery; Opened 0.5 emails/month before,0,Active
500188,0.0001,0,Opted in to marketing; Home-store price tier: Value; App use was 1.3 sessions/month,0,Active
501796,0.0001,0,1 support tickets in last 3m; Opted in to marketing; App use was 1.0 sessions/month,0,Active
501637,0.0001,0,Opted in to marketing; Opens 0.7 emails/month; Spend +46% vs prior 3m,0,Active
501487,0.0001,0,Opens 0.3 emails/month; City: Denver; 0 formal complaints in 6m,0,Active
500259,0.0,0,Opens 0.3 emails/month; New member (<4 months of history); Preferred category: Personal Care,0,Active
500704,0.0,0,1 support tickets in last 3m; Opted in to marketing; No coupons redeemed in last 3m,0,Active
500138,0.0,0,1 support tickets in last 3m; App use -55% vs prior 3m; Opted in to marketing,0,Active
502599,0.0,0,Preferred category: Bakery; Opted in to marketing; New member (<4 months of history),0,Active
500243,0.0,0,Opted in to marketing; No coupons redeemed in last 3m; Age unknown,0,Active
500253,0.0,0,Opted in to marketing; 36% of trips use a promotion; Buys 1.7 categories/month,0,Active
500286,0.0,0,Spend +100% vs prior 3m; Opted in to marketing; No coupons redeemed in last 3m,0,Active
500639,0.0,0,Opens 0.3 emails/month; Transactions trending down (-0.5/month); Home-store price tier: Value,0,Active
500642,0.0,0,Opens 0.3 emails/month; 49% of trips use a promotion; City: Columbus,0,Active
502480,0.0,0,App use -55% vs prior 3m; Preferred category: Bakery; Opted in to marketing,0,Active
500268,0.0,0,Spend +189% vs prior 3m; App use -62% vs prior 3m; Opted in to marketing,0,Active
500161,0.0,0,Opted in to marketing; Spend +81% vs prior 3m; Home-store price tier: Value,0,Active
502566,0.0,0,Opted in to marketing; New member (<4 months of history); 0 formal complaints in 6m,0,Active
500190,0.0,0,Spend +166% vs prior 3m; Opted in to marketing; App use -33% vs prior 3m,0,Active
500676,0.0,0,Spend +110% vs prior 3m; Opted in to marketing; App use -9% vs prior 3m,0,Active
500180,0.0,0,Opted in to marketing; Preferred category: Personal Care; App use -11% vs prior 3m,0,Active
500671,0.0,0,Opted in to marketing; No coupons redeemed in last 3m; Home-store price tier: Value,0,Active
502571,0.0,0,Opted in to marketing; App use was 1.3 sessions/month; City: Austin,0,Active
500215,0.0,0,Opted in to marketing; Spend +60% vs prior 3m; Redeems 0.3 coupons/month,0,Active
502489,0.0,0,Opted in to marketing; Spend +63% vs prior 3m; App use was 1.0 sessions/month,0,Active
500008,0.0,0,No coupons redeemed in last 3m; App use -42% vs prior 3m; Opens 0.7 emails/month,0,Active
500189,0.0,0,Opted in to marketing; New member (<4 months of history); 0 formal complaints in 6m,0,Active
500687,0.0,0,Opted in to marketing; Home-store price tier: Value; App use was 1.0 sessions/month,0,Active
500407,0.0,0,Opted in to marketing; App use -17% vs prior 3m; 0 formal complaints in 6m,0,Active
500312,0.0,0,1 support tickets in last 3m; City: Columbus; Opened 0.3 emails/month before,0,Active
500442,0.0,0,Opted in to marketing; New member (<4 months of history); Bought in 1 of last 3 months,0,Active
500486,0.0,0,No app use in last 3m; Opted in to marketing; No coupons redeemed in last 3m,0,Active
500368,0.0,0,Spend +138% vs prior 3m; Opted in to marketing; City: Columbus,0,Active
500067,0.0,0,No marketing emails opened in last 3m; New member (<4 months of history); 0 formal complaints in 6m,0,Active
500466,0.0,0,Opted in to marketing; App use was 0.3 sessions/month; Spend +76% vs prior 3m,0,Active
500767,0.0,0,1 support tickets in last 3m; Opted in to marketing; Spend +68% vs prior 3m,0,Active
500385,0.0,0,Opted in to marketing; No coupons redeemed in last 3m; Spend +83% vs prior 3m,0,Active
500390,0.0,0,Spend +199% vs prior 3m; Opens 0.3 emails/month; City: Denver,0,Active
500438,0.0,0,Opens 0.3 emails/month; 1 support tickets in last 3m; No coupons redeemed in last 3m,0,Active
500487,0.0,0,Spend +111% vs prior 3m; Opens 0.7 emails/month; Home-store price tier: Value,0,Active
500062,0.0,0,Spend +130% vs prior 3m; Opted in to marketing; City: Denver,0,Active
500430,0.0,0,Opted in to marketing; Transactions trending down (-0.4/month); Opens 0.7 emails/month,0,Active
500057,0.0,0,2 support tickets in last 3m; 37% of trips use a promotion; Gender: F,0,Active
500417,0.0,0,Spend +227% vs prior 3m; 1 support tickets in last 3m; Opted in to marketing,0,Active
500410,0.0,0,No marketing emails opened in last 3m; 1 support tickets in last 3m; Preferred category: Bakery,0,Active
502529,0.0,0,No marketing emails opened in last 3m; App use -9% vs prior 3m; 0 formal complaints in 6m,0,Active
500393,0.0,0,Opted in to marketing; Home-store price tier: Value; 37% of trips use a promotion,0,Active
502538,0.0,0,2 support tickets in last 3m; Opted in to marketing; Age unknown,0,Active
500363,0.0,0,Preferred category: Bakery; City: Columbus; Redeemed 0.0 coupons/month before,0,Active
500313,0.0,0,New member (<4 months of history); 0 formal complaints in 6m; Active in 100% of recent months,0,Active
500028,0.0,0,Formal complaint in last 3m; Opted in to marketing; Home-store price tier: Value,0,Active
500315,0.0,0,Opted in to marketing; Spend +50% vs prior 3m; 0 formal complaints in 6m,0,Active
500023,0.0,0,Spend +100% vs prior 3m; App use -50% vs prior 3m; Opted in to marketing,0,Active
500026,0.0,0,Opted in to marketing; App use 1.0 sessions/month; New member (<4 months of history),0,Active
500602,0.0,0,App use -54% vs prior 3m; Opted in to marketing; Spend +76% vs prior 3m,0,Active
500321,0.0,0,Opted in to marketing; 0 formal complaints in 6m; Gender: F,0,Active
500331,0.0,0,Opted in to marketing; Preferred category: Personal Care; App use was 1.0 sessions/month,0,Active
500574,0.0,0,Opted in to marketing; New member (<4 months of history); Home-store price tier: Value,0,Active
500561,0.0,0,Preferred category: Bakery; Opted in to marketing; App use -31% vs prior 3m,0,Active
502517,0.0,0,Opted in to marketing; New member (<4 months of history); App use trending down,0,Active
500029,0.0,0,Opens 0.3 emails/month; Formal complaint in last 3m; Spend +94% vs prior 3m,0,Active
500543,0.0,0,Opted in to marketing; App use 1.0 sessions/month; No coupons redeemed in last 3m,0,Active
500536,0.0,0,Opted in to marketing; No coupons redeemed in last 3m; 0 formal complaints in 6m,0,Active
500521,0.0,0,Formal complaint in last 3m; Opted in to marketing; Spend +69% vs prior 3m,0,Active
500517,0.0,0,1 support tickets in last 3m; Opted in to marketing; New member (<4 months of history),0,Active
500360,0.0,0,Opted in to marketing; Spend +67% vs prior 3m; App use was 1.3 sessions/month,0,Active
500039,0.0,0,Opted in to marketing; 0 formal complaints in 6m; 33% of trips use a promotion,0,Active
500319,0.0,0,2 support tickets in last 3m; Opted in to marketing; 34% of trips use a promotion,0,Active
502209,0.0,0,Opens 0.5 emails/month; No coupons redeemed in last 3m; 0 formal complaints in 6m,0,Active
500771,0.0,0,Opted in to marketing; City: Columbus; App use -18% vs prior 3m,0,Active
501619,0.0,0,Opted in to marketing; No coupons redeemed in last 3m; Spend +42% vs prior 3m,0,Active
501753,0.0,0,Opted in to marketing; Spend +35% vs prior 3m; 0 formal complaints in 6m,0,Active
501745,0.0,0,Opted in to marketing; No coupons redeemed in last 3m; Spend +88% vs prior 3m,0,Active
501739,0.0,0,App use was 0.0 sessions/month; Opted in to marketing; Spend +26% vs prior 3m,0,Active
501733,0.0,0,1 support tickets in last 3m; Opted in to marketing; Opened 0.3 emails/month before,0,Active
501707,0.0,0,Opted in to marketing; Home-store price tier: Value; Preferred category: Personal Care,0,Active
501705,0.0,0,Opted in to marketing; Preferred category: Personal Care; App use was 1.5 sessions/month,0,Active
501700,0.0,0,Opted in to marketing; New member (<4 months of history); Average basket $15,0,Active
501697,0.0,0,Transactions trending down (-0.5/month); Opted in to marketing; Home-store price tier: Value,0,Active
502300,0.0,0,Opted in to marketing; App use was 0.7 sessions/month; Preferred category: Personal Care,0,Active
501679,0.0,0,No marketing emails opened in last 3m; Opted in to marketing; 39% of trips use a promotion,0,Active
501658,0.0,0,Opted in to marketing; New member (<4 months of history); Home-store price tier: Value,0,Active
501625,0.0,0,Opens 0.3 emails/month; Opted in to marketing; City: Columbus,0,Active
501616,0.0,0,Opted in to marketing; Home-store price tier: Value; Redeemed 0.0 coupons/month before,0,Active
502472,0.0,0,No marketing emails opened in last 3m; Spend +146% vs prior 3m; Preferred category: Bakery,0,Active
501603,0.0,0,Opens 0.3 emails/month; 1 support tickets in last 3m; No coupons redeemed in last 3m,0,Active
501572,0.0,0,Preferred category: Bakery; Opted in to marketing; No coupons redeemed in last 3m,0,Active
501565,0.0,0,Opens 0.5 emails/month; Opted in to marketing; No coupons redeemed in last 3m,0,Active
502323,0.0,0,Opted in to marketing; Age unknown; Buys 1.0 categories/month,0,Active
501552,0.0,0,Opted in to marketing; No coupons redeemed in last 3m; Spend +43% vs prior 3m,0,Active
502327,0.0,0,Opted in to marketing; App use -25% vs prior 3m; Redeems 0.3 coupons/month,0,Active
501547,0.0,0,Preferred category: Bakery; Opted in to marketing; Opens 0.7 emails/month,0,Active
501518,0.0,0,Opted in to marketing; Spend +62% vs prior 3m; App use was 1.3 sessions/month,0,Active
501511,0.0,0,Opens 0.3 emails/month; 1 support tickets in last 3m; App use -25% vs prior 3m,0,Active
501494,0.0,0,Opted in to marketing; Home-store price tier: Value; 0 formal complaints in 6m,0,Active
501484,0.0,0,No marketing emails opened in last 3m; 1 support tickets in last 3m; Spend +104% vs prior 3m,0,Active
501468,0.0,0,Transactions trending down (-0.8/month); Opted in to marketing; App use -11% vs prior 3m,0,Active
501774,0.0,0,Transactions trending down (-0.5/month); Preferred category: Bakery; Opened 0.0 emails/month before,0,Active
501780,0.0,0,Opted in to marketing; City: Columbus; Home-store price tier: Value,0,Active
501786,0.0,0,Opens 0.3 emails/month; Spend +101% vs prior 3m; App use -17% vs prior 3m,0,Active
501805,0.0,0,Opted in to marketing; Transactions trending down (-0.3/month); City: Austin,0,Active
502188,0.0,0,Opted in to marketing; Spend +66% vs prior 3m; Home-store price tier: Value,0,Active
502182,0.0,0,Opened 0.3 emails/month before; App use -17% vs prior 3m; Spend +30% vs prior 3m,0,Active
502231,0.0,0,Opted in to marketing; Redeemed 0.0 coupons/month before; Preferred category: Personal Care,0,Active
502169,0.0,0,Opted in to marketing; Spend +33% vs prior 3m; App use -7% vs prior 3m,0,Active
502236,0.0,0,Opted in to marketing; Opened 0.3 emails/month before; Average basket $13,0,Active
502162,0.0,0,1 support tickets in last 3m; Opted in to marketing; Spend +39% vs prior 3m,0,Active
502155,0.0,0,Formal complaint in last 3m; Preferred category: Bakery; Opted in to marketing,0,Active
502124,0.0,0,Transactions trending down (-0.6/month); Opted in to marketing; Redeemed 0.0 coupons/month before,0,Active
502122,0.0,0,Transactions trending down (-0.5/month); Opted in to marketing; App use -29% vs prior 3m,0,Active
502115,0.0,0,No marketing emails opened in last 3m; Spend +48% vs prior 3m; 0 formal complaints in 6m,0,Active
502089,0.0,0,Opted in to marketing; Home-store price tier: Value; City: Austin,0,Active
502082,0.0,0,Opted in to marketing; Spend +79% vs prior 3m; City: Columbus,0,Active
502075,0.0,0,Opens 0.3 emails/month; No coupons redeemed in last 3m; Home-store price tier: Value,0,Active
502071,0.0,0,Opted in to marketing; 36% of trips use a promotion; Spend +27% vs prior 3m,0,Active
502064,0.0,0,Opted in to marketing; App use -8% vs prior 3m; 0 months of missing data,0,Active
502040,0.0,0,Opted in to marketing; Home-store price tier: Value; City: Austin,0,Active
502025,0.0,0,Opted in to marketing; New member (<4 months of history); 34% of trips use a promotion,0,Active
502260,0.0,0,1 support tickets in last 3m; Preferred category: Bakery; Opted in to marketing,0,Active
501956,0.0,0,1 support tickets in last 3m; Opted in to marketing; Home-store price tier: Value,0,Active
501914,0.0,0,Opted in to marketing; Spend +37% vs prior 3m; App use was 1.3 sessions/month,0,Active
501870,0.0,0,Opted in to marketing; Spend +52% vs prior 3m; App use trending down,0,Active
501849,0.0,0,Transactions trending down (-0.5/month); Opted in to marketing; 0 formal complaints in 6m,0,Active
501846,0.0,0,No marketing emails opened in last 3m; No coupons redeemed in last 3m; New member (<4 months of history),0,Active
501823,0.0,0,Transactions trending down (-2.0/month); Opted in to marketing; New member (<4 months of history),0,Active
501816,0.0,0,Opted in to marketing; Transactions trending down (-0.4/month); City: Austin,0,Active
501447,0.0,0,App use -78% vs prior 3m; No coupons redeemed in last 3m; Opens 0.7 emails/month,0,Active
501436,0.0,0,No marketing emails opened in last 3m; Home-store price tier: Value; Redeems 0.3 coupons/month,0,Active
501430,0.0,0,No marketing emails opened in last 3m; Spend +203% vs prior 3m; Preferred category: Bakery,0,Active
501132,0.0,0,1 support tickets in last 3m; Opted in to marketing; Spend +76% vs prior 3m,0,Active
501101,0.0,0,Opted in to marketing; Home-store price tier: Value; 0 formal complaints in 6m,0,Active
501081,0.0,0,Opted in to marketing; No coupons redeemed in last 3m; New member (<4 months of history),0,Active
501060,0.0,0,Opted in to marketing; No coupons redeemed in last 3m; Spend +55% vs prior 3m,0,Active
501051,0.0,0,Spend +97% vs prior 3m; Opted in to marketing; 0 formal complaints in 6m,0,Active
501031,0.0,0,Opted in to marketing; App use -31% vs prior 3m; Redeemed 0.0 coupons/month before,0,Active
501004,0.0,0,Opted in to marketing; App use -45% vs prior 3m; Spend +61% vs prior 3m,0,Active
501003,0.0,0,App use -56% vs prior 3m; Opted in to marketing; Spend +70% vs prior 3m,0,Active
500964,0.0,0,Transactions trending down (-0.5/month); Opted in to marketing; Home-store price tier: Value,0,Active
500940,0.0,0,App use -67% vs prior 3m; Opted in to marketing; Spend +59% vs prior 3m,0,Active
500924,0.0,0,Spend +121% vs prior 3m; Opted in to marketing; No coupons redeemed in last 3m,0,Active
500921,0.0,0,Opens 0.7 emails/month; Home-store price tier: Value; Spend +28% vs prior 3m,0,Active
500920,0.0,0,Opted in to marketing; App use was 1.0 sessions/month; Average basket $19,0,Active
500909,0.0,0,No marketing emails opened in last 3m; Spend +177% vs prior 3m; Preferred category: Bakery,0,Active
500908,0.0,0,Spend +67% vs prior 3m; Opens 0.7 emails/month; App use was 1.3 sessions/month,0,Active
500881,0.0,0,Spend +102% vs prior 3m; Opted in to marketing; App use was 1.0 sessions/month,0,Active
500863,0.0,0,No marketing emails opened in last 3m; App use 1.0 sessions/month; Spend +71% vs prior 3m,0,Active
500843,0.0,0,Opted in to marketing; New member (<4 months of history); Bought in 1 of last 3 months,0,Active
500842,0.0,0,Preferred category: Bakery; Opted in to marketing; App use -27% vs prior 3m,0,Active
502456,0.0,0,App use -47% vs prior 3m; Opted in to marketing; 39% of trips use a promotion,0,Active
502459,0.0,0,Opted in to marketing; Preferred category: Personal Care; 35% of trips use a promotion,0,Active
500831,0.0,0,Spend +98% vs prior 3m; Opened 0.0 emails/month before; App use was 0.5 sessions/month,0,Active
500807,0.0,0,1 support tickets in last 3m; Opted in to marketing; City: Columbus,0,Active
500795,0.0,0,Opted in to marketing; New member (<4 months of history); 41% of trips use a promotion,0,Active
500791,0.0,0,Opted in to marketing; App use was 1.0 sessions/month; Redeems 0.3 coupons/month,0,Active
500774,0.0,0,Opted in to marketing; Transactions trending down (-0.3/month); City: Denver,0,Active
501108,0.0,0,3 support tickets in 6m; Opted in to marketing; Transactions trending down (-0.3/month),0,Active
501148,0.0,0,Opened 0.0 emails/month before; Redeemed 0.0 coupons/month before; Preferred category: Personal Care,0,Active
502348,0.0,0,No marketing emails opened in last 3m; Average basket $18; 0 formal complaints in 6m,0,Active
501163,0.0,0,Buys 1.0 categories/month; Opens 0.7 emails/month; App use was 1.3 sessions/month,0,Active
501426,0.0,0,Opted in to marketing; 43% of trips use a promotion; App use -15% vs prior 3m,0,Active
501407,0.0,0,Opted in to marketing; App use -18% vs prior 3m; Spend +25% vs prior 3m,0,Active
501396,0.0,0,App use -58% vs prior 3m; Preferred category: Bakery; Opted in to marketing,0,Active
501362,0.0,0,55% of trips use a promotion; Opted in to marketing; New member (<4 months of history),0,Active
501348,0.0,0,1 support tickets in last 3m; Opted in to marketing; No coupons redeemed in last 3m,0,Active
502360,0.0,0,New member (<4 months of history); Home-store price tier: Value; 43% of trips use a promotion,0,Active
501347,0.0,0,Opens 0.7 emails/month; Home-store price tier: Value; App use trending down,0,Active
502362,0.0,0,Opted in to marketing; App use -43% vs prior 3m; Redeemed 0.0 coupons/month before,0,Active
502363,0.0,0,Preferred category: Bakery; Opted in to marketing; No coupons redeemed in last 3m,0,Active
501323,0.0,0,Opted in to marketing; Home-store price tier: Value; Redeemed 0.0 coupons/month before,0,Active
502366,0.0,0,No marketing emails opened in last 3m; Home-store price tier: Value; Redeems 0.3 coupons/month,0,Active
501309,0.0,0,Spend +124% vs prior 3m; Opted in to marketing; Redeemed 0.0 coupons/month before,0,Active
501298,0.0,0,No marketing emails opened in last 3m; No coupons redeemed in last 3m; 0 formal complaints in 6m,0,Active
501266,0.0,0,New member (<4 months of history); Home-store price tier: Value; 35% of trips use a promotion,0,Active
501261,0.0,0,No coupons redeemed in last 3m; Opened 0.0 emails/month before; Spend +81% vs prior 3m,0,Active
501232,0.0,0,Opted in to marketing; Home-store price tier: Value; App use was 1.3 sessions/month,0,Active
501219,0.0,0,Opted in to marketing; City: Columbus; App use -21% vs prior 3m,0,Active
501211,0.0,0,Opted in to marketing; 42% of trips use a promotion; 0 formal complaints in 6m,0,Active
501204,0.0,0,1 support tickets in last 3m; Opted in to marketing; Spend +56% vs prior 3m,0,Active
502389,0.0,0,Opens 0.3 emails/month; Opted in to marketing; Home-store price tier: Value,0,Active
501202,0.0,0,No marketing emails opened in last 3m; Spend +53% vs prior 3m; 38% of trips use a promotion,0,Active
501177,0.0,0,Opted in to marketing; App use -27% vs prior 3m; Home-store price tier: Value,0,Active
502397,0.0,0,Opted in to marketing; Spend +70% vs prior 3m; Home-store price tier: Value,0,Active
501167,0.0,0,Opens 0.3 emails/month; 1 support tickets in last 3m; Preferred category: Bakery,0,Active
501164,0.0,0,Opens 0.3 emails/month; Spend +101% vs prior 3m; App use -37% vs prior 3m,0,Active
501306,0.0,0,Opens 0.7 emails/month; Redeemed 0.0 coupons/month before; Spend +28% vs prior 3m,0,Active
