customer_id,recency_months,txn_last_month,txn_l3,txn_p3,txn_change_pct,spend_l3,spend_p3,spend_change_pct,txn_slope_6m,spend_cv_6m,active_months_l3,active_ratio_6m,avg_basket_l3,categories_l3,promo_pct_6m,app_l3,app_p3,app_change_pct,app_slope_6m,email_l3,email_p3,email_change_pct,coupons_l3,coupons_p3,tickets_l3,tickets_p3,tickets_6m,complaints_6m,complaint_l3,months_since_ticket,history_months,short_history,missing_months_6m,age,age_missing,tier,tier_rank,marketing_opt_in,tenure_months,gender,city,preferred_category,home_store_price_tier,signup_cohort,avg_monthly_spend_6m,value_monthly_spend,segment,cutoff,churned
500001,1,8.0,7.0,3.5,1.0,146.09333333333333,81.51,0.792336318652108,1.3,0.34593731551750323,3,1.0,20.87047619047619,3.6666666666666665,0.274,1.6666666666666667,1.0,0.6666666666666667,0.3,0.3333333333333333,0.5,-0.33333333333333337,0.6666666666666666,0.5,0.0,1.0,1.0,1.0,0,4.0,6,0,1,36.0,0,Silver,0,1,20,F,Madison,Frozen Foods,Value,2022,120.25999999999999,108.05714285714285,Active,2024-04,0
500002,1,2.0,4.0,6.333333333333333,-0.3684210526315789,119.03666666666668,210.47666666666666,-0.4344424560125429,-0.7714285714285715,0.34308524367989623,3,1.0,29.75916666666667,1.0,0.36166666666666664,1.6666666666666667,2.6666666666666665,-0.37499999999999994,-0.3142857142857143,0.3333333333333333,0.3333333333333333,0.0,1.0,0.3333333333333333,0.0,0.0,0.0,0.0,0,7.0,6,0,0,37.0,0,Silver,0,0,10,F,Spokane,Beverages,Mainstream,2023,164.7566666666667,199.15555555555557,Active,2024-04,0
500003,1,9.0,4.666666666666667,3.3333333333333335,0.4,163.16333333333333,120.31,0.3561909511539633,0.7428571428571429,0.6049757069967886,3,1.0,34.96357142857143,2.0,0.35333333333333333,2.0,3.0,-0.3333333333333333,-0.02857142857142857,0.3333333333333333,0.0,0.6666666666666666,0.0,1.0,2.0,0.0,2.0,1.0,1,2.0,6,0,0,53.0,0,Gold,1,0,37,Unknown,Tulsa,Frozen Foods,Mainstream,2021,141.73666666666668,156.96785714285716,Active,2024-04,0
500004,1,5.0,5.333333333333333,4.5,0.18518518518518512,122.66333333333334,110.565,0.10942281312651693,0.05813953488372092,0.22062131027041265,3,1.0,22.999375000000004,3.6666666666666665,0.22599999999999998,3.3333333333333335,6.5,-0.48717948717948717,-0.9186046511627906,1.6666666666666667,0.5,2.3333333333333335,1.0,0.0,0.0,0.0,0.0,0.0,0,7.0,6,0,1,52.0,0,Gold,1,1,33,F,Spokane,Snacks,Upscale,2021,117.824,127.05357142857143,Active,2024-04,0
500006,2,0.0,1.3333333333333333,3.3333333333333335,-0.6,38.836666666666666,120.68666666666667,-0.6782025078716234,-0.2857142857142857,1.0371289005853344,2,0.8333333333333334,29.1275,0.6666666666666666,0.33999999999999997,2.0,3.6666666666666665,-0.45454545454545453,-0.5428571428571428,0.6666666666666666,0.0,1.3333333333333333,0.6666666666666666,1.0,2.0,1.0,3.0,0.0,0,2.0,6,0,0,44.0,0,Silver,0,0,19,F,Nashville,Snacks,Upscale,2022,79.76166666666667,86.60357142857143,Active,2024-04,0
500007,1,3.0,4.0,4.333333333333333,-0.07692307692307686,145.77666666666667,161.19,-0.09562214364001072,0.02857142857142857,0.34870664488886577,3,1.0,36.44416666666667,3.0,0.26,1.3333333333333333,1.0,0.33333333333333326,0.08571428571428572,1.0,2.3333333333333335,-0.5714285714285715,0.6666666666666666,0.6666666666666666,1.0,0.0,1.0,0.0,0,1.0,6,0,0,39.0,0,Platinum,2,1,36,F,Tulsa,Frozen Foods,Mainstream,2021,153.48333333333332,128.36266666666668,Active,2024-04,0
500008,1,9.0,8.666666666666666,5.333333333333333,0.625,331.6033333333333,220.88333333333333,0.5012600920546291,1.3142857142857143,0.3444233084741503,3,1.0,38.261923076923075,3.0,0.325,2.3333333333333335,4.0,-0.41666666666666663,-0.37142857142857144,0.6666666666666666,1.0,-0.33333333333333337,0.0,0.0,0.0,0.0,0.0,0.0,0,7.0,6,0,0,50.0,0,Platinum,2,0,32,M,Boise,Beverages,Unknown,2021,276.24333333333334,261.03933333333333,Active,2024-04,0
500009,1,5.0,4.0,3.0,0.3333333333333333,70.00666666666666,49.69,0.4088683168981015,0.3142857142857143,0.2614608669806879,3,1.0,17.501666666666665,2.6666666666666665,0.2683333333333333,2.3333333333333335,1.3333333333333333,0.7500000000000002,0.3714285714285715,0.3333333333333333,0.3333333333333333,0.0,1.0,0.6666666666666666,0.0,0.0,0.0,0.0,0,7.0,6,0,0,53.0,0,Silver,0,0,27,F,Tulsa,Dairy,Mainstream,2022,59.84833333333332,53.866,Active,2024-04,0
500010,2,0.0,1.0,1.0,0.0,53.57333333333333,52.413333333333334,0.022131773085728758,-0.05714285714285714,0.7572987611859032,2,0.6666666666666666,53.57333333333333,1.0,0.31,1.6666666666666667,1.6666666666666667,0.0,-0.17142857142857143,0.6666666666666666,0.6666666666666666,0.0,1.3333333333333333,0.0,0.0,0.0,0.0,0.0,0,7.0,6,0,0,18.0,0,Platinum,2,0,24,F,Boise,Personal Care,Upscale,2022,52.99333333333334,85.503,Active,2024-04,0
500012,1,8.0,5.333333333333333,4.0,0.33333333333333326,123.17,98.71999999999998,0.24767017828200993,0.4,0.47118710040572115,3,1.0,23.094375000000003,2.3333333333333335,0.26666666666666666,3.3333333333333335,3.3333333333333335,0.0,0.05714285714285713,1.6666666666666667,1.6666666666666667,0.0,0.3333333333333333,2.0,0.0,0.0,0.0,0.0,0,7.0,6,0,0,46.0,0,Silver,0,1,28,Other,Columbus,Frozen Foods,Upscale,2021,110.945,112.04733333333334,Active,2024-04,0
500013,1,6.0,4.5,4.666666666666667,-0.035714285714285775,179.975,179.13666666666668,0.004679853370796839,0.36486486486486486,0.30462276944112626,2,1.0,39.99444444444444,3.5,0.318,4.5,1.6666666666666667,1.6999999999999997,0.6216216216216215,1.5,0.0,3.0,0.5,1.0,0.0,1.0,1.0,0.0,0,4.0,6,0,1,65.0,0,Silver,0,0,18,F,Denver,Personal Care,Mainstream,2022,179.47199999999998,159.40357142857144,Active,2024-04,0
500014,2,0.0,0.5,0.5,0.0,19.475,19.475,0.0,0.0,1.0,1,0.5,38.95,0.5,0.28,0.0,0.0,0.0,0.0,0.0,0.0,0.0,0.0,0.0,0.0,0.0,0.0,0.0,0,7.0,2,1,0,30.0,0,Gold,1,1,3,M,Austin,Snacks,Mainstream,2024,19.475,38.95,Active,2024-04,1
500015,1,6.0,4.0,7.333333333333333,-0.45454545454545453,156.61333333333334,299.93,-0.47783371675613195,-0.4,0.5276173207168882,3,1.0,39.153333333333336,1.6666666666666667,0.25833333333333336,2.0,2.3333333333333335,-0.1428571428571429,0.14285714285714285,2.3333333333333335,2.6666666666666665,-0.12499999999999989,0.3333333333333333,0.0,0.0,1.0,1.0,1.0,0,5.0,6,0,0,24.0,0,Platinum,2,1,9,F,Raleigh,Personal Care,Mainstream,2023,228.27166666666668,228.21875,Active,2024-04,0
500016,1,3.0,3.6666666666666665,7.333333333333333,-0.5,122.85000000000001,238.23333333333335,-0.4843290891283056,-0.9428571428571428,0.44959092862585076,3,1.0,33.50454545454546,1.6666666666666667,0.19666666666666666,2.0,1.6666666666666667,0.19999999999999996,-0.08571428571428572,0.6666666666666666,0.3333333333333333,0.6666666666666666,0.3333333333333333,0.6666666666666666,0.0,0.0,0.0,0.0,0,7.0,6,0,0,39.0,0,Platinum,2,1,20,M,Boise,Snacks,Value,2022,180.54166666666666,190.0413333333333,Active,2024-04,0
500017,7,0.0,0.0,0.0,0.0,0.0,0.0,0.0,0.0,0.0,0,0.0,0.0,0.0,0.0,0.0,0.0,0.0,0.0,0.0,0.0,0.0,0.0,0.0,0.0,0.0,0.0,0.0,0,7.0,6,0,0,33.0,0,Silver,0,1,27,F,Austin,Snacks,Mainstream,2022,0.0,34.275000000000006,Lapsed,2024-04,1
500018,1,1.0,3.6666666666666665,3.3333333333333335,0.09999999999999991,102.50666666666666,108.28666666666668,-0.053376839253832555,-0.08571428571428572,0.44852318219785176,3,1.0,27.956363636363637,3.3333333333333335,0.295,2.0,1.6666666666666667,0.19999999999999996,-0.2,2.3333333333333335,1.0,1.3333333333333335,1.0,0.3333333333333333,0.0,0.0,0.0,0.0,0,7.0,6,0,0,22.0,0,Gold,1,1,19,F,Spokane,Personal Care,Mainstream,2022,105.39666666666666,120.01666666666667,Active,2024-04,0
500019,4,0.0,0.0,2.5,-1.0,0.0,65.855,-1.0,-0.6756756756756757,1.2936092001344985,0,0.4,0.0,0.0,0.495,0.0,0.0,0.0,0.0,0.0,1.5,-1.0,0.0,0.0,0.0,1.0,1.0,0.0,0,4.0,6,0,1,70.0,0,Silver,0,1,23,F,Madison,Frozen Foods,Value,2022,26.342000000000002,96.40727272727273,Lapsed,2024-04,1
500020,1,3.0,1.6666666666666667,2.3333333333333335,-0.28571428571428575,46.31666666666666,57.416666666666664,-0.1933236574746009,-0.05714285714285714,0.41836171025621804,3,1.0,27.789999999999996,1.6666666666666667,0.325,0.6666666666666666,0.6666666666666666,0.0,0.05714285714285717,0.6666666666666666,0.3333333333333333,0.6666666666666666,0.0,0.3333333333333333,0.0,0.0,0.0,0.0,0,7.0,6,0,0,55.0,0,Silver,0,0,33,M,Spokane,Produce,Upscale,2021,51.86666666666667,55.01714285714286,Active,2024-04,0
500021,1,5.0,8.333333333333334,9.333333333333334,-0.10714285714285714,190.38,184.26666666666665,0.033176555716353175,-0.6,0.22462090209382288,3,1.0,22.845599999999997,4.0,0.32,2.3333333333333335,4.0,-0.41666666666666663,-0.14285714285714285,0.3333333333333333,0.0,0.6666666666666666,0.6666666666666666,0.3333333333333333,0.0,0.0,0.0,0.0,0,7.0,6,0,0,63.0,0,Gold,1,0,26,F,Raleigh,Frozen Foods,Mainstream,2022,187.32333333333335,150.596,Active,2024-04,0
500022,5,0.0,0.0,1.0,-1.0,0.0,27.8,-1.0,-0.3142857142857143,1.4648231690143365,0,0.3333333333333333,0.0,0.0,0.30000000000000004,0.0,0.0,0.0,0.0,0.0,1.0,-1.0,0.0,1.0,1.0,1.0,2.0,0.0,0,3.0,6,0,0,68.0,0,Silver,0,0,13,F,Portland,Personal Care,Value,2023,13.9,66.4075,Lapsed,2024-04,1
500023,1,11.0,6.666666666666667,3.3333333333333335,1.0,234.10666666666668,117.11333333333334,0.9989753515113565,0.9142857142857143,0.692142306717094,3,0.8333333333333334,35.116,4.666666666666667,0.26800000000000007,2.6666666666666665,5.333333333333333,-0.5,-0.45714285714285713,1.0,2.3333333333333335,-0.5714285714285715,0.6666666666666666,1.6666666666666667,0.0,0.0,0.0,0.0,0,7.0,6,0,0,54.0,0,Silver,0,1,24,F,Raleigh,Frozen Foods,Upscale,2022,175.61,169.40642857142856,Active,2024-04,0
500024,3,0.0,0.6666666666666666,2.6666666666666665,-0.75,13.963333333333333,61.946666666666665,-0.7745910460611278,-0.6857142857142857,0.762687923961831,1,0.6666666666666666,20.945,0.3333333333333333,0.38,0.0,1.6666666666666667,-1.0,-0.42857142857142855,0.3333333333333333,1.3333333333333333,-0.75,0.0,0.3333333333333333,0.0,1.0,1.0,0.0,0,4.0,6,0,0,38.0,0,Silver,0,1,22,M,Denver,Produce,Mainstream,2022,37.955,82.41666666666667,Active,2024-04,1
500025,1,1.0,2.6666666666666665,2.6666666666666665,0.0,97.00999999999999,97.00999999999999,0.0,-0.5,0.6876151684923408,3,1.0,36.37875,2.0,0.24333333333333332,0.6666666666666666,0.6666666666666666,0.0,-1.0,2.6666666666666665,2.6666666666666665,0.0,0.0,0.0,0.0,0.0,0.0,0.0,0,7.0,3,1,0,18.0,0,Gold,1,1,4,F,Raleigh,Frozen Foods,Mainstream,2023,97.00999999999999,97.00999999999999,Active,2024-04,0
500026,1,4.0,4.0,4.0,0.0,176.11,176.11,0.0,0.0,0.0,1,1.0,44.0275,2.0,0.1,1.0,1.0,0.0,0.0,6.0,6.0,0.0,1.0,1.0,0.0,0.0,0.0,0.0,0,7.0,1,1,0,23.0,0,Gold,1,1,2,Unknown,Portland,Dairy,Mainstream,2024,176.11,176.11,Active,2024-04,0
500028,1,5.0,7.666666666666667,5.666666666666667,0.3529411764705882,267.16333333333336,230.36333333333332,0.15974764502452665,0.22857142857142854,0.3025817732706694,3,1.0,34.84739130434783,6.0,0.32,5.666666666666667,3.3333333333333335,0.7000000000000001,0.9428571428571428,1.6666666666666667,1.0,0.6666666666666667,0.3333333333333333,0.6666666666666666,1.0,1.0,2.0,2.0,1,1.0,6,0,0,53.0,0,Gold,1,1,14,M,Denver,Frozen Foods,Value,2023,248.76333333333332,230.07692307692307,Active,2024-04,0
500029,1,10.0,10.666666666666666,6.5,0.641025641025641,170.76333333333332,88.145,0.9373002817327509,1.554054054054054,0.5848761432288108,3,1.0,16.0090625,5.0,0.21200000000000002,4.666666666666667,4.5,0.037037037037037104,0.2432432432432432,0.3333333333333333,1.5,-0.7777777777777778,0.6666666666666666,0.5,1.0,0.0,1.0,1.0,1,2.0,6,0,1,55.0,0,Silver,0,1,22,M,Denver,Produce,Mainstream,2022,137.716,118.34307692307692,Active,2024-04,0
500030,2,0.0,1.3333333333333333,1.3333333333333333,0.0,43.169999999999995,54.76000000000001,-0.2116508400292187,-0.22857142857142856,0.9064249037435801,2,0.6666666666666666,32.3775,0.6666666666666666,0.21250000000000002,2.6666666666666665,2.0,0.33333333333333326,0.05714285714285713,1.0,0.0,2.0,0.3333333333333333,0.3333333333333333,0.0,1.0,1.0,0.0,0,6.0,6,0,0,25.0,0,Platinum,2,0,12,F,Spokane,Dairy,Value,2023,48.965,74.71125,Active,2024-04,0
500031,2,0.0,1.0,2.5,-0.6,25.05333333333333,69.16,-0.6377482166955852,-0.5,0.8653588706572031,1,0.6,25.05333333333333,0.0,0.3933333333333333,0.3333333333333333,1.0,-0.6666666666666667,2.2204460492503132e-17,0.3333333333333333,0.5,-0.33333333333333337,0.0,0.5,0.0,1.0,1.0,0.0,0,5.0,6,0,1,32.0,0,Silver,0,0,8,F,Columbus,Personal Care,Mainstream,2023,42.696000000000005,71.16,Active,2024-04,0
500032,2,0.0,0.6666666666666666,0.0,1.3333333333333333,22.706666666666667,0.0,3.0,0.2,1.7320508075688772,1,0.25,34.06,0.0,0.69,0.6666666666666666,0.0,1.3333333333333333,-0.2,0.3333333333333333,1.0,-0.6666666666666667,0.0,0.0,0.0,0.0,0.0,0.0,0,7.0,4,0,0,68.0,0,Platinum,2,0,5,F,Portland,Produce,Value,2023,17.03,68.12,Active,2024-04,1
500033,2,0.0,3.3333333333333335,4.0,-0.16666666666666663,96.38999999999999,130.89666666666668,-0.263617611856681,-0.7428571428571429,0.6253307485731227,2,0.8333333333333334,28.916999999999994,1.3333333333333333,0.196,2.3333333333333335,5.333333333333333,-0.5625,-1.0,1.0,1.3333333333333333,-0.24999999999999994,1.0,0.6666666666666666,0.0,0.0,0.0,0.0,0,7.0,6,0,0,34.0,0,Silver,0,1,14,F,Nashville,Beverages,Value,2023,113.64333333333333,162.64166666666668,Active,2024-04,0
500034,7,0.0,0.0,0.0,0.0,0.0,0.0,0.0,0.0,0.0,0,0.0,0.0,0.0,0.0,0.0,0.0,0.0,0.0,0.0,0.0,0.0,0.0,0.0,0.0,0.0,0.0,0.0,0,7.0,6,0,0,24.0,0,Gold,1,1,31,Other,Madison,Bakery,Mainstream,2021,0.0,51.85999999999999,Lapsed,2024-04,1
500036,7,0.0,0.0,0.0,0.0,0.0,0.0,0.0,0.0,0.0,0,0.0,0.0,0.0,0.0,0.0,0.0,0.0,0.0,0.0,0.0,0.0,0.0,0.0,0.0,0.0,0.0,0.0,0,7.0,6,0,0,38.0,0,Silver,0,0,14,F,Columbus,Frozen Foods,Mainstream,2023,0.0,134.1925,Lapsed,2024-04,1
500037,1,2.0,0.6666666666666666,2.0,-0.6666666666666667,19.79,63.22333333333333,-0.686982654083408,-0.22857142857142856,0.711426433997568,1,0.6666666666666666,29.685,0.6666666666666666,0.2425,0.3333333333333333,0.3333333333333333,0.0,0.05714285714285714,0.6666666666666666,0.3333333333333333,0.6666666666666666,0.0,1.6666666666666667,0.0,2.0,2.0,1.0,0,4.0,6,0,0,46.0,0,Silver,0,0,22,M,Tulsa,Personal Care,Upscale,2022,41.50666666666667,66.08461538461539,Active,2024-04,0
500038,1,1.0,2.0,3.6666666666666665,-0.45454545454545453,55.53333333333333,102.94666666666666,-0.4605621033544877,-0.5999999999999999,0.7061763035425268,3,1.0,27.766666666666666,2.0,0.27999999999999997,2.6666666666666665,2.6666666666666665,0.0,0.11428571428571428,3.0,2.0,0.5,0.3333333333333333,0.6666666666666666,2.0,0.0,2.0,1.0,1,1.0,6,0,0,46.0,0,Silver,0,1,37,Other,Spokane,Snacks,Upscale,2021,79.24,82.99230769230768,Active,2024-04,0
500039,1,7.0,6.0,7.333333333333333,-0.1818181818181818,175.80333333333337,220.79999999999998,-0.20378925120772923,-0.05714285714285714,0.25138684880941364,3,1.0,29.30055555555556,3.6666666666666665,0.33,4.0,3.3333333333333335,0.19999999999999996,-0.22857142857142856,2.6666666666666665,1.0,1.6666666666666665,0.6666666666666666,0.3333333333333333,0.0,0.0,0.0,0.0,0,7.0,6,0,0,24.0,0,Silver,0,1,15,M,Tulsa,Dairy,Mainstream,2023,198.3016666666667,222.32,Active,2024-04,0
500040,1,6.0,6.0,5.666666666666667,0.05882352941176465,182.08,150.20000000000002,0.21225033288948064,-0.20000000000000004,0.2214314655981112,3,1.0,30.346666666666668,5.333333333333333,0.27166666666666667,2.6666666666666665,2.0,0.33333333333333326,0.05714285714285713,1.3333333333333333,0.6666666666666666,1.0,0.3333333333333333,0.3333333333333333,0.0,0.0,0.0,0.0,0,7.0,6,0,0,24.0,0,Silver,0,1,22,F,Nashville,Dairy,Upscale,2022,166.14,145.47857142857143,Active,2024-04,0
500041,1,6.0,4.333333333333333,5.333333333333333,-0.1875,129.81333333333333,161.45000000000002,-0.19595333952720148,0.2,0.4756207327774842,3,1.0,29.95692307692308,3.0,0.24833333333333338,3.3333333333333335,3.3333333333333335,0.0,0.4,1.0,1.6666666666666667,-0.4,2.0,0.6666666666666666,1.0,0.0,1.0,0.0,0,1.0,6,0,0,29.0,0,Silver,0,1,16,F,Madison,Personal Care,Mainstream,2022,145.63166666666666,171.31923076923078,Active,2024-04,0
500044,4,0.0,0.0,2.6666666666666665,-1.0,0.0,69.37333333333333,-1.0,-0.5142857142857142,1.4879378588485097,0,0.3333333333333333,0.0,0.0,0.345,0.3333333333333333,2.0,-0.8333333333333334,-0.42857142857142855,0.3333333333333333,0.3333333333333333,0.0,0.0,0.6666666666666666,1.0,0.0,1.0,0.0,0,2.0,6,0,0,33.0,0,Silver,0,0,24,M,Raleigh,Personal Care,Mainstream,2022,34.68666666666667,117.16900000000001,Lapsed,2024-04,1
500045,7,0.0,0.0,0.0,0.0,0.0,0.0,0.0,0.0,0.0,0,0.0,0.0,0.0,0.0,0.0,0.0,0.0,0.0,0.0,0.0,0.0,0.0,0.0,0.0,0.0,0.0,0.0,0,7.0,6,0,0,38.0,0,Silver,0,1,20,Other,Columbus,Household,Value,2022,0.0,94.064,Lapsed,2024-04,1
500046,1,7.0,5.333333333333333,6.666666666666667,-0.20000000000000007,255.78,365.3333333333333,-0.2998722627737226,-0.17142857142857143,0.2906909338804937,3,1.0,47.95875,2.6666666666666665,0.37333333333333335,2.3333333333333335,1.3333333333333333,0.7500000000000002,-0.08571428571428572,1.0,0.6666666666666666,0.5000000000000001,0.6666666666666666,0.6666666666666666,0.0,0.0,0.0,0.0,0,7.0,6,0,0,58.0,0,Platinum,2,1,25,M,Boise,Bakery,Mainstream,2022,310.5566666666667,319.94066666666663,Active,2024-04,0
500047,7,0.0,0.0,0.0,0.0,0.0,0.0,0.0,0.0,0.0,0,0.0,0.0,0.0,0.0,0.0,0.0,0.0,0.0,0.0,0.0,0.0,0.0,0.0,0.0,0.0,0.0,0.0,0,7.0,6,0,0,37.0,0,Gold,1,1,36,F,Raleigh,Dairy,Mainstream,2021,0.0,141.67499999999998,Lapsed,2024-04,1
500048,1,2.0,3.0,4.0,-0.25,127.96999999999998,168.56,-0.24080446131941158,-0.3,0.4080615046618171,3,1.0,42.65666666666666,2.3333333333333335,0.21,0.6666666666666666,4.0,-0.8333333333333334,-0.8,0.3333333333333333,1.0,-0.6666666666666667,0.6666666666666666,1.0,0.0,0.0,0.0,0.0,0,7.0,4,0,0,74.0,0,Silver,0,0,5,M,Denver,Produce,Upscale,2023,138.1175,138.1175,Active,2024-04,0
500050,1,3.0,3.0,5.0,-0.4,92.72333333333334,181.93,-0.4903351105736638,-0.48837209302325574,0.4375190826694093,3,1.0,30.90777777777778,2.0,0.302,2.3333333333333335,3.5,-0.3333333333333333,-0.19767441860465113,0.6666666666666666,0.0,1.3333333333333333,0.0,0.0,0.0,1.0,1.0,0.0,0,5.0,6,0,1,38.0,0,Platinum,2,0,16,F,Denver,Frozen Foods,Value,2022,128.406,122.57285714285715,Active,2024-04,0
500051,1,4.0,3.3333333333333335,3.6666666666666665,-0.09090909090909083,92.49000000000001,104.21666666666665,-0.11252198944506618,-0.3142857142857143,0.45339268633998864,3,1.0,27.747,2.6666666666666665,0.18833333333333332,2.6666666666666665,3.3333333333333335,-0.20000000000000007,0.05714285714285714,1.6666666666666667,2.6666666666666665,-0.37499999999999994,1.3333333333333333,1.0,0.0,0.0,0.0,0.0,0,7.0,6,0,0,61.0,0,Silver,0,1,13,F,Boise,Personal Care,Mainstream,2023,98.35333333333335,102.26,Active,2024-04,0
500052,1,7.0,8.0,5.666666666666667,0.41176470588235287,371.745,237.48666666666668,0.5653299834376666,-0.10810810810810807,0.47071553780784375,2,1.0,46.468125,4.5,0.32999999999999996,2.0,3.6666666666666665,-0.45454545454545453,-0.7432432432432432,0.0,0.6666666666666666,-1.0,1.0,1.0,0.0,0.0,0.0,0.0,0,7.0,6,0,1,63.0,0,Gold,1,0,9,F,Portland,Snacks,Value,2023,291.18999999999994,267.4614285714286,Active,2024-04,0
500054,1,3.0,3.3333333333333335,3.0,0.11111111111111116,147.48999999999998,130.81666666666666,0.12745572684418385,0.2,0.3364376626287999,3,1.0,44.24699999999999,1.0,0.33166666666666667,1.6666666666666667,0.6666666666666666,1.5,0.37142857142857144,2.0,1.6666666666666667,0.19999999999999996,0.3333333333333333,0.3333333333333333,1.0,0.0,1.0,0.0,0,3.0,6,0,0,25.0,0,Gold,1,1,15,F,Madison,Snacks,Mainstream,2023,139.15333333333334,146.27142857142857,Active,2024-04,0
500055,5,0.0,0.0,1.3333333333333333,-1.0,0.0,25.323333333333334,-1.0,-0.5142857142857142,1.6578958086180287,0,0.3333333333333333,0.0,0.0,0.365,0.0,1.3333333333333333,-1.0,-0.4,0.0,0.3333333333333333,-0.6666666666666666,0.0,0.0,0.0,2.0,2.0,0.0,0,5.0,6,0,0,34.0,0,Silver,0,1,31,F,Tulsa,Beverages,Value,2021,12.661666666666667,75.536,Lapsed,2024-04,1
500057,1,12.0,8.0,7.0,0.14285714285714285,298.0933333333333,259.98333333333335,0.14658631963587393,0.8857142857142857,0.38615134342257784,3,1.0,37.26166666666666,4.666666666666667,0.37333333333333335,5.0,2.6666666666666665,0.8750000000000001,0.4857142857142857,1.0,1.0,0.0,0.3333333333333333,0.3333333333333333,2.0,0.0,2.0,0.0,0,3.0,6,0,0,39.0,0,Silver,0,0,15,F,Portland,Dairy,Mainstream,2023,279.03833333333336,243.17000000000002,Active,2024-04,0
500058,1,5.0,6.333333333333333,4.333333333333333,0.46153846153846156,277.43,180.53333333333333,0.5367245199409159,0.4,0.4491186670583481,3,1.0,43.804736842105264,3.0,0.33499999999999996,3.3333333333333335,3.3333333333333335,0.0,0.05714285714285714,1.3333333333333333,0.6666666666666666,1.0,0.0,0.0,0.0,1.0,1.0,1.0,0,5.0,6,0,0,42.0,0,Platinum,2,1,37,F,Boise,Snacks,Value,2021,228.98166666666665,193.89333333333335,Active,2024-04,0
500059,1,2.0,2.5,6.0,-0.5833333333333334,73.115,203.43999999999997,-0.6406065670467952,-1.0,0.44486108970462857,2,1.0,29.246,3.0,0.362,0.5,3.0,-0.8333333333333334,-0.5232558139534884,0.5,2.0,-0.75,0.0,0.3333333333333333,0.0,0.0,0.0,0.0,0,7.0,6,0,1,34.0,0,Silver,0,1,36,M,Madison,Household,Unknown,2021,151.31,143.58384615384614,Active,2024-04,0
500060,1,4.0,4.0,9.0,-0.5555555555555556,116.3,272.985,-0.5739692657105702,-1.2209302325581393,0.6167981128662156,3,1.0,29.075,3.3333333333333335,0.422,3.6666666666666665,3.0,0.22222222222222218,0.3372093023255813,0.6666666666666666,0.5,0.33333333333333326,1.0,0.5,0.0,0.0,0.0,0.0,0,7.0,6,0,1,34.0,0,Silver,0,0,8,M,Raleigh,Frozen Foods,Value,2023,178.974,171.385,Active,2024-04,0
500062,1,9.0,8.333333333333334,4.0,1.0833333333333335,278.21333333333337,120.8,1.3030905077262696,1.0571428571428572,0.5001527940678501,3,1.0,33.385600000000004,4.666666666666667,0.2733333333333333,2.3333333333333335,2.0,0.16666666666666674,0.14285714285714285,1.6666666666666667,1.0,0.6666666666666667,1.0,0.6666666666666666,0.0,0.0,0.0,0.0,0,7.0,6,0,0,64.0,0,Gold,1,1,25,M,Denver,Frozen Foods,Mainstream,2022,199.50666666666666,228.96571428571428,Active,2024-04,0
500064,1,5.0,6.666666666666667,4.666666666666667,0.42857142857142855,235.79999999999998,153.90333333333334,0.5321305581425568,0.6857142857142857,0.5437532711664573,3,1.0,35.37,3.6666666666666665,0.27,3.6666666666666665,4.666666666666667,-0.21428571428571436,-0.20000000000000004,0.0,0.0,0.0,0.6666666666666666,0.6666666666666666,0.0,0.0,0.0,0.0,0,7.0,6,0,0,60.0,0,Gold,1,0,11,M,Spokane,Bakery,Mainstream,2023,194.8516666666667,198.825,Active,2024-04,0
500066,1,3.0,3.3333333333333335,5.333333333333333,-0.37499999999999994,80.04333333333334,110.61000000000001,-0.2763463219118224,-0.6857142857142857,0.3542749601377815,3,1.0,24.012999999999998,1.3333333333333333,0.26499999999999996,1.3333333333333333,1.3333333333333333,0.0,0.0,2.6666666666666665,1.6666666666666667,0.5999999999999999,0.3333333333333333,0.6666666666666666,1.0,0.0,1.0,0.0,0,2.0,6,0,0,25.0,0,Silver,0,1,33,F,Tulsa,Household,Mainstream,2021,95.32666666666665,91.63466666666666,Active,2024-04,0
500067,1,12.0,11.5,11.5,0.0,355.31,355.31,0.0,0.0,0.0509414314260787,2,1.0,30.896521739130435,7.5,0.08,5.0,5.0,0.0,0.0,0.0,0.0,0.0,0.5,0.5,0.0,0.0,0.0,0.0,0,7.0,2,1,0,70.0,0,Silver,0,0,3,F,Tulsa,Produce,Mainstream,2024,355.31,355.31,Active,2024-04,0
500068,5,0.0,0.0,0.6666666666666666,-1.0,0.0,15.763333333333334,-1.0,-0.22857142857142856,1.417198443228147,0,0.3333333333333333,0.0,0.0,0.305,0.0,0.0,0.0,0.0,0.0,0.0,0.0,0.0,0.0,0.0,1.0,1.0,0.0,0,6.0,6,0,0,34.0,0,Silver,0,1,25,M,Tulsa,Bakery,Mainstream,2022,7.881666666666667,53.35545454545454,Lapsed,2024-04,1
500069,1,1.0,1.3333333333333333,1.3333333333333333,0.0,59.24,66.14,-0.10432416087087992,-0.17142857142857143,0.7416341235795356,3,0.8333333333333334,44.43000000000001,2.0,0.45,0.0,2.3333333333333335,-1.0,-0.6,0.6666666666666666,2.0,-0.6666666666666667,0.3333333333333333,0.6666666666666666,2.0,0.0,2.0,1.0,1,1.0,6,0,0,23.0,0,Gold,1,1,20,F,Portland,Dairy,Mainstream,2022,62.69,95.69583333333333,Active,2024-04,1
500070,1,6.0,6.333333333333333,4.0,0.5833333333333333,293.8566666666666,174.79,0.6811983904494916,0.7,0.21347518419700764,3,1.0,46.398421052631576,3.0,0.3625,2.0,3.0,-0.3333333333333333,-0.9,1.0,2.0,-0.5,0.3333333333333333,0.0,1.0,0.0,1.0,0.0,0,1.0,4,0,0,64.0,0,Gold,1,1,4,M,Madison,Beverages,Mainstream,2023,264.09,264.09,Active,2024-04,0
500071,1,4.0,6.0,6.5,-0.07692307692307693,233.5533333333333,248.635,-0.06065785857448339,-0.8,0.5338006697529059,3,1.0,38.925555555555555,4.0,0.32599999999999996,3.0,6.0,-0.5,-0.6,1.0,0.0,2.0,0.0,1.5,0.0,0.0,0.0,0.0,0,7.0,6,0,1,18.0,0,Gold,1,0,32,F,Portland,Snacks,Upscale,2021,239.586,331.1007142857143,Active,2024-04,0
500072,1,1.0,3.0,4.0,-0.25,63.36000000000001,84.49333333333334,-0.25011835253274417,-0.2,0.47338523463123827,3,1.0,21.12,2.0,0.425,1.6666666666666667,1.6666666666666667,0.0,-0.22857142857142856,0.3333333333333333,0.3333333333333333,0.0,0.3333333333333333,1.0,2.0,0.0,2.0,0.0,0,1.0,6,0,0,74.0,0,Silver,0,0,32,F,Columbus,Personal Care,Mainstream,2021,73.92666666666668,90.06133333333334,Active,2024-04,0
500073,1,2.0,2.0,3.0,-0.3333333333333333,54.626666666666665,87.72000000000001,-0.3772609819121448,-0.02857142857142857,0.5237655929349536,3,1.0,27.313333333333333,1.6666666666666667,0.21666666666666667,1.0,1.6666666666666667,-0.4,-0.2857142857142857,0.6666666666666666,1.0,-0.33333333333333337,0.6666666666666666,0.3333333333333333,1.0,0.0,1.0,0.0,0,3.0,6,0,0,29.0,0,Silver,0,1,18,M,Madison,Frozen Foods,Value,2022,71.17333333333333,76.12692307692308,Active,2024-04,0
500074,7,0.0,0.0,0.0,0.0,0.0,0.0,0.0,0.0,0.0,0,0.0,0.0,0.0,0.0,0.0,0.0,0.0,0.0,0.0,0.0,0.0,0.0,0.0,0.0,0.0,0.0,0.0,0,7.0,6,0,0,52.0,0,Gold,1,1,36,M,Tulsa,Dairy,Value,2021,0.0,58.87888888888889,Lapsed,2024-04,1
500075,1,1.0,4.333333333333333,2.6666666666666665,0.625,87.08999999999999,52.60999999999999,0.655388709370842,0.08571428571428572,0.6564300971005651,3,1.0,20.097692307692306,3.6666666666666665,0.35000000000000003,1.3333333333333333,2.6666666666666665,-0.5,-0.17142857142857143,0.0,0.0,0.0,1.0,1.6666666666666667,2.0,0.0,2.0,1.0,1,1.0,6,0,0,32.0,0,Silver,0,0,23,F,Denver,Bakery,Mainstream,2022,69.85,78.1842857142857,Active,2024-04,0
500076,1,2.0,3.6666666666666665,1.3333333333333333,1.7499999999999998,125.78000000000002,49.24666666666667,1.5540814945173955,0.37142857142857144,0.7096131188583098,3,0.8333333333333334,34.30363636363637,3.0,0.298,0.3333333333333333,1.3333333333333333,-0.75,-0.2571428571428571,0.3333333333333333,0.0,0.6666666666666666,1.0,0.0,0.0,0.0,0.0,0.0,0,7.0,6,0,0,67.0,0,Gold,1,0,34,F,Tulsa,Beverages,Mainstream,2021,87.51333333333334,129.57153846153847,Active,2024-04,0
500077,5,0.0,0.0,2.0,-1.0,0.0,88.15333333333335,-1.0,-0.6857142857142857,1.4143274141776252,0,0.3333333333333333,0.0,0.0,0.21000000000000002,0.3333333333333333,1.0,-0.6666666666666667,-0.1714285714285714,0.0,1.6666666666666667,-1.0,0.0,1.0,0.0,1.0,1.0,0.0,0,6.0,6,0,0,58.0,0,Platinum,2,1,36,M,Columbus,Household,Upscale,2021,44.076666666666675,96.31181818181818,Lapsed,2024-04,1
500078,1,3.0,2.0,3.3333333333333335,-0.4,82.83,156.83,-0.47184849837403564,-0.4,0.5835752678622805,3,1.0,41.415,2.0,0.2416666666666666,1.0,1.3333333333333333,-0.24999999999999994,-0.08571428571428572,1.6666666666666667,0.3333333333333333,2.666666666666667,0.6666666666666666,0.6666666666666666,0.0,1.0,1.0,0.0,0,5.0,6,0,0,74.0,0,Platinum,2,1,21,M,Boise,Bakery,Value,2022,119.83,100.87307692307692,Active,2024-04,0
500079,5,0.0,0.0,1.6666666666666667,-1.0,0.0,60.913333333333334,-1.0,-0.5428571428571428,1.5176474619191398,0,0.3333333333333333,0.0,0.0,0.365,0.0,1.0,-1.0,-0.42857142857142855,0.0,0.3333333333333333,-0.6666666666666666,0.0,0.3333333333333333,0.0,0.0,0.0,0.0,0,7.0,6,0,0,63.0,0,Silver,0,1,10,F,Spokane,Produce,Value,2023,30.456666666666667,75.804,Lapsed,2024-04,1
500080,1,5.0,4.666666666666667,5.0,-0.06666666666666661,174.76333333333332,240.24,-0.27254689754689765,-0.3,0.25251106682896945,3,1.0,37.44928571428571,2.0,0.20249999999999999,3.3333333333333335,5.0,-0.3333333333333333,-0.7,2.0,2.0,0.0,0.3333333333333333,1.0,0.0,0.0,0.0,0.0,0,7.0,4,0,0,60.0,0,Platinum,2,1,5,Unknown,Denver,Dairy,Value,2023,191.1325,191.1325,Active,2024-04,0
500081,1,7.0,4.666666666666667,6.666666666666667,-0.3,141.00666666666666,221.21333333333334,-0.3625760954734495,0.17142857142857146,0.5395620642050801,3,1.0,30.21571428571428,2.3333333333333335,0.25,1.6666666666666667,2.3333333333333335,-0.28571428571428575,0.05714285714285714,1.6666666666666667,1.0,0.6666666666666667,0.3333333333333333,1.3333333333333333,1.0,1.0,2.0,2.0,1,1.0,6,0,0,71.0,0,Silver,0,1,21,M,Denver,Household,Unknown,2022,181.10999999999999,181.45600000000002,Active,2024-04,0
500082,5,0.0,0.0,0.6666666666666666,-1.0,0.0,28.343333333333334,-1.0,-0.22857142857142856,1.419823430854739,0,0.3333333333333333,0.0,0.0,0.26,0.0,0.0,0.0,0.0,0.0,0.0,0.0,0.0,0.3333333333333333,0.0,1.0,1.0,1.0,0,5.0,6,0,0,54.0,0,Platinum,2,0,7,Other,Boise,Household,Value,2023,14.171666666666667,42.515,Lapsed,2024-04,1
500083,1,3.0,3.5,4.5,-0.2222222222222222,107.495,133.885,-0.19710945961086,-0.3389830508474576,0.24871010674648059,2,1.0,30.712857142857143,2.0,0.27749999999999997,3.0,3.5,-0.14285714285714285,-0.15254237288135594,2.5,1.5,0.6666666666666666,0.5,1.0,0.0,0.0,0.0,0.0,0,7.0,6,0,2,30.0,0,Gold,1,1,28,M,Portland,Bakery,Value,2021,120.69,160.1525,Active,2024-04,0
500084,4,0.0,0.0,2.6666666666666665,-1.0,0.0,66.81,-1.0,-0.7428571428571429,1.0384790996465592,0,0.5,0.0,0.0,0.20666666666666667,0.0,3.0,-1.0,-0.9428571428571428,0.0,0.0,0.0,0.0,0.3333333333333333,1.0,0.0,1.0,0.0,0,2.0,6,0,0,30.0,0,Silver,0,1,35,M,Spokane,Dairy,Value,2021,33.405,99.19916666666666,Lapsed,2024-04,1
500085,2,0.0,1.6666666666666667,2.0,-0.16666666666666663,48.19333333333333,57.24333333333333,-0.1580970127525768,-0.3714285714285715,0.7701844621662803,2,0.6666666666666666,28.915999999999997,1.0,0.47000000000000003,0.6666666666666666,1.3333333333333333,-0.5,-0.2857142857142857,0.0,0.0,0.0,0.0,0.3333333333333333,1.0,1.0,2.0,0.0,0,2.0,6,0,0,55.0,0,Gold,1,0,9,M,Tulsa,Beverages,Mainstream,2023,52.718333333333334,86.918,Active,2024-04,1
500086,7,0.0,0.0,0.0,0.0,0.0,0.0,0.0,0.0,0.0,0,0.0,0.0,0.0,0.0,0.0,0.0,0.0,0.0,0.0,0.0,0.0,0.0,0.0,0.0,0.0,0.0,0.0,0,7.0,6,0,0,39.0,0,Silver,0,0,21,M,Tulsa,Bakery,Mainstream,2022,0.0,136.148,Lapsed,2024-04,1
500088,1,2.0,3.6666666666666665,5.0,-0.2666666666666667,86.50666666666666,118.595,-0.2705707098388072,-0.5,0.452412929927378,3,1.0,23.592727272727274,3.0,0.42200000000000004,3.3333333333333335,3.5,-0.047619047619047575,0.4,2.6666666666666665,1.0,1.6666666666666665,1.0,0.0,0.0,0.0,0.0,0.0,0,7.0,5,0,0,53.0,0,Silver,0,1,6,F,Austin,Dairy,Unknown,2023,99.342,99.342,Active,2024-04,0
500089,7,0.0,0.0,0.0,0.0,0.0,0.0,0.0,0.0,0.0,0,0.0,0.0,0.0,0.0,0.0,0.0,0.0,0.0,0.0,0.0,0.0,0.0,0.0,0.0,0.0,0.0,0.0,0,7.0,6,0,0,20.0,0,Gold,1,1,14,F,Portland,Dairy,Value,2023,0.0,70.09666666666666,Lapsed,2024-04,1
500090,4,0.0,0.0,3.6666666666666665,-1.0,0.0,132.87333333333333,-1.0,-1.0571428571428572,1.1229836134167561,0,0.5,0.0,0.0,0.15666666666666665,0.0,2.3333333333333335,-1.0,-0.4857142857142858,0.0,0.3333333333333333,-0.6666666666666666,0.0,0.0,0.0,2.0,2.0,0.0,0,4.0,6,0,0,70.0,0,Silver,0,0,33,M,Spokane,Personal Care,Value,2021,66.43666666666667,220.2027272727273,Lapsed,2024-04,1
500091,1,5.0,4.0,7.0,-0.42857142857142855,100.51666666666667,163.29333333333332,-0.38444108761329304,-0.7142857142857143,0.28518368354252016,3,1.0,25.129166666666666,2.0,0.26833333333333337,3.6666666666666665,3.0,0.22222222222222218,0.4,1.3333333333333333,0.6666666666666666,1.0,0.3333333333333333,0.6666666666666666,0.0,0.0,0.0,0.0,0,7.0,6,0,0,73.0,0,Silver,0,0,37,F,Raleigh,Frozen Foods,Value,2021,131.905,156.47066666666666,Active,2024-04,0
500092,2,0.0,0.3333333333333333,3.6666666666666665,-0.9090909090909091,9.783333333333333,102.88333333333334,-0.9049084723797182,-0.8,1.018082430365922,1,0.6666666666666666,29.35,0.0,0.3025,0.0,1.3333333333333333,-1.0,-0.5142857142857142,0.6666666666666666,1.3333333333333333,-0.5,0.0,0.0,0.0,1.0,1.0,0.0,0,5.0,6,0,0,35.0,0,Silver,0,1,24,M,Austin,Snacks,Value,2022,56.333333333333336,148.97076923076924,Active,2024-04,1
500093,1,1.0,3.6666666666666665,5.0,-0.2666666666666667,139.22666666666666,152.52,-0.0871579683538772,-1.4000000000000001,0.8149809343523156,3,1.0,37.97090909090909,3.3333333333333335,0.32599999999999996,3.3333333333333335,3.5,-0.047619047619047575,-0.5,0.6666666666666666,0.5,0.33333333333333326,0.3333333333333333,0.0,0.0,1.0,1.0,1.0,0,4.0,6,0,1,34.0,0,Gold,1,1,22,M,Denver,Household,Value,2022,144.544,159.9385714285714,Active,2024-04,0
500094,7,0.0,0.0,0.0,0.0,0.0,0.0,0.0,0.0,0.0,0,0.0,0.0,0.0,0.0,0.0,0.0,0.0,0.0,0.0,0.0,0.0,0.0,0.0,0.0,0.0,0.0,0.0,0,7.0,6,0,0,40.0,0,Silver,0,1,21,M,Columbus,Beverages,Value,2022,0.0,72.88,Lapsed,2024-04,1
500095,1,2.0,2.0,2.0,0.0,62.15,62.15,0.0,0.0,0.0,1,1.0,31.075,1.0,0.31,2.0,2.0,0.0,0.0,0.0,0.0,0.0,2.0,2.0,0.0,0.0,0.0,0.0,0,7.0,1,1,0,64.0,0,Gold,1,0,2,F,Portland,Personal Care,Mainstream,2024,62.15,62.15,Active,2024-04,0
500096,1,6.0,4.5,4.333333333333333,0.03846153846153853,196.66500000000002,217.97333333333336,-0.09775660631269881,-0.04651162790697674,0.41071470836048296,2,1.0,43.70333333333334,1.5,0.28200000000000003,4.0,3.3333333333333335,0.19999999999999996,-0.186046511627907,0.5,0.3333333333333333,0.33333333333333337,1.0,0.6666666666666666,0.0,0.0,0.0,0.0,0,7.0,6,0,1,46.0,1,Platinum,2,0,14,F,Madison,Dairy,Value,2023,209.45,218.39916666666667,Active,2024-04,0
500097,1,3.0,4.666666666666667,5.666666666666667,-0.1764705882352941,151.26999999999998,179.34,-0.15651834504293533,-0.7142857142857143,0.30189842375184595,3,1.0,32.41499999999999,2.3333333333333335,0.2783333333333334,3.3333333333333335,1.6666666666666667,1.0,0.08571428571428572,1.6666666666666667,1.6666666666666667,0.0,0.3333333333333333,0.0,0.0,1.0,1.0,0.0,0,4.0,6,0,0,28.0,0,Silver,0,1,37,M,Portland,Frozen Foods,Mainstream,2021,165.30499999999998,194.58866666666665,Active,2024-04,0
500098,1,3.0,5.0,6.333333333333333,-0.21052631578947364,176.87,206.13,-0.14194925532430985,-0.2857142857142857,0.2477347813921901,3,1.0,35.374,1.3333333333333333,0.26500000000000007,2.6666666666666665,1.0,1.6666666666666665,0.2571428571428571,3.0,2.6666666666666665,0.12500000000000006,0.0,1.0,0.0,0.0,0.0,0.0,0,7.0,6,0,0,46.0,1,Gold,1,1,15,F,Raleigh,Beverages,Mainstream,2023,191.5,143.44384615384615,Active,2024-04,0
500099,5,0.0,0.0,1.6666666666666667,-1.0,0.0,56.11000000000001,-1.0,-0.6571428571428571,1.792064898246578,0,0.3333333333333333,0.0,0.0,0.33,0.0,0.0,0.0,0.0,0.0,0.0,0.0,0.0,0.0,0.0,0.0,0.0,0.0,0,7.0,6,0,0,41.0,0,Silver,0,1,8,M,Madison,Produce,Mainstream,2023,28.055000000000003,96.08333333333333,Lapsed,2024-04,1
500100,1,4.0,3.6666666666666665,3.3333333333333335,0.09999999999999991,93.96666666666665,78.02666666666666,0.20428913192071085,0.2571428571428571,0.3953954180275563,3,1.0,25.627272727272725,3.6666666666666665,0.25833333333333336,0.6666666666666666,1.6666666666666667,-0.6,-0.3142857142857143,1.0,0.6666666666666666,0.5000000000000001,0.6666666666666666,1.6666666666666667,0.0,1.0,1.0,1.0,0,4.0,6,0,0,43.0,0,Gold,1,1,9,F,Portland,Produce,Mainstream,2023,85.99666666666667,99.9525,Active,2024-04,0
500101,7,0.0,0.0,0.0,0.0,0.0,0.0,0.0,0.0,0.0,0,0.0,0.0,0.0,0.0,0.0,0.0,0.0,0.0,0.0,0.0,0.0,0.0,0.0,0.0,0.0,0.0,0.0,0,7.0,6,0,0,71.0,0,Gold,1,0,27,F,Portland,Frozen Foods,Value,2022,0.0,58.394999999999996,Lapsed,2024-04,1
500103,1,6.0,3.6666666666666665,3.6666666666666665,0.0,121.16666666666667,117.26333333333334,0.03328690411893461,0.17142857142857143,0.5033822000156947,3,1.0,33.04545454545455,1.6666666666666667,0.3516666666666666,3.6666666666666665,2.3333333333333335,0.5714285714285713,0.6857142857142857,2.3333333333333335,1.6666666666666667,0.4,0.3333333333333333,0.0,0.0,1.0,1.0,0.0,0,6.0,6,0,0,24.0,0,Gold,1,1,37,F,Portland,Dairy,Upscale,2021,119.21499999999999,122.65133333333333,Active,2024-04,0
500104,1,2.0,3.3333333333333335,2.6666666666666665,0.2500000000000001,75.18333333333334,64.29666666666667,0.1693193011560994,-0.05714285714285714,0.35267250250988474,3,1.0,22.555,2.0,0.405,1.6666666666666667,2.3333333333333335,-0.28571428571428575,-0.17142857142857143,2.3333333333333335,0.3333333333333333,3.0,0.0,0.3333333333333333,1.0,1.0,2.0,0.0,0,3.0,6,0,0,31.0,0,Silver,0,1,33,F,Tulsa,Bakery,Unknown,2021,69.74000000000001,68.54083333333334,Active,2024-04,0
500105,1,3.0,3.0,3.6666666666666665,-0.1818181818181818,116.30666666666667,139.53,-0.16643971427888862,-0.2857142857142857,0.46170677985290975,3,1.0,38.76888888888889,1.3333333333333333,0.22666666666666666,1.6666666666666667,1.3333333333333333,0.2500000000000001,0.14285714285714285,0.6666666666666666,0.3333333333333333,0.6666666666666666,0.6666666666666666,1.3333333333333333,0.0,1.0,1.0,1.0,0,6.0,6,0,0,32.0,0,Silver,0,0,21,F,Tulsa,Personal Care,Mainstream,2022,127.91833333333335,117.02199999999999,Active,2024-04,0
500106,1,4.0,5.0,4.0,0.25,256.11,178.5333333333333,0.4345220313666919,0.3142857142857143,0.3352011303840234,3,1.0,51.222,4.333333333333333,0.315,2.0,2.0,0.0,-0.11428571428571428,0.3333333333333333,0.0,0.6666666666666666,0.6666666666666666,0.0,0.0,0.0,0.0,0.0,0,7.0,6,0,0,55.0,0,Platinum,2,0,17,M,Austin,Personal Care,Value,2022,217.32166666666672,199.79857142857142,Active,2024-04,0
500107,7,0.0,0.0,0.0,0.0,0.0,0.0,0.0,0.0,0.0,0,0.0,0.0,0.0,0.0,0.0,0.0,0.0,0.0,0.0,0.0,0.0,0.0,0.0,0.0,0.0,0.0,0.0,0,7.0,6,0,0,42.0,0,Silver,0,1,29,Other,Portland,Frozen Foods,Value,2021,0.0,118.9725,Lapsed,2024-04,1
500108,1,5.0,5.0,8.0,-0.375,169.62,247.16333333333333,-0.3137331589097627,-1.1714285714285715,0.5453348951770736,3,1.0,33.924,2.6666666666666665,0.36166666666666664,2.3333333333333335,2.0,0.16666666666666674,0.3142857142857143,0.3333333333333333,1.3333333333333333,-0.75,0.0,1.0,1.0,0.0,1.0,0.0,0,1.0,6,0,0,56.0,0,Silver,0,1,20,F,Columbus,Bakery,Unknown,2022,208.39166666666665,191.95071428571427,Active,2024-04,0
500109,7,0.0,0.0,0.0,0.0,0.0,0.0,0.0,0.0,0.0,0,0.0,0.0,0.0,0.0,0.0,0.0,0.0,0.0,0.0,0.0,0.0,0.0,0.0,0.0,0.0,0.0,0.0,0,7.0,6,0,0,30.0,0,Silver,0,0,18,F,Nashville,Household,Upscale,2022,0.0,34.114999999999995,Lapsed,2024-04,1
500110,1,5.0,6.333333333333333,6.666666666666667,-0.050000000000000086,261.29333333333335,278.3333333333333,-0.06122155688622742,-0.2,0.17702942064797725,3,1.0,41.25684210526316,1.6666666666666667,0.29,3.3333333333333335,2.6666666666666665,0.2500000000000001,0.2857142857142857,0.6666666666666666,0.0,1.3333333333333333,0.3333333333333333,0.3333333333333333,0.0,2.0,2.0,1.0,0,5.0,6,0,0,44.0,0,Platinum,2,0,12,F,Madison,Snacks,Value,2023,269.81333333333333,345.62545454545455,Active,2024-04,0
500111,1,3.0,3.3333333333333335,4.666666666666667,-0.28571428571428575,126.37,167.65666666666667,-0.24625723204167244,-0.5142857142857142,0.35520734821343747,3,1.0,37.911,3.6666666666666665,0.25333333333333335,2.6666666666666665,4.666666666666667,-0.42857142857142866,-0.6285714285714286,0.0,0.6666666666666666,-1.0,1.3333333333333333,1.0,0.0,1.0,1.0,0.0,0,5.0,6,0,0,46.0,1,Platinum,2,0,17,M,Denver,Household,Mainstream,2022,147.01333333333335,156.21466666666666,Active,2024-04,0
500112,1,5.0,5.0,2.6666666666666665,0.8750000000000001,111.68333333333334,58.0,0.9255747126436782,0.5428571428571428,0.34754334789598357,3,1.0,22.336666666666666,3.0,0.21333333333333335,4.0,1.3333333333333333,2.0000000000000004,0.5714285714285714,0.0,1.0,-1.0,0.3333333333333333,1.0,0.0,0.0,0.0,0.0,0,7.0,6,0,0,28.0,0,Silver,0,0,28,F,Madison,Frozen Foods,Value,2021,84.84166666666667,95.99466666666667,Active,2024-04,0
500113,1,4.0,4.0,4.0,0.0,107.8,107.8,0.0,0.0,0.0,1,1.0,26.95,3.0,0.14,3.0,3.0,0.0,0.0,1.0,1.0,0.0,1.0,1.0,0.0,0.0,0.0,0.0,0,7.0,1,1,0,29.0,0,Silver,0,1,2,M,Boise,Bakery,Value,2024,107.8,107.8,Active,2024-04,0
500115,1,5.0,3.6666666666666665,4.333333333333333,-0.15384615384615383,83.83,118.43999999999998,-0.29221546774738255,0.0,0.5652136981552074,3,1.0,22.862727272727273,2.3333333333333335,0.3516666666666666,3.0,1.0,2.0,0.5142857142857142,1.0,0.3333333333333333,1.3333333333333335,1.0,0.0,0.0,1.0,1.0,0.0,0,5.0,6,0,0,56.0,0,Gold,1,1,27,Unknown,Austin,Dairy,Unknown,2022,101.13499999999999,111.31533333333333,Active,2024-04,0
500116,7,0.0,0.0,0.0,0.0,0.0,0.0,0.0,0.0,0.0,0,0.0,0.0,0.0,0.0,0.0,0.0,0.0,0.0,0.3333333333333333,0.3333333333333333,0.0,0.0,0.0,0.0,0.0,0.0,0.0,0,7.0,6,0,0,60.0,0,Silver,0,1,14,F,Raleigh,Bakery,Mainstream,2023,0.0,36.67333333333334,Lapsed,2024-04,1
500117,1,1.0,3.0,2.3333333333333335,0.28571428571428564,101.04666666666667,82.89333333333333,0.21899630046646296,0.05714285714285714,0.5001086926933472,3,1.0,33.68222222222222,1.0,0.275,1.3333333333333333,3.3333333333333335,-0.6,-0.5142857142857142,0.3333333333333333,0.0,0.6666666666666666,1.0,0.3333333333333333,0.0,0.0,0.0,0.0,0,7.0,6,0,0,62.0,0,Gold,1,0,30,M,Madison,Snacks,Value,2021,91.97000000000001,117.62333333333332,Active,2024-04,0
500119,4,0.0,0.0,5.666666666666667,-1.0,0.0,152.8033333333333,-1.0,-1.6285714285714286,1.0789583880591447,0,0.5,0.0,0.0,0.41333333333333333,0.3333333333333333,0.6666666666666666,-0.5,-0.14285714285714285,0.0,0.0,0.0,0.0,0.0,2.0,1.0,3.0,0.0,0,3.0,6,0,0,50.0,0,Silver,0,0,34,M,Austin,Produce,Upscale,2021,76.40166666666666,169.16,Lapsed,2024-04,1
500120,1,2.0,2.0,2.0,0.0,67.12666666666667,67.12666666666667,0.0,1.0,0.8690802259208863,2,0.6666666666666666,33.56333333333333,1.6666666666666667,0.265,0.0,0.0,0.0,0.0,0.6666666666666666,0.6666666666666666,0.0,0.0,0.0,1.0,0.0,1.0,0.0,0,1.0,3,1,0,23.0,0,Silver,0,1,4,M,Portland,Beverages,Value,2023,67.12666666666667,100.69,Active,2024-04,0
500121,4,0.0,0.0,1.0,-1.0,0.0,43.15,-1.0,-0.2432432432432432,0.8194709663189962,0,0.6,0.0,0.0,0.24,0.5,2.0,-0.75,-0.29729729729729726,1.5,0.6666666666666666,1.2500000000000002,0.0,0.0,0.0,1.0,1.0,1.0,0,6.0,6,0,1,25.0,0,Platinum,2,1,15,F,Raleigh,Beverages,Value,2023,25.889999999999997,50.980000000000004,Lapsed,2024-04,1
500122,1,5.0,7.0,5.666666666666667,0.23529411764705876,151.425,132.34333333333333,0.144183059214669,-0.08108108108108109,0.2632096531028167,2,1.0,21.63214285714286,2.0,0.18400000000000002,2.0,3.6666666666666665,-0.45454545454545453,-0.33783783783783783,3.0,1.0,2.0,1.5,1.3333333333333333,0.0,0.0,0.0,0.0,0,7.0,6,0,1,44.0,0,Silver,0,1,37,F,Denver,Frozen Foods,Mainstream,2021,139.97600000000003,139.4846153846154,Active,2024-04,0
500123,1,5.0,7.666666666666667,7.666666666666667,0.0,270.3533333333333,270.3533333333333,0.0,-2.5,0.3030893604832031,3,1.0,35.26347826086956,4.0,0.15666666666666665,4.666666666666667,4.666666666666667,0.0,-3.5,0.0,0.0,0.0,0.6666666666666666,0.6666666666666666,0.0,0.0,0.0,0.0,0,7.0,3,1,0,57.0,0,Silver,0,0,4,M,Raleigh,Personal Care,Mainstream,2023,270.3533333333333,270.3533333333333,Active,2024-04,0
500124,7,0.0,0.0,0.0,0.0,0.0,0.0,0.0,0.0,0.0,0,0.0,0.0,0.0,0.0,0.0,0.0,0.0,0.0,0.0,0.0,0.0,0.0,0.0,0.0,0.0,0.0,0.0,0,7.0,6,0,0,31.0,0,Gold,1,1,25,M,Nashville,Produce,Mainstream,2022,0.0,60.405,Lapsed,2024-04,1
500125,7,0.0,0.0,0.0,0.0,0.0,0.0,0.0,0.0,0.0,0,0.0,0.0,0.0,0.0,0.0,0.0,0.0,0.0,0.0,0.0,0.0,0.0,0.0,0.0,1.0,1.0,0.0,0,6.0,6,0,0,27.0,0,Silver,0,0,27,F,Nashville,Personal Care,Mainstream,2022,0.0,167.5311111111111,Lapsed,2024-04,1
500126,2,0.0,4.666666666666667,8.5,-0.4509803921568627,200.67999999999998,411.95500000000004,-0.5128594142564116,-1.4302325581395345,0.5552725505672385,2,0.8,43.00285714285714,3.3333333333333335,0.47000000000000003,2.0,4.5,-0.5555555555555556,-0.5813953488372092,0.6666666666666666,2.0,-0.6666666666666667,0.0,1.5,0.0,0.0,0.0,0.0,0,7.0,6,0,1,63.0,0,Gold,1,1,16,F,Spokane,Beverages,Mainstream,2022,285.18999999999994,277.24,Active,2024-04,0
500127,1,11.0,8.0,8.0,0.0,225.95499999999998,225.95499999999998,0.0,0.0,0.39917240158438627,2,1.0,28.244374999999998,2.5,0.485,3.0,3.0,0.0,0.0,0.0,0.0,0.0,1.0,1.0,0.0,0.0,0.0,0.0,0,7.0,2,1,0,52.0,0,Silver,0,0,3,F,Columbus,Dairy,Upscale,2024,225.95499999999998,225.95499999999998,Active,2024-04,0
500128,1,4.0,3.6666666666666665,4.333333333333333,-0.15384615384615383,123.92,133.37,-0.07085551473344832,-0.17142857142857143,0.14485842538805477,3,1.0,33.79636363636364,2.0,0.37833333333333335,2.6666666666666665,1.0,1.6666666666666665,0.4857142857142857,2.6666666666666665,1.0,1.6666666666666665,1.3333333333333333,0.6666666666666666,0.0,0.0,0.0,0.0,0,7.0,6,0,0,64.0,0,Gold,1,1,20,M,Boise,Produce,Value,2022,128.645,120.33933333333333,Active,2024-04,0
500129,7,0.0,0.0,0.0,0.0,0.0,0.0,0.0,0.0,0.0,0,0.0,0.0,0.0,0.0,0.0,0.0,0.0,0.0,0.0,0.0,0.0,0.0,0.0,0.0,0.0,0.0,0.0,0,7.0,6,0,0,22.0,0,Silver,0,1,16,M,Austin,Frozen Foods,Value,2022,0.0,66.32666666666667,Lapsed,2024-04,1
500130,7,0.0,0.0,0.0,0.0,0.0,0.0,0.0,0.0,0.0,0,0.0,0.0,0.0,0.0,0.0,0.0,0.0,0.0,0.0,0.0,0.0,0.0,0.0,0.0,0.0,0.0,0.0,0,7.0,6,0,0,71.0,0,Gold,1,1,33,M,Columbus,Frozen Foods,Value,2021,0.0,41.464,Lapsed,2024-04,1
500131,1,4.0,3.3333333333333335,5.666666666666667,-0.4117647058823529,156.97333333333333,245.7166666666667,-0.3611612290578581,-0.6,0.2777601830022364,3,1.0,47.092,3.6666666666666665,0.2683333333333333,4.333333333333333,2.0,1.1666666666666665,0.7142857142857143,1.3333333333333333,0.0,2.6666666666666665,0.3333333333333333,1.0,0.0,0.0,0.0,0.0,0,7.0,6,0,0,64.0,0,Silver,0,1,26,M,Boise,Beverages,Mainstream,2022,201.34500000000003,190.436,Active,2024-04,0
500132,4,0.0,0.0,3.6666666666666665,-1.0,0.0,171.91,-1.0,-0.8285714285714286,1.115077517087031,0,0.5,0.0,0.0,0.35000000000000003,0.0,1.6666666666666667,-1.0,-0.4857142857142857,0.0,0.6666666666666666,-1.0,0.0,0.6666666666666666,0.0,0.0,0.0,0.0,0,7.0,6,0,0,65.0,0,Platinum,2,1,13,M,Madison,Snacks,Mainstream,2023,85.955,199.5111111111111,Lapsed,2024-04,1
500133,1,4.0,4.0,4.0,0.0,99.5,99.5,0.0,0.0,0.0,1,1.0,24.875,5.0,0.13,4.0,4.0,0.0,0.0,2.0,2.0,0.0,0.0,0.0,0.0,0.0,0.0,0.0,0,7.0,1,1,0,23.0,0,Silver,0,1,2,F,Boise,Household,Value,2024,99.5,99.5,Active,2024-04,0
500134,1,8.0,6.0,7.333333333333333,-0.1818181818181818,206.65666666666664,229.99333333333334,-0.10146670917997638,-0.2857142857142857,0.29362234767506856,3,1.0,34.44277777777777,2.0,0.2833333333333333,1.3333333333333333,2.0,-0.33333333333333337,-0.2857142857142857,2.0,1.6666666666666667,0.19999999999999996,0.6666666666666666,0.6666666666666666,1.0,1.0,2.0,0.0,0,1.0,6,0,0,54.0,0,Gold,1,1,22,M,Tulsa,Household,Value,2022,218.32499999999996,232.31666666666666,Active,2024-04,0
500135,7,0.0,0.0,0.0,0.0,0.0,0.0,0.0,0.0,0.0,0,0.0,0.0,0.0,0.0,0.0,0.0,0.0,0.0,0.0,0.0,0.0,0.0,0.0,0.0,0.0,0.0,0.0,0,7.0,6,0,0,48.0,0,Silver,0,1,10,F,Madison,Bakery,Value,2023,0.0,108.265,Lapsed,2024-04,1
500136,1,10.0,5.666666666666667,4.0,0.41666666666666674,174.87333333333333,111.80666666666666,0.5640689285075429,0.4857142857142857,0.6037411936042103,3,1.0,30.86,3.0,0.33166666666666667,2.6666666666666665,2.3333333333333335,0.1428571428571427,0.14285714285714285,1.0,0.3333333333333333,1.3333333333333335,0.6666666666666666,0.0,0.0,0.0,0.0,0.0,0,7.0,6,0,0,28.0,0,Gold,1,0,26,M,Columbus,Dairy,Value,2022,143.34,176.386,Active,2024-04,0
500137,7,0.0,0.0,0.0,0.0,0.0,0.0,0.0,0.0,0.0,0,0.0,0.0,0.0,0.0,0.0,0.0,0.0,0.0,0.0,0.0,0.0,0.0,0.0,0.0,0.0,0.0,0.0,0,7.0,6,0,0,70.0,0,Silver,0,0,33,F,Denver,Snacks,Upscale,2021,0.0,96.10333333333334,Lapsed,2024-04,1
500138,1,10.0,10.0,7.0,0.42857142857142855,389.50666666666666,307.92,0.26496059582575554,0.9428571428571428,0.3258000425319647,3,1.0,38.95066666666666,3.6666666666666665,0.2783333333333333,1.6666666666666667,3.6666666666666665,-0.5454545454545454,-0.4,1.0,1.3333333333333333,-0.24999999999999994,0.3333333333333333,1.0,1.0,0.0,1.0,0.0,0,1.0,6,0,0,64.0,0,Gold,1,1,13,F,Columbus,Snacks,Upscale,2023,348.71333333333337,397.3183333333333,Active,2024-04,0
500139,1,2.0,3.0,1.6666666666666667,0.7999999999999999,117.28333333333335,76.20333333333333,0.5390840295700102,0.2857142857142857,0.8287516351665404,3,0.8333333333333334,39.09444444444445,2.6666666666666665,0.2,1.3333333333333333,2.6666666666666665,-0.5,-0.4,0.6666666666666666,0.0,1.3333333333333333,1.0,0.3333333333333333,0.0,1.0,1.0,0.0,0,5.0,6,0,0,65.0,0,Gold,1,0,34,M,Nashville,Produce,Value,2021,96.74333333333334,111.02666666666669,Active,2024-04,0
500140,2,0.0,0.5,3.0,-0.8333333333333334,10.845,62.70333333333334,-0.8270426877890596,-0.872093023255814,0.9209588435963548,1,0.8,21.69,0.5,0.22,0.0,1.6666666666666667,-1.0,-0.17441860465116282,0.0,0.6666666666666666,-1.0,0.0,0.3333333333333333,0.0,1.0,1.0,0.0,0,4.0,6,0,1,59.0,0,Silver,0,1,19,F,Austin,Personal Care,Upscale,2022,41.96,59.939166666666665,Active,2024-04,0
500141,1,5.0,7.666666666666667,11.0,-0.303030303030303,209.23666666666668,295.0566666666667,-0.29085938294338937,-1.4285714285714286,0.3546929061750135,3,1.0,27.291739130434784,3.6666666666666665,0.37333333333333335,4.666666666666667,2.3333333333333335,1.0,0.42857142857142855,1.3333333333333333,0.6666666666666666,1.0,0.6666666666666666,0.6666666666666666,0.0,1.0,1.0,0.0,0,5.0,6,0,0,28.0,0,Silver,0,0,20,M,Nashville,Bakery,Value,2022,252.14666666666668,242.60307692307694,Active,2024-04,0
500142,1,2.0,3.3333333333333335,6.0,-0.4444444444444444,108.19666666666667,205.59666666666666,-0.4737430892199938,-1.2571428571428571,0.5024913399752224,3,1.0,32.459,1.6666666666666667,0.3499999999999999,1.6666666666666667,2.3333333333333335,-0.28571428571428575,-0.22857142857142856,0.3333333333333333,0.6666666666666666,-0.5,0.0,0.3333333333333333,0.0,0.0,0.0,0.0,0,7.0,6,0,0,60.0,0,Platinum,2,0,29,M,Nashville,Produce,Mainstream,2021,156.89666666666668,150.65733333333336,Active,2024-04,0
500143,1,2.0,4.333333333333333,3.0,0.44444444444444436,108.05999999999999,83.19,0.2989542012261088,0.2857142857142857,0.33487471516561035,3,1.0,24.936923076923076,1.3333333333333333,0.3466666666666667,2.3333333333333335,2.3333333333333335,0.0,-0.22857142857142856,1.3333333333333333,2.0,-0.33333333333333337,1.0,0.3333333333333333,1.0,0.0,1.0,1.0,1,3.0,6,0,0,44.0,0,Silver,0,1,30,M,Austin,Personal Care,Mainstream,2021,95.62499999999999,124.39,Active,2024-04,0
500145,7,0.0,0.0,0.0,0.0,0.0,0.0,0.0,0.0,0.0,0,0.0,0.0,0.0,0.0,0.0,0.0,0.0,0.0,0.0,0.0,0.0,0.0,0.0,0.0,0.0,0.0,0.0,0,7.0,6,0,0,51.0,0,Gold,1,0,38,M,Denver,Dairy,Value,2021,0.0,157.53714285714287,Lapsed,2024-04,1
500146,1,1.0,3.0,3.0,0.0,72.87333333333333,79.91,-0.0880573979059775,-0.4,0.48532950735531116,3,1.0,24.29111111111111,3.0,0.215,1.0,4.0,-0.75,-1.1,0.3333333333333333,0.0,0.6666666666666666,0.3333333333333333,0.0,0.0,0.0,0.0,0.0,0,7.0,4,0,0,65.0,0,Silver,0,1,5,M,Columbus,Dairy,Value,2023,74.6325,74.63250000000001,Active,2024-04,0
500147,7,0.0,0.0,0.0,0.0,0.0,0.0,0.0,0.0,0.0,0,0.0,0.0,0.0,0.0,0.0,0.0,0.0,0.0,0.0,0.0,0.0,0.0,0.0,0.0,0.0,0.0,0.0,0,7.0,6,0,0,47.0,0,Silver,0,0,15,F,Portland,Bakery,Mainstream,2023,0.0,102.66,Lapsed,2024-04,1
500148,1,2.0,3.6666666666666665,4.0,-0.08333333333333337,112.13333333333333,108.79333333333331,0.030700410564372987,-0.14285714285714285,0.47125533625960464,3,1.0,30.581818181818182,3.0,0.285,1.6666666666666667,1.3333333333333333,0.2500000000000001,0.02857142857142857,0.0,0.6666666666666666,-1.0,1.0,0.3333333333333333,0.0,1.0,1.0,1.0,0,4.0,6,0,0,34.0,0,Silver,0,0,35,Unknown,Madison,Personal Care,Upscale,2021,110.46333333333332,108.89466666666667,Active,2024-04,0
500149,1,4.0,2.6666666666666665,1.6666666666666667,0.5999999999999999,74.85333333333334,44.423333333333325,0.6850003751782101,0.37142857142857144,0.4711147259290176,3,1.0,28.070000000000004,2.0,0.295,1.0,1.6666666666666667,-0.4,-0.2857142857142857,0.0,0.3333333333333333,-0.6666666666666666,1.0,0.6666666666666666,0.0,0.0,0.0,0.0,0,7.0,6,0,0,55.0,0,Silver,0,0,11,F,Austin,Snacks,Unknown,2023,59.63833333333332,53.771,Active,2024-04,0
500151,7,0.0,0.0,0.0,0.0,0.0,0.0,0.0,0.0,0.0,0,0.0,0.0,0.0,0.0,0.0,0.0,0.0,0.0,0.0,0.0,0.0,0.0,0.0,0.0,0.0,0.0,0.0,0,7.0,6,0,0,34.0,0,Gold,1,1,22,F,Tulsa,Frozen Foods,Mainstream,2022,0.0,66.89857142857143,Lapsed,2024-04,1
500152,7,0.0,0.0,0.0,0.0,0.0,0.0,0.0,0.0,0.0,0,0.0,0.0,0.0,0.0,0.0,0.0,0.0,0.0,0.0,0.0,0.0,0.0,0.0,0.0,1.0,1.0,1.0,0,6.0,6,0,0,47.0,0,Gold,1,0,28,F,Nashville,Household,Mainstream,2021,0.0,76.02499999999999,Lapsed,2024-04,1
500153,7,0.0,0.0,0.0,0.0,0.0,0.0,0.0,0.0,0.0,0,0.0,0.0,0.0,0.0,0.0,0.0,0.0,0.0,0.0,0.0,0.0,0.0,0.0,0.0,0.0,0.0,0.0,0,7.0,6,0,0,55.0,0,Silver,0,1,28,M,Austin,Personal Care,Value,2021,0.0,84.90142857142858,Lapsed,2024-04,1
500154,1,2.0,3.0,3.6666666666666665,-0.1818181818181818,119.59333333333332,146.55999999999997,-0.1839974526928675,-0.34285714285714286,0.39243220162733405,3,1.0,39.86444444444444,1.3333333333333333,0.27166666666666667,3.6666666666666665,4.0,-0.08333333333333337,-0.02857142857142857,0.3333333333333333,1.6666666666666667,-0.8,0.3333333333333333,0.3333333333333333,0.0,0.0,0.0,0.0,0,7.0,6,0,0,37.0,0,Gold,1,1,31,M,Spokane,Bakery,Unknown,2021,133.07666666666665,122.8623076923077,Active,2024-04,0
500155,1,7.0,4.0,9.0,-0.5555555555555556,112.08,246.84,-0.545940690325717,-1.0571428571428572,0.42681599412253035,3,1.0,28.02,1.6666666666666667,0.315,3.0,2.0,0.5,0.2,1.0,3.0,-0.6666666666666666,0.3333333333333333,0.3333333333333333,0.0,1.0,1.0,0.0,0,6.0,6,0,0,27.0,0,Gold,1,1,24,F,Raleigh,Dairy,Mainstream,2022,179.46,139.34866666666667,Active,2024-04,0
500156,1,2.0,2.6666666666666665,2.0,0.33333333333333326,81.47666666666667,55.74,0.4617270661404139,-0.2,0.4178679305675455,3,1.0,30.553750000000004,1.3333333333333333,0.265,2.3333333333333335,2.0,0.16666666666666674,-0.3,1.3333333333333333,3.0,-0.5555555555555556,1.3333333333333333,1.0,1.0,0.0,1.0,1.0,1,1.0,4,0,0,36.0,0,Silver,0,1,5,F,Tulsa,Dairy,Mainstream,2023,75.0425,75.0425,Active,2024-04,0
500157,7,0.0,0.0,0.0,0.0,0.0,0.0,0.0,0.0,0.0,0,0.0,0.0,0.0,0.0,0.0,0.0,0.0,0.0,0.0,0.0,0.0,0.0,0.0,0.0,0.0,0.0,0.0,0,7.0,6,0,0,65.0,0,Gold,1,1,32,M,Madison,Frozen Foods,Mainstream,2021,0.0,138.308,Lapsed,2024-04,1
500158,4,0.0,0.0,4.0,-1.0,0.0,121.74,-1.0,-0.9714285714285714,1.0321806603836252,0,0.5,0.0,0.0,0.4066666666666667,0.0,0.3333333333333333,-0.6666666666666666,-0.14285714285714285,0.0,0.0,0.0,0.0,0.6666666666666666,0.0,1.0,1.0,0.0,0,5.0,6,0,0,26.0,0,Platinum,2,0,16,F,Spokane,Household,Unknown,2022,60.87,94.05,Lapsed,2024-04,1
500159,1,4.0,4.666666666666667,5.0,-0.06666666666666661,125.66000000000001,131.35666666666668,-0.04336792955566274,-0.08571428571428572,0.22540130286256738,3,1.0,26.927142857142858,2.0,0.3116666666666667,1.3333333333333333,1.3333333333333333,0.0,-0.11428571428571434,0.3333333333333333,0.6666666666666666,-0.5,1.0,0.0,0.0,0.0,0.0,0.0,0,7.0,6,0,0,40.0,0,Gold,1,0,32,F,Portland,Dairy,Mainstream,2021,128.50833333333335,153.82866666666666,Active,2024-04,0
500160,1,3.0,3.0,2.6666666666666665,0.12500000000000006,121.98666666666666,103.92666666666666,0.17377638078132018,-0.08571428571428573,0.4786827133705425,3,0.8333333333333334,40.66222222222222,2.6666666666666665,0.248,1.3333333333333333,3.0,-0.5555555555555556,-0.37142857142857144,1.6666666666666667,2.0,-0.16666666666666663,1.0,0.0,1.0,0.0,1.0,0.0,0,1.0,6,0,0,46.0,0,Platinum,2,1,31,M,Madison,Snacks,Value,2021,112.95666666666666,148.6723076923077,Active,2024-04,0
500161,1,9.0,8.333333333333334,5.0,0.6666666666666667,259.13,143.3166666666667,0.8080939644144665,0.9142857142857143,0.3144378503245013,3,1.0,31.095599999999997,4.666666666666667,0.2733333333333334,4.0,2.6666666666666665,0.5000000000000001,0.34285714285714286,1.3333333333333333,2.3333333333333335,-0.42857142857142866,1.0,0.6666666666666666,0.0,0.0,0.0,0.0,0,7.0,6,0,0,63.0,0,Silver,0,1,37,M,Tulsa,Frozen Foods,Value,2021,201.22333333333333,210.95066666666668,Active,2024-04,0
500163,7,0.0,0.0,0.0,0.0,0.0,0.0,0.0,0.0,0.0,0,0.0,0.0,0.0,0.0,0.0,0.0,0.0,0.0,0.0,0.0,0.0,0.0,0.0,0.0,0.0,0.0,0.0,0,7.0,6,0,0,74.0,0,Silver,0,1,33,M,Nashville,Household,Value,2021,0.0,284.364,Lapsed,2024-04,1
500165,1,4.0,6.333333333333333,1.0,3.0,229.5,37.25333333333334,3.0,1.0857142857142856,0.8273182940776581,3,0.8333333333333334,36.23684210526316,4.666666666666667,0.32399999999999995,0.6666666666666666,0.0,1.3333333333333333,0.11428571428571428,0.0,0.6666666666666666,-1.0,1.0,0.3333333333333333,1.0,0.0,1.0,1.0,1,1.0,6,0,0,44.0,0,Gold,1,0,18,F,Columbus,Frozen Foods,Mainstream,2022,133.37666666666667,107.24461538461537,Active,2024-04,0
500166,1,2.0,1.3333333333333333,1.0,0.33333333333333326,37.04333333333333,28.2,0.3135933806146571,0.2,0.792389674103444,2,0.6666666666666666,27.7825,1.0,0.38,1.0,1.0,0.0,0.11428571428571428,1.6666666666666667,2.3333333333333335,-0.28571428571428575,0.6666666666666666,0.0,1.0,0.0,1.0,0.0,0,2.0,6,0,0,66.0,0,Silver,0,1,30,M,Boise,Dairy,Upscale,2021,32.62166666666667,53.284615384615385,Active,2024-04,0
500167,1,2.0,2.3333333333333335,1.6666666666666667,0.4,94.01666666666667,59.79,0.572448012488153,-0.17142857142857143,0.8851242705014439,2,0.6666666666666666,40.29285714285714,1.0,0.315,0.0,1.6666666666666667,-1.0,-0.42857142857142855,1.0,1.6666666666666667,-0.4,0.0,1.0,0.0,0.0,0.0,0.0,0,7.0,6,0,0,43.0,0,Gold,1,1,36,M,Nashville,Household,Value,2021,76.90333333333334,78.95166666666667,Active,2024-04,0
500168,1,3.0,6.333333333333333,6.0,0.055555555555555504,267.6133333333333,231.465,0.15617191944066397,-0.5945945945945946,0.4147008220634258,3,1.0,42.25473684210526,2.0,0.35,2.3333333333333335,3.0,-0.22222222222222218,-0.16216216216216214,0.6666666666666666,2.5,-0.7333333333333334,0.6666666666666666,0.5,0.0,1.0,1.0,0.0,0,4.0,6,0,1,56.0,0,Gold,1,1,19,F,Boise,Personal Care,Mainstream,2022,253.154,247.03857142857143,Active,2024-04,0
500169,1,3.0,3.5,3.5,0.0,145.245,145.245,0.0,0.0,0.17979964886915217,2,1.0,41.49857142857143,2.5,0.305,3.5,3.5,0.0,0.0,1.5,1.5,0.0,0.5,0.5,0.0,0.0,0.0,0.0,0,7.0,2,1,0,38.0,0,Gold,1,0,3,F,Nashville,Beverages,Mainstream,2024,145.245,145.245,Active,2024-04,0
500170,2,0.0,1.6666666666666667,1.6666666666666667,0.0,54.81666666666666,53.04666666666666,0.033366846801558436,-0.22857142857142856,0.5667577114252773,2,0.8333333333333334,32.88999999999999,1.6666666666666667,0.44000000000000006,0.3333333333333333,2.0,-0.8333333333333334,-0.8285714285714286,0.3333333333333333,2.0,-0.8333333333333334,0.3333333333333333,0.6666666666666666,0.0,0.0,0.0,0.0,0,7.0,6,0,0,56.0,0,Silver,0,1,27,F,Madison,Bakery,Mainstream,2022,53.931666666666665,88.16214285714285,Active,2024-04,1
500171,1,3.0,5.666666666666667,9.5,-0.40350877192982454,244.77666666666664,399.78999999999996,-0.38773689520331506,-1.1395348837209298,0.3207086583125136,3,1.0,43.19588235294117,1.0,0.29000000000000004,2.3333333333333335,2.0,0.16666666666666674,0.02325581395348836,0.3333333333333333,0.5,-0.33333333333333337,1.0,0.0,0.0,0.0,0.0,0.0,0,7.0,6,0,1,52.0,0,Silver,0,0,8,F,Spokane,Bakery,Upscale,2023,306.782,286.385,Active,2024-04,0
500172,1,8.0,8.666666666666666,12.0,-0.27777777777777785,300.72999999999996,457.23,-0.34227850316033515,-0.28571428571428575,0.3438966355205504,3,1.0,34.699615384615385,4.666666666666667,0.42166666666666663,1.6666666666666667,2.3333333333333335,-0.28571428571428575,-0.22857142857142856,0.6666666666666666,1.6666666666666667,-0.6,1.0,1.0,1.0,0.0,1.0,0.0,0,3.0,6,0,0,74.0,0,Gold,1,1,8,F,Portland,Frozen Foods,Value,2023,378.98,344.60571428571427,Active,2024-04,0
500173,5,0.0,0.0,1.0,-1.0,0.0,45.413333333333334,-1.0,-0.37142857142857144,1.5121071522513012,0,0.3333333333333333,0.0,0.0,0.385,0.0,0.0,0.0,0.0,0.0,0.0,0.0,0.0,0.0,0.0,6.0,6.0,1.0,0,4.0,6,0,0,40.0,0,Gold,1,0,7,F,Nashville,Beverages,Value,2023,22.706666666666667,68.12,Lapsed,2024-04,1
500174,1,6.0,5.5,4.666666666666667,0.1785714285714285,183.815,160.87333333333333,0.14260702001574735,0.06756756756756756,0.41420604078888695,2,1.0,33.42090909090909,4.0,0.286,1.5,1.0,0.5,0.32432432432432434,1.5,1.0,0.5,0.5,0.0,0.0,0.0,0.0,0.0,0,7.0,6,0,1,30.0,0,Silver,0,1,7,F,Portland,Dairy,Mainstream,2023,170.05,170.05,Active,2024-04,0
500175,2,0.0,2.0,1.6666666666666667,0.19999999999999996,44.88666666666666,39.33,0.1412831595897957,-0.02857142857142854,0.6649052515170844,2,0.8333333333333334,22.44333333333333,1.0,0.24,0.3333333333333333,1.0,-0.6666666666666667,-0.17142857142857146,0.6666666666666666,2.0,-0.6666666666666667,0.3333333333333333,0.3333333333333333,1.0,2.0,3.0,2.0,1,1.0,6,0,0,25.0,0,Silver,0,1,34,F,Boise,Produce,Mainstream,2021,42.10833333333333,47.76333333333333,Active,2024-04,0
500176,7,0.0,0.0,0.0,0.0,0.0,0.0,0.0,0.0,0.0,0,0.0,0.0,0.0,0.0,0.0,0.0,0.0,0.0,0.0,0.0,0.0,0.0,0.0,0.0,0.0,0.0,0.0,0,7.0,6,0,0,46.0,0,Silver,0,1,13,M,Columbus,Frozen Foods,Mainstream,2023,0.0,69.144,Lapsed,2024-04,1
500177,1,2.0,3.3333333333333335,3.3333333333333335,0.0,98.50999999999999,98.50999999999999,0.0,0.0,0.552490111327462,3,1.0,29.552999999999997,2.3333333333333335,0.3233333333333333,3.0,3.0,0.0,1.5,2.0,2.0,0.0,1.0,1.0,0.0,0.0,0.0,0.0,0,7.0,3,1,0,46.0,0,Silver,0,1,4,F,Denver,Produce,Value,2023,98.50999999999999,98.50999999999999,Active,2024-04,0
500178,1,4.0,4.666666666666667,5.0,-0.06666666666666661,210.12333333333336,234.58499999999998,-0.10427634617160782,-0.2,0.4369989680817214,3,1.0,45.026428571428575,3.6666666666666665,0.21800000000000003,3.0,2.0,0.5,0.2,1.0,1.5,-0.3333333333333333,0.3333333333333333,0.0,1.0,0.0,1.0,1.0,1,1.0,5,0,0,23.0,0,Platinum,2,1,6,M,Spokane,Household,Upscale,2023,219.90800000000004,219.908,Active,2024-04,0
500179,1,4.0,4.333333333333333,3.6666666666666665,0.1818181818181818,117.19333333333333,112.02666666666666,0.046119971435372574,0.17142857142857143,0.4101381154629909,3,1.0,27.044615384615387,2.0,0.2866666666666667,2.3333333333333335,1.6666666666666667,0.4,0.11428571428571428,0.3333333333333333,0.0,0.6666666666666666,0.0,0.3333333333333333,0.0,0.0,0.0,0.0,0,7.0,6,0,0,18.0,0,Silver,0,0,15,M,Tulsa,Bakery,Mainstream,2023,114.61,113.4176923076923,Active,2024-04,0
500180,1,4.0,7.666666666666667,7.333333333333333,0.04545454545454554,385.6766666666667,376.95666666666665,0.02313263239806528,-0.2,0.2694380260093454,3,1.0,50.305652173913046,3.0,0.2316666666666667,2.6666666666666665,3.0,-0.11111111111111116,0.02857142857142856,1.3333333333333333,2.3333333333333335,-0.42857142857142866,1.0,0.3333333333333333,0.0,1.0,1.0,1.0,0,6.0,6,0,0,40.0,0,Platinum,2,1,13,M,Spokane,Personal Care,Mainstream,2023,381.31666666666666,374.5,Active,2024-04,0
500181,1,2.0,6.333333333333333,7.0,-0.09523809523809527,224.89333333333335,253.23333333333335,-0.11191259707779387,-0.45714285714285713,0.44505035353981415,3,1.0,35.509473684210526,3.0,0.22166666666666668,3.3333333333333335,4.333333333333333,-0.23076923076923067,-0.37142857142857144,0.3333333333333333,0.6666666666666666,-0.5,0.3333333333333333,1.0,0.0,0.0,0.0,0.0,0,7.0,6,0,0,20.0,0,Gold,1,0,11,F,Spokane,Beverages,Mainstream,2023,239.06333333333336,233.144,Active,2024-04,0
500182,1,4.0,3.6666666666666665,2.6666666666666665,0.375,91.33999999999999,69.11666666666666,0.32153363877501806,0.3142857142857143,0.26742014704867095,3,1.0,24.91090909090909,2.0,0.22666666666666666,0.6666666666666666,1.6666666666666667,-0.6,-0.2,0.3333333333333333,1.0,-0.6666666666666667,0.0,0.6666666666666666,1.0,2.0,3.0,0.0,0,2.0,6,0,0,72.0,0,Silver,0,0,36,M,Nashville,Household,Upscale,2021,80.22833333333334,85.62933333333334,Active,2024-04,0
500183,1,4.0,2.0,0.6666666666666666,2.0000000000000004,51.68,20.68,1.4990328820116054,0.6285714285714286,0.9817965112369135,3,0.6666666666666666,25.84,2.3333333333333335,0.27,0.0,0.0,0.0,0.0,2.3333333333333335,1.3333333333333333,0.7500000000000002,2.3333333333333335,0.0,0.0,0.0,0.0,0.0,0,7.0,6,0,0,63.0,0,Gold,1,1,33,F,Portland,Produce,Mainstream,2021,36.18,60.66636363636363,Active,2024-04,0
500184,1,6.0,4.0,5.333333333333333,-0.24999999999999994,167.22,224.26333333333332,-0.2543587152008799,-0.5142857142857142,0.49084226443782164,3,1.0,41.805,3.0,0.3166666666666667,1.3333333333333333,1.0,0.33333333333333326,0.14285714285714285,3.3333333333333335,2.3333333333333335,0.42857142857142855,0.6666666666666666,0.0,0.0,0.0,0.0,0.0,0,7.0,6,0,0,22.0,0,Gold,1,1,21,M,Nashville,Produce,Value,2022,195.74166666666667,222.71066666666667,Active,2024-04,0
500185,7,0.0,0.0,0.0,0.0,0.0,0.0,0.0,0.0,0.0,0,0.0,0.0,0.0,0.0,0.0,0.0,0.0,0.0,0.0,0.0,0.0,0.0,0.0,0.0,0.0,0.0,0.0,0,7.0,6,0,0,62.0,0,Silver,0,0,37,M,Raleigh,Produce,Mainstream,2021,0.0,88.3175,Lapsed,2024-04,1
500186,7,0.0,0.0,0.0,0.0,0.0,0.0,0.0,0.0,0.0,0,0.0,0.0,0.0,0.0,0.0,0.0,0.0,0.0,0.0,0.0,0.0,0.0,0.0,0.0,0.0,0.0,0.0,0,7.0,6,0,0,61.0,0,Silver,0,0,12,F,Austin,Snacks,Mainstream,2023,0.0,71.96666666666667,Lapsed,2024-04,1
500187,1,2.0,2.3333333333333335,0.0,3.0,75.46333333333332,0.0,3.0,0.7,0.6364284980698544,3,0.75,32.341428571428565,1.6666666666666667,0.26,1.3333333333333333,2.0,-0.33333333333333337,0.2,1.6666666666666667,1.0,0.6666666666666667,0.6666666666666666,0.0,0.0,1.0,1.0,0.0,0,4.0,4,0,0,59.0,0,Silver,0,1,5,F,Columbus,Dairy,Value,2023,56.5975,75.46333333333332,Active,2024-04,0
500188,1,8.0,5.666666666666667,6.0,-0.055555555555555504,161.25333333333333,162.27333333333334,-0.006285690809744938,-0.08571428571428572,0.32619389604605253,3,1.0,28.45647058823529,3.3333333333333335,0.26166666666666666,3.3333333333333335,1.3333333333333333,1.5,0.5714285714285714,1.3333333333333333,1.3333333333333333,0.0,0.3333333333333333,0.6666666666666666,0.0,0.0,0.0,0.0,0,7.0,6,0,0,67.0,0,Silver,0,1,10,M,Spokane,Frozen Foods,Value,2023,161.76333333333332,150.99444444444444,Active,2024-04,0
500189,1,10.0,8.0,8.0,0.0,215.60000000000002,215.60000000000002,0.0,0.0,0.21015769944341378,2,1.0,26.950000000000003,5.5,0.2,3.0,3.0,0.0,0.0,2.5,2.5,0.0,1.0,1.0,0.0,0.0,0.0,0.0,0,7.0,2,1,0,58.0,0,Platinum,2,1,3,F,Madison,Beverages,Mainstream,2024,215.60000000000002,215.60000000000002,Active,2024-04,0
500190,1,9.0,6.0,2.3333333333333335,1.5714285714285712,222.03666666666666,83.38333333333334,1.6628422946232255,1.4,0.741414184896489,3,0.8333333333333334,37.00611111111111,4.0,0.382,1.3333333333333333,2.0,-0.33333333333333337,-0.05714285714285717,2.0,2.3333333333333335,-0.1428571428571429,0.3333333333333333,0.6666666666666666,0.0,1.0,1.0,1.0,0,5.0,6,0,0,47.0,0,Gold,1,1,36,M,Tulsa,Produce,Upscale,2021,152.71,177.39666666666668,Active,2024-04,0
500191,1,7.0,5.333333333333333,2.6666666666666665,1.0,192.63000000000002,94.79,1.032176389914548,0.7428571428571429,0.42823881913088374,3,1.0,36.118125000000006,4.0,0.2983333333333333,1.3333333333333333,2.0,-0.33333333333333337,-0.22857142857142856,0.3333333333333333,1.3333333333333333,-0.75,0.3333333333333333,0.3333333333333333,1.0,1.0,2.0,1.0,0,3.0,6,0,0,59.0,0,Gold,1,1,8,F,Madison,Bakery,Mainstream,2023,143.71,141.31714285714287,Active,2024-04,0
500192,1,2.0,3.0,4.666666666666667,-0.3571428571428572,66.29,111.45333333333333,-0.4052219164971886,-0.4857142857142857,0.5323316760315051,3,1.0,22.096666666666668,1.6666666666666667,0.33666666666666667,0.6666666666666666,1.3333333333333333,-0.5,-0.11428571428571428,1.3333333333333333,1.3333333333333333,0.0,0.0,0.0,0.0,0.0,0.0,0.0,0,7.0,6,0,0,63.0,0,Silver,0,1,17,F,Spokane,Beverages,Mainstream,2022,88.87166666666667,82.71533333333333,Active,2024-04,0
500193,1,1.0,0.6666666666666666,1.6666666666666667,-0.6,22.586666666666662,53.48,-0.5776614310645725,-0.2571428571428571,0.581705083689283,2,0.8333333333333334,33.879999999999995,0.6666666666666666,0.252,2.3333333333333335,1.3333333333333333,0.7500000000000002,0.2571428571428571,0.6666666666666666,1.6666666666666667,-0.6,1.0,0.0,0.0,1.0,1.0,1.0,0,5.0,6,0,0,51.0,0,Gold,1,1,7,M,Denver,Household,Value,2023,38.03333333333333,45.64,Active,2024-04,0
500194,1,3.0,5.0,2.3333333333333335,1.1428571428571428,199.12,82.08999999999999,1.4256304056523332,0.34285714285714286,0.5417500334296378,3,1.0,39.824,3.0,0.17500000000000002,2.3333333333333335,1.3333333333333333,0.7500000000000002,0.14285714285714285,1.6666666666666667,2.3333333333333335,-0.28571428571428575,1.3333333333333333,0.0,0.0,0.0,0.0,0.0,0,7.0,6,0,0,43.0,0,Gold,1,1,37,Other,Tulsa,Beverages,Value,2021,140.605,130.43066666666667,Active,2024-04,0
500195,2,0.0,1.3333333333333333,2.5,-0.4666666666666667,37.45333333333333,70.57,-0.46927400689622595,-0.5,0.5624582177198535,2,0.8,28.09,1.3333333333333333,0.18,0.3333333333333333,0.0,0.6666666666666666,0.1,1.0,0.5,1.0,0.3333333333333333,0.0,0.0,0.0,0.0,0.0,0,7.0,5,0,0,50.0,0,Silver,0,0,6,Other,Madison,Beverages,Mainstream,2023,50.699999999999996,63.375,Active,2024-04,0
500196,7,0.0,0.0,0.0,0.0,0.0,0.0,0.0,0.0,0.0,0,0.0,0.0,0.0,0.0,0.0,0.0,0.0,0.0,0.0,0.0,0.0,0.0,0.0,0.0,0.0,0.0,0.0,0,7.0,6,0,0,38.0,0,Silver,0,0,19,F,Raleigh,Snacks,Upscale,2022,0.0,114.96285714285715,Lapsed,2024-04,1
500197,7,0.0,0.0,0.0,0.0,0.0,0.0,0.0,0.0,0.0,0,0.0,0.0,0.0,0.0,0.0,0.0,0.0,0.0,0.0,0.0,0.0,0.0,0.0,0.0,0.0,0.0,0.0,0,7.0,6,0,0,41.0,0,Gold,1,0,36,F,Tulsa,Household,Mainstream,2021,0.0,78.04249999999999,Lapsed,2024-04,1
500198,7,0.0,0.0,0.0,0.0,0.0,0.0,0.0,0.0,0.0,0,0.0,0.0,0.0,0.0,0.0,0.0,0.0,0.0,0.0,0.0,0.0,0.0,0.0,0.0,0.0,0.0,0.0,0,7.0,6,0,0,46.0,0,Silver,0,1,19,F,Boise,Dairy,Value,2022,0.0,39.47,Lapsed,2024-04,1
500199,1,5.0,5.666666666666667,5.666666666666667,0.0,198.58,238.46333333333334,-0.16725142929031714,-0.11428571428571428,0.304070343961071,3,1.0,35.04352941176471,1.6666666666666667,0.205,2.3333333333333335,5.333333333333333,-0.5625,-1.1142857142857143,0.6666666666666666,0.6666666666666666,0.0,0.6666666666666666,0.3333333333333333,0.0,0.0,0.0,0.0,0,7.0,6,0,0,60.0,0,Silver,0,0,34,F,Boise,Produce,Mainstream,2021,218.52166666666665,210.814,Active,2024-04,0
500200,1,2.0,2.0,1.3333333333333333,0.5000000000000001,48.09,30.673333333333336,0.5678113453597045,0.22972972972972971,0.6402590602711625,2,0.8,24.045,1.0,0.31,1.5,1.3333333333333333,0.12500000000000006,0.17567567567567569,0.5,1.3333333333333333,-0.625,0.0,0.3333333333333333,1.0,0.0,1.0,0.0,0,3.0,6,0,1,29.0,0,Silver,0,1,34,F,Madison,Dairy,Upscale,2021,37.64,48.533076923076926,Active,2024-04,0
500201,3,0.0,1.0,2.3333333333333335,-0.5714285714285715,29.176666666666666,79.75333333333333,-0.634163671319903,-0.5142857142857143,0.7373700425191483,1,0.6666666666666666,29.176666666666666,0.3333333333333333,0.26,1.0,0.3333333333333333,1.3333333333333335,0.0,0.3333333333333333,0.0,0.6666666666666666,0.0,0.3333333333333333,0.0,0.0,0.0,0.0,0,7.0,6,0,0,42.0,0,Silver,0,0,29,M,Denver,Personal Care,Mainstream,2021,54.464999999999996,144.78076923076924,Active,2024-04,1
500203,7,0.0,0.0,0.0,0.0,0.0,0.0,0.0,0.0,0.0,0,0.0,0.0,0.0,0.0,0.0,0.0,0.0,0.0,0.0,0.0,0.0,0.0,0.0,0.0,0.0,0.0,0.0,0,7.0,6,0,0,26.0,0,Silver,0,0,22,M,Columbus,Dairy,Value,2022,0.0,150.46,Lapsed,2024-04,1
500204,7,0.0,0.0,0.0,0.0,0.0,0.0,0.0,0.0,0.0,0,0.0,0.0,0.0,0.0,0.0,0.0,0.0,0.0,0.0,0.0,0.0,0.0,0.0,0.0,0.0,0.0,0.0,0,7.0,6,0,0,35.0,0,Gold,1,1,22,M,Portland,Dairy,Mainstream,2022,0.0,27.31,Lapsed,2024-04,1
500205,1,4.0,5.333333333333333,8.333333333333334,-0.3600000000000001,206.23666666666668,303.09999999999997,-0.3195754976355437,-0.9428571428571428,0.22493666918453908,3,1.0,38.669375,1.6666666666666667,0.2283333333333333,1.6666666666666667,3.3333333333333335,-0.5,-0.37142857142857144,1.3333333333333333,1.3333333333333333,0.0,0.0,1.3333333333333333,0.0,0.0,0.0,0.0,0,7.0,6,0,0,35.0,0,Gold,1,1,31,M,Tulsa,Household,Value,2021,254.66833333333332,283.0713333333333,Active,2024-04,0
500206,1,5.0,4.0,5.0,-0.2,164.50666666666666,223.33333333333334,-0.26340298507462695,-0.2,0.24313606046324976,3,1.0,41.126666666666665,5.0,0.245,1.6666666666666667,2.0,-0.16666666666666663,0.02857142857142857,0.6666666666666666,0.3333333333333333,0.6666666666666666,0.6666666666666666,0.6666666666666666,1.0,0.0,1.0,1.0,1,2.0,6,0,0,74.0,0,Gold,1,0,16,M,Raleigh,Produce,Value,2022,193.92,212.69571428571427,Active,2024-04,0
500207,7,0.0,0.0,0.0,0.0,0.0,0.0,0.0,0.0,0.0,0,0.0,0.0,0.0,0.0,0.0,0.0,0.0,0.0,0.0,0.0,0.0,0.0,0.0,0.0,0.0,0.0,0.0,0,7.0,6,0,0,40.0,0,Gold,1,0,36,M,Tulsa,Household,Mainstream,2021,0.0,121.23666666666666,Lapsed,2024-04,1
500208,1,3.0,2.3333333333333335,3.0,-0.22222222222222218,68.40666666666667,83.39999999999999,-0.17977617905675453,-0.22857142857142856,0.2661609442305229,3,1.0,29.317142857142855,1.3333333333333333,0.2866666666666667,2.6666666666666665,2.3333333333333335,0.1428571428571427,-0.02857142857142857,0.3333333333333333,0.3333333333333333,0.0,0.3333333333333333,0.3333333333333333,0.0,0.0,0.0,0.0,0,7.0,6,0,0,37.0,0,Silver,0,0,33,M,Spokane,Household,Value,2021,75.90333333333334,89.80142857142857,Active,2024-04,0
500209,1,2.0,3.0,3.0,0.0,63.64000000000001,74.39333333333333,-0.14454700241957152,0.11428571428571428,0.41487853793023133,3,1.0,21.213333333333335,2.6666666666666665,0.26666666666666666,1.0,2.6666666666666665,-0.625,-0.5428571428571428,0.3333333333333333,0.3333333333333333,0.0,1.0,1.6666666666666667,1.0,0.0,1.0,1.0,1,1.0,6,0,0,40.0,0,Silver,0,0,14,Other,Madison,Snacks,Value,2023,69.01666666666667,68.99538461538461,Active,2024-04,0
500210,1,3.0,3.6666666666666665,5.0,-0.2666666666666667,155.73666666666668,209.0233333333333,-0.2549316663211442,-0.45714285714285713,0.30310471476791534,3,1.0,42.473636363636366,1.0,0.21166666666666667,2.3333333333333335,2.0,0.16666666666666674,0.14285714285714285,2.6666666666666665,1.0,1.6666666666666665,0.6666666666666666,0.0,0.0,1.0,1.0,0.0,0,6.0,6,0,0,31.0,0,Gold,1,1,15,M,Raleigh,Frozen Foods,Value,2023,182.38,151.17928571428573,Active,2024-04,0
500211,7,0.0,0.0,0.0,0.0,0.0,0.0,0.0,0.0,0.0,0,0.0,0.0,0.0,0.0,0.0,0.0,0.0,0.0,0.0,0.0,0.0,0.0,0.0,0.0,0.0,0.0,0.0,0,7.0,6,0,0,70.0,0,Silver,0,1,27,F,Boise,Household,Upscale,2022,0.0,49.51,Lapsed,2024-04,1
500212,1,10.0,7.5,3.3333333333333335,1.2499999999999998,176.84,92.55666666666666,0.9106133179673715,0.9883720930232559,0.46143580057824785,2,1.0,23.578666666666667,3.5,0.198,1.0,1.0,0.0,0.05813953488372093,0.0,1.0,-1.0,0.5,0.6666666666666666,0.0,0.0,0.0,0.0,0,7.0,6,0,1,71.0,0,Gold,1,1,35,F,Madison,Bakery,Unknown,2021,126.26999999999998,126.22272727272728,Active,2024-04,0
500213,1,2.0,3.5,3.5,0.0,140.47,140.47,0.0,0.0,0.38371182458888026,2,1.0,40.13428571428572,2.5,0.215,0.0,0.0,0.0,0.0,1.5,1.5,0.0,0.5,0.5,0.0,0.0,0.0,0.0,0,7.0,2,1,0,40.0,0,Gold,1,0,3,M,Madison,Snacks,Value,2024,140.47,140.47,Active,2024-04,0
500214,1,2.0,2.0,2.0,0.0,54.01,54.01,0.0,0.0,0.0,1,1.0,27.005,2.0,0.48,0.0,0.0,0.0,0.0,3.0,3.0,0.0,1.0,1.0,0.0,0.0,0.0,0.0,0,7.0,1,1,0,25.0,0,Silver,0,1,2,F,Raleigh,Produce,Mainstream,2024,54.01,54.01,Active,2024-04,0
500215,1,11.0,9.0,7.0,0.2857142857142857,342.56333333333333,214.6833333333333,0.5956680381957924,0.2857142857142857,0.357966119036079,3,1.0,38.062592592592594,3.6666666666666665,0.19000000000000003,4.333333333333333,3.3333333333333335,0.2999999999999999,0.42857142857142855,1.3333333333333333,1.0,0.33333333333333326,0.3333333333333333,1.0,0.0,0.0,0.0,0.0,0,7.0,6,0,0,19.0,0,Silver,0,1,9,M,Nashville,Frozen Foods,Mainstream,2023,278.6233333333334,277.6875,Active,2024-04,0
500216,1,4.0,4.0,3.6666666666666665,0.09090909090909095,172.37,152.43333333333334,0.1307894161382025,0.2571428571428571,0.28747700804047105,3,1.0,43.0925,1.3333333333333333,0.35000000000000003,2.3333333333333335,3.3333333333333335,-0.3,-0.14285714285714285,1.6666666666666667,1.3333333333333333,0.2500000000000001,0.0,0.0,0.0,0.0,0.0,0.0,0,7.0,6,0,0,73.0,0,Gold,1,1,16,F,Madison,Snacks,Mainstream,2022,162.40166666666667,196.55066666666667,Active,2024-04,0
500217,4,0.0,0.0,2.5,-1.0,0.0,71.745,-1.0,-0.8,1.2308921415746787,0,0.4,0.0,0.0,0.325,0.0,0.5,-1.0,-0.2,0.0,0.5,-1.0,0.0,0.5,0.0,0.0,0.0,0.0,0,7.0,5,0,0,65.0,0,Gold,1,1,6,F,Columbus,Frozen Foods,Mainstream,2023,28.698,71.745,Lapsed,2024-04,1
500218,7,0.0,0.0,0.0,0.0,0.0,0.0,0.0,0.0,0.0,0,0.0,0.0,0.0,0.0,0.0,0.0,0.0,0.0,0.0,0.0,0.0,0.0,0.0,0.0,0.0,0.0,0.0,0,7.0,6,0,0,66.0,0,Silver,0,0,19,F,Denver,Produce,Upscale,2022,0.0,106.652,Lapsed,2024-04,1
500219,6,0.0,0.0,0.3333333333333333,-0.6666666666666666,0.0,8.146666666666667,-1.0,-0.14285714285714285,2.23606797749979,0,0.16666666666666666,0.0,0.0,0.47,0.0,0.0,0.0,0.0,0.0,0.3333333333333333,-0.6666666666666666,0.0,0.0,0.0,0.0,0.0,0.0,0,7.0,6,0,0,51.0,0,Silver,0,0,20,F,Denver,Frozen Foods,Upscale,2022,4.073333333333333,88.735,Lapsed,2024-04,1
500220,2,0.0,3.0,5.666666666666667,-0.4705882352941177,87.36333333333334,164.98333333333332,-0.4704717648247297,-0.8571428571428571,0.49248642191125436,2,0.8333333333333334,29.121111111111116,0.3333333333333333,0.308,1.6666666666666667,1.6666666666666667,0.0,-0.2285714285714285,0.0,0.6666666666666666,-1.0,1.0,1.0,1.0,0.0,1.0,1.0,1,3.0,6,0,0,54.0,0,Gold,1,0,36,F,Denver,Snacks,Mainstream,2021,126.17333333333333,133.46428571428572,Active,2024-04,0
500221,6,0.0,0.0,0.3333333333333333,-0.6666666666666666,0.0,9.913333333333332,-1.0,-0.14285714285714285,2.23606797749979,0,0.16666666666666666,0.0,0.0,0.33,0.0,0.0,0.0,0.0,0.0,0.0,0.0,0.0,0.0,0.0,1.0,1.0,0.0,0,5.0,6,0,0,61.0,0,Gold,1,1,28,F,Raleigh,Frozen Foods,Unknown,2021,4.956666666666666,54.636,Lapsed,2024-04,1
500222,3,0.0,0.3333333333333333,1.3333333333333333,-0.75,14.74,50.04333333333333,-0.7054552720975155,-0.37142857142857144,0.776211265493338,1,0.6666666666666666,44.220000000000006,0.6666666666666666,0.1775,0.0,1.0,-1.0,-0.14285714285714285,1.0,1.6666666666666667,-0.4,0.0,0.6666666666666666,0.0,0.0,0.0,0.0,0,7.0,6,0,0,42.0,0,Silver,0,1,9,M,Denver,Dairy,Upscale,2023,32.391666666666666,60.976,Active,2024-04,1
500223,1,9.0,5.333333333333333,2.0,1.6666666666666665,175.17666666666665,61.839999999999996,1.8327404053471321,1.2571428571428571,0.7358709838782147,3,1.0,32.845625,2.0,0.34833333333333333,1.0,1.6666666666666667,-0.4,-0.22857142857142856,1.0,0.3333333333333333,1.3333333333333335,0.6666666666666666,0.6666666666666666,0.0,1.0,1.0,0.0,0,4.0,6,0,0,65.0,0,Gold,1,0,30,F,Spokane,Snacks,Unknown,2021,118.50833333333333,97.90733333333334,Active,2024-04,0
500224,1,1.0,1.3333333333333333,4.5,-0.7037037037037037,33.096666666666664,109.77,-0.698490783759983,-0.5000000000000001,0.8976211430454125,3,1.0,24.822499999999998,0.6666666666666666,0.292,1.3333333333333333,3.0,-0.5555555555555556,-0.33783783783783783,1.0,1.0,0.0,0.6666666666666666,1.0,0.0,1.0,1.0,1.0,0,6.0,6,0,1,29.0,0,Gold,1,1,30,F,Nashville,Beverages,Mainstream,2021,63.766,68.75384615384615,Active,2024-04,0
500225,7,0.0,0.0,0.0,0.0,0.0,0.0,0.0,0.0,0.0,0,0.0,0.0,0.0,0.0,0.0,0.0,0.0,0.0,0.0,0.0,0.0,0.0,0.0,0.0,0.0,0.0,0.0,0,7.0,6,0,0,43.0,0,Gold,1,1,26,M,Denver,Snacks,Mainstream,2022,0.0,126.9575,Lapsed,2024-04,1
500226,1,1.0,2.0,3.0,-0.3333333333333333,53.663333333333334,86.81333333333333,-0.3818537859007833,-0.37142857142857144,0.7857523847346736,3,1.0,26.831666666666667,1.3333333333333333,0.21666666666666667,0.0,0.0,0.0,0.0,0.3333333333333333,0.6666666666666666,-0.5,0.6666666666666666,0.3333333333333333,0.0,2.0,2.0,1.0,0,4.0,6,0,0,24.0,0,Silver,0,0,25,M,Portland,Household,Value,2022,70.23833333333333,75.43615384615384,Active,2024-04,1
500227,5,0.0,0.0,2.6666666666666665,-1.0,0.0,106.11666666666667,-1.0,-0.9714285714285714,1.4695313938007804,0,0.3333333333333333,0.0,0.0,0.375,0.0,1.0,-1.0,-0.2,0.0,0.3333333333333333,-0.6666666666666666,0.0,0.3333333333333333,0.0,4.0,4.0,3.0,0,4.0,6,0,0,62.0,0,Gold,1,1,11,F,Madison,Bakery,Mainstream,2023,53.05833333333334,213.8083333333333,Lapsed,2024-04,1
500228,1,3.0,2.6666666666666665,3.3333333333333335,-0.20000000000000007,107.55333333333334,130.11333333333332,-0.17338730337654334,-0.05714285714285714,0.19049062543159548,3,1.0,40.3325,2.3333333333333335,0.26666666666666666,0.3333333333333333,1.0,-0.6666666666666667,0.05714285714285714,1.6666666666666667,1.6666666666666667,0.0,0.6666666666666666,0.3333333333333333,2.0,0.0,2.0,1.0,1,1.0,6,0,0,23.0,0,Silver,0,1,27,F,Spokane,Frozen Foods,Value,2022,118.83333333333333,145.23714285714286,Active,2024-04,0
500229,1,2.0,2.3333333333333335,3.0,-0.22222222222222218,70.04,78.38,-0.10640469507527417,-0.4,0.15302958046626047,3,1.0,30.017142857142858,3.6666666666666665,0.385,0.0,1.0,-1.0,-0.3,2.6666666666666665,1.0,1.6666666666666665,0.3333333333333333,0.0,0.0,0.0,0.0,0.0,0,7.0,4,0,0,46.0,0,Silver,0,1,5,M,Tulsa,Produce,Unknown,2023,72.125,72.125,Active,2024-04,0
500231,1,8.0,6.0,5.333333333333333,0.12500000000000006,125.88,112.13333333333333,0.12259215219976222,0.05714285714285712,0.38639192121177957,3,1.0,20.98,2.0,0.32166666666666666,2.3333333333333335,1.0,1.3333333333333335,0.22857142857142856,2.6666666666666665,2.6666666666666665,0.0,0.3333333333333333,1.0,0.0,2.0,2.0,1.0,0,4.0,6,0,0,74.0,0,Silver,0,1,35,F,Portland,Dairy,Mainstream,2021,119.00666666666667,113.67214285714284,Active,2024-04,0
500232,7,0.0,0.0,0.0,0.0,0.0,0.0,0.0,0.0,0.0,0,0.0,0.0,0.0,0.0,0.0,0.0,0.0,0.0,0.0,0.0,0.0,0.0,0.0,0.0,0.0,0.0,0.0,0,7.0,6,0,0,41.0,0,Silver,0,0,37,Unknown,Austin,Personal Care,Value,2021,0.0,169.89166666666668,Lapsed,2024-04,1
500233,1,3.0,5.666666666666667,9.333333333333334,-0.39285714285714285,245.85666666666665,376.42,-0.3468554628694898,-1.5714285714285714,0.5806848738434435,3,1.0,43.38647058823529,2.3333333333333335,0.285,3.3333333333333335,4.666666666666667,-0.28571428571428575,-0.8,0.6666666666666666,1.0,-0.33333333333333337,0.6666666666666666,0.0,0.0,0.0,0.0,0.0,0,7.0,6,0,0,26.0,0,Gold,1,1,11,F,Madison,Household,Mainstream,2023,311.1383333333334,312.632,Active,2024-04,0
500235,2,0.0,0.5,3.3333333333333335,-0.85,22.245,129.01666666666668,-0.8275804159669293,-0.43023255813953487,1.0395356289191624,1,0.6,44.49,0.5,0.29666666666666663,0.0,2.3333333333333335,-1.0,-0.5116279069767441,0.5,1.3333333333333333,-0.625,0.0,0.3333333333333333,0.0,0.0,0.0,0.0,0,7.0,6,0,1,49.0,0,Gold,1,1,23,M,Raleigh,Dairy,Upscale,2022,86.308,121.88272727272728,Active,2024-04,1
500236,7,0.0,0.0,0.0,0.0,0.0,0.0,0.0,0.0,0.0,0,0.0,0.0,0.0,0.0,0.0,0.0,0.0,0.0,0.0,0.0,0.0,0.0,0.0,0.0,0.0,0.0,0.0,0,7.0,6,0,0,48.0,0,Silver,0,1,15,M,Raleigh,Snacks,Mainstream,2023,0.0,114.08600000000001,Lapsed,2024-04,1
500237,7,0.0,0.0,0.0,0.0,0.0,0.0,0.0,0.0,0.0,0,0.0,0.0,0.0,0.0,0.0,0.0,0.0,0.0,0.0,0.0,0.0,0.0,0.0,0.0,0.0,0.0,0.0,0,7.0,6,0,0,54.0,0,Gold,1,1,28,F,Tulsa,Household,Value,2021,0.0,83.625,Lapsed,2024-04,1
500238,1,5.0,4.0,4.0,0.0,105.67999999999999,95.61666666666667,0.10524664458776348,0.11428571428571428,0.1595838610438578,3,1.0,26.419999999999998,3.6666666666666665,0.3133333333333333,2.6666666666666665,2.6666666666666665,0.0,-0.17142857142857143,1.6666666666666667,2.3333333333333335,-0.28571428571428575,0.3333333333333333,1.0,0.0,1.0,1.0,0.0,0,6.0,6,0,0,74.0,0,Gold,1,1,7,F,Madison,Bakery,Value,2023,100.64833333333331,100.64833333333333,Active,2024-04,0
500239,5,0.0,0.0,0.5,-1.0,0.0,14.74,-1.0,-0.2,2.0,0,0.2,0.0,0.0,0.2,0.0,0.5,-1.0,-0.1,0.0,0.0,0.0,0.0,0.5,0.0,2.0,2.0,1.0,0,4.0,5,0,0,19.0,0,Gold,1,0,6,F,Raleigh,Bakery,Upscale,2023,5.896,29.48,Lapsed,2024-04,1
500241,2,0.0,2.5,8.666666666666666,-0.7115384615384616,34.895,144.89000000000001,-0.7591621229898543,-1.2441860465116281,0.6739163371319705,1,0.8,13.958000000000002,1.0,0.2525,1.0,4.666666666666667,-0.7857142857142857,-1.127906976744186,1.5,2.6666666666666665,-0.43749999999999994,0.0,0.6666666666666666,0.0,0.0,0.0,0.0,0,7.0,6,0,1,43.0,0,Silver,0,1,18,F,Columbus,Bakery,Mainstream,2022,100.89200000000001,106.30083333333333,Active,2024-04,0
500242,1,3.0,4.333333333333333,5.0,-0.1333333333333334,137.45333333333335,192.42666666666665,-0.2856845898004433,-0.4,0.2530675439438345,3,1.0,31.720000000000006,2.0,0.365,0.6666666666666666,2.6666666666666665,-0.75,-0.6857142857142857,1.6666666666666667,2.3333333333333335,-0.28571428571428575,2.3333333333333335,0.3333333333333333,1.0,1.0,2.0,0.0,0,2.0,6,0,0,26.0,0,Silver,0,1,8,F,Boise,Snacks,Value,2023,164.94,165.33285714285714,Active,2024-04,1
500243,1,8.0,6.0,5.5,0.09090909090909091,197.73333333333335,186.375,0.060943438408227225,0.054054054054054036,0.341640253581725,3,1.0,32.955555555555556,3.0,0.27,5.0,3.5,0.42857142857142855,0.09459459459459461,1.6666666666666667,1.0,0.6666666666666667,0.0,0.5,0.0,0.0,0.0,0.0,0,7.0,6,0,1,46.0,1,Silver,0,1,11,F,Spokane,Household,Upscale,2023,193.19,183.53222222222223,Active,2024-04,0
500244,7,0.0,0.0,0.0,0.0,0.0,0.0,0.0,0.0,0.0,0,0.0,0.0,0.0,0.0,0.0,0.0,0.0,0.0,0.0,0.0,0.0,0.0,0.0,0.0,0.0,0.0,0.0,0,7.0,6,0,0,49.0,0,Silver,0,1,35,M,Denver,Household,Mainstream,2021,0.0,93.78500000000001,Lapsed,2024-04,1
500245,1,8.0,4.666666666666667,5.0,-0.06666666666666661,161.49,205.26666666666665,-0.21326729457616098,0.37142857142857144,0.4537774309705844,3,1.0,34.605,2.6666666666666665,0.2916666666666667,2.0,3.0,-0.3333333333333333,-0.42857142857142855,1.6666666666666667,0.0,3.0,0.6666666666666666,0.3333333333333333,2.0,1.0,3.0,1.0,1,1.0,6,0,0,70.0,0,Gold,1,0,31,M,Columbus,Produce,Mainstream,2021,183.37833333333333,172.68333333333334,Active,2024-04,0
500246,6,0.0,0.0,1.0,-1.0,0.0,24.646666666666665,-1.0,-0.42857142857142855,2.23606797749979,0,0.16666666666666666,0.0,0.0,0.25,0.0,0.6666666666666666,-1.0,-0.22857142857142856,0.6666666666666666,1.3333333333333333,-0.5,0.0,0.3333333333333333,1.0,0.0,1.0,0.0,0,3.0,6,0,0,27.0,0,Silver,0,1,32,F,Nashville,Personal Care,Value,2021,12.323333333333332,59.43299999999999,Lapsed,2024-04,1
500247,7,0.0,0.0,0.0,0.0,0.0,0.0,0.0,0.0,0.0,0,0.0,0.0,0.0,0.0,0.0,0.0,0.0,0.0,0.0,0.0,0.0,0.0,0.0,0.0,0.0,0.0,0.0,0,7.0,6,0,0,56.0,0,Platinum,2,0,22,M,Columbus,Bakery,Unknown,2022,0.0,158.7788888888889,Lapsed,2024-04,1
500248,1,6.0,6.0,6.0,0.0,193.15666666666667,193.15666666666667,0.0,0.5,0.135756337444105,3,1.0,32.19277777777778,5.0,0.26333333333333336,1.0,1.0,0.0,-1.0,1.0,1.0,0.0,1.3333333333333333,1.3333333333333333,1.0,0.0,1.0,1.0,1,2.0,3,1,0,20.0,0,Silver,0,1,4,M,Portland,Bakery,Upscale,2023,193.15666666666667,193.15666666666667,Active,2024-04,0
500249,7,0.0,0.0,0.0,0.0,0.0,0.0,0.0,0.0,0.0,0,0.0,0.0,0.0,0.0,0.0,0.0,0.0,0.0,0.0,0.0,0.0,0.0,0.0,0.0,0.0,0.0,0.0,0,7.0,6,0,0,74.0,0,Gold,1,0,28,F,Boise,Beverages,Mainstream,2021,0.0,59.74,Lapsed,2024-04,1
500250,1,4.0,3.0,3.6666666666666665,-0.1818181818181818,96.14500000000001,109.27666666666666,-0.12016899002531782,-0.27906976744186046,0.380541885127395,2,1.0,32.04833333333334,0.5,0.32,2.0,2.3333333333333335,-0.1428571428571429,-0.13953488372093023,2.5,1.0,1.5,0.0,0.0,0.0,0.0,0.0,0.0,0,7.0,6,0,1,71.0,0,Silver,0,1,23,M,Columbus,Beverages,Value,2022,104.02399999999997,174.07571428571427,Active,2024-04,0
500251,1,3.0,2.6666666666666665,3.3333333333333335,-0.20000000000000007,83.37666666666667,105.10333333333334,-0.20671719894706803,-0.17142857142857143,0.2016498901229069,3,1.0,31.26625,2.3333333333333335,0.38166666666666665,0.6666666666666666,2.0,-0.6666666666666667,-0.11428571428571428,0.3333333333333333,1.0,-0.6666666666666667,0.0,1.3333333333333333,0.0,1.0,1.0,1.0,0,5.0,6,0,0,68.0,0,Gold,1,0,34,F,Boise,Frozen Foods,Value,2021,94.24,99.76076923076924,Active,2024-04,0
500252,1,5.0,3.6666666666666665,2.3333333333333335,0.5714285714285713,131.65333333333334,86.29333333333334,0.5256489493201483,0.45714285714285713,0.5780270290371646,3,0.8333333333333334,35.905454545454546,2.3333333333333335,0.244,0.6666666666666666,0.3333333333333333,0.6666666666666666,0.14285714285714285,0.0,1.3333333333333333,-1.0,1.0,1.0,0.0,0.0,0.0,0.0,0,7.0,6,0,0,37.0,0,Gold,1,0,18,M,Portland,Produce,Value,2022,108.97333333333334,152.61249999999998,Active,2024-04,0
500253,1,9.0,5.666666666666667,4.5,0.2592592592592593,173.4333333333333,135.06,0.2841206377412506,1.0999999999999999,0.4854412977238784,3,1.0,30.60588235294117,1.6666666666666667,0.364,2.3333333333333335,2.0,0.16666666666666674,-0.1,1.6666666666666667,3.5,-0.5238095238095238,1.0,0.5,0.0,0.0,0.0,0.0,0,7.0,5,0,0,57.0,0,Silver,0,1,6,F,Raleigh,Produce,Mainstream,2023,158.084,158.084,Active,2024-04,0
500254,7,0.0,0.0,0.0,0.0,0.0,0.0,0.0,0.0,0.0,0,0.0,0.0,0.0,0.0,0.0,0.0,0.0,0.0,0.0,0.0,0.0,0.0,0.0,0.0,0.0,0.0,0.0,0,7.0,6,0,0,28.0,0,Gold,1,0,22,F,Nashville,Beverages,Mainstream,2022,0.0,123.19333333333333,Lapsed,2024-04,1
500255,1,3.0,6.0,9.5,-0.3684210526315789,182.88666666666668,306.91499999999996,-0.40411297373322674,-1.864864864864865,0.5821271195100562,3,1.0,30.481111111111115,4.333333333333333,0.276,4.333333333333333,4.5,-0.037037037037037104,0.09459459459459461,2.0,1.0,1.0,0.3333333333333333,0.5,0.0,0.0,0.0,0.0,0,7.0,6,0,1,65.0,0,Gold,1,1,17,F,Spokane,Household,Upscale,2022,232.498,237.82642857142858,Active,2024-04,0
500256,1,1.0,2.6666666666666665,1.6666666666666667,0.5999999999999999,87.19333333333334,56.13999999999999,0.5531409571309824,0.08571428571428573,0.4418633463798348,3,1.0,32.697500000000005,1.3333333333333333,0.375,0.0,0.3333333333333333,-0.6666666666666666,-0.028571428571428577,0.6666666666666666,3.3333333333333335,-0.8,0.6666666666666666,0.0,2.0,1.0,3.0,0.0,0,1.0,6,0,0,23.0,0,Gold,1,1,25,M,Nashville,Personal Care,Value,2022,71.66666666666667,93.12133333333333,Active,2024-04,1
500257,1,5.0,4.333333333333333,6.333333333333333,-0.31578947368421056,134.0533333333333,216.16333333333333,-0.3798516553840461,-0.05714285714285714,0.5792987438006161,3,1.0,30.935384615384613,1.6666666666666667,0.2316666666666667,5.333333333333333,6.333333333333333,-0.15789473684210528,-0.37142857142857144,0.3333333333333333,0.3333333333333333,0.0,0.3333333333333333,1.6666666666666667,1.0,0.0,1.0,0.0,0,1.0,6,0,0,59.0,0,Silver,0,0,14,M,Madison,Dairy,Mainstream,2023,175.10833333333332,170.72333333333333,Active,2024-04,0
500258,1,4.0,3.6666666666666665,3.3333333333333335,0.09999999999999991,126.07666666666667,108.44666666666667,0.16256838999200832,-0.08571428571428572,0.23253184212013678,3,1.0,34.38454545454545,2.3333333333333335,0.2333333333333333,0.6666666666666666,1.3333333333333333,-0.5,-0.05714285714285714,2.0,1.0,1.0,0.6666666666666666,0.0,0.0,1.0,1.0,1.0,0,6.0,6,0,0,55.0,0,Silver,0,1,11,M,Raleigh,Dairy,Mainstream,2023,117.26166666666666,115.29,Active,2024-04,0
500259,1,11.0,8.333333333333334,8.333333333333334,0.0,356.07,356.07,0.0,0.5,0.3815733528942017,3,1.0,42.72839999999999,4.333333333333333,0.3066666666666667,2.6666666666666665,2.6666666666666665,0.0,0.0,0.3333333333333333,0.3333333333333333,0.0,1.3333333333333333,1.3333333333333333,0.0,0.0,0.0,0.0,0,7.0,3,1,0,34.0,0,Platinum,2,0,4,F,Portland,Personal Care,Upscale,2023,356.07,356.07,Active,2024-04,0
500260,6,0.0,0.0,0.6666666666666666,-1.0,0.0,20.52,-1.0,-0.2857142857142857,2.23606797749979,0,0.16666666666666666,0.0,0.0,0.82,0.0,0.3333333333333333,-0.6666666666666666,-0.14285714285714285,0.0,0.0,0.0,0.0,0.0,0.0,1.0,1.0,1.0,0,6.0,6,0,0,44.0,0,Silver,0,0,36,F,Boise,Household,Value,2021,10.26,174.27100000000002,Lapsed,2024-04,1
500261,1,1.0,2.6666666666666665,1.3333333333333333,1.0,86.34666666666668,45.00333333333333,0.9186726909117847,0.11428571428571428,0.698628335455121,3,0.8333333333333334,32.38000000000001,1.3333333333333333,0.274,3.6666666666666665,2.3333333333333335,0.5714285714285713,0.2857142857142857,2.0,2.3333333333333335,-0.1428571428571429,0.6666666666666666,0.0,0.0,0.0,0.0,0.0,0,7.0,6,0,0,45.0,0,Silver,0,1,28,F,Nashville,Bakery,Value,2021,65.67500000000001,121.30642857142857,Active,2024-04,0
500262,1,6.0,3.6666666666666665,2.0,0.8333333333333333,114.01333333333334,67.68666666666667,0.6844282478085295,0.3142857142857143,0.7781237298914754,2,0.8333333333333334,31.094545454545457,2.3333333333333335,0.194,0.3333333333333333,1.3333333333333333,-0.75,-0.37142857142857144,1.0,2.6666666666666665,-0.625,0.3333333333333333,1.0,1.0,0.0,1.0,0.0,0,2.0,6,0,0,18.0,0,Silver,0,1,17,Other,Madison,Household,Value,2022,90.85000000000001,71.69000000000001,Active,2024-04,1
500263,1,2.0,1.6666666666666667,2.0,-0.16666666666666663,69.48333333333333,91.09666666666668,-0.23725712612975236,0.02857142857142857,0.44547608188168153,3,1.0,41.69,1.3333333333333333,0.25666666666666665,2.0,1.3333333333333333,0.5000000000000001,0.05714285714285714,1.6666666666666667,1.3333333333333333,0.2500000000000001,1.0,1.0,0.0,0.0,0.0,0.0,0,7.0,6,0,0,20.0,0,Platinum,2,1,8,M,Madison,Dairy,Unknown,2023,80.29,81.16857142857143,Active,2024-04,0
500264,1,4.0,5.333333333333333,3.5,0.5238095238095237,221.42,142.625,0.5524627519719544,-0.09459459459459461,0.6071413483113437,3,1.0,41.51625,3.6666666666666665,0.24800000000000005,2.6666666666666665,2.0,0.33333333333333326,-0.17567567567567563,2.3333333333333335,2.5,-0.06666666666666661,1.0,1.5,1.0,0.0,1.0,0.0,0,3.0,6,0,1,58.0,0,Platinum,2,1,24,F,Spokane,Household,Mainstream,2022,189.902,181.76785714285714,Active,2024-04,0
500265,7,0.0,0.0,0.0,0.0,0.0,0.0,0.0,0.0,0.0,0,0.0,0.0,0.0,0.0,0.0,0.0,0.0,0.0,0.0,0.0,0.0,0.0,0.0,0.0,0.0,0.0,0.0,0,7.0,6,0,0,57.0,0,Silver,0,0,15,F,Boise,Produce,Value,2023,0.0,150.035,Lapsed,2024-04,1
500266,1,6.0,7.0,6.333333333333333,0.10526315789473689,185.82333333333335,165.73666666666665,0.12119627521570385,0.5142857142857142,0.3738427820778563,3,1.0,26.54619047619048,5.0,0.22666666666666668,1.6666666666666667,4.0,-0.5833333333333333,-0.7142857142857143,0.0,0.6666666666666666,-1.0,0.3333333333333333,0.3333333333333333,1.0,0.0,1.0,0.0,0,3.0,6,0,0,32.0,0,Silver,0,0,24,M,Tulsa,Bakery,Upscale,2022,175.78,147.83933333333334,Active,2024-04,0
500267,1,4.0,5.5,5.5,0.0,214.44,214.44,0.0,0.0,0.21544487968662557,2,1.0,38.98909090909091,2.5,0.305,2.5,2.5,0.0,0.0,1.0,1.0,0.0,1.0,1.0,0.0,0.0,0.0,0.0,0,7.0,2,1,0,43.0,0,Gold,1,1,3,F,Nashville,Bakery,Mainstream,2024,214.44,214.44,Active,2024-04,0
500268,1,11.0,9.5,3.3333333333333335,1.8499999999999996,283.15,97.89333333333332,1.8924339417052576,1.7674418604651165,0.6020781450430626,2,1.0,29.805263157894736,4.5,0.348,1.0,2.6666666666666665,-0.625,-0.3488372093023255,4.0,3.6666666666666665,0.09090909090909095,0.0,0.6666666666666666,0.0,0.0,0.0,0.0,0,7.0,6,0,1,62.0,0,Silver,0,1,7,M,Columbus,Beverages,Upscale,2023,171.99599999999998,171.996,Active,2024-04,0
500269,1,1.0,1.5,2.3333333333333335,-0.3571428571428572,32.935,59.52333333333333,-0.44668757350058796,-0.23255813953488372,0.496094648716624,2,1.0,21.956666666666667,1.0,0.23600000000000004,0.0,1.0,-1.0,-0.186046511627907,1.0,0.0,2.0,0.0,1.0,0.0,0.0,0.0,0.0,0,7.0,6,0,1,56.0,0,Gold,1,0,28,M,Tulsa,Snacks,Mainstream,2021,48.888,92.03,Active,2024-04,1
500270,1,7.0,7.0,7.0,0.0,225.08,225.08,0.0,0.0,0.0,1,1.0,32.15428571428571,5.0,0.22,1.0,1.0,0.0,0.0,1.0,1.0,0.0,0.0,0.0,0.0,0.0,0.0,0.0,0,7.0,1,1,0,45.0,0,Gold,1,0,2,F,Raleigh,Produce,Value,2024,225.08,225.08,Active,2024-04,0
500271,1,2.0,1.0,1.0,0.0,44.64333333333334,36.64333333333334,0.2183207495679068,0.17142857142857143,0.8138113443195437,2,0.6666666666666666,44.64333333333334,1.0,0.14250000000000002,0.6666666666666666,0.0,1.3333333333333333,0.17142857142857143,2.0,1.0,1.0,0.0,0.3333333333333333,0.0,0.0,0.0,0.0,0,7.0,6,0,0,67.0,0,Gold,1,1,25,M,Tulsa,Dairy,Mainstream,2022,40.64333333333334,68.25416666666666,Active,2024-04,0
500272,7,0.0,0.0,0.0,0.0,0.0,0.0,0.0,0.0,0.0,0,0.0,0.0,0.0,0.0,0.0,0.0,0.0,0.0,0.0,0.0,0.0,0.0,0.0,0.0,0.0,0.0,0.0,0,7.0,6,0,0,48.0,0,Platinum,2,0,15,F,Nashville,Snacks,Mainstream,2023,0.0,202.57142857142858,Lapsed,2024-04,1
500274,7,0.0,0.0,0.0,0.0,0.0,0.0,0.0,0.0,0.0,0,0.0,0.0,0.0,0.0,0.0,0.0,0.0,0.0,0.0,0.0,0.0,0.0,0.0,0.0,0.0,0.0,0.0,0,7.0,6,0,0,44.0,0,Platinum,2,1,29,F,Columbus,Produce,Mainstream,2021,0.0,75.07000000000001,Lapsed,2024-04,1
500275,1,5.0,4.666666666666667,5.5,-0.15151515151515146,135.12666666666667,166.15,-0.18671882836794065,-0.17441860465116277,0.16209587194186637,3,1.0,28.955714285714283,2.3333333333333335,0.32199999999999995,3.3333333333333335,4.5,-0.25925925925925924,-0.25581395348837205,2.3333333333333335,0.5,3.0,0.3333333333333333,1.0,0.0,0.0,0.0,0.0,0,7.0,6,0,1,31.0,0,Gold,1,1,26,F,Boise,Produce,Mainstream,2022,147.536,153.05692307692308,Active,2024-04,0
500276,2,0.0,0.6666666666666666,4.333333333333333,-0.8461538461538461,21.55,132.9366666666667,-0.8378927308743512,-0.9428571428571428,1.1308121466587213,1,0.6666666666666666,32.325,0.6666666666666666,0.3125,0.0,0.3333333333333333,-0.6666666666666666,-0.14285714285714285,0.3333333333333333,1.3333333333333333,-0.75,0.0,0.0,2.0,4.0,6.0,1.0,0,2.0,6,0,0,56.0,0,Silver,0,1,31,F,Portland,Frozen Foods,Value,2021,77.24333333333334,129.06166666666667,Active,2024-04,1
500277,1,5.0,5.0,4.0,0.25,155.37,97.28666666666668,0.5970328239566914,0.4857142857142857,0.30939046629361994,3,1.0,31.074,2.6666666666666665,0.2383333333333333,3.3333333333333335,3.0,0.11111111111111116,-0.2571428571428571,1.6666666666666667,1.0,0.6666666666666667,1.0,0.6666666666666666,0.0,1.0,1.0,0.0,0,6.0,6,0,0,23.0,0,Gold,1,1,34,Unknown,Madison,Dairy,Value,2021,126.32833333333332,117.054,Active,2024-04,0
500278,7,0.0,0.0,0.0,0.0,0.0,0.0,0.0,0.0,0.0,0,0.0,0.0,0.0,0.0,0.0,0.0,0.0,0.0,0.0,0.0,0.0,0.0,0.0,0.0,0.0,0.0,0.0,0,7.0,6,0,0,74.0,0,Gold,1,1,28,M,Columbus,Dairy,Unknown,2021,0.0,65.75833333333334,Lapsed,2024-04,1
500279,1,3.0,3.3333333333333335,2.6666666666666665,0.2500000000000001,114.19,98.18333333333334,0.16302834832795784,0.2857142857142857,0.45131173329277036,3,1.0,34.257,1.6666666666666667,0.30333333333333334,0.3333333333333333,0.3333333333333333,0.0,0.057142857142857155,1.3333333333333333,2.3333333333333335,-0.42857142857142866,0.3333333333333333,1.6666666666666667,0.0,0.0,0.0,0.0,0,7.0,6,0,0,52.0,0,Silver,0,1,32,F,Nashville,Snacks,Value,2021,106.18666666666667,95.19846153846153,Active,2024-04,0
500280,1,3.0,3.6666666666666665,3.6666666666666665,0.0,88.04666666666667,88.04666666666667,0.0,-1.5,0.47788480962279,3,1.0,24.012727272727275,2.3333333333333335,0.26999999999999996,2.0,2.0,0.0,-1.5,1.3333333333333333,1.3333333333333333,0.0,1.0,1.0,0.0,0.0,0.0,0.0,0,7.0,3,1,0,63.0,0,Silver,0,1,4,F,Raleigh,Bakery,Mainstream,2023,88.04666666666667,88.04666666666667,Active,2024-04,0
500281,7,0.0,0.0,0.0,0.0,0.0,0.0,0.0,0.0,0.0,0,0.0,0.0,0.0,0.0,0.0,0.0,0.0,0.0,0.0,0.0,0.0,0.0,0.0,0.0,0.0,0.0,0.0,0,7.0,6,0,0,44.0,0,Silver,0,1,35,Other,Boise,Bakery,Value,2021,0.0,80.705,Lapsed,2024-04,1
500282,3,0.0,0.3333333333333333,3.0,-0.8888888888888888,12.406666666666666,97.63666666666666,-0.8729302516131234,-0.8571428571428571,1.0399976696878175,1,0.6666666666666666,37.22,1.0,0.40249999999999997,0.0,1.3333333333333333,-1.0,-0.4,0.3333333333333333,0.6666666666666666,-0.5,0.0,0.0,1.0,2.0,3.0,1.0,0,2.0,6,0,0,21.0,0,Gold,1,0,35,M,Denver,Frozen Foods,Mainstream,2021,55.02166666666667,126.74666666666667,Active,2024-04,1
500283,1,2.0,2.6666666666666665,2.3333333333333335,0.1428571428571427,85.17,73.24333333333333,0.16283620807354496,0.2,0.3327070254214876,3,1.0,31.938750000000002,2.3333333333333335,0.32,1.6666666666666667,1.6666666666666667,0.0,0.22857142857142856,1.6666666666666667,2.6666666666666665,-0.37499999999999994,0.3333333333333333,1.0,1.0,1.0,2.0,0.0,0,1.0,6,0,0,42.0,0,Silver,0,1,26,M,Raleigh,Produce,Mainstream,2022,79.20666666666666,78.20071428571428,Active,2024-04,0
500284,7,0.0,0.0,0.0,0.0,0.0,0.0,0.0,0.0,0.0,0,0.0,0.0,0.0,0.0,0.0,0.0,0.0,0.0,0.0,0.0,0.0,0.0,0.0,0.0,0.0,0.0,0.0,0,7.0,6,0,0,46.0,0,Silver,0,1,30,M,Raleigh,Snacks,Mainstream,2021,0.0,91.655,Lapsed,2024-04,1
500285,1,4.0,3.3333333333333335,3.3333333333333335,0.0,160.47333333333333,151.4333333333333,0.05969623596742255,-0.11428571428571428,0.5286410080106081,3,1.0,48.141999999999996,3.0,0.28833333333333333,1.3333333333333333,1.0,0.33333333333333326,0.08571428571428572,0.6666666666666666,1.3333333333333333,-0.5,0.6666666666666666,1.0,0.0,0.0,0.0,0.0,0,7.0,6,0,0,41.0,0,Gold,1,0,28,M,Columbus,Produce,Mainstream,2021,155.95333333333335,158.12916666666666,Active,2024-04,0
500286,1,9.0,11.5,6.333333333333333,0.8157894736842106,502.58000000000004,251.63,0.997297619520725,1.1216216216216217,0.4133975629689973,2,1.0,43.70260869565218,5.5,0.18000000000000002,4.0,3.3333333333333335,0.19999999999999996,-0.04054054054054054,1.5,0.6666666666666666,1.2500000000000002,0.0,1.3333333333333333,0.0,0.0,0.0,0.0,0,7.0,6,0,1,31.0,0,Platinum,2,1,33,M,Nashville,Beverages,Value,2021,352.01,321.5785714285715,Active,2024-04,0
500287,1,6.0,4.333333333333333,6.0,-0.27777777777777785,153.79666666666668,204.01666666666665,-0.2461563597745281,0.02857142857142857,0.41985306091239305,3,1.0,35.49153846153847,4.0,0.2783333333333333,2.6666666666666665,1.3333333333333333,1.0,0.34285714285714286,1.6666666666666667,1.3333333333333333,0.2500000000000001,0.3333333333333333,0.6666666666666666,1.0,1.0,2.0,1.0,0,2.0,6,0,0,29.0,0,Gold,1,1,34,M,Madison,Household,Mainstream,2021,178.90666666666667,168.54500000000002,Active,2024-04,0
500288,1,5.0,4.5,4.666666666666667,-0.035714285714285775,160.11,167.42999999999998,-0.04371976348324653,0.22972972972972974,0.44513257122229516,2,1.0,35.580000000000005,3.5,0.22599999999999998,0.0,1.0,-1.0,-0.31081081081081074,1.5,1.3333333333333333,0.12500000000000006,0.0,2.0,0.0,0.0,0.0,0.0,0,7.0,6,0,1,23.0,0,Gold,1,1,20,F,Denver,Personal Care,Mainstream,2022,164.502,164.0953846153846,Active,2024-04,0
500289,4,0.0,0.0,3.6666666666666665,-1.0,0.0,101.29333333333334,-1.0,-1.1714285714285715,1.288503475342577,0,0.5,0.0,0.0,0.28,0.6666666666666666,2.6666666666666665,-0.75,-0.8571428571428571,0.0,1.6666666666666667,-1.0,0.0,0.3333333333333333,0.0,0.0,0.0,0.0,0,7.0,6,0,0,46.0,0,Gold,1,1,31,F,Spokane,Bakery,Value,2021,50.64666666666667,139.76,Lapsed,2024-04,1
500290,6,0.0,0.0,0.3333333333333333,-0.6666666666666666,0.0,9.026666666666666,-1.0,-0.14285714285714285,2.23606797749979,0,0.16666666666666666,0.0,0.0,0.3,0.0,0.0,0.0,0.0,0.0,0.0,0.0,0.0,0.3333333333333333,0.0,0.0,0.0,0.0,0,7.0,6,0,0,29.0,0,Silver,0,1,35,F,Columbus,Beverages,Value,2021,4.513333333333333,134.18,Lapsed,2024-04,1
500291,1,7.0,5.333333333333333,4.666666666666667,0.1428571428571427,187.14000000000001,170.35666666666665,0.09851879390298801,0.45714285714285713,0.32328626781279624,3,1.0,35.088750000000005,1.0,0.30833333333333335,2.3333333333333335,3.3333333333333335,-0.3,-0.4285714285714285,1.0,2.3333333333333335,-0.5714285714285715,1.6666666666666667,1.0,0.0,0.0,0.0,0.0,0,7.0,6,0,0,53.0,0,Gold,1,1,11,F,Nashville,Beverages,Mainstream,2023,178.74833333333333,200.757,Active,2024-04,0
500293,1,3.0,5.0,1.0,3.0,215.32666666666668,39.265,3.0,0.9,0.6952488140511353,3,1.0,43.065333333333335,1.3333333333333333,0.304,2.0,3.5,-0.42857142857142855,0.0,0.6666666666666666,2.5,-0.7333333333333334,0.6666666666666666,0.5,0.0,0.0,0.0,0.0,0,7.0,5,0,0,42.0,0,Silver,0,1,6,M,Portland,Bakery,Mainstream,2023,144.902,144.902,Active,2024-04,0
500295,7,0.0,0.0,0.0,0.0,0.0,0.0,0.0,0.0,0.0,0,0.0,0.0,0.0,0.0,0.0,0.0,0.0,0.0,0.0,0.0,0.0,0.0,0.0,0.0,0.0,0.0,0.0,0,7.0,6,0,0,47.0,0,Gold,1,1,16,F,Columbus,Produce,Upscale,2022,0.0,31.98,Lapsed,2024-04,1
500297,1,5.0,4.0,0.6666666666666666,3.0,167.20000000000002,27.55333333333333,3.0,0.8571428571428571,0.8887968345235636,3,0.8333333333333334,41.800000000000004,1.0,0.22000000000000003,0.3333333333333333,0.6666666666666666,-0.5,0.02857142857142857,1.0,1.0,0.0,0.3333333333333333,0.6666666666666666,0.0,0.0,0.0,0.0,0,7.0,6,0,0,56.0,0,Platinum,2,1,9,F,Austin,Frozen Foods,Mainstream,2023,97.37666666666668,130.24142857142857,Active,2024-04,0
500298,7,0.0,0.0,0.0,0.0,0.0,0.0,0.0,0.0,0.0,0,0.0,0.0,0.0,0.0,0.0,1.0,-1.0,-0.42857142857142855,0.0,0.0,0.0,0.0,0.0,0.0,0.0,0.0,0.0,0,7.0,6,0,0,66.0,0,Silver,0,1,9,M,Raleigh,Bakery,Value,2023,0.0,55.63,Lapsed,2024-04,1
500299,1,11.0,6.0,5.666666666666667,0.05882352941176465,142.35000000000002,132.04333333333332,0.07805518390427411,0.8285714285714286,0.5943048399396376,3,1.0,23.725000000000005,1.6666666666666667,0.17,3.3333333333333335,2.3333333333333335,0.42857142857142855,0.7142857142857143,0.6666666666666666,1.6666666666666667,-0.6,0.6666666666666666,0.3333333333333333,0.0,0.0,0.0,0.0,0,7.0,6,0,0,21.0,0,Silver,0,1,27,M,Denver,Beverages,Value,2022,137.19666666666666,146.91666666666666,Active,2024-04,0
500300,1,6.0,4.0,4.333333333333333,-0.07692307692307686,119.71999999999998,137.31333333333333,-0.12812545516337343,0.14285714285714285,0.47875720077772144,3,1.0,29.929999999999996,3.0,0.26333333333333336,2.3333333333333335,2.3333333333333335,0.0,-0.17142857142857143,1.3333333333333333,1.0,0.33333333333333326,0.3333333333333333,1.0,1.0,0.0,1.0,0.0,0,2.0,6,0,0,57.0,0,Silver,0,1,9,M,Boise,Household,Value,2023,128.51666666666665,130.39249999999998,Active,2024-04,0
500301,1,12.0,8.666666666666666,4.333333333333333,1.0,160.49666666666667,94.21333333333332,0.7035451457684689,1.2285714285714286,0.4340721428228073,3,1.0,18.518846153846155,3.6666666666666665,0.3066666666666667,1.0,4.0,-0.75,-0.9428571428571428,0.3333333333333333,0.0,0.6666666666666666,1.0,1.0,1.0,0.0,1.0,1.0,1,1.0,6,0,0,31.0,0,Silver,0,0,36,F,Portland,Frozen Foods,Value,2021,127.355,106.66866666666667,Active,2024-04,0
500302,5,0.0,0.0,3.6666666666666665,-1.0,0.0,88.71333333333332,-1.0,-1.514285714285714,2.006626570972839,0,0.3333333333333333,0.0,0.0,0.37,0.0,2.0,-1.0,-0.6857142857142857,0.0,0.3333333333333333,-0.6666666666666666,0.0,0.3333333333333333,0.0,0.0,0.0,0.0,0,7.0,6,0,0,35.0,0,Silver,0,1,7,M,Austin,Snacks,Value,2023,44.35666666666666,133.07,Lapsed,2024-04,1
500303,2,0.0,0.6666666666666666,2.6666666666666665,-0.75,27.88,104.96666666666665,-0.7343918704350587,-0.6285714285714287,0.9401785398424648,2,0.8333333333333334,41.82,0.3333333333333333,0.2,1.0,1.3333333333333333,-0.24999999999999994,-0.2571428571428571,1.0,0.6666666666666666,0.5000000000000001,1.0,0.0,0.0,1.0,1.0,0.0,0,6.0,6,0,0,69.0,0,Gold,1,1,37,F,Spokane,Snacks,Mainstream,2021,66.42333333333335,90.19642857142857,Active,2024-04,1
500304,1,4.0,4.333333333333333,3.6666666666666665,0.1818181818181818,217.86666666666667,197.4766666666667,0.10325270496092358,0.22857142857142856,0.12561514408848465,3,1.0,50.27692307692308,3.6666666666666665,0.4566666666666666,3.3333333333333335,2.3333333333333335,0.42857142857142855,0.3142857142857143,0.3333333333333333,0.3333333333333333,0.0,1.0,0.0,0.0,1.0,1.0,0.0,0,5.0,6,0,0,40.0,0,Platinum,2,0,21,F,Nashville,Frozen Foods,Unknown,2022,207.67166666666665,207.45071428571427,Active,2024-04,0
500305,1,4.0,3.6666666666666665,5.0,-0.2666666666666667,96.57333333333334,124.27000000000002,-0.22287492288297,-0.45714285714285713,0.22790854046995226,3,1.0,26.33818181818182,1.3333333333333333,0.265,3.0,2.6666666666666665,0.12500000000000006,0.14285714285714285,2.0,2.3333333333333335,-0.1428571428571429,1.0,0.3333333333333333,1.0,0.0,1.0,0.0,0,3.0,6,0,0,47.0,0,Silver,0,1,9,M,Boise,Dairy,Upscale,2023,110.42166666666668,110.21125,Active,2024-04,0
500307,1,3.0,3.3333333333333335,3.3333333333333335,0.0,101.23666666666668,89.38333333333333,0.13261234383740467,-0.05714285714285714,0.16836829834125286,3,1.0,30.371000000000002,1.3333333333333333,0.36000000000000004,2.3333333333333335,2.0,0.16666666666666674,-0.08571428571428572,2.6666666666666665,1.6666666666666667,0.5999999999999999,0.6666666666666666,1.6666666666666667,0.0,0.0,0.0,0.0,0,7.0,6,0,0,24.0,0,Gold,1,1,11,F,Spokane,Snacks,Upscale,2023,95.31,108.43800000000002,Active,2024-04,0
500308,1,2.0,3.0,4.0,-0.25,67.47333333333334,80.67666666666666,-0.1636573978432424,-0.6,0.6058872094013273,3,1.0,22.491111111111113,1.3333333333333333,0.27999999999999997,1.6666666666666667,2.3333333333333335,-0.28571428571428575,0.0,0.6666666666666666,2.0,-0.6666666666666667,0.6666666666666666,0.6666666666666666,0.0,0.0,0.0,0.0,0,7.0,6,0,0,34.0,0,Silver,0,1,22,M,Raleigh,Frozen Foods,Value,2022,74.075,92.15466666666666,Active,2024-04,0
500309,1,2.0,1.3333333333333333,1.3333333333333333,0.0,52.44666666666666,52.44666666666666,0.0,0.5,0.45719766629215447,3,1.0,39.334999999999994,2.6666666666666665,0.25,0.0,0.0,0.0,0.0,1.3333333333333333,1.3333333333333333,0.0,0.3333333333333333,0.3333333333333333,1.0,0.0,1.0,0.0,0,2.0,3,1,0,26.0,0,Silver,0,1,4,F,Madison,Snacks,Mainstream,2023,52.44666666666666,52.44666666666666,Active,2024-04,1
500310,4,0.0,0.0,1.5,-1.0,0.0,54.685,-1.0,-0.5,1.268286482473134,0,0.4,0.0,0.0,0.365,0.0,0.0,0.0,0.0,0.0,0.0,0.0,0.0,0.0,0.0,1.0,1.0,1.0,0,5.0,5,0,0,42.0,0,Gold,1,0,6,Other,Madison,Produce,Mainstream,2023,21.874000000000002,54.685,Lapsed,2024-04,1
500311,1,3.0,3.0,3.0,0.0,121.17999999999999,121.17999999999999,0.0,-0.5,0.25758169809542203,3,1.0,40.39333333333333,3.0,0.29,1.3333333333333333,1.3333333333333333,0.0,-1.5,2.3333333333333335,2.3333333333333335,0.0,0.3333333333333333,0.3333333333333333,0.0,0.0,0.0,0.0,0,7.0,3,1,0,18.0,0,Silver,0,1,4,M,Madison,Bakery,Mainstream,2023,121.17999999999999,121.17999999999999,Active,2024-04,0
500312,1,12.0,10.0,10.333333333333334,-0.03225806451612909,300.29333333333335,277.1466666666667,0.08351775233330118,0.42857142857142855,0.18713433005625296,3,1.0,30.029333333333334,5.666666666666667,0.20833333333333334,5.0,4.0,0.25,0.02857142857142857,1.0,0.3333333333333333,1.3333333333333335,0.6666666666666666,0.6666666666666666,1.0,0.0,1.0,0.0,0,1.0,6,0,0,61.0,0,Silver,0,0,25,F,Columbus,Produce,Mainstream,2022,288.71999999999997,266.6453333333333,Active,2024-04,0
500313,1,14.0,13.0,13.0,0.0,531.45,531.45,0.0,0.0,0.07338413773638164,2,1.0,40.88076923076923,5.5,0.135,4.0,4.0,0.0,0.0,2.0,2.0,0.0,0.5,0.5,0.0,0.0,0.0,0.0,0,7.0,2,1,0,48.0,0,Gold,1,0,3,M,Portland,Dairy,Unknown,2024,531.45,531.45,Active,2024-04,0
500315,1,7.0,8.0,6.0,0.3333333333333333,363.25666666666666,242.13666666666666,0.5002133781197946,0.2857142857142857,0.2932038104231608,3,1.0,45.40708333333333,3.3333333333333335,0.2983333333333334,4.333333333333333,3.6666666666666665,0.1818181818181818,-0.11428571428571428,1.0,1.3333333333333333,-0.24999999999999994,0.6666666666666666,0.3333333333333333,0.0,0.0,0.0,0.0,0,7.0,6,0,0,74.0,0,Platinum,2,1,17,M,Spokane,Household,Unknown,2022,302.69666666666666,345.532,Active,2024-04,0
500316,7,0.0,0.0,0.0,0.0,0.0,0.0,0.0,0.0,0.0,0,0.0,0.0,0.0,0.0,0.0,0.0,0.0,0.0,0.0,0.0,0.0,0.0,0.0,0.0,0.0,0.0,0.0,0,7.0,6,0,0,33.0,0,Gold,1,1,11,M,Austin,Personal Care,Mainstream,2023,0.0,46.03,Lapsed,2024-04,1
500317,1,9.0,6.666666666666667,8.0,-0.16666666666666663,248.87666666666667,287.3733333333333,-0.13396046954020305,-0.28571428571428564,0.22378810613363415,3,1.0,37.3315,3.3333333333333335,0.2416666666666667,2.0,2.6666666666666665,-0.24999999999999994,-0.22857142857142856,0.6666666666666666,0.0,1.3333333333333333,0.0,0.6666666666666666,1.0,1.0,2.0,0.0,0,1.0,6,0,0,37.0,0,Silver,0,0,21,Other,Columbus,Personal Care,Mainstream,2022,268.125,225.96666666666667,Active,2024-04,0
500318,1,4.0,4.333333333333333,6.0,-0.27777777777777785,139.59666666666666,195.9466666666667,-0.2875782525857377,-0.3142857142857143,0.31879606920074305,3,1.0,32.214615384615385,2.3333333333333335,0.2816666666666667,4.0,4.666666666666667,-0.1428571428571429,-0.22857142857142854,2.3333333333333335,0.6666666666666666,2.5000000000000004,0.6666666666666666,0.3333333333333333,0.0,2.0,2.0,0.0,0,4.0,6,0,0,45.0,0,Silver,0,1,35,F,Tulsa,Snacks,Value,2021,167.77166666666668,147.75,Active,2024-04,0
500319,1,11.0,9.666666666666666,7.333333333333333,0.3181818181818182,300.12,243.99666666666667,0.23001680350824466,0.3142857142857143,0.25860991325613897,3,1.0,31.04689655172414,3.3333333333333335,0.3433333333333333,6.666666666666667,2.6666666666666665,1.5,1.2571428571428571,1.3333333333333333,0.6666666666666666,1.0,1.0,1.6666666666666667,2.0,0.0,2.0,1.0,1,2.0,6,0,0,48.0,0,Gold,1,1,32,Other,Raleigh,Frozen Foods,Mainstream,2021,272.05833333333334,246.26214285714286,Active,2024-04,0
500320,7,0.0,0.0,0.0,0.0,0.0,0.0,0.0,0.0,0.0,0,0.0,0.0,0.0,0.0,0.0,0.0,0.0,0.0,0.0,0.0,0.0,0.0,0.0,0.0,0.0,0.0,0.0,0,7.0,6,0,0,46.0,1,Silver,0,1,20,F,Denver,Beverages,Mainstream,2022,0.0,23.99,Lapsed,2024-04,1
500321,1,6.0,7.0,6.0,0.16666666666666666,243.20333333333335,218.86666666666667,0.11119402985074629,0.7142857142857143,0.5682540213669663,3,1.0,34.74333333333333,2.3333333333333335,0.25499999999999995,2.0,2.0,0.0,0.22857142857142856,2.0,1.3333333333333333,0.5000000000000001,1.3333333333333333,0.3333333333333333,0.0,0.0,0.0,0.0,0,7.0,6,0,0,48.0,0,Silver,0,1,24,F,Raleigh,Snacks,Unknown,2022,231.035,211.16214285714287,Active,2024-04,0
500322,1,4.0,3.0,2.3333333333333335,0.28571428571428564,89.59333333333335,67.36999999999999,0.32986987284152236,0.5142857142857142,0.6424993541711052,2,0.8333333333333334,29.864444444444448,1.3333333333333333,0.24599999999999994,2.6666666666666665,1.0,1.6666666666666665,0.6,1.3333333333333333,1.0,0.33333333333333326,0.0,1.6666666666666667,0.0,0.0,0.0,0.0,0,7.0,6,0,0,54.0,0,Silver,0,1,31,F,Raleigh,Dairy,Mainstream,2021,78.48166666666668,104.2476923076923,Active,2024-04,0
500323,1,4.0,5.0,2.6666666666666665,0.8750000000000001,109.86000000000001,61.126666666666665,0.7972516086814269,0.37142857142857144,0.5208858628335432,3,0.8333333333333334,21.972,2.3333333333333335,0.198,2.3333333333333335,2.3333333333333335,0.0,-0.11428571428571428,1.0,0.6666666666666666,0.5000000000000001,0.6666666666666666,0.6666666666666666,0.0,0.0,0.0,0.0,0,7.0,6,0,0,35.0,0,Silver,0,0,16,F,Portland,Beverages,Mainstream,2022,85.49333333333334,106.77461538461537,Active,2024-04,0
500324,1,4.0,3.0,1.3333333333333333,1.2500000000000002,105.56333333333333,44.97333333333333,1.3472428105544028,0.5428571428571428,0.7498889678665316,3,0.6666666666666666,35.187777777777775,2.6666666666666665,0.265,1.6666666666666667,1.3333333333333333,0.2500000000000001,0.14285714285714285,1.0,3.0,-0.6666666666666666,1.3333333333333333,0.3333333333333333,0.0,0.0,0.0,0.0,0,7.0,6,0,0,59.0,0,Silver,0,1,25,M,Madison,Dairy,Value,2022,75.26833333333333,79.005,Active,2024-04,1
500325,1,8.0,5.0,3.3333333333333335,0.49999999999999994,134.895,82.49,0.6352891259546614,0.6395348837209303,0.6123812245748982,2,1.0,26.979000000000003,3.0,0.362,1.5,1.3333333333333333,0.12500000000000006,0.06976744186046516,2.0,1.0,1.0,0.5,0.6666666666666666,0.0,0.0,0.0,0.0,0,7.0,6,0,1,66.0,0,Silver,0,1,8,M,Austin,Dairy,Value,2023,103.452,97.2,Active,2024-04,0
500326,1,5.0,3.0,3.0,0.0,100.74000000000001,103.35000000000001,-0.025253991291727132,0.11428571428571428,0.4132901507405467,3,1.0,33.580000000000005,2.6666666666666665,0.27999999999999997,2.0,1.6666666666666667,0.19999999999999996,0.2,0.3333333333333333,1.6666666666666667,-0.8,0.3333333333333333,1.0,1.0,0.0,1.0,0.0,0,3.0,6,0,0,23.0,0,Silver,0,1,23,F,Boise,Dairy,Value,2022,102.04500000000002,140.52733333333333,Active,2024-04,0
500328,1,5.0,5.0,3.6666666666666665,0.3636363636363637,197.51333333333332,133.23333333333332,0.4824618463847887,0.11428571428571428,0.565553902478935,3,1.0,39.50266666666666,4.0,0.25333333333333335,2.6666666666666665,1.6666666666666667,0.5999999999999999,0.2571428571428571,1.0,0.6666666666666666,0.5000000000000001,0.3333333333333333,0.3333333333333333,0.0,1.0,1.0,1.0,0,4.0,6,0,0,28.0,0,Silver,0,1,7,F,Tulsa,Dairy,Value,2023,165.37333333333333,165.37333333333333,Active,2024-04,0
500329,1,7.0,4.333333333333333,4.0,0.08333333333333326,172.5633333333333,132.57,0.3016771014055466,0.3142857142857143,0.4979437821025095,3,1.0,39.82230769230769,3.0,0.2866666666666667,3.6666666666666665,2.0,0.8333333333333333,0.5428571428571428,0.6666666666666666,1.6666666666666667,-0.6,0.3333333333333333,0.3333333333333333,0.0,0.0,0.0,0.0,0,7.0,6,0,0,36.0,0,Gold,1,1,29,M,Boise,Household,Unknown,2021,152.56666666666666,175.70000000000002,Active,2024-04,0
500330,1,6.0,5.333333333333333,3.6666666666666665,0.45454545454545453,162.97,101.93666666666667,0.5987377783591118,0.37142857142857144,0.2877489671731433,3,1.0,30.556875,2.3333333333333335,0.335,4.333333333333333,3.6666666666666665,0.1818181818181818,0.17142857142857143,0.0,0.6666666666666666,-1.0,1.0,0.6666666666666666,0.0,0.0,0.0,0.0,0,7.0,6,0,0,35.0,0,Silver,0,0,22,F,Denver,Produce,Mainstream,2022,132.45333333333335,128.00333333333333,Active,2024-04,0
500331,1,7.0,4.666666666666667,4.5,0.037037037037037104,160.59666666666666,176.655,-0.09090222939250707,0.37837837837837834,0.23795622541204078,3,1.0,34.41357142857142,2.3333333333333335,0.33199999999999996,2.3333333333333335,1.0,1.3333333333333335,0.18918918918918917,2.0,1.0,1.0,2.0,0.5,0.0,0.0,0.0,0.0,0,7.0,6,0,1,62.0,0,Silver,0,1,14,M,Raleigh,Personal Care,Mainstream,2023,167.01999999999998,216.41636363636363,Active,2024-04,0
500333,6,0.0,0.0,0.6666666666666666,-1.0,0.0,20.903333333333332,-1.0,-0.2857142857142857,2.23606797749979,0,0.16666666666666666,0.0,0.0,0.49,0.0,0.0,0.0,0.0,0.0,0.0,0.0,0.0,0.0,0.0,2.0,2.0,1.0,0,6.0,6,0,0,68.0,0,Gold,1,0,9,F,Tulsa,Household,Mainstream,2023,10.451666666666666,54.800000000000004,Lapsed,2024-04,1
500334,1,3.0,3.6666666666666665,4.333333333333333,-0.15384615384615383,129.33333333333334,156.5,-0.17358892438764637,-0.05714285714285714,0.2530958152387887,3,1.0,35.27272727272727,2.6666666666666665,0.29,0.6666666666666666,1.6666666666666667,-0.6,-0.37142857142857144,0.0,0.3333333333333333,-0.6666666666666666,0.6666666666666666,0.3333333333333333,0.0,1.0,1.0,1.0,0,4.0,6,0,0,61.0,0,Gold,1,0,30,F,Columbus,Dairy,Upscale,2021,142.91666666666666,178.065,Active,2024-04,0
500335,1,7.0,8.0,8.0,0.0,199.02666666666667,186.35,0.06802611573204549,-0.17441860465116277,0.15020799395350795,3,1.0,24.878333333333334,5.0,0.20800000000000002,1.6666666666666667,2.5,-0.3333333333333333,-0.17441860465116277,1.6666666666666667,1.0,0.6666666666666667,0.3333333333333333,0.0,0.0,0.0,0.0,0.0,0,7.0,6,0,1,71.0,0,Silver,0,1,17,Unknown,Nashville,Bakery,Mainstream,2022,193.95600000000002,175.92000000000002,Active,2024-04,0
500336,2,0.0,1.0,0.3333333333333333,1.3333333333333335,59.79,19.8,2.0196969696969695,0.0,1.1266955667527336,2,0.5,59.79,2.0,0.36999999999999994,1.6666666666666667,1.6666666666666667,0.0,-0.22857142857142856,0.3333333333333333,0.6666666666666666,-0.5,0.6666666666666666,0.0,0.0,1.0,1.0,0.0,0,5.0,6,0,0,74.0,0,Platinum,2,0,36,M,Raleigh,Frozen Foods,Mainstream,2021,39.795,99.34833333333334,Active,2024-04,0
500337,2,0.0,0.6666666666666666,1.6666666666666667,-0.6,27.223333333333333,54.97666666666667,-0.5048202267628691,-0.37142857142857144,0.9263526776092875,1,0.6666666666666666,40.835,1.3333333333333333,0.33249999999999996,3.0,2.0,0.5,0.3142857142857143,1.3333333333333333,2.6666666666666665,-0.5,0.0,0.3333333333333333,1.0,0.0,1.0,0.0,0,2.0,6,0,0,22.0,0,Gold,1,1,34,F,Austin,Bakery,Value,2021,41.1,94.88692307692307,Active,2024-04,0
500338,1,2.0,4.666666666666667,3.6666666666666665,0.2727272727272729,130.84666666666666,103.38999999999999,0.2655640455234228,0.14285714285714288,0.3552505321667429,3,1.0,28.038571428571426,2.3333333333333335,0.15166666666666664,3.0,1.0,2.0,0.6857142857142857,0.0,0.3333333333333333,-0.6666666666666666,0.3333333333333333,1.0,0.0,0.0,0.0,0.0,0,7.0,6,0,0,56.0,0,Silver,0,0,32,M,Austin,Beverages,Mainstream,2021,117.11833333333334,137.25923076923075,Active,2024-04,0
500341,6,0.0,0.0,0.5,-1.0,0.0,13.735,-1.0,-0.18918918918918917,2.0,0,0.2,0.0,0.0,0.18,0.3333333333333333,1.0,-0.6666666666666667,-0.2297297297297297,0.0,2.0,-1.0,0.0,0.5,1.0,0.0,1.0,0.0,0,3.0,6,0,1,27.0,0,Silver,0,1,22,M,Austin,Bakery,Upscale,2022,5.494,26.355,Lapsed,2024-04,1
500342,1,7.0,6.333333333333333,4.333333333333333,0.46153846153846156,172.04333333333332,127.86000000000001,0.3455602481881222,0.5142857142857142,0.2999352552736297,3,1.0,27.164736842105263,4.333333333333333,0.35000000000000003,2.6666666666666665,2.3333333333333335,0.1428571428571427,-0.08571428571428572,1.6666666666666667,2.0,-0.16666666666666663,0.3333333333333333,0.3333333333333333,0.0,0.0,0.0,0.0,0,7.0,6,0,0,34.0,0,Silver,0,1,12,F,Spokane,Dairy,Mainstream,2023,149.95166666666668,133.67545454545456,Active,2024-04,0
500343,1,6.0,4.333333333333333,3.0,0.44444444444444436,95.33666666666666,58.06333333333333,0.6419427062403122,0.45714285714285713,0.4293262754845006,3,1.0,22.00076923076923,2.6666666666666665,0.255,1.6666666666666667,1.6666666666666667,0.0,-0.057142857142857134,0.6666666666666666,2.0,-0.6666666666666667,1.3333333333333333,0.3333333333333333,1.0,0.0,1.0,0.0,0,2.0,6,0,0,29.0,0,Silver,0,1,32,F,Madison,Produce,Value,2021,76.7,70.12071428571429,Active,2024-04,0
500344,7,0.0,0.0,0.0,0.0,0.0,0.0,0.0,0.0,0.0,0,0.0,0.0,0.0,0.0,0.0,0.0,0.0,0.0,0.0,0.0,0.0,0.0,0.0,0.0,0.0,0.0,0.0,0,7.0,6,0,0,63.0,0,Silver,0,0,12,M,Madison,Bakery,Value,2023,0.0,41.35,Lapsed,2024-04,1
500345,1,4.0,4.0,1.0,3.0,106.82333333333334,22.45,3.0,0.9,0.43626928282724,3,1.0,26.705833333333334,2.0,0.15,3.0,3.0,0.0,-0.6,1.0,0.0,2.0,0.6666666666666666,0.0,0.0,0.0,0.0,0.0,0,7.0,4,0,0,25.0,0,Silver,0,0,5,F,Denver,Snacks,Unknown,2023,85.73,85.73,Active,2024-04,0
500346,1,4.0,3.0,3.0,0.0,81.47,81.47,0.0,1.5,0.43522743200947195,3,1.0,27.156666666666666,1.6666666666666667,0.28,0.6666666666666666,0.6666666666666666,0.0,-0.5,0.0,0.0,0.0,0.3333333333333333,0.3333333333333333,0.0,0.0,0.0,0.0,0,7.0,3,1,0,70.0,0,Silver,0,0,4,F,Denver,Personal Care,Upscale,2023,81.47,81.47000000000001,Active,2024-04,0
500347,1,10.0,9.666666666666666,7.666666666666667,0.2608695652173912,140.12666666666667,122.33333333333331,0.14544959128065413,0.9142857142857143,0.30356997476897307,3,1.0,14.495862068965518,4.666666666666667,0.3,1.6666666666666667,2.0,-0.16666666666666663,-0.2,0.6666666666666666,1.6666666666666667,-0.6,0.6666666666666666,0.6666666666666666,0.0,1.0,1.0,1.0,0,4.0,6,0,0,38.0,0,Silver,0,1,11,F,Austin,Snacks,Value,2023,131.23,118.604,Active,2024-04,0
500348,7,0.0,0.0,0.0,0.0,0.0,0.0,0.0,0.0,0.0,0,0.0,0.0,0.0,0.0,0.0,0.0,0.0,0.0,0.0,0.0,0.0,0.0,0.0,0.0,0.0,0.0,0.0,0,7.0,6,0,0,51.0,0,Silver,0,0,24,M,Madison,Dairy,Mainstream,2022,0.0,94.22,Lapsed,2024-04,1
500349,1,5.0,5.666666666666667,5.666666666666667,0.0,224.35333333333335,224.35333333333335,0.0,0.5,0.34966985316531224,3,1.0,39.591764705882355,2.6666666666666665,0.5499999999999999,3.3333333333333335,3.3333333333333335,0.0,0.5,1.0,1.0,0.0,0.0,0.0,0.0,0.0,0.0,0.0,0,7.0,3,1,0,41.0,0,Silver,0,1,4,F,Nashville,Bakery,Unknown,2023,224.35333333333335,224.35333333333335,Active,2024-04,0
500350,1,6.0,5.5,5.333333333333333,0.031250000000000056,134.435,112.09333333333332,0.1993130724396338,-0.16279069767441864,0.37485716366557265,2,1.0,24.44272727272727,3.5,0.316,5.0,2.0,1.5,0.7906976744186046,0.5,0.6666666666666666,-0.24999999999999994,1.0,1.0,0.0,0.0,0.0,0.0,0,7.0,6,0,1,37.0,0,Silver,0,0,30,F,Denver,Beverages,Value,2021,121.03,117.73333333333333,Active,2024-04,0
500351,1,4.0,2.6666666666666665,7.333333333333333,-0.6363636363636364,81.32333333333334,244.66,-0.6676067467778413,-1.2,0.6502577967113666,3,1.0,30.496250000000003,1.3333333333333333,0.35666666666666663,2.0,1.3333333333333333,0.5000000000000001,0.22857142857142856,1.0,0.3333333333333333,1.3333333333333335,0.0,0.3333333333333333,0.0,0.0,0.0,0.0,0,7.0,6,0,0,67.0,0,Gold,1,1,11,M,Madison,Household,Value,2023,162.99166666666667,164.982,Active,2024-04,0
500352,1,3.0,3.6666666666666665,2.6666666666666665,0.375,130.39333333333335,98.33,0.326078850130513,0.08571428571428572,0.2728382481399451,3,1.0,35.56181818181819,1.0,0.19666666666666668,2.3333333333333335,2.3333333333333335,0.0,0.17142857142857143,1.0,0.0,2.0,0.3333333333333333,0.0,0.0,0.0,0.0,0.0,0,7.0,6,0,0,38.0,0,Silver,0,1,11,M,Portland,Snacks,Mainstream,2023,114.36166666666668,106.78363636363635,Active,2024-04,0
500354,7,0.0,0.0,0.0,0.0,0.0,0.0,0.0,0.0,0.0,0,0.0,0.0,0.0,0.0,0.0,0.0,0.0,0.0,0.0,0.0,0.0,0.0,0.0,0.0,0.0,0.0,0.0,0,7.0,6,0,0,54.0,0,Platinum,2,0,33,F,Spokane,Dairy,Mainstream,2021,0.0,160.0375,Lapsed,2024-04,1
500355,1,6.0,5.666666666666667,5.666666666666667,0.0,217.47333333333333,213.91333333333333,0.016642253872284737,-0.1714285714285714,0.2447111205912046,3,1.0,38.37764705882353,4.666666666666667,0.43500000000000005,1.6666666666666667,1.3333333333333333,0.2500000000000001,0.14285714285714285,3.3333333333333335,0.6666666666666666,3.0,0.0,0.3333333333333333,2.0,0.0,2.0,0.0,0,3.0,6,0,0,38.0,0,Gold,1,1,16,F,Spokane,Beverages,Upscale,2022,215.6933333333333,278.21214285714285,Active,2024-04,0
500356,1,9.0,5.333333333333333,5.0,0.06666666666666661,184.92666666666665,184.49666666666667,0.0023306654140091694,0.37142857142857144,0.3496138999367299,3,1.0,34.67375,4.333333333333333,0.25166666666666665,3.6666666666666665,4.666666666666667,-0.21428571428571436,-0.2,0.0,0.3333333333333333,-0.6666666666666666,0.3333333333333333,0.6666666666666666,0.0,0.0,0.0,0.0,0,7.0,6,0,0,67.0,0,Silver,0,0,30,F,Spokane,Personal Care,Mainstream,2021,184.71166666666667,179.90214285714288,Active,2024-04,0
500357,1,6.0,6.333333333333333,3.0,1.111111111111111,190.5,81.07666666666667,1.3496279241869835,0.5714285714285714,0.4617086275280003,3,1.0,30.078947368421055,4.0,0.31166666666666665,1.3333333333333333,2.6666666666666665,-0.5,-0.2857142857142857,1.6666666666666667,2.6666666666666665,-0.37499999999999994,0.6666666666666666,0.6666666666666666,1.0,1.0,2.0,1.0,1,2.0,6,0,0,33.0,0,Silver,0,1,11,M,Boise,Produce,Mainstream,2023,135.78833333333333,112.931,Active,2024-04,0
500358,1,9.0,4.333333333333333,4.333333333333333,0.0,121.75666666666666,121.75666666666666,0.0,3.0,0.7859730970022143,3,1.0,28.09769230769231,2.3333333333333335,0.29333333333333333,1.3333333333333333,1.3333333333333333,0.0,-1.0,0.3333333333333333,0.3333333333333333,0.0,0.6666666666666666,0.6666666666666666,0.0,0.0,0.0,0.0,0,7.0,3,1,0,37.0,0,Silver,0,1,4,M,Nashville,Beverages,Mainstream,2023,121.75666666666666,121.75666666666666,Active,2024-04,0
500359,1,4.0,3.0,4.666666666666667,-0.3571428571428572,108.33999999999999,181.17,-0.4019981233095987,-0.4857142857142857,0.3799704883649838,3,1.0,36.11333333333333,1.0,0.3216666666666667,2.6666666666666665,2.3333333333333335,0.1428571428571427,0.2571428571428571,1.0,0.0,2.0,0.6666666666666666,0.3333333333333333,0.0,0.0,0.0,0.0,0,7.0,6,0,0,68.0,0,Platinum,2,0,31,F,Tulsa,Snacks,Upscale,2021,144.755,174.05357142857142,Active,2024-04,0
500360,1,10.0,7.666666666666667,5.0,0.5333333333333334,307.82666666666665,184.57000000000002,0.6678044463708437,0.9142857142857143,0.5023745036013328,3,1.0,40.151304347826084,4.0,0.3333333333333333,2.0,1.3333333333333333,0.5000000000000001,0.4571428571428571,2.3333333333333335,1.3333333333333333,0.7500000000000002,0.6666666666666666,1.0,0.0,0.0,0.0,0.0,0,7.0,6,0,0,28.0,0,Platinum,2,1,29,M,Boise,Dairy,Mainstream,2021,246.19833333333335,223.15642857142856,Active,2024-04,0
500361,6,0.0,0.0,2.3333333333333335,-1.0,0.0,83.34333333333333,-1.0,-1.0,2.23606797749979,0,0.16666666666666666,0.0,0.0,0.23,0.0,2.0,-1.0,-0.5714285714285714,0.0,0.0,0.0,0.0,0.3333333333333333,0.0,1.0,1.0,0.0,0,5.0,6,0,0,68.0,0,Gold,1,0,28,F,Portland,Dairy,Mainstream,2021,41.67166666666667,268.6166666666667,Lapsed,2024-04,1
500362,7,0.0,0.0,0.0,0.0,0.0,0.0,0.0,0.0,0.0,0,0.0,0.0,0.0,0.0,0.0,0.0,0.0,0.0,0.0,0.0,0.0,0.0,0.0,0.0,0.0,0.0,0.0,0,7.0,6,0,0,18.0,0,Gold,1,1,33,M,Portland,Bakery,Mainstream,2021,0.0,77.815,Lapsed,2024-04,1
500363,1,11.0,6.0,6.333333333333333,-0.052631578947368376,172.61666666666665,198.65,-0.1310512626898231,0.4857142857142857,0.3899364354369586,3,1.0,28.769444444444442,5.666666666666667,0.24833333333333332,4.0,3.0,0.3333333333333333,0.3142857142857143,1.3333333333333333,0.6666666666666666,1.0,0.6666666666666666,0.0,0.0,1.0,1.0,0.0,0,5.0,6,0,0,18.0,0,Silver,0,0,19,M,Columbus,Bakery,Upscale,2022,185.63333333333333,175.37666666666667,Active,2024-04,0
500364,1,4.0,5.333333333333333,8.333333333333334,-0.3600000000000001,123.79,195.54,-0.36693259691111785,-0.7142857142857143,0.3003949604128485,3,1.0,23.210625000000004,3.0,0.22999999999999998,2.0,3.0,-0.3333333333333333,0.02857142857142857,2.3333333333333335,1.3333333333333333,0.7500000000000002,0.6666666666666666,1.0,1.0,0.0,1.0,0.0,0,1.0,6,0,0,25.0,0,Silver,0,1,7,M,Madison,Dairy,Mainstream,2023,159.665,159.665,Active,2024-04,0
500365,7,0.0,0.0,0.0,0.0,0.0,0.0,0.0,0.0,0.0,0,0.0,0.0,0.0,0.0,0.0,0.0,0.0,0.0,0.0,0.0,0.0,0.0,0.0,0.0,0.0,0.0,0.0,0,7.0,6,0,0,53.0,0,Silver,0,0,22,M,Boise,Produce,Value,2022,0.0,25.37,Lapsed,2024-04,1
500367,1,4.0,3.3333333333333335,5.0,-0.3333333333333333,72.63333333333333,108.51,-0.3306300494578074,-0.02857142857142857,0.46603761509150154,3,1.0,21.789999999999996,3.3333333333333335,0.2316666666666667,4.333333333333333,2.6666666666666665,0.625,0.2571428571428571,0.3333333333333333,0.0,0.6666666666666666,0.3333333333333333,0.3333333333333333,0.0,1.0,1.0,0.0,0,6.0,6,0,0,66.0,0,Silver,0,1,14,M,Denver,Frozen Foods,Mainstream,2023,90.57166666666666,92.25307692307692,Active,2024-04,0
500368,1,6.0,7.0,2.6666666666666665,1.6250000000000002,254.065,106.53000000000002,1.3849150474044865,0.7837837837837838,0.546512934435093,2,1.0,36.295,8.0,0.236,4.0,2.6666666666666665,0.5000000000000001,0.25675675675675674,1.5,1.3333333333333333,0.12500000000000006,0.5,0.6666666666666666,0.0,0.0,0.0,0.0,0,7.0,6,0,1,53.0,0,Silver,0,1,24,F,Columbus,Household,Unknown,2022,165.544,218.3075,Active,2024-04,0
500369,1,4.0,6.0,5.0,0.2,255.49666666666667,183.99,0.38864431037918723,-0.2,0.5908823149162052,3,1.0,42.58277777777778,2.6666666666666665,0.34500000000000003,3.6666666666666665,2.6666666666666665,0.375,0.42857142857142855,2.0,1.3333333333333333,0.5000000000000001,0.6666666666666666,0.6666666666666666,0.0,0.0,0.0,0.0,0,7.0,6,0,0,54.0,0,Platinum,2,1,10,M,Tulsa,Frozen Foods,Value,2023,219.74333333333334,213.7411111111111,Active,2024-04,0
500370,1,1.0,3.0,3.0,0.0,93.63666666666666,109.33999999999999,-0.14361929150661545,-0.17142857142857143,0.4893960504078295,3,1.0,31.21222222222222,1.3333333333333333,0.2716666666666666,1.3333333333333333,2.6666666666666665,-0.5,-0.4,1.0,2.3333333333333335,-0.5714285714285715,0.6666666666666666,0.3333333333333333,0.0,0.0,0.0,0.0,0,7.0,6,0,0,74.0,0,Silver,0,1,23,M,Austin,Household,Mainstream,2022,101.48833333333334,102.14733333333334,Active,2024-04,0
500371,1,5.0,5.0,9.333333333333334,-0.4642857142857143,152.48333333333332,324.98999999999995,-0.5308060760843923,-0.8285714285714286,0.5024212314251,3,1.0,30.496666666666663,1.3333333333333333,0.30333333333333334,2.6666666666666665,2.6666666666666665,0.0,0.2857142857142857,1.6666666666666667,1.0,0.6666666666666667,0.6666666666666666,1.3333333333333333,0.0,0.0,0.0,0.0,0,7.0,6,0,0,72.0,0,Silver,0,1,30,M,Tulsa,Produce,Mainstream,2021,238.73666666666668,264.646,Active,2024-04,0
500372,1,1.0,1.5,1.5,0.0,42.565,42.565,0.0,0.0,0.32738165159168336,2,1.0,28.376666666666665,0.0,0.375,1.0,1.0,0.0,0.0,0.0,0.0,0.0,0.0,0.0,0.0,0.0,0.0,0.0,0,7.0,2,1,0,21.0,0,Silver,0,0,3,M,Tulsa,Beverages,Upscale,2024,42.565,42.565,Active,2024-04,0
500373,1,5.0,5.666666666666667,7.0,-0.19047619047619044,212.41333333333333,273.6566666666667,-0.22379624103195012,-0.8571428571428571,0.43461354030129884,3,1.0,37.48470588235294,1.6666666666666667,0.18499999999999997,4.0,3.3333333333333335,0.19999999999999996,0.6857142857142857,0.3333333333333333,0.3333333333333333,0.0,1.0,0.3333333333333333,0.0,0.0,0.0,0.0,0,7.0,6,0,0,49.0,0,Silver,0,0,17,F,Madison,Personal Care,Mainstream,2022,243.035,206.67000000000002,Active,2024-04,0
500374,5,0.0,0.0,4.666666666666667,-1.0,0.0,140.65333333333334,-1.0,-1.7142857142857142,1.4921420988420293,0,0.3333333333333333,0.0,0.0,0.29000000000000004,0.0,0.6666666666666666,-1.0,-0.22857142857142856,0.0,0.0,0.0,0.0,0.3333333333333333,0.0,0.0,0.0,0.0,0,7.0,6,0,0,38.0,0,Silver,0,0,25,M,Raleigh,Household,Value,2022,70.32666666666667,151.82,Lapsed,2024-04,1
500376,7,0.0,0.0,0.0,0.0,0.0,0.0,0.0,0.0,0.0,0,0.0,0.0,0.0,0.0,0.0,0.0,0.0,0.0,0.0,0.0,0.0,0.0,0.0,0.0,0.0,0.0,0.0,0,7.0,6,0,0,63.0,0,Platinum,2,1,24,F,Spokane,Household,Value,2022,0.0,154.52333333333334,Lapsed,2024-04,1
500377,7,0.0,0.0,0.0,0.0,0.0,0.0,0.0,0.0,0.0,0,0.0,0.0,0.0,0.0,0.0,0.0,0.0,0.0,0.0,0.0,0.0,0.0,0.0,0.0,0.0,0.0,0.0,0,7.0,6,0,0,48.0,0,Silver,0,1,35,F,Tulsa,Dairy,Mainstream,2021,0.0,92.02,Lapsed,2024-04,1
500378,1,1.0,4.666666666666667,3.3333333333333335,0.4,110.43,86.27666666666666,0.27995209210678845,0.17142857142857143,0.5124354572508434,3,1.0,23.66357142857143,0.6666666666666666,0.33666666666666667,2.0,2.3333333333333335,-0.1428571428571429,-0.14285714285714285,2.0,2.6666666666666665,-0.24999999999999994,1.0,0.6666666666666666,0.0,0.0,0.0,0.0,0,7.0,6,0,0,55.0,0,Silver,0,1,31,Other,Austin,Beverages,Mainstream,2021,98.35333333333334,85.65642857142858,Active,2024-04,0
500379,2,0.0,3.3333333333333335,4.0,-0.16666666666666663,60.89333333333334,83.79333333333334,-0.2732914312992282,-0.5142857142857142,0.5826405950069918,2,0.8333333333333334,18.268,2.0,0.21800000000000003,1.0,3.3333333333333335,-0.7000000000000001,-0.6571428571428571,1.3333333333333333,2.3333333333333335,-0.42857142857142866,0.3333333333333333,0.3333333333333333,0.0,0.0,0.0,0.0,0,7.0,6,0,0,47.0,0,Silver,0,1,26,M,Tulsa,Dairy,Upscale,2022,72.34333333333335,115.39071428571428,Active,2024-04,0
500380,1,6.0,5.666666666666667,11.0,-0.4848484848484848,155.57333333333332,294.505,-0.47174637668856784,-1.5348837209302322,0.529952750575445,3,1.0,27.45411764705882,3.3333333333333335,0.21400000000000002,5.333333333333333,2.5,1.1333333333333333,0.5465116279069767,1.0,0.5,1.0,1.3333333333333333,0.5,0.0,0.0,0.0,0.0,0,7.0,6,0,1,21.0,0,Silver,0,0,30,M,Madison,Bakery,Upscale,2021,211.14600000000002,195.6592307692308,Active,2024-04,0
500381,1,3.0,6.0,5.333333333333333,0.12500000000000006,134.78666666666666,129.60333333333332,0.03999382731925622,-0.17142857142857146,0.30654562014336895,3,1.0,22.464444444444442,4.0,0.38499999999999995,2.3333333333333335,2.3333333333333335,0.0,-0.22857142857142856,1.6666666666666667,2.3333333333333335,-0.28571428571428575,1.0,0.6666666666666666,2.0,0.0,2.0,0.0,0,1.0,6,0,0,67.0,0,Silver,0,1,13,F,Raleigh,Household,Upscale,2023,132.19500000000002,128.32583333333332,Active,2024-04,0
500382,1,2.0,3.6666666666666665,4.0,-0.08333333333333337,118.10333333333334,132.3,-0.10730662635424544,-0.4,0.4837206282604049,3,1.0,32.21,3.6666666666666665,0.268,2.0,0.5,3.0,0.3,2.6666666666666665,1.0,1.6666666666666665,0.3333333333333333,1.5,0.0,0.0,0.0,0.0,0,7.0,6,0,1,40.0,0,Silver,0,1,12,F,Spokane,Household,Mainstream,2023,123.78200000000001,173.932,Active,2024-04,0
500383,1,5.0,4.0,4.0,0.0,102.19,102.19,0.0,0.0,0.19179958900088073,2,1.0,25.5475,2.5,0.265,1.0,1.0,0.0,0.0,1.5,1.5,0.0,0.5,0.5,1.0,0.0,1.0,0.0,0,1.0,2,1,0,30.0,0,Silver,0,1,3,M,Madison,Produce,Mainstream,2024,102.19,102.19,Active,2024-04,0
500384,1,5.0,2.0,2.5,-0.2,54.86666666666667,72.245,-0.24054721203312807,0.3,0.7735393565136521,2,0.8,27.433333333333334,1.3333333333333333,0.3525,1.3333333333333333,1.5,-0.11111111111111116,-0.5,0.3333333333333333,2.0,-0.8333333333333334,0.3333333333333333,0.5,1.0,0.0,1.0,0.0,0,3.0,6,0,1,54.0,0,Silver,0,1,27,F,Boise,Produce,Mainstream,2022,61.818,70.26636363636364,Active,2024-04,0
500385,1,10.0,9.333333333333334,5.5,0.6969696969696971,281.16333333333336,153.885,0.8271003238348986,1.3378378378378375,0.3444879071438151,3,1.0,30.124642857142856,3.6666666666666665,0.198,4.333333333333333,5.5,-0.21212121212121218,-0.28378378378378377,2.0,1.0,1.0,0.0,0.0,0.0,0.0,0.0,0.0,0,7.0,6,0,1,35.0,0,Silver,0,1,11,M,Madison,Personal Care,Mainstream,2023,230.252,187.898,Active,2024-04,0
500386,7,0.0,0.0,0.0,0.0,0.0,0.0,0.0,0.0,0.0,0,0.0,0.0,0.0,0.0,0.0,0.0,0.0,0.0,0.0,0.0,0.0,0.0,0.0,0.0,0.0,0.0,0.0,0,7.0,6,0,0,46.0,1,Silver,0,1,33,F,Austin,Snacks,Mainstream,2021,0.0,23.08,Lapsed,2024-04,1
500387,2,0.0,2.3333333333333335,3.3333333333333335,-0.3,96.12,129.58333333333334,-0.25823794212218654,-0.2571428571428571,0.726447184121458,2,0.8333333333333334,41.19428571428571,1.3333333333333333,0.47000000000000003,1.3333333333333333,1.6666666666666667,-0.20000000000000007,-0.08571428571428572,1.6666666666666667,1.3333333333333333,0.2500000000000001,1.3333333333333333,0.3333333333333333,1.0,0.0,1.0,1.0,1,3.0,6,0,0,47.0,0,Gold,1,1,17,F,Raleigh,Household,Mainstream,2022,112.85166666666667,139.37583333333333,Active,2024-04,0
500388,7,0.0,0.0,0.0,0.0,0.0,0.0,0.0,0.0,0.0,0,0.0,0.0,0.0,0.0,0.0,0.0,0.0,0.0,0.0,0.0,0.0,0.0,0.0,0.0,0.0,0.0,0.0,0,7.0,6,0,0,43.0,0,Silver,0,1,34,F,Austin,Bakery,Unknown,2021,0.0,95.07714285714285,Lapsed,2024-04,1
500389,1,4.0,5.333333333333333,11.0,-0.5151515151515151,124.86666666666667,271.31,-0.5397638617571535,-1.7,0.45073443087953174,3,1.0,23.4125,3.6666666666666665,0.33999999999999997,2.3333333333333335,5.0,-0.5333333333333333,-0.4,2.0,2.0,0.0,0.6666666666666666,0.0,0.0,0.0,0.0,0.0,0,7.0,4,0,0,23.0,0,Silver,0,1,5,F,Spokane,Dairy,Mainstream,2023,161.47750000000002,161.4775,Active,2024-04,0
500390,1,8.0,7.333333333333333,2.5,1.9333333333333331,331.3933333333334,110.725,1.9929404681267409,1.6,0.49885351391411864,3,1.0,45.190000000000005,5.333333333333333,0.186,4.0,3.0,0.3333333333333333,0.3,0.3333333333333333,0.5,-0.33333333333333337,0.3333333333333333,0.5,0.0,0.0,0.0,0.0,0,7.0,5,0,0,28.0,0,Platinum,2,0,6,F,Denver,Household,Upscale,2023,243.12600000000003,243.12600000000003,Active,2024-04,0
500391,1,6.0,4.0,2.6666666666666665,0.5000000000000001,68.91,40.18,0.7150323544051767,0.7297297297297297,0.573456315160454,2,1.0,17.2275,1.5,0.278,3.0,1.6666666666666667,0.7999999999999999,0.3918918918918919,0.5,0.3333333333333333,0.33333333333333337,1.0,0.6666666666666666,0.0,1.0,1.0,1.0,0,6.0,6,0,1,67.0,0,Silver,0,0,13,F,Raleigh,Beverages,Value,2023,51.672000000000004,59.01272727272727,Active,2024-04,0
500393,1,11.0,6.333333333333333,8.0,-0.20833333333333337,192.17666666666665,238.35,-0.19372071883085104,-0.0285714285714286,0.37243559144919186,3,1.0,30.343684210526316,4.0,0.36833333333333335,4.0,3.3333333333333335,0.19999999999999996,0.057142857142857155,2.3333333333333335,2.0,0.16666666666666674,0.6666666666666666,0.6666666666666666,0.0,0.0,0.0,0.0,0,7.0,6,0,0,49.0,0,Silver,0,1,18,F,Austin,Dairy,Value,2022,215.26333333333332,208.21499999999997,Active,2024-04,0
500394,1,1.0,3.6666666666666665,10.333333333333334,-0.6451612903225807,125.36333333333333,379.33666666666664,-0.6695196000035148,-2.1714285714285713,0.553716487284469,3,1.0,34.19,2.3333333333333335,0.3016666666666667,1.6666666666666667,3.6666666666666665,-0.5454545454545454,-0.5142857142857142,0.0,0.0,0.0,1.3333333333333333,0.0,0.0,0.0,0.0,0.0,0,7.0,6,0,0,44.0,0,Gold,1,0,24,F,Boise,Dairy,Mainstream,2022,252.35,230.98333333333332,Active,2024-04,0
500395,7,0.0,0.0,0.0,0.0,0.0,0.0,0.0,0.0,0.0,0,0.0,0.0,0.0,0.0,0.0,0.3333333333333333,-0.6666666666666666,-0.14285714285714285,0.0,0.0,0.0,0.0,0.0,0.0,1.0,1.0,1.0,0,6.0,6,0,0,28.0,0,Silver,0,0,25,F,Boise,Dairy,Mainstream,2022,0.0,74.3388888888889,Lapsed,2024-04,1
500396,4,0.0,0.0,2.3333333333333335,-1.0,0.0,48.333333333333336,-1.0,-0.5428571428571428,1.0319929670049508,0,0.5,0.0,0.0,0.20333333333333334,0.0,0.3333333333333333,-0.6666666666666666,-0.14285714285714285,0.0,1.6666666666666667,-1.0,0.0,0.3333333333333333,1.0,2.0,3.0,0.0,0,3.0,6,0,0,58.0,0,Silver,0,1,8,F,Austin,Beverages,Mainstream,2023,24.166666666666668,48.55,Lapsed,2024-04,1
500397,1,4.0,3.0,2.5,0.2,139.01000000000002,95.33,0.45819783908528294,0.4,0.43647417462184546,3,1.0,46.33666666666667,2.0,0.33599999999999997,0.6666666666666666,0.0,1.3333333333333333,0.3,2.0,3.5,-0.42857142857142855,1.3333333333333333,0.5,0.0,0.0,0.0,0.0,0,7.0,5,0,0,54.0,0,Gold,1,1,6,F,Denver,Bakery,Mainstream,2023,121.53800000000001,121.53800000000001,Active,2024-04,0
500398,2,0.0,0.3333333333333333,0.6666666666666666,-0.5,10.286666666666667,21.183333333333334,-0.5143981117230527,-0.08571428571428572,1.5361246744096002,1,0.3333333333333333,30.860000000000003,0.3333333333333333,0.28500000000000003,0.0,0.3333333333333333,-0.6666666666666666,-0.14285714285714285,1.3333333333333333,0.0,2.6666666666666665,0.0,0.3333333333333333,1.0,0.0,1.0,1.0,1,3.0,6,0,0,48.0,0,Gold,1,0,21,F,Nashville,Household,Value,2022,15.735,41.152,Active,2024-04,0
500400,1,5.0,4.666666666666667,4.333333333333333,0.07692307692307707,175.23000000000002,160.97333333333333,0.08856539385405464,-0.02857142857142857,0.47342679725572046,3,1.0,37.549285714285716,3.0,0.2583333333333333,1.6666666666666667,0.6666666666666666,1.5,0.37142857142857144,1.0,1.6666666666666667,-0.4,0.3333333333333333,0.6666666666666666,1.0,0.0,1.0,1.0,1,3.0,6,0,0,22.0,0,Gold,1,1,36,F,Denver,Beverages,Value,2021,168.1016666666667,170.592,Active,2024-04,0
500401,7,0.0,0.0,0.0,0.0,0.0,0.0,0.0,0.0,0.0,0,0.0,0.0,0.0,0.0,0.0,0.0,0.0,0.0,0.0,0.0,0.0,0.0,0.0,0.0,0.0,0.0,0.0,0,7.0,6,0,0,73.0,0,Gold,1,0,34,F,Nashville,Household,Mainstream,2021,0.0,55.18,Lapsed,2024-04,1
500402,2,0.0,1.3333333333333333,2.3333333333333335,-0.42857142857142866,49.89333333333334,80.87333333333333,-0.383068172450746,-0.37142857142857144,0.5372207769254062,2,0.8333333333333334,37.42000000000001,1.3333333333333333,0.17200000000000001,2.0,1.6666666666666667,0.19999999999999996,0.08571428571428569,0.3333333333333333,0.6666666666666666,-0.5,0.6666666666666666,0.3333333333333333,0.0,0.0,0.0,0.0,0,7.0,6,0,0,31.0,0,Silver,0,0,14,M,Tulsa,Dairy,Upscale,2023,65.38333333333333,64.26636363636364,Active,2024-04,0
500403,1,9.0,6.333333333333333,3.5,0.8095238095238094,161.33333333333334,88.82499999999999,0.8163054695562438,1.4,0.36618391237300174,3,1.0,25.47368421052632,2.6666666666666665,0.32599999999999996,2.0,3.0,-0.3333333333333333,-0.3,0.3333333333333333,1.0,-0.6666666666666667,0.0,1.0,0.0,0.0,0.0,0.0,0,7.0,5,0,0,55.0,0,Silver,0,0,6,Unknown,Columbus,Beverages,Value,2023,132.32999999999998,132.32999999999998,Active,2024-04,0
500404,1,1.0,3.6666666666666665,5.0,-0.2666666666666667,165.98,256.52,-0.35295493528769684,-0.6857142857142857,0.7474405200878351,3,0.8333333333333334,45.267272727272726,2.3333333333333335,0.236,0.6666666666666666,2.6666666666666665,-0.75,-0.3428571428571428,0.6666666666666666,1.0,-0.33333333333333337,1.3333333333333333,0.3333333333333333,0.0,1.0,1.0,0.0,0,6.0,6,0,0,21.0,0,Gold,1,1,9,M,Denver,Produce,Mainstream,2023,211.25,238.78,Active,2024-04,0
500405,1,2.0,4.333333333333333,4.333333333333333,0.0,133.73666666666668,131.39666666666668,0.017808670945483166,-0.11428571428571425,0.3556243190538719,3,1.0,30.8623076923077,4.0,0.295,3.0,2.0,0.5,0.2571428571428571,2.3333333333333335,1.3333333333333333,0.7500000000000002,0.0,1.0,1.0,0.0,1.0,0.0,0,3.0,6,0,0,56.0,0,Silver,0,1,33,M,Spokane,Frozen Foods,Value,2021,132.5666666666667,143.286,Active,2024-04,0
500406,7,0.0,0.0,0.0,0.0,0.0,0.0,0.0,0.0,0.0,0,0.0,0.0,0.0,0.0,0.0,0.0,0.0,0.0,0.0,0.0,0.0,0.0,0.0,0.0,0.0,0.0,0.0,0,7.0,6,0,0,28.0,0,Silver,0,1,17,F,Boise,Personal Care,Mainstream,2022,0.0,73.15,Lapsed,2024-04,1
500407,1,7.0,8.0,8.666666666666666,-0.07692307692307686,290.75333333333333,344.28,-0.1554742264048642,-0.17142857142857149,0.281991187321254,3,1.0,36.344166666666666,4.0,0.26333333333333336,1.6666666666666667,2.0,-0.16666666666666663,0.02857142857142857,2.0,2.6666666666666665,-0.24999999999999994,1.0,0.6666666666666666,0.0,0.0,0.0,0.0,0,7.0,6,0,0,57.0,0,Platinum,2,1,38,F,Nashville,Snacks,Upscale,2021,317.51666666666665,294.09599999999995,Active,2024-04,0
500408,1,6.0,5.333333333333333,7.0,-0.23809523809523814,149.34,202.29666666666665,-0.2617772578226696,-0.7714285714285715,0.5496330758163159,3,1.0,28.001250000000002,4.333333333333333,0.315,3.0,3.0,0.0,0.05714285714285714,1.3333333333333333,2.6666666666666665,-0.5,1.3333333333333333,1.0,0.0,1.0,1.0,0.0,0,5.0,6,0,0,29.0,0,Silver,0,1,25,M,Tulsa,Produce,Value,2022,175.81833333333336,150.64533333333333,Active,2024-04,0
500409,7,0.0,0.0,0.0,0.0,0.0,0.0,0.0,0.0,0.0,0,0.0,0.0,0.0,0.0,0.0,0.0,0.0,0.0,0.0,0.0,0.0,0.0,0.0,0.0,0.0,0.0,0.0,0,7.0,6,0,0,46.0,0,Gold,1,0,22,M,Portland,Bakery,Mainstream,2022,0.0,150.7942857142857,Lapsed,2024-04,1
500410,1,16.0,10.0,10.0,0.0,269.59,269.59,0.0,0.0,0.5413034608108609,2,1.0,26.958999999999996,3.5,0.35,6.0,6.0,0.0,0.0,0.0,0.0,0.0,1.0,1.0,1.0,0.0,1.0,0.0,0,2.0,2,1,0,41.0,0,Silver,0,0,3,M,Austin,Bakery,Upscale,2024,269.59,269.59,Active,2024-04,0
500411,1,3.0,5.0,2.0,1.5,213.695,75.81,1.8188233742250361,0.5,0.7149762610556486,2,1.0,42.739,2.5,0.24600000000000005,1.0,2.6666666666666665,-0.625,-0.3488372093023256,1.0,1.3333333333333333,-0.24999999999999994,1.0,0.0,0.0,0.0,0.0,0.0,0,7.0,6,0,1,47.0,0,Gold,1,1,22,Other,Austin,Household,Value,2022,130.964,145.45076923076925,Active,2024-04,0
500412,1,9.0,5.666666666666667,5.0,0.1333333333333334,188.4033333333333,175.12333333333333,0.07583227059025052,0.45714285714285713,0.36492376508281216,3,1.0,33.247647058823524,2.0,0.36500000000000005,0.6666666666666666,2.6666666666666665,-0.75,-0.5714285714285714,1.3333333333333333,2.0,-0.33333333333333337,0.3333333333333333,0.6666666666666666,0.0,0.0,0.0,0.0,0,7.0,6,0,0,36.0,0,Silver,0,1,14,M,Tulsa,Personal Care,Mainstream,2023,181.76333333333332,147.07384615384615,Active,2024-04,0
500413,1,3.0,4.0,2.0,1.0,146.82,77.36333333333333,0.8977982679133095,0.34285714285714286,0.5049449406239974,3,1.0,36.705,4.0,0.2416666666666667,2.0,1.0,1.0,0.08571428571428572,1.0,1.3333333333333333,-0.24999999999999994,0.3333333333333333,1.0,1.0,0.0,1.0,0.0,0,2.0,6,0,0,37.0,0,Gold,1,1,32,M,Spokane,Household,Mainstream,2021,112.09166666666665,109.04642857142858,Active,2024-04,0
500414,3,0.0,0.3333333333333333,1.0,-0.6666666666666667,9.406666666666666,31.5,-0.7013756613756614,-0.4,1.0030119969966604,1,0.5,28.22,0.6666666666666666,0.115,0.3333333333333333,1.0,-0.6666666666666667,0.0,0.0,1.0,-1.0,0.6666666666666666,0.0,0.0,0.0,0.0,0.0,0,7.0,4,0,0,38.0,0,Silver,0,0,5,M,Portland,Produce,Mainstream,2023,14.93,29.86,Active,2024-04,0
500415,3,0.0,0.6666666666666666,2.3333333333333335,-0.7142857142857144,16.03,73.2,-0.7810109289617486,-0.5428571428571428,1.7976384716664355,1,0.3333333333333333,24.045,0.3333333333333333,0.22000000000000003,0.0,2.0,-1.0,-0.4,0.0,1.0,-1.0,0.0,0.0,2.0,0.0,2.0,0.0,0,2.0,6,0,0,54.0,0,Silver,0,1,7,F,Columbus,Household,Upscale,2023,44.615,133.845,Active,2024-04,1
500416,2,0.0,0.6666666666666666,0.6666666666666666,0.0,27.153333333333332,31.2,-0.1297008547008547,0.0,1.419305214043443,1,0.3333333333333333,40.730000000000004,1.0,0.15000000000000002,0.0,0.3333333333333333,-0.6666666666666666,-0.14285714285714285,1.6666666666666667,0.3333333333333333,2.666666666666667,0.0,0.3333333333333333,1.0,0.0,1.0,0.0,0,1.0,6,0,0,64.0,0,Gold,1,1,25,F,Raleigh,Bakery,Value,2022,29.176666666666666,62.86428571428571,Active,2024-04,1
500417,1,13.0,10.0,3.5,1.8571428571428572,308.97333333333336,94.36,2.2744100607602094,1.965116279069767,0.5344934185401794,3,1.0,30.897333333333336,3.0,0.188,5.0,3.5,0.42857142857142855,0.39534883720930225,1.6666666666666667,2.5,-0.3333333333333333,1.6666666666666667,0.0,1.0,0.0,1.0,0.0,0,1.0,6,0,1,38.0,0,Gold,1,1,26,F,Denver,Snacks,Mainstream,2022,223.12800000000001,221.78785714285715,Active,2024-04,0
500418,7,0.0,0.0,0.0,0.0,0.0,0.0,0.0,0.0,0.0,0,0.0,0.0,0.0,0.0,0.0,0.0,0.0,0.0,0.0,0.0,0.0,0.0,0.0,0.0,0.0,0.0,0.0,0,7.0,6,0,0,19.0,0,Silver,0,1,31,M,Raleigh,Dairy,Value,2021,0.0,50.105714285714285,Lapsed,2024-04,1
500419,1,2.0,2.6666666666666665,3.3333333333333335,-0.20000000000000007,132.40333333333334,158.36,-0.16390923633914295,-0.11428571428571428,0.2984815703971391,3,1.0,49.651250000000005,1.3333333333333333,0.20666666666666667,0.0,0.3333333333333333,-0.6666666666666666,-0.14285714285714285,0.0,0.3333333333333333,-0.6666666666666666,0.0,0.3333333333333333,0.0,0.0,0.0,0.0,0,7.0,6,0,0,29.0,0,Platinum,2,0,20,M,Tulsa,Household,Mainstream,2022,145.3816666666667,169.2923076923077,Active,2024-04,0
500420,1,5.0,7.0,9.333333333333334,-0.25000000000000006,277.43,362.69666666666666,-0.23509084726447257,-0.8285714285714286,0.3493862820164397,3,1.0,39.63285714285714,3.0,0.33666666666666667,3.0,4.0,-0.25,-0.37142857142857144,1.3333333333333333,0.3333333333333333,2.0,1.0,0.3333333333333333,0.0,1.0,1.0,0.0,0,6.0,6,0,0,23.0,0,Gold,1,1,14,M,Columbus,Bakery,Mainstream,2023,320.06333333333333,294.72615384615386,Active,2024-04,0
500421,2,0.0,1.3333333333333333,3.0,-0.5555555555555556,52.903333333333336,140.615,-0.6237717645106615,-0.7432432432432432,0.7718127072560114,2,0.8,39.6775,0.3333333333333333,0.29,0.6666666666666666,0.0,1.3333333333333333,0.2297297297297297,0.6666666666666666,0.5,0.33333333333333326,0.3333333333333333,1.0,0.0,0.0,0.0,0.0,0,7.0,6,0,1,53.0,0,Platinum,2,1,11,F,Columbus,Beverages,Mainstream,2023,87.988,140.58,Active,2024-04,1
500422,1,11.0,7.0,7.0,0.0,216.11,195.95333333333335,0.10286462763242948,0.34285714285714286,0.3422673518770988,3,1.0,30.872857142857146,3.0,0.30666666666666664,2.0,3.0,-0.3333333333333333,-0.2,1.3333333333333333,1.6666666666666667,-0.20000000000000007,1.3333333333333333,0.3333333333333333,1.0,0.0,1.0,0.0,0,2.0,6,0,0,64.0,0,Silver,0,1,14,Other,Nashville,Produce,Value,2023,206.03166666666667,174.4941666666667,Active,2024-04,0
500423,1,4.0,6.0,5.0,0.2,283.09,220.88333333333335,0.2816268014789102,0.08571428571428572,0.46412324705226243,3,1.0,47.181666666666665,2.0,0.31833333333333336,1.3333333333333333,2.3333333333333335,-0.42857142857142866,-0.08571428571428572,1.0,1.0,0.0,2.0,0.6666666666666666,0.0,1.0,1.0,0.0,0,5.0,6,0,0,30.0,0,Platinum,2,1,25,F,Boise,Snacks,Upscale,2022,251.98666666666668,247.2913333333333,Active,2024-04,0
500424,1,2.0,1.3333333333333333,3.6666666666666665,-0.6363636363636364,54.426666666666655,160.39666666666668,-0.6606745776096762,-0.7714285714285715,0.6900130246611917,2,0.8333333333333334,40.81999999999999,2.0,0.23200000000000004,2.6666666666666665,2.0,0.33333333333333326,0.2857142857142857,1.3333333333333333,1.6666666666666667,-0.20000000000000007,0.0,0.6666666666666666,1.0,0.0,1.0,0.0,0,1.0,6,0,0,48.0,0,Gold,1,1,20,F,Boise,Personal Care,Mainstream,2022,107.41166666666668,158.6623076923077,Active,2024-04,0
500426,1,6.0,4.0,3.6666666666666665,0.09090909090909095,111.12666666666667,93.14666666666666,0.1930289149728028,-0.02857142857142857,0.4448764694300219,3,1.0,27.781666666666666,2.3333333333333335,0.2816666666666667,1.0,2.0,-0.5,-0.2571428571428571,0.6666666666666666,1.3333333333333333,-0.5,1.0,0.3333333333333333,0.0,1.0,1.0,0.0,0,4.0,6,0,0,43.0,0,Silver,0,1,8,F,Madison,Bakery,Value,2023,102.13666666666667,95.39142857142858,Active,2024-04,0
500427,1,3.0,6.5,3.3333333333333335,0.95,154.1,67.19333333333333,1.293382279988094,0.5697674418604651,0.6673748008494309,2,1.0,23.707692307692305,2.5,0.32,1.0,3.3333333333333335,-0.7000000000000001,-0.3953488372093023,0.0,2.0,-1.0,0.5,0.3333333333333333,0.0,0.0,0.0,0.0,0,7.0,6,0,1,68.0,0,Silver,0,1,27,F,Nashville,Household,Mainstream,2022,101.95599999999999,87.60538461538461,Active,2024-04,0
500429,1,8.0,7.0,7.333333333333333,-0.045454545454545414,246.97333333333336,233.38333333333335,0.0582303792044562,-0.3142857142857143,0.2477929082222641,3,1.0,35.28190476190476,2.0,0.4133333333333333,3.0,5.0,-0.4,-0.5142857142857142,0.3333333333333333,1.0,-0.6666666666666667,0.0,0.0,0.0,1.0,1.0,0.0,0,4.0,6,0,0,53.0,0,Gold,1,0,7,M,Columbus,Produce,Value,2023,240.17833333333337,248.80285714285714,Active,2024-04,0
500430,1,8.0,7.333333333333333,8.0,-0.08333333333333337,178.56666666666663,218.31000000000003,-0.18204999007527548,-0.4,0.3012047940638807,3,1.0,24.349999999999998,4.666666666666667,0.20666666666666667,5.0,4.0,0.25,0.08571428571428572,0.6666666666666666,1.3333333333333333,-0.5,1.3333333333333333,0.3333333333333333,0.0,0.0,0.0,0.0,0,7.0,6,0,0,48.0,0,Silver,0,1,12,Other,Raleigh,Produce,Unknown,2023,198.43833333333336,194.49272727272728,Active,2024-04,0
500431,7,0.0,0.0,0.0,0.0,0.0,0.0,0.0,0.0,0.0,0,0.0,0.0,0.0,0.0,0.0,0.0,0.0,0.0,0.0,0.0,0.0,0.0,0.0,0.0,0.0,0.0,0.0,0,7.0,6,0,0,67.0,0,Silver,0,0,32,F,Portland,Household,Mainstream,2021,0.0,263.3771428571428,Lapsed,2024-04,1
500432,1,2.0,3.0,3.0,0.0,89.91333333333334,85.58666666666666,0.0505530456457394,-0.22857142857142856,0.4235698759853079,3,1.0,29.971111111111114,2.6666666666666665,0.2516666666666667,1.0,0.6666666666666666,0.5000000000000001,0.19999999999999998,1.6666666666666667,3.0,-0.4444444444444444,0.3333333333333333,0.6666666666666666,0.0,0.0,0.0,0.0,0,7.0,6,0,0,30.0,0,Platinum,2,1,17,M,Madison,Dairy,Mainstream,2022,87.75,100.985,Active,2024-04,0
500433,1,3.0,2.3333333333333335,2.3333333333333335,0.0,84.76,83.1,0.019975932611311805,0.0,0.47056912108977644,3,1.0,36.325714285714284,1.3333333333333333,0.2633333333333333,2.3333333333333335,1.6666666666666667,0.4,0.45714285714285713,0.3333333333333333,0.0,0.6666666666666666,0.3333333333333333,0.3333333333333333,0.0,1.0,1.0,1.0,0,5.0,6,0,0,71.0,0,Gold,1,0,22,M,Nashville,Frozen Foods,Upscale,2022,83.93,93.86071428571428,Active,2024-04,0
500434,1,6.0,6.0,6.0,0.0,131.075,131.075,0.0,0.0,0.09624260919321002,2,1.0,21.84583333333333,6.0,0.355,1.5,1.5,0.0,0.0,0.5,0.5,0.0,0.0,0.0,0.0,0.0,0.0,0.0,0,7.0,2,1,0,66.0,0,Silver,0,1,3,F,Austin,Beverages,Value,2024,131.075,131.075,Active,2024-04,0
500435,1,6.0,6.333333333333333,5.0,0.2666666666666666,84.16333333333333,60.10666666666666,0.40023291925465837,0.8,0.49157795677295835,3,1.0,13.288947368421052,3.3333333333333335,0.29,1.3333333333333333,2.0,-0.33333333333333337,-0.22857142857142856,0.3333333333333333,0.3333333333333333,0.0,0.3333333333333333,0.6666666666666666,2.0,0.0,2.0,0.0,0,2.0,6,0,0,43.0,0,Silver,0,0,13,F,Boise,Produce,Value,2023,72.135,84.0575,Active,2024-04,0
500436,7,0.0,0.0,0.0,0.0,0.0,0.0,0.0,0.0,0.0,0,0.0,0.0,0.0,0.0,0.0,0.0,0.0,0.0,0.0,0.0,0.0,0.0,0.0,0.0,0.0,0.0,0.0,0,7.0,6,0,0,64.0,0,Silver,0,0,28,M,Spokane,Produce,Mainstream,2021,0.0,35.17666666666667,Lapsed,2024-04,1
500437,7,0.0,0.0,0.0,0.0,0.0,0.0,0.0,0.0,0.0,0,0.0,0.0,0.0,0.0,0.0,0.0,0.0,0.0,0.0,0.0,0.0,0.0,0.0,0.0,0.0,0.0,0.0,0,7.0,6,0,0,54.0,0,Silver,0,1,29,F,Boise,Household,Upscale,2021,0.0,20.06,Lapsed,2024-04,1
500438,1,10.0,12.333333333333334,7.333333333333333,0.681818181818182,498.72333333333336,301.31333333333333,0.6551651658295905,1.2857142857142858,0.31539252215120767,3,1.0,40.43702702702703,4.333333333333333,0.25,2.6666666666666665,3.3333333333333335,-0.20000000000000007,-0.05714285714285714,0.3333333333333333,1.0,-0.6666666666666667,0.0,0.6666666666666666,1.0,0.0,1.0,0.0,0,3.0,6,0,0,36.0,0,Silver,0,0,22,F,Denver,Snacks,Value,2022,400.0183333333334,328.888,Active,2024-04,0
500439,1,3.0,3.0,4.666666666666667,-0.3571428571428572,116.28,185.09666666666666,-0.37178771452754417,-0.4054054054054054,0.24139262808199,2,1.0,38.76,2.0,0.352,1.5,1.0,0.5,-0.14864864864864866,2.0,1.6666666666666667,0.19999999999999996,2.0,0.6666666666666666,0.0,1.0,1.0,0.0,0,5.0,6,0,1,66.0,0,Gold,1,1,33,M,Portland,Personal Care,Mainstream,2021,157.57,125.00285714285714,Active,2024-04,0
500440,1,6.0,5.0,2.6666666666666665,0.8750000000000001,148.11333333333332,76.54666666666667,0.9349416477965509,0.6571428571428571,0.43129358174922783,3,1.0,29.622666666666664,3.0,0.29333333333333333,0.6666666666666666,0.6666666666666666,0.0,0.11428571428571431,1.6666666666666667,1.6666666666666667,0.0,0.0,0.3333333333333333,0.0,0.0,0.0,0.0,0,7.0,6,0,0,19.0,0,Silver,0,1,11,F,Madison,Snacks,Upscale,2023,112.33,118.91199999999999,Active,2024-04,0
500441,1,2.0,1.5,4.0,-0.625,51.69499999999999,118.28,-0.5629438620223199,-0.4857142857142857,0.42361430031577574,2,1.0,34.46333333333333,1.0,0.20500000000000002,2.0,1.0,1.0,0.2857142857142857,2.0,0.5,3.0,0.0,0.0,0.0,0.0,0.0,0.0,0,7.0,5,0,1,25.0,0,Silver,0,1,6,F,Denver,Household,Upscale,2023,84.9875,84.9875,Active,2024-04,0
500442,1,12.0,12.0,12.0,0.0,436.14,436.14,0.0,0.0,0.0,1,1.0,36.345,6.0,0.21,3.0,3.0,0.0,0.0,2.0,2.0,0.0,1.0,1.0,0.0,0.0,0.0,0.0,0,7.0,1,1,0,68.0,0,Gold,1,1,2,F,Boise,Beverages,Mainstream,2024,436.14,436.14,Active,2024-04,0
500443,1,5.0,2.6666666666666665,1.3333333333333333,1.0,61.69,31.436666666666667,0.9623581804686671,0.5714285714285714,0.7445108055023487,3,1.0,23.13375,2.0,0.33666666666666667,2.0,2.0,0.0,0.22857142857142856,0.3333333333333333,1.3333333333333333,-0.75,1.3333333333333333,0.6666666666666666,0.0,0.0,0.0,0.0,0,7.0,6,0,0,63.0,0,Silver,0,1,7,M,Portland,Dairy,Value,2023,46.56333333333333,46.56333333333333,Active,2024-04,0
500444,7,0.0,0.0,0.0,0.0,0.0,0.0,0.0,0.0,0.0,0,0.0,0.0,0.0,0.0,0.0,0.0,0.0,0.0,0.0,0.0,0.0,0.0,0.0,0.0,0.0,0.0,0.0,0,7.0,6,0,0,35.0,0,Silver,0,1,29,M,Portland,Frozen Foods,Mainstream,2021,0.0,29.455,Lapsed,2024-04,1
500445,7,0.0,0.0,0.0,0.0,0.0,0.0,0.0,0.0,0.0,0,0.0,0.0,0.0,0.0,0.0,0.0,0.0,0.0,0.0,0.0,0.0,0.0,0.0,0.0,0.0,0.0,0.0,0,7.0,6,0,0,74.0,0,Gold,1,0,34,F,Tulsa,Snacks,Mainstream,2021,0.0,118.354,Lapsed,2024-04,1
500446,1,3.0,5.333333333333333,12.0,-0.5555555555555556,210.92999999999998,411.08,-0.4868881969446337,-2.6,0.417599126516281,3,1.0,39.549375,2.0,0.2575,3.0,1.0,2.0,-0.4,1.6666666666666667,2.0,-0.16666666666666663,1.3333333333333333,0.0,1.0,0.0,1.0,0.0,0,2.0,4,0,0,55.0,0,Gold,1,1,4,Other,Boise,Snacks,Unknown,2023,260.9675,260.9675,Active,2024-04,0
500447,2,0.0,2.3333333333333335,5.333333333333333,-0.5625,85.70333333333333,171.76666666666665,-0.5010479332427712,-0.8285714285714286,0.5273527345689715,2,0.8333333333333334,36.73,1.3333333333333333,0.268,0.6666666666666666,2.0,-0.6666666666666667,-0.34285714285714286,0.0,1.0,-1.0,0.6666666666666666,0.6666666666666666,0.0,0.0,0.0,0.0,0,7.0,6,0,0,31.0,0,Silver,0,0,19,F,Tulsa,Personal Care,Upscale,2022,128.73499999999999,130.47230769230768,Active,2024-04,0
500448,1,5.0,2.6666666666666665,7.0,-0.6190476190476192,95.70666666666666,224.2,-0.5731192387749035,-0.5,0.5905026202741267,3,1.0,35.89,0.6666666666666666,0.2875,1.6666666666666667,1.0,0.6666666666666667,0.2,1.0,0.0,2.0,0.6666666666666666,1.0,0.0,0.0,0.0,0.0,0,7.0,4,0,0,66.0,0,Gold,1,1,5,M,Spokane,Frozen Foods,Value,2023,127.83,127.83,Active,2024-04,0
500449,7,0.0,0.0,0.0,0.0,0.0,0.0,0.0,0.0,0.0,0,0.0,0.0,0.0,0.0,0.0,0.0,0.0,0.0,0.0,0.0,0.0,0.0,0.0,0.0,0.0,0.0,0.0,0,7.0,6,0,0,74.0,0,Silver,0,0,32,F,Columbus,Dairy,Value,2021,0.0,34.28,Lapsed,2024-04,1
500450,2,0.0,4.0,4.0,0.0,97.96,97.96,0.0,-3.5,0.7466345068161782,2,0.6666666666666666,24.49,1.3333333333333333,0.21,1.6666666666666667,1.6666666666666667,0.0,-1.5,1.3333333333333333,1.3333333333333333,0.0,0.6666666666666666,0.6666666666666666,1.0,0.0,1.0,1.0,1,2.0,3,1,0,63.0,0,Silver,0,1,4,M,Austin,Bakery,Mainstream,2023,97.96,146.94,Active,2024-04,0
500451,7,0.0,0.0,0.0,0.0,0.0,0.0,0.0,0.0,0.0,0,0.0,0.0,0.0,0.0,0.0,0.0,0.0,0.0,0.0,0.0,0.0,0.0,0.0,0.0,0.0,0.0,0.0,0,7.0,6,0,0,53.0,0,Gold,1,0,24,M,Portland,Produce,Mainstream,2022,0.0,84.875,Lapsed,2024-04,1
500453,1,2.0,1.0,1.0,0.0,18.853333333333335,20.669999999999998,-0.08788905015320092,0.22857142857142856,0.778435113922138,2,0.6666666666666666,18.853333333333335,0.3333333333333333,0.20750000000000002,1.3333333333333333,1.3333333333333333,0.0,0.05714285714285714,0.3333333333333333,0.6666666666666666,-0.5,0.3333333333333333,0.6666666666666666,1.0,0.0,1.0,1.0,1,3.0,6,0,0,63.0,0,Silver,0,0,28,F,Nashville,Beverages,Mainstream,2021,19.761666666666667,34.23777777777778,Active,2024-04,0
500454,4,0.0,0.0,4.0,-1.0,0.0,116.64,-1.0,-0.7027027027027027,1.4990117159061738,0,0.4,0.0,0.0,0.17,0.0,0.0,0.0,0.0,0.6666666666666666,1.5,-0.5555555555555556,0.0,2.0,0.0,0.0,0.0,0.0,0,7.0,6,0,1,45.0,0,Silver,0,1,34,F,Denver,Snacks,Mainstream,2021,46.656,83.01727272727273,Lapsed,2024-04,1
500455,2,0.0,0.3333333333333333,0.3333333333333333,0.0,7.466666666666666,6.1433333333333335,0.21540965816603347,-0.057142857142857155,1.4242058961613673,1,0.3333333333333333,22.4,2.0,0.25,0.0,0.0,0.0,0.0,0.0,0.6666666666666666,-1.0,0.0,0.0,0.0,0.0,0.0,0.0,0,7.0,6,0,0,61.0,0,Silver,0,0,28,M,Nashville,Snacks,Unknown,2021,6.805,27.915000000000003,Active,2024-04,0
500457,1,3.0,7.0,6.0,0.16666666666666666,213.41,188.59333333333333,0.13158824984976492,-0.02857142857142857,0.32280427846103615,3,1.0,30.487142857142857,5.0,0.3333333333333333,2.3333333333333335,2.6666666666666665,-0.12499999999999989,-0.14285714285714285,1.0,0.6666666666666666,0.5000000000000001,0.3333333333333333,1.3333333333333333,1.0,0.0,1.0,1.0,1,2.0,6,0,0,19.0,0,Silver,0,0,32,F,Raleigh,Dairy,Mainstream,2021,201.00166666666667,220.788,Active,2024-04,0
500458,1,1.0,0.6666666666666666,0.6666666666666666,0.0,30.373333333333335,29.223333333333333,0.03935211588912976,0.11428571428571428,0.7086170121030275,2,0.6666666666666666,45.56,1.0,0.2575,2.3333333333333335,1.0,1.3333333333333335,0.4,1.6666666666666667,2.3333333333333335,-0.28571428571428575,0.3333333333333333,0.0,0.0,1.0,1.0,1.0,0,6.0,6,0,0,44.0,0,Gold,1,1,11,F,Denver,Beverages,Upscale,2023,29.798333333333332,44.08142857142857,Active,2024-04,0
500459,7,0.0,0.0,0.0,0.0,0.0,0.0,0.0,0.0,0.0,0,0.0,0.0,0.0,0.0,0.0,1.0,-1.0,-0.42857142857142855,0.0,0.0,0.0,0.0,0.0,0.0,0.0,0.0,0.0,0,7.0,6,0,0,71.0,0,Silver,0,0,28,F,Madison,Personal Care,Upscale,2021,0.0,111.38222222222223,Lapsed,2024-04,1
500460,1,1.0,1.3333333333333333,2.6666666666666665,-0.5,36.73333333333333,74.92,-0.5096992347392776,-0.17142857142857143,0.78364955203468,3,1.0,27.549999999999997,1.6666666666666667,0.31166666666666665,0.0,0.3333333333333333,-0.6666666666666666,-0.028571428571428577,0.6666666666666666,2.0,-0.6666666666666667,1.3333333333333333,1.0,0.0,0.0,0.0,0.0,0,7.0,6,0,0,33.0,0,Silver,0,1,31,M,Tulsa,Personal Care,Mainstream,2021,55.82666666666666,48.691428571428574,Active,2024-04,0
500461,7,0.0,0.0,0.0,0.0,0.0,0.0,0.0,0.0,0.0,0,0.0,0.0,0.0,0.0,0.0,0.0,0.0,0.0,0.0,0.0,0.0,0.0,0.0,0.0,0.0,0.0,0.0,0,7.0,6,0,0,53.0,0,Silver,0,1,18,F,Nashville,Household,Value,2022,0.0,76.08166666666666,Lapsed,2024-04,1
500462,1,7.0,7.333333333333333,8.333333333333334,-0.12000000000000009,241.7266666666667,284.3833333333334,-0.14999706968293977,-0.08571428571428572,0.18780659056959853,3,1.0,32.96272727272728,4.666666666666667,0.32,4.333333333333333,2.6666666666666665,0.625,0.4857142857142857,0.0,0.0,0.0,0.6666666666666666,1.0,0.0,1.0,1.0,0.0,0,4.0,6,0,0,45.0,0,Silver,0,0,23,F,Denver,Bakery,Mainstream,2022,263.055,246.14357142857145,Active,2024-04,0
500463,1,4.0,3.3333333333333335,7.0,-0.5238095238095238,146.76000000000002,332.38666666666666,-0.5584660435637209,-0.7714285714285715,0.4725860727356455,3,1.0,44.028000000000006,1.6666666666666667,0.29,3.3333333333333335,4.666666666666667,-0.28571428571428575,-0.11428571428571428,1.6666666666666667,1.6666666666666667,0.0,1.0,0.3333333333333333,0.0,0.0,0.0,0.0,0,7.0,6,0,0,51.0,0,Gold,1,1,32,F,Boise,Dairy,Mainstream,2021,239.57333333333335,274.6526666666667,Active,2024-04,0
500464,1,2.0,3.3333333333333335,4.666666666666667,-0.28571428571428575,146.38,193.19333333333336,-0.24231339935815602,-0.34285714285714286,0.40611699578466653,3,1.0,43.913999999999994,1.0,0.21,2.0,1.0,1.0,0.2571428571428571,0.6666666666666666,1.0,-0.33333333333333337,0.3333333333333333,0.0,0.0,0.0,0.0,0.0,0,7.0,6,0,0,37.0,0,Gold,1,0,7,M,Nashville,Dairy,Unknown,2023,169.78666666666666,169.78666666666666,Active,2024-04,0
500466,1,6.0,6.333333333333333,4.0,0.5833333333333333,242.88333333333333,138.31666666666666,0.7559946981564044,0.7142857142857143,0.3312959398566069,3,1.0,38.35,3.6666666666666665,0.2633333333333333,3.6666666666666665,0.3333333333333333,3.0,1.2571428571428571,1.0,3.0,-0.6666666666666666,0.6666666666666666,0.6666666666666666,0.0,0.0,0.0,0.0,0,7.0,6,0,0,61.0,0,Gold,1,1,16,M,Madison,Beverages,Value,2022,190.6,131.80666666666667,Active,2024-04,0
500467,2,0.0,1.6666666666666667,3.5,-0.5238095238095238,51.446666666666665,106.34,-0.516205880509059,-1.0,0.6280761551729959,2,0.8,30.868,1.3333333333333333,0.375,0.0,0.0,0.0,0.0,0.0,0.5,-1.0,0.3333333333333333,1.0,0.0,1.0,1.0,1.0,0,4.0,5,0,0,60.0,0,Gold,1,1,6,M,Tulsa,Personal Care,Mainstream,2023,73.404,91.755,Active,2024-04,1
500468,2,0.0,2.6666666666666665,3.3333333333333335,-0.20000000000000007,88.16666666666667,108.25666666666666,-0.18557748560519743,-0.6285714285714286,0.6995870638418021,2,0.8333333333333334,33.06250000000001,1.6666666666666667,0.308,3.0,1.3333333333333333,1.2500000000000002,0.4857142857142857,0.6666666666666666,0.0,1.3333333333333333,0.0,0.3333333333333333,0.0,0.0,0.0,0.0,0,7.0,6,0,0,65.0,0,Gold,1,0,33,F,Portland,Household,Mainstream,2021,98.21166666666666,88.11714285714285,Active,2024-04,0
500469,7,0.0,0.0,0.0,0.0,0.0,0.0,0.0,0.0,0.0,0,0.0,0.0,0.0,0.0,0.0,0.0,0.0,0.0,0.0,0.0,0.0,0.0,0.0,0.0,0.0,0.0,0.0,0,7.0,6,0,0,32.0,0,Gold,1,0,33,M,Austin,Household,Value,2021,0.0,32.67,Lapsed,2024-04,1
500470,7,0.0,0.0,0.0,0.0,0.0,0.0,0.0,0.0,0.0,0,0.0,0.0,0.0,0.0,0.0,0.0,0.0,0.0,0.0,0.0,0.0,0.0,0.0,0.0,0.0,0.0,0.0,0,7.0,6,0,0,26.0,0,Gold,1,1,14,F,Spokane,Snacks,Mainstream,2023,0.0,149.88,Lapsed,2024-04,1
500471,1,7.0,5.666666666666667,4.666666666666667,0.21428571428571427,214.4666666666667,186.23000000000002,0.1516225455977376,0.19999999999999998,0.253870019021435,3,1.0,37.847058823529416,3.3333333333333335,0.20333333333333334,1.3333333333333333,1.6666666666666667,-0.20000000000000007,-0.14285714285714285,0.0,0.0,0.0,0.6666666666666666,0.3333333333333333,0.0,1.0,1.0,0.0,0,4.0,6,0,0,48.0,0,Gold,1,0,11,M,Denver,Snacks,Upscale,2023,200.34833333333336,194.981,Active,2024-04,0
500472,1,3.0,3.0,7.5,-0.6,97.53666666666668,258.46,-0.6226237457762644,-1.3,0.537402445829954,3,1.0,32.51222222222223,1.3333333333333333,0.32,4.333333333333333,3.0,0.44444444444444436,0.7,3.3333333333333335,0.5,3.0,1.3333333333333333,0.0,0.0,0.0,0.0,0.0,0,7.0,6,0,1,27.0,0,Platinum,2,1,27,F,Nashville,Personal Care,Mainstream,2022,161.906,186.59999999999997,Active,2024-04,0
500473,1,3.0,3.3333333333333335,3.5,-0.047619047619047575,66.70666666666666,81.27,-0.17919691563102416,-0.17567567567567563,0.4643295157006914,3,1.0,20.011999999999997,2.0,0.25,2.3333333333333335,0.5,3.0,0.5135135135135135,0.6666666666666666,0.0,1.3333333333333333,0.6666666666666666,0.5,1.0,0.0,1.0,1.0,1,2.0,6,0,1,53.0,0,Silver,0,0,17,F,Portland,Produce,Value,2022,72.532,73.01384615384616,Active,2024-04,0
500474,1,5.0,5.0,5.0,0.0,213.45,213.45,0.0,0.0,0.14551417193722185,2,1.0,42.69,4.0,0.2,2.5,2.5,0.0,0.0,0.0,0.0,0.0,0.5,0.5,0.0,0.0,0.0,0.0,0,7.0,2,1,0,39.0,0,Gold,1,0,3,M,Austin,Snacks,Mainstream,2024,213.45,213.45,Active,2024-04,0
500475,1,3.0,3.5,2.6666666666666665,0.31250000000000006,74.84,67.18666666666667,0.11391149037507446,0.3488372093023256,0.46691244570804996,2,1.0,21.382857142857144,2.0,0.3,1.5,1.3333333333333333,0.12500000000000006,0.06976744186046514,1.5,1.3333333333333333,0.12500000000000006,0.5,0.6666666666666666,0.0,2.0,2.0,0.0,0,6.0,6,0,1,58.0,0,Silver,0,1,25,F,Nashville,Household,Value,2022,70.248,88.05499999999999,Active,2024-04,0
500476,1,7.0,6.0,4.0,0.5,181.73000000000002,123.34333333333332,0.47336702429532773,0.9142857142857143,0.4743084534883084,3,0.8333333333333334,30.288333333333338,4.333333333333333,0.242,0.6666666666666666,0.3333333333333333,0.6666666666666666,0.02857142857142857,2.3333333333333335,0.3333333333333333,3.0,0.0,0.3333333333333333,0.0,0.0,0.0,0.0,0,7.0,6,0,0,44.0,0,Silver,0,1,27,F,Spokane,Frozen Foods,Mainstream,2022,152.53666666666666,132.36384615384617,Active,2024-04,0
500477,1,1.0,1.0,1.0,0.0,43.12,43.12,0.0,0.0,0.0,1,1.0,43.12,3.0,0.11,2.0,2.0,0.0,0.0,0.0,0.0,0.0,0.0,0.0,0.0,0.0,0.0,0.0,0,7.0,1,1,0,50.0,0,Platinum,2,1,2,M,Portland,Produce,Value,2024,43.12,43.12,Active,2024-04,0
500478,6,0.0,0.0,0.3333333333333333,-0.6666666666666666,0.0,11.44,-1.0,-0.14285714285714285,2.23606797749979,0,0.16666666666666666,0.0,0.0,0.42,0.0,0.0,0.0,0.0,0.0,0.0,0.0,0.0,0.0,0.0,0.0,0.0,0.0,0,7.0,6,0,0,72.0,0,Silver,0,1,29,F,Austin,Frozen Foods,Value,2021,5.72,96.72,Lapsed,2024-04,1
500479,1,3.0,5.0,3.3333333333333335,0.49999999999999994,170.79999999999998,105.65000000000002,0.6166587789872215,0.3142857142857143,0.6710526957019065,3,1.0,34.16,1.6666666666666667,0.3333333333333333,1.3333333333333333,2.3333333333333335,-0.42857142857142866,-0.14285714285714285,2.6666666666666665,1.3333333333333333,1.0,0.6666666666666666,0.0,0.0,1.0,1.0,0.0,0,6.0,6,0,0,53.0,0,Silver,0,1,20,F,Portland,Snacks,Mainstream,2022,138.225,152.47533333333334,Active,2024-04,0
500480,1,5.0,4.666666666666667,4.333333333333333,0.07692307692307707,181.83,142.13333333333335,0.2792917448405252,0.2,0.25790683627222605,3,1.0,38.96357142857143,1.3333333333333333,0.3133333333333333,2.3333333333333335,1.3333333333333333,0.7500000000000002,0.37142857142857144,2.3333333333333335,3.6666666666666665,-0.3636363636363636,0.6666666666666666,1.0,2.0,0.0,2.0,1.0,1,1.0,6,0,0,71.0,0,Silver,0,1,31,M,Raleigh,Produce,Mainstream,2021,161.98166666666665,152.68266666666665,Active,2024-04,0
500482,1,8.0,4.333333333333333,5.666666666666667,-0.2352941176470589,104.92000000000002,155.06333333333333,-0.3233732453406134,-0.22857142857142856,0.5366353562991674,3,1.0,24.212307692307697,3.6666666666666665,0.17333333333333334,3.6666666666666665,2.6666666666666665,0.375,0.2,1.3333333333333333,1.6666666666666667,-0.20000000000000007,1.0,0.6666666666666666,1.0,0.0,1.0,0.0,0,2.0,6,0,0,73.0,0,Silver,0,1,25,F,Spokane,Household,Value,2022,129.99166666666667,159.764,Active,2024-04,0
500483,7,0.0,0.0,0.0,0.0,0.0,0.0,0.0,0.0,0.0,0,0.0,0.0,0.0,0.0,0.0,0.0,0.0,0.0,0.0,0.0,0.0,0.0,0.0,0.0,0.0,0.0,0.0,0,7.0,6,0,0,30.0,0,Gold,1,1,12,F,Columbus,Beverages,Mainstream,2023,0.0,45.64,Lapsed,2024-04,1
500484,1,3.0,1.3333333333333333,1.6666666666666667,-0.20000000000000007,54.18000000000001,76.09333333333335,-0.28797967408445774,0.08571428571428572,0.5725397629804947,2,0.8333333333333334,40.635000000000005,1.0,0.35200000000000004,1.0,0.0,2.0,0.2571428571428571,0.6666666666666666,4.0,-0.8333333333333334,0.3333333333333333,1.3333333333333333,1.0,0.0,1.0,1.0,1,1.0,6,0,0,59.0,0,Platinum,2,1,14,M,Spokane,Personal Care,Mainstream,2023,65.13666666666667,65.446,Active,2024-04,0
500485,1,1.0,3.3333333333333335,7.333333333333333,-0.5454545454545454,66.17666666666666,156.17333333333332,-0.5762614189362247,-1.3714285714285714,0.5947524154401157,3,1.0,19.852999999999998,3.0,0.24,3.0,4.666666666666667,-0.3571428571428572,-0.3142857142857143,2.3333333333333335,1.3333333333333333,0.7500000000000002,0.6666666666666666,1.0,0.0,0.0,0.0,0.0,0,7.0,6,0,0,20.0,0,Gold,1,1,27,F,Portland,Frozen Foods,Mainstream,2022,111.175,128.0053846153846,Active,2024-04,0
500486,1,8.0,8.0,8.0,0.0,198.03,198.03,0.0,0.0,0.0,1,1.0,24.75375,2.0,0.12,0.0,0.0,0.0,0.0,5.0,5.0,0.0,0.0,0.0,0.0,0.0,0.0,0.0,0,7.0,1,1,0,56.0,0,Gold,1,1,2,Other,Raleigh,Produce,Upscale,2024,198.03,198.03,Active,2024-04,0
500487,1,12.0,8.666666666666666,4.0,1.1666666666666665,209.72,99.18333333333334,1.114468156612334,1.4857142857142858,0.4528735717821552,3,1.0,24.19846153846154,5.666666666666667,0.32666666666666666,5.0,3.3333333333333335,0.49999999999999994,0.42857142857142855,0.6666666666666666,1.0,-0.33333333333333337,0.3333333333333333,1.0,0.0,1.0,1.0,1.0,0,5.0,6,0,0,68.0,0,Silver,0,0,8,M,Portland,Household,Value,2023,154.45166666666665,165.35285714285715,Active,2024-04,0
500488,1,7.0,4.666666666666667,3.6666666666666665,0.2727272727272729,154.03333333333333,125.57999999999998,0.22657535701013976,0.6571428571428571,0.39664536797824473,3,1.0,33.00714285714285,2.6666666666666665,0.21666666666666665,3.3333333333333335,4.0,-0.16666666666666663,-0.45714285714285713,2.6666666666666665,2.0,0.33333333333333326,0.0,0.6666666666666666,1.0,0.0,1.0,0.0,0,1.0,6,0,0,33.0,0,Silver,0,1,19,F,Columbus,Household,Mainstream,2022,139.8066666666667,188.668,Active,2024-04,0
500489,1,8.0,5.333333333333333,8.0,-0.33333333333333337,181.95333333333335,293.6933333333333,-0.3804648840059926,-0.17142857142857143,0.4392362618971297,3,1.0,34.11625000000001,1.3333333333333333,0.4466666666666667,2.0,3.0,-0.3333333333333333,-0.37142857142857144,0.0,0.3333333333333333,-0.6666666666666666,0.3333333333333333,0.6666666666666666,0.0,1.0,1.0,0.0,0,6.0,6,0,0,26.0,0,Gold,1,0,36,M,Columbus,Beverages,Upscale,2021,237.82333333333335,275.98400000000004,Active,2024-04,0
500490,1,7.0,3.6666666666666665,4.0,-0.08333333333333337,89.52,103.42,-0.13440340359698322,0.3142857142857143,0.47171884993104507,3,1.0,24.414545454545454,3.3333333333333335,0.29,2.0,1.3333333333333333,0.5000000000000001,0.057142857142857134,2.0,0.3333333333333333,3.0,0.6666666666666666,0.0,0.0,1.0,1.0,0.0,0,6.0,6,0,0,39.0,0,Silver,0,1,29,F,Raleigh,Beverages,Upscale,2021,96.47000000000001,93.17384615384616,Active,2024-04,0
500491,1,4.0,4.333333333333333,3.3333333333333335,0.2999999999999999,149.41666666666666,106.29333333333334,0.4057012042147515,0.2571428571428571,0.3976485789831381,3,1.0,34.48076923076923,3.0,0.19833333333333336,3.3333333333333335,2.3333333333333335,0.42857142857142855,0.37142857142857144,0.3333333333333333,0.3333333333333333,0.0,0.0,1.0,0.0,1.0,1.0,0.0,0,4.0,6,0,0,21.0,0,Silver,0,0,31,F,Tulsa,Beverages,Value,2021,127.85500000000002,109.07133333333333,Active,2024-04,0
500492,6,0.0,0.0,0.3333333333333333,-0.6666666666666666,0.0,7.06,-1.0,-0.14285714285714285,2.2360679774997894,0,0.16666666666666666,0.0,0.0,0.15,0.0,0.0,0.0,0.0,0.0,0.3333333333333333,-0.6666666666666666,0.0,0.0,0.0,1.0,1.0,1.0,0,4.0,6,0,0,18.0,0,Silver,0,0,7,M,Columbus,Beverages,Mainstream,2023,3.53,21.18,Lapsed,2024-04,1
500493,1,8.0,6.0,6.0,0.0,258.21999999999997,261.41,-0.012203052675873356,0.22857142857142856,0.33343963108622626,3,1.0,43.03666666666666,2.6666666666666665,0.24000000000000002,1.0,1.3333333333333333,-0.24999999999999994,0.02857142857142857,0.3333333333333333,1.3333333333333333,-0.75,0.0,0.0,0.0,1.0,1.0,1.0,0,4.0,6,0,0,46.0,1,Platinum,2,0,10,F,Austin,Produce,Value,2023,259.815,270.59222222222223,Active,2024-04,0
500495,1,4.0,4.5,5.0,-0.1,138.31,162.26666666666668,-0.14763763352506168,0.08108108108108109,0.31022281479495195,2,1.0,30.735555555555557,1.5,0.33799999999999997,3.5,2.0,0.75,0.43243243243243246,0.5,2.0,-0.75,0.5,1.6666666666666667,1.0,0.0,1.0,1.0,1,3.0,6,0,1,40.0,0,Gold,1,1,28,M,Madison,Personal Care,Mainstream,2021,152.68400000000003,128.03615384615384,Active,2024-04,0
500496,7,0.0,0.0,0.0,0.0,0.0,0.0,0.0,0.0,0.0,0,0.0,0.0,0.0,0.0,0.0,0.0,0.0,0.0,0.0,0.0,0.0,0.0,0.0,0.0,0.0,0.0,0.0,0,7.0,6,0,0,33.0,0,Silver,0,1,20,M,Portland,Household,Mainstream,2022,0.0,25.91,Lapsed,2024-04,1
500497,1,2.0,4.666666666666667,4.333333333333333,0.07692307692307707,182.83666666666667,172.36333333333334,0.06076311667214602,-0.02857142857142857,0.48421664037630646,3,1.0,39.17928571428571,2.0,0.2966666666666667,1.0,2.0,-0.5,0.02857142857142857,0.6666666666666666,0.3333333333333333,0.6666666666666666,1.3333333333333333,0.0,0.0,0.0,0.0,0.0,0,7.0,6,0,0,30.0,0,Gold,1,0,8,M,Madison,Household,Mainstream,2023,177.60000000000002,178.12714285714287,Active,2024-04,0
500498,5,0.0,0.0,0.6666666666666666,-1.0,0.0,24.94666666666667,-1.0,-0.17142857142857143,2.23606797749979,0,0.16666666666666666,0.0,0.0,0.41,0.0,0.6666666666666666,-1.0,-0.11428571428571428,0.0,0.3333333333333333,-0.6666666666666666,0.0,0.0,0.0,1.0,1.0,0.0,0,5.0,6,0,0,22.0,0,Silver,0,1,28,F,Columbus,Bakery,Value,2021,12.473333333333334,165.70499999999998,Lapsed,2024-04,1
500499,4,0.0,0.0,1.3333333333333333,-1.0,0.0,42.75333333333333,-1.0,-0.4,1.1507604173128736,0,0.5,0.0,0.0,0.3333333333333333,0.0,0.0,0.0,0.0,0.0,1.0,-1.0,0.0,0.3333333333333333,1.0,1.0,2.0,0.0,0,3.0,6,0,0,40.0,0,Gold,1,1,24,F,Austin,Bakery,Mainstream,2022,21.376666666666665,55.633,Lapsed,2024-04,1
500500,1,8.0,5.0,3.6666666666666665,0.3636363636363637,58.406666666666666,39.88333333333333,0.4644379440033431,0.6857142857142857,0.43709715323590886,3,1.0,11.681333333333333,2.3333333333333335,0.26166666666666666,2.6666666666666665,2.0,0.33333333333333326,0.17142857142857143,0.6666666666666666,0.3333333333333333,0.6666666666666666,1.0,0.3333333333333333,0.0,0.0,0.0,0.0,0,7.0,6,0,0,35.0,0,Silver,0,0,34,F,Denver,Bakery,Mainstream,2021,49.145,68.14666666666668,Active,2024-04,0
500501,7,0.0,0.0,0.0,0.0,0.0,0.0,0.0,0.0,0.0,0,0.0,0.0,0.0,0.0,0.0,0.0,0.0,0.0,0.0,0.0,0.0,0.0,0.0,0.0,0.0,0.0,0.0,0,7.0,6,0,0,43.0,0,Gold,1,1,21,F,Raleigh,Snacks,Mainstream,2022,0.0,139.85375,Lapsed,2024-04,1
500502,1,1.0,2.6666666666666665,2.6666666666666665,0.0,79.12,79.12,0.0,-1.5,0.42883927867067556,3,1.0,29.67,3.6666666666666665,0.2733333333333334,1.6666666666666667,1.6666666666666667,0.0,-0.5,0.6666666666666666,0.6666666666666666,0.0,0.3333333333333333,0.3333333333333333,0.0,0.0,0.0,0.0,0,7.0,3,1,0,36.0,0,Silver,0,1,4,F,Boise,Dairy,Value,2023,79.12,79.12,Active,2024-04,0
500503,7,0.0,0.0,0.0,0.0,0.0,0.0,0.0,0.0,0.0,0,0.0,0.0,0.0,0.0,0.0,0.0,0.0,0.0,0.0,0.0,0.0,0.0,0.0,0.0,0.0,0.0,0.0,0,7.0,6,0,0,51.0,0,Silver,0,1,34,M,Nashville,Household,Value,2021,0.0,68.59666666666666,Lapsed,2024-04,1
500504,1,2.0,2.0,2.6666666666666665,-0.24999999999999994,76.13499999999999,102.46,-0.2569295334764787,-0.16279069767441862,0.7667346124097,2,1.0,38.067499999999995,2.0,0.282,2.5,2.6666666666666665,-0.062499999999999944,-0.06976744186046512,0.5,0.0,1.0,1.0,0.3333333333333333,0.0,1.0,1.0,1.0,0,6.0,6,0,1,59.0,0,Silver,0,0,7,F,Denver,Frozen Foods,Mainstream,2023,91.92999999999999,91.92999999999999,Active,2024-04,0
500505,1,1.0,1.0,1.0,0.0,16.18,16.18,0.0,0.0,0.0,1,1.0,16.18,1.0,0.14,6.0,6.0,0.0,0.0,1.0,1.0,0.0,2.0,2.0,0.0,0.0,0.0,0.0,0,7.0,1,1,0,18.0,0,Silver,0,1,2,F,Spokane,Frozen Foods,Value,2024,16.18,16.18,Active,2024-04,0
500506,1,7.0,5.666666666666667,3.0,0.888888888888889,225.14333333333332,104.77333333333333,1.1488610333418172,0.5714285714285714,0.46448607413545706,3,1.0,39.73117647058823,2.0,0.22833333333333336,3.3333333333333335,3.3333333333333335,0.0,-0.34285714285714286,1.0,1.0,0.0,0.6666666666666666,1.0,0.0,0.0,0.0,0.0,0,7.0,6,0,0,18.0,0,Gold,1,1,30,M,Raleigh,Snacks,Value,2021,164.95833333333334,175.072,Active,2024-04,0
500507,1,4.0,6.0,2.0,2.0,139.72,43.166666666666664,2.236756756756757,1.1428571428571428,0.7894911189714966,3,0.8333333333333334,23.286666666666665,3.0,0.33199999999999996,1.3333333333333333,0.6666666666666666,1.0,0.22857142857142856,2.0,0.3333333333333333,3.0,0.0,0.0,0.0,1.0,1.0,0.0,0,5.0,6,0,0,33.0,0,Silver,0,1,17,F,Boise,Household,Upscale,2022,91.44333333333334,100.28500000000001,Active,2024-04,0
500508,1,1.0,2.3333333333333335,2.3333333333333335,0.0,55.48,54.53666666666666,0.017297231220585574,-1.2688263138573217e-17,0.4047269932080646,3,1.0,23.777142857142856,1.3333333333333333,0.2583333333333333,1.0,2.3333333333333335,-0.5714285714285715,-0.17142857142857143,0.6666666666666666,0.6666666666666666,0.0,0.3333333333333333,1.0,2.0,0.0,2.0,0.0,0,1.0,6,0,0,31.0,0,Silver,0,0,24,M,Portland,Bakery,Upscale,2022,55.00833333333333,84.764,Active,2024-04,0
500509,1,2.0,2.0,2.0,0.0,61.580000000000005,61.580000000000005,0.0,-1.0,0.8358194332814353,2,0.6666666666666666,30.790000000000003,1.0,0.38,1.0,1.0,0.0,0.0,1.6666666666666667,1.6666666666666667,0.0,0.3333333333333333,0.3333333333333333,1.0,0.0,1.0,0.0,0,1.0,3,1,0,23.0,0,Silver,0,1,4,M,Austin,Beverages,Value,2023,61.580000000000005,92.37,Active,2024-04,0
500510,1,4.0,5.0,6.0,-0.16666666666666666,149.0633333333333,164.94000000000003,-0.09625722484944052,-0.9428571428571428,0.5437242855523817,3,0.8333333333333334,29.81266666666666,1.0,0.324,4.333333333333333,3.6666666666666665,0.1818181818181818,-0.05714285714285714,0.3333333333333333,0.3333333333333333,0.0,0.0,0.3333333333333333,0.0,0.0,0.0,0.0,0,7.0,6,0,0,69.0,0,Silver,0,0,27,M,Tulsa,Snacks,Value,2022,157.00166666666667,195.95538461538462,Active,2024-04,0
500511,7,0.0,0.0,0.0,0.0,0.0,0.0,0.0,0.0,0.0,0,0.0,0.0,0.0,0.0,0.0,0.0,0.0,0.0,0.0,0.0,0.0,0.0,0.0,0.0,0.0,0.0,0.0,0,7.0,6,0,0,23.0,0,Gold,1,0,15,F,Spokane,Bakery,Mainstream,2023,0.0,36.24,Lapsed,2024-04,1
500512,1,8.0,8.0,8.333333333333334,-0.04000000000000007,235.47000000000003,271.87666666666667,-0.1339087576474626,-0.08571428571428572,0.11129717410900679,3,1.0,29.433750000000003,3.0,0.21333333333333335,5.0,3.3333333333333335,0.49999999999999994,0.6,0.0,0.0,0.0,0.0,0.6666666666666666,1.0,0.0,1.0,1.0,1,2.0,6,0,0,66.0,0,Silver,0,0,38,M,Raleigh,Personal Care,Value,2021,253.67333333333337,304.3593333333334,Active,2024-04,0
500514,7,0.0,0.0,0.0,0.0,0.0,0.0,0.0,0.0,0.0,0,0.0,0.0,0.0,0.0,0.0,0.0,0.0,0.0,0.0,0.0,0.0,0.0,0.0,0.0,0.0,0.0,0.0,0,7.0,6,0,0,53.0,0,Gold,1,1,36,F,Nashville,Beverages,Value,2021,0.0,163.455,Lapsed,2024-04,1
500515,1,1.0,1.6666666666666667,1.3333333333333333,0.2500000000000001,69.67333333333333,54.28666666666667,0.2834336239715092,0.02857142857142857,0.9301851876022548,2,0.6666666666666666,41.803999999999995,1.3333333333333333,0.22000000000000003,1.0,1.6666666666666667,-0.4,-0.5142857142857142,0.3333333333333333,1.0,-0.6666666666666667,0.3333333333333333,0.0,0.0,0.0,0.0,0.0,0,7.0,6,0,0,39.0,0,Platinum,2,1,30,M,Austin,Household,Upscale,2021,61.98,109.24846153846154,Active,2024-04,0
500516,1,8.0,4.666666666666667,4.333333333333333,0.07692307692307707,168.64666666666668,141.77333333333334,0.18955139659550457,0.6571428571428571,0.4995223044125595,3,1.0,36.13857142857143,1.3333333333333333,0.165,0.6666666666666666,2.3333333333333335,-0.7142857142857144,-0.4857142857142857,0.3333333333333333,1.3333333333333333,-0.75,0.0,0.3333333333333333,0.0,0.0,0.0,0.0,0,7.0,6,0,0,49.0,0,Silver,0,1,32,F,Boise,Household,Value,2021,155.21,178.77857142857144,Active,2024-04,0
500517,1,8.0,6.0,6.0,0.0,227.375,227.375,0.0,0.0,0.3173831775700935,2,1.0,37.895833333333336,3.0,0.32,5.5,5.5,0.0,0.0,1.5,1.5,0.0,1.5,1.5,1.0,0.0,1.0,0.0,0,1.0,2,1,0,47.0,0,Silver,0,1,3,F,Tulsa,Household,Upscale,2024,227.375,227.375,Active,2024-04,0
500519,3,0.0,1.0,3.3333333333333335,-0.7000000000000001,50.365,144.0533333333333,-0.6503725472047389,-0.7702702702702702,0.5804343451102133,1,0.8,50.365,0.5,0.2575,0.0,0.0,0.0,0.0,0.0,0.6666666666666666,-1.0,0.0,0.6666666666666666,2.0,0.0,2.0,0.0,0,1.0,6,0,1,23.0,0,Gold,1,0,23,F,Denver,Bakery,Upscale,2022,106.578,139.35923076923078,Active,2024-04,1
500520,1,4.0,3.6666666666666665,5.666666666666667,-0.3529411764705883,162.28666666666666,227.71,-0.28730988245282746,-0.7428571428571429,0.37581149129228536,3,1.0,44.26,1.6666666666666667,0.305,3.0,3.6666666666666665,-0.1818181818181818,0.11428571428571428,0.3333333333333333,2.0,-0.8333333333333334,0.0,0.3333333333333333,0.0,0.0,0.0,0.0,0,7.0,6,0,0,67.0,0,Platinum,2,1,15,F,Madison,Dairy,Mainstream,2023,194.99833333333333,227.11357142857145,Active,2024-04,0
500521,1,11.0,8.666666666666666,5.333333333333333,0.625,235.87,139.25666666666666,0.6937788735428586,1.1428571428571428,0.33107421086971933,3,1.0,27.215769230769233,1.3333333333333333,0.27166666666666667,4.0,3.6666666666666665,0.09090909090909095,0.3142857142857143,2.0,2.3333333333333335,-0.1428571428571429,0.3333333333333333,0.6666666666666666,1.0,0.0,1.0,1.0,1,1.0,6,0,0,59.0,0,Silver,0,1,11,M,Nashville,Household,Value,2023,187.56333333333336,184.605,Active,2024-04,0
500523,1,6.0,3.5,7.666666666666667,-0.5434782608695652,99.66,234.41666666666666,-0.5748595805190189,-1.1046511627906976,0.48741579758223574,2,1.0,28.474285714285713,1.0,0.20800000000000002,2.5,2.0,0.25,0.20930232558139536,1.0,0.3333333333333333,1.3333333333333335,1.0,0.0,1.0,0.0,1.0,0.0,0,1.0,6,0,1,53.0,0,Silver,0,0,7,F,Tulsa,Household,Value,2023,180.51399999999998,180.514,Active,2024-04,0
500524,1,2.0,1.6666666666666667,2.6666666666666665,-0.37499999999999994,58.696666666666665,97.71666666666665,-0.39931775541531633,-0.14285714285714285,0.4723538119365713,3,1.0,35.217999999999996,2.6666666666666665,0.25333333333333335,2.6666666666666665,2.3333333333333335,0.1428571428571427,-0.02857142857142857,0.6666666666666666,1.6666666666666667,-0.6,1.0,0.3333333333333333,1.0,1.0,2.0,1.0,0,3.0,6,0,0,47.0,0,Silver,0,1,7,M,Madison,Personal Care,Upscale,2023,78.20666666666666,78.20666666666666,Active,2024-04,0
500525,1,7.0,4.666666666666667,4.333333333333333,0.07692307692307707,151.05666666666667,148.02,0.02051524568751967,0.42857142857142855,0.32865946479300834,3,1.0,32.369285714285716,2.3333333333333335,0.18999999999999997,1.6666666666666667,1.6666666666666667,0.0,0.17142857142857143,2.0,1.0,1.0,0.6666666666666666,0.0,1.0,0.0,1.0,1.0,1,3.0,6,0,0,66.0,0,Gold,1,1,33,F,Spokane,Personal Care,Unknown,2021,149.53833333333333,180.18357142857144,Active,2024-04,0
500526,1,3.0,3.3333333333333335,2.0,0.6666666666666667,104.26333333333334,70.54,0.47807390605802846,0.34285714285714286,0.5399099714939282,3,1.0,31.279,1.0,0.29833333333333334,0.6666666666666666,1.3333333333333333,-0.5,0.05714285714285714,0.0,1.0,-1.0,1.3333333333333333,0.3333333333333333,0.0,0.0,0.0,0.0,0,7.0,6,0,0,27.0,0,Gold,1,0,29,F,Madison,Snacks,Mainstream,2021,87.40166666666669,78.24199999999999,Active,2024-04,0
500527,1,4.0,4.0,4.333333333333333,-0.07692307692307686,125.16000000000001,129.83333333333334,-0.03599486521181,-0.2,0.3038845584192474,3,1.0,31.290000000000003,0.6666666666666666,0.33666666666666667,2.0,1.3333333333333333,0.5000000000000001,0.1714285714285714,0.6666666666666666,1.3333333333333333,-0.5,0.0,0.6666666666666666,0.0,0.0,0.0,0.0,0,7.0,6,0,0,52.0,0,Gold,1,1,22,M,Raleigh,Beverages,Mainstream,2022,127.49666666666667,130.10066666666665,Active,2024-04,0
500528,2,0.0,2.6666666666666665,3.6666666666666665,-0.27272727272727276,105.42333333333333,163.29,-0.35437973339865675,-0.5428571428571428,0.5005639065209367,2,0.8333333333333334,39.533750000000005,1.0,0.308,2.3333333333333335,1.3333333333333333,0.7500000000000002,0.028571428571428602,0.0,0.0,0.0,0.0,0.6666666666666666,0.0,0.0,0.0,0.0,0,7.0,6,0,0,30.0,0,Silver,0,0,29,F,Boise,Beverages,Value,2021,134.35666666666665,156.95285714285714,Active,2024-04,0
500530,1,5.0,4.0,3.0,0.3333333333333333,156.11666666666667,127.18666666666667,0.22746094978509282,0.42857142857142855,0.39864681676473623,3,1.0,39.02916666666667,3.0,0.30333333333333334,1.6666666666666667,0.6666666666666666,1.5,0.2571428571428571,0.3333333333333333,0.3333333333333333,0.0,1.0,0.0,1.0,1.0,2.0,2.0,1,1.0,6,0,0,39.0,0,Platinum,2,0,27,M,Portland,Personal Care,Mainstream,2022,141.65166666666667,137.21785714285713,Active,2024-04,0
500531,1,1.0,1.6666666666666667,3.0,-0.4444444444444444,51.73333333333333,107.92500000000001,-0.5206547756929968,-0.26744186046511625,0.5555769342802929,3,1.0,31.039999999999996,1.0,0.288,2.0,1.5,0.3333333333333333,0.1511627906976744,1.6666666666666667,2.0,-0.16666666666666663,0.3333333333333333,0.5,1.0,0.0,1.0,0.0,0,2.0,6,0,1,42.0,0,Silver,0,1,7,M,Spokane,Frozen Foods,Mainstream,2023,74.21000000000001,74.21000000000001,Active,2024-04,0
500532,1,3.0,3.5,4.666666666666667,-0.25000000000000006,69.53999999999999,86.41000000000001,-0.19523203332947595,-0.554054054054054,0.339322110490906,2,1.0,19.868571428571425,2.5,0.30599999999999994,0.0,1.6666666666666667,-1.0,-0.33783783783783783,0.0,1.0,-1.0,0.5,1.3333333333333333,1.0,0.0,1.0,1.0,1,1.0,6,0,1,36.0,0,Silver,0,0,17,F,Nashville,Household,Value,2022,79.66199999999999,103.52384615384615,Active,2024-04,1
500533,1,2.0,3.6666666666666665,12.0,-0.6944444444444445,98.04333333333334,344.98,-0.7157999497555414,-2.7,0.7025323980769229,3,1.0,26.739090909090912,3.0,0.1925,3.0,1.0,2.0,0.6,2.6666666666666665,1.0,1.6666666666666665,0.3333333333333333,0.0,0.0,0.0,0.0,0.0,0,7.0,4,0,0,51.0,0,Silver,0,1,5,F,Madison,Dairy,Value,2023,159.7775,159.7775,Active,2024-04,0
500534,5,0.0,0.0,1.0,-1.0,0.0,36.053333333333335,-1.0,-0.37142857142857144,1.474049287653448,0,0.3333333333333333,0.0,0.0,0.31,0.0,0.0,0.0,0.0,0.0,0.0,0.0,0.0,0.3333333333333333,0.0,2.0,2.0,0.0,0,5.0,6,0,0,21.0,0,Gold,1,0,14,M,Denver,Frozen Foods,Value,2023,18.026666666666667,75.60888888888888,Lapsed,2024-04,1
500535,1,5.0,6.0,3.3333333333333335,0.7999999999999999,146.3166666666667,80.05333333333334,0.8277398401065957,0.45714285714285713,0.33534801597949454,3,1.0,24.386111111111116,3.3333333333333335,0.27499999999999997,3.0,2.0,0.5,0.08571428571428572,0.6666666666666666,1.6666666666666667,-0.6,0.3333333333333333,0.0,1.0,0.0,1.0,0.0,0,1.0,6,0,0,61.0,0,Silver,0,1,13,M,Columbus,Produce,Upscale,2023,113.185,117.50166666666667,Active,2024-04,0
500536,1,10.0,6.666666666666667,8.333333333333334,-0.2,236.14,326.6266666666667,-0.2770339225211252,0.08571428571428572,0.32584633064628904,3,1.0,35.421,4.666666666666667,0.3133333333333333,2.0,1.6666666666666667,0.19999999999999996,-0.14285714285714285,1.6666666666666667,1.6666666666666667,0.0,0.0,1.0,0.0,0.0,0.0,0.0,0,7.0,6,0,0,41.0,0,Gold,1,1,16,F,Boise,Produce,Upscale,2022,281.3833333333333,245.78533333333334,Active,2024-04,0
500537,2,0.0,3.0,3.3333333333333335,-0.10000000000000003,70.64999999999999,100.5,-0.2970149253731344,-0.37142857142857144,0.4620581508569405,2,0.8333333333333334,23.549999999999997,2.0,0.278,1.6666666666666667,3.0,-0.4444444444444444,-0.45714285714285713,2.3333333333333335,2.0,0.16666666666666674,0.0,0.0,0.0,0.0,0.0,0.0,0,7.0,6,0,0,73.0,0,Gold,1,1,18,F,Boise,Snacks,Mainstream,2022,85.575,87.33,Active,2024-04,0
500539,1,3.0,2.3333333333333335,2.0,0.16666666666666674,100.29666666666667,93.12333333333333,0.07703046139528223,0.08571428571428572,0.2912461542832687,3,1.0,42.98428571428571,3.0,0.2733333333333334,0.6666666666666666,1.0,-0.33333333333333337,0.08571428571428569,0.3333333333333333,2.6666666666666665,-0.8749999999999999,0.6666666666666666,1.3333333333333333,0.0,0.0,0.0,0.0,0,7.0,6,0,0,24.0,0,Silver,0,1,13,Unknown,Columbus,Beverages,Mainstream,2023,96.71,97.23909090909092,Active,2024-04,0
500540,1,2.0,3.0,3.0,0.0,101.16,99.98333333333333,0.01176862810468407,-0.05813953488372093,0.22216260393725548,2,1.0,33.72,3.5,0.16,0.5,3.0,-0.8333333333333334,-0.7558139534883721,0.5,1.0,-0.5,0.5,0.6666666666666666,0.0,2.0,2.0,1.0,0,5.0,6,0,1,34.0,0,Silver,0,1,32,F,Madison,Beverages,Upscale,2021,100.454,133.45357142857142,Active,2024-04,0
500541,1,5.0,7.0,6.666666666666667,0.049999999999999954,296.4766666666667,293.45,0.010314079627421023,-0.2571428571428571,0.364133520100939,3,1.0,42.353809523809524,3.0,0.225,4.0,1.6666666666666667,1.3999999999999997,0.6571428571428571,0.3333333333333333,0.6666666666666666,-0.5,0.3333333333333333,0.6666666666666666,0.0,0.0,0.0,0.0,0,7.0,6,0,0,44.0,0,Silver,0,0,16,F,Austin,Beverages,Value,2022,294.96333333333337,269.78357142857146,Active,2024-04,0
500542,1,5.0,4.0,5.0,-0.2,113.89,131.08333333333334,-0.13116338207247305,-0.2571428571428571,0.356113121567377,3,1.0,28.4725,5.333333333333333,0.23666666666666672,0.6666666666666666,1.6666666666666667,-0.6,0.02857142857142857,0.3333333333333333,0.6666666666666666,-0.5,0.6666666666666666,0.6666666666666666,2.0,1.0,3.0,2.0,1,2.0,6,0,0,39.0,0,Silver,0,0,20,M,Denver,Snacks,Value,2022,122.48666666666668,123.69866666666667,Active,2024-04,0
500543,1,9.0,10.0,10.0,0.0,347.585,347.585,0.0,0.0,0.10680840657680855,2,1.0,34.7585,5.0,0.16,1.0,1.0,0.0,0.0,1.0,1.0,0.0,0.0,0.0,0.0,0.0,0.0,0.0,0,7.0,2,1,0,33.0,0,Silver,0,1,3,F,Madison,Personal Care,Upscale,2024,347.585,347.585,Active,2024-04,0
500544,1,2.0,0.6666666666666666,0.3333333333333333,0.6666666666666666,29.78,15.256666666666668,0.9519335809482193,0.14285714285714285,1.520518380192962,1,0.3333333333333333,44.67,0.6666666666666666,0.3,0.0,0.0,0.0,0.0,2.3333333333333335,3.0,-0.22222222222222218,0.0,0.3333333333333333,0.0,1.0,1.0,0.0,0,6.0,6,0,0,36.0,0,Platinum,2,1,14,F,Austin,Dairy,Value,2023,22.518333333333334,75.34,Active,2024-04,0
500545,7,0.0,0.0,0.0,0.0,0.0,0.0,0.0,0.0,0.0,0,0.0,0.0,0.0,0.0,0.0,0.0,0.0,0.0,0.0,0.0,0.0,0.0,0.0,0.0,0.0,0.0,0.0,0,7.0,6,0,0,59.0,0,Gold,1,1,37,F,Spokane,Produce,Value,2021,0.0,57.91,Lapsed,2024-04,1
500546,1,3.0,3.0,4.0,-0.25,89.00999999999999,110.39666666666666,-0.19372565596787347,-0.2571428571428571,0.25756076531285255,3,1.0,29.669999999999998,4.666666666666667,0.385,3.0,1.0,2.0,0.5142857142857142,1.3333333333333333,0.6666666666666666,1.0,0.3333333333333333,0.3333333333333333,0.0,1.0,1.0,0.0,0,6.0,6,0,0,39.0,0,Silver,0,1,21,F,Tulsa,Snacks,Value,2022,99.70333333333332,137.83133333333333,Active,2024-04,0
500548,1,8.0,4.666666666666667,6.0,-0.22222222222222218,118.47666666666667,148.70666666666668,-0.20328611136017216,5.075305255429287e-17,0.38844312806331566,3,1.0,25.387857142857143,3.6666666666666665,0.48166666666666663,2.3333333333333335,3.3333333333333335,-0.3,-0.2571428571428571,0.0,0.3333333333333333,-0.6666666666666666,2.0,0.3333333333333333,0.0,0.0,0.0,0.0,0,7.0,6,0,0,53.0,0,Silver,0,0,27,M,Boise,Personal Care,Value,2022,133.59166666666667,107.85428571428572,Active,2024-04,0
500549,5,0.0,0.0,0.6666666666666666,-1.0,0.0,27.853333333333335,-1.0,-0.22857142857142856,1.4148706226178025,0,0.3333333333333333,0.0,0.0,0.29,0.0,0.0,0.0,0.0,0.0,0.0,0.0,0.0,0.3333333333333333,0.0,1.0,1.0,0.0,0,6.0,6,0,0,60.0,0,Gold,1,1,29,F,Raleigh,Household,Upscale,2021,13.926666666666668,121.48299999999999,Lapsed,2024-04,1
500550,1,6.0,6.333333333333333,5.0,0.2666666666666666,335.3933333333334,236.53,0.41797375949491977,1.1,0.626311173860712,3,1.0,52.95684210526316,3.6666666666666665,0.306,1.6666666666666667,2.5,-0.3333333333333333,-0.3,0.3333333333333333,0.5,-0.33333333333333337,0.6666666666666666,0.0,1.0,0.0,1.0,1.0,1,2.0,6,0,1,46.0,0,Platinum,2,0,14,F,Denver,Snacks,Upscale,2023,295.84800000000007,272.5058333333333,Active,2024-04,0
500552,1,6.0,5.666666666666667,4.666666666666667,0.21428571428571427,202.25666666666666,152.50333333333333,0.32624423509868633,-0.08571428571428572,0.4103194510890863,3,1.0,35.692352941176466,3.3333333333333335,0.2783333333333334,4.666666666666667,2.6666666666666665,0.7500000000000002,0.34285714285714286,0.3333333333333333,0.0,0.6666666666666666,2.3333333333333335,0.3333333333333333,1.0,0.0,1.0,0.0,0,2.0,6,0,0,29.0,0,Gold,1,0,31,Other,Denver,Bakery,Mainstream,2021,177.38,166.818,Active,2024-04,0
500553,1,4.0,5.333333333333333,5.333333333333333,0.0,106.21666666666665,104.87666666666667,0.012776912563963919,0.11428571428571428,0.3357306956868876,3,1.0,19.915625,2.6666666666666665,0.29333333333333333,2.3333333333333335,4.333333333333333,-0.46153846153846145,-0.45714285714285713,1.0,1.0,0.0,0.6666666666666666,0.0,0.0,1.0,1.0,0.0,0,5.0,6,0,0,26.0,0,Silver,0,1,9,M,Denver,Beverages,Mainstream,2023,105.54666666666667,111.39,Active,2024-04,0
500554,1,5.0,3.6666666666666665,3.0,0.22222222222222218,143.44666666666666,116.965,0.22640675985693715,0.3372093023255813,0.4886136218401,3,1.0,39.12181818181818,3.0,0.27,2.6666666666666665,1.5,0.7777777777777777,0.3720930232558139,1.3333333333333333,0.5,1.6666666666666665,1.0,1.0,1.0,0.0,1.0,0.0,0,2.0,6,0,1,63.0,0,Platinum,2,1,35,M,Portland,Household,Mainstream,2021,132.85399999999998,171.875,Active,2024-04,0
500555,1,5.0,6.0,4.666666666666667,0.28571428571428564,139.84333333333333,117.96,0.185514863795637,0.6285714285714286,0.3906243301991164,3,1.0,23.307222222222222,3.3333333333333335,0.2733333333333334,3.0,4.0,-0.25,0.02857142857142857,2.3333333333333335,2.0,0.16666666666666674,1.0,1.0,0.0,0.0,0.0,0.0,0,7.0,6,0,0,62.0,0,Silver,0,1,13,F,Columbus,Snacks,Upscale,2023,128.90166666666667,119.12083333333334,Active,2024-04,0
500556,1,4.0,5.0,2.6666666666666665,0.8750000000000001,198.63333333333333,100.02,0.9859361461041125,0.7142857142857143,0.4643878974704043,3,1.0,39.72666666666667,1.6666666666666667,0.4466666666666667,2.6666666666666665,1.6666666666666667,0.5999999999999999,-0.02857142857142856,0.0,0.0,0.0,0.6666666666666666,0.0,0.0,2.0,2.0,1.0,0,5.0,6,0,0,47.0,0,Gold,1,0,14,F,Portland,Personal Care,Mainstream,2023,149.32666666666668,126.20833333333333,Active,2024-04,0
500558,1,4.0,3.3333333333333335,2.0,0.6666666666666667,121.98,78.61,0.5517109782470424,0.8,0.30856030772472537,3,1.0,36.594,4.0,0.18250000000000002,1.0,4.0,-0.75,-0.3,2.0,0.0,3.0,1.0,1.0,0.0,0.0,0.0,0.0,0,7.0,4,0,0,44.0,0,Silver,0,1,5,M,Denver,Snacks,Mainstream,2023,111.1375,111.1375,Active,2024-04,0
500560,7,0.0,0.0,0.0,0.0,0.0,0.0,0.0,0.0,0.0,0,0.0,0.0,0.0,0.0,0.0,0.0,0.0,0.0,0.0,0.0,0.0,0.0,0.0,0.0,0.0,0.0,0.0,0,7.0,6,0,0,58.0,0,Gold,1,1,29,F,Denver,Bakery,Upscale,2021,0.0,68.124,Lapsed,2024-04,1
500561,1,10.0,6.0,9.666666666666666,-0.3793103448275862,245.71,353.37999999999994,-0.30468617352425137,-0.1486486486486486,0.5280479385655363,2,1.0,40.95166666666667,5.5,0.25,3.0,4.333333333333333,-0.30769230769230765,-0.18918918918918923,1.0,1.0,0.0,1.0,0.6666666666666666,0.0,0.0,0.0,0.0,0,7.0,6,0,1,39.0,0,Silver,0,1,35,M,Raleigh,Bakery,Mainstream,2021,310.312,272.3642857142857,Active,2024-04,0
500562,1,2.0,5.333333333333333,4.666666666666667,0.1428571428571427,189.71,196.09333333333333,-0.03255252600802335,0.22857142857142856,0.5435650083642841,3,1.0,35.57062500000001,5.333333333333333,0.37999999999999995,3.0,2.6666666666666665,0.12500000000000006,0.2,0.0,0.6666666666666666,-1.0,0.6666666666666666,0.3333333333333333,0.0,0.0,0.0,0.0,0,7.0,6,0,0,60.0,0,Platinum,2,0,38,M,Columbus,Household,Upscale,2021,192.90166666666664,176.90333333333334,Active,2024-04,0
500563,1,7.0,4.333333333333333,4.333333333333333,0.0,178.78333333333333,178.78333333333333,0.0,2.0,0.5133207768221356,3,1.0,41.25769230769231,3.0,0.17,0.0,0.0,0.0,0.0,1.3333333333333333,1.3333333333333333,0.0,1.0,1.0,0.0,0.0,0.0,0.0,0,7.0,3,1,0,43.0,0,Silver,0,1,4,M,Raleigh,Frozen Foods,Value,2023,178.78333333333333,178.7833333333333,Active,2024-04,0
500564,3,0.0,0.3333333333333333,1.0,-0.6666666666666667,10.073333333333332,35.92,-0.7195619896065332,-0.4,1.0073997570069098,1,0.5,30.22,1.0,0.19,0.3333333333333333,1.0,-0.6666666666666667,-0.4,0.6666666666666666,1.0,-0.33333333333333337,0.0,0.0,3.0,0.0,3.0,0.0,0,2.0,4,0,0,66.0,0,Silver,0,1,5,F,Denver,Household,Upscale,2023,16.535,33.07,Active,2024-04,1
500565,1,6.0,3.0,7.666666666666667,-0.6086956521739131,121.98,348.2166666666667,-0.6497008567462786,-1.0857142857142856,0.6719438595423126,3,1.0,40.660000000000004,2.3333333333333335,0.35000000000000003,3.0,1.3333333333333333,1.2500000000000002,0.2571428571428571,0.0,0.3333333333333333,-0.6666666666666666,0.6666666666666666,1.3333333333333333,2.0,1.0,3.0,1.0,1,1.0,6,0,0,66.0,0,Platinum,2,0,12,F,Tulsa,Snacks,Value,2023,235.09833333333336,231.89600000000002,Active,2024-04,0
500566,7,0.0,0.0,0.0,0.0,0.0,0.0,0.0,0.0,0.0,0,0.0,0.0,0.0,0.0,0.0,0.0,0.0,0.0,0.0,0.0,0.0,0.0,0.0,0.0,0.0,0.0,0.0,0,7.0,6,0,0,64.0,0,Gold,1,1,27,F,Austin,Household,Mainstream,2022,0.0,124.06833333333333,Lapsed,2024-04,1
500567,7,0.0,0.0,0.0,0.0,0.0,0.0,0.0,0.0,0.0,0,0.0,0.0,0.0,0.0,0.0,0.0,0.0,0.0,0.0,0.0,0.0,0.0,0.0,0.0,0.0,0.0,0.0,0,7.0,6,0,0,33.0,0,Silver,0,1,35,M,Spokane,Snacks,Unknown,2021,0.0,120.54,Lapsed,2024-04,1
500568,3,0.0,0.5,1.3333333333333333,-0.625,7.93,24.94,-0.682036888532478,-0.2027027027027027,1.1552425979714127,1,0.6,15.86,0.0,0.3466666666666667,0.0,0.3333333333333333,-0.6666666666666666,-0.08108108108108109,0.0,0.0,0.0,0.5,1.3333333333333333,1.0,0.0,1.0,1.0,1,3.0,6,0,1,56.0,0,Silver,0,0,31,M,Denver,Produce,Value,2021,18.136000000000003,23.81,Active,2024-04,0
500569,7,0.0,0.0,0.0,0.0,0.0,0.0,0.0,0.0,0.0,0,0.0,0.0,0.0,0.0,0.0,0.0,0.0,0.0,0.0,0.0,0.0,0.0,0.0,0.0,0.0,0.0,0.0,0,7.0,6,0,0,60.0,0,Gold,1,0,14,M,Boise,Bakery,Mainstream,2023,0.0,78.6,Lapsed,2024-04,1
500570,1,9.0,5.333333333333333,12.0,-0.5555555555555556,206.80999999999997,424.90000000000003,-0.5132737114615205,-1.511627906976744,0.5746445584540469,3,1.0,38.776875,2.3333333333333335,0.33799999999999997,5.0,2.5,1.0,0.11627906976744182,0.0,2.0,-1.0,0.3333333333333333,0.0,2.0,1.0,3.0,1.0,1,2.0,6,0,1,59.0,0,Silver,0,0,35,M,Portland,Produce,Mainstream,2021,294.046,272.99615384615385,Active,2024-04,0
500571,1,2.0,3.3333333333333335,4.0,-0.16666666666666663,87.20333333333333,107.56333333333335,-0.18928383278068744,-0.45714285714285713,0.35640349402061877,3,1.0,26.160999999999998,3.0,0.28,2.3333333333333335,1.6666666666666667,0.4,0.05714285714285714,1.3333333333333333,2.0,-0.33333333333333337,0.6666666666666666,0.3333333333333333,1.0,0.0,1.0,0.0,0,3.0,6,0,0,68.0,0,Silver,0,1,9,M,Austin,Snacks,Upscale,2023,97.38333333333334,90.90857142857143,Active,2024-04,0
500572,1,1.0,2.3333333333333335,2.3333333333333335,0.0,28.083333333333332,28.083333333333332,0.0,0.0,0.8303989052474965,3,1.0,12.035714285714285,3.3333333333333335,0.2866666666666667,1.0,1.0,0.0,-0.5,1.0,1.0,0.0,0.6666666666666666,0.6666666666666666,1.0,0.0,1.0,0.0,0,2.0,3,1,0,26.0,0,Silver,0,1,4,F,Boise,Frozen Foods,Mainstream,2023,28.083333333333332,28.083333333333332,Active,2024-04,0
500573,7,0.0,0.0,0.0,0.0,0.0,0.0,0.0,0.0,0.0,0,0.0,0.0,0.0,0.0,0.0,0.0,0.0,0.0,0.0,0.0,0.0,0.0,0.0,0.0,0.0,0.0,0.0,0,7.0,6,0,0,55.0,0,Silver,0,1,16,M,Spokane,Dairy,Value,2022,0.0,113.80625,Lapsed,2024-04,1
500574,1,6.0,6.0,6.0,0.0,197.58499999999998,197.58499999999998,0.0,0.0,0.007667586102183874,2,1.0,32.93083333333333,2.5,0.195,3.5,3.5,0.0,0.0,3.0,3.0,0.0,1.5,1.5,0.0,0.0,0.0,0.0,0,7.0,2,1,0,57.0,0,Silver,0,1,3,F,Tulsa,Beverages,Value,2024,197.58499999999998,197.58499999999998,Active,2024-04,0
500575,1,6.0,5.333333333333333,7.333333333333333,-0.27272727272727276,176.14000000000001,213.56000000000003,-0.17522007866641698,-0.9714285714285714,0.38663874641605694,3,1.0,33.026250000000005,2.6666666666666665,0.24000000000000002,4.0,5.666666666666667,-0.29411764705882354,-0.8285714285714286,3.0,2.0,0.5,0.3333333333333333,1.3333333333333333,0.0,0.0,0.0,0.0,0,7.0,6,0,0,38.0,0,Silver,0,1,26,M,Spokane,Snacks,Mainstream,2022,194.85,223.35,Active,2024-04,0
500576,2,0.0,0.6666666666666666,8.666666666666666,-0.923076923076923,20.349999999999998,251.66666666666666,-0.9191390728476821,-2.2857142857142856,0.8807727118844283,2,0.8333333333333334,30.525,0.6666666666666666,0.49000000000000005,1.0,3.3333333333333335,-0.7000000000000001,-0.42857142857142855,0.0,1.6666666666666667,-1.0,0.0,0.3333333333333333,0.0,1.0,1.0,1.0,0,6.0,6,0,0,32.0,0,Silver,0,1,37,F,Tulsa,Dairy,Value,2021,136.00833333333333,156.32642857142858,Active,2024-04,1
500577,1,4.0,7.333333333333333,7.333333333333333,0.0,127.72000000000001,127.72000000000001,0.0,-4.0,0.5343377596522699,3,1.0,17.416363636363638,3.3333333333333335,0.2066666666666667,2.0,2.0,0.0,0.5,2.3333333333333335,2.3333333333333335,0.0,1.0,1.0,0.0,0.0,0.0,0.0,0,7.0,3,1,0,50.0,0,Silver,0,1,4,Other,Spokane,Frozen Foods,Value,2023,127.72000000000001,127.72000000000001,Active,2024-04,0
500578,1,2.0,1.3333333333333333,1.3333333333333333,0.0,33.800000000000004,33.800000000000004,0.0,0.5,0.36468918640029696,3,1.0,25.350000000000005,1.0,0.39000000000000007,0.0,0.0,0.0,0.0,2.0,2.0,0.0,0.3333333333333333,0.3333333333333333,0.0,0.0,0.0,0.0,0,7.0,3,1,0,46.0,1,Silver,0,1,4,M,Nashville,Produce,Value,2023,33.800000000000004,33.800000000000004,Active,2024-04,0
500580,2,0.0,0.6666666666666666,3.0,-0.7777777777777778,21.543333333333333,82.095,-0.7375804454189252,-0.9,0.7835481139786844,2,0.8,32.315000000000005,0.6666666666666666,0.1275,0.0,0.0,0.0,0.0,0.3333333333333333,2.0,-0.8333333333333334,0.0,0.0,3.0,2.0,5.0,3.0,1,1.0,5,0,0,24.0,0,Gold,1,1,6,M,Austin,Snacks,Upscale,2023,45.763999999999996,57.205,Active,2024-04,1
500581,7,0.0,0.0,0.0,0.0,0.0,0.0,0.0,0.0,0.0,0,0.0,0.0,0.0,0.0,0.0,0.0,0.0,0.0,0.0,0.0,0.0,0.0,0.0,0.0,0.0,0.0,0.0,0,7.0,6,0,0,40.0,0,Gold,1,1,20,M,Tulsa,Personal Care,Mainstream,2022,0.0,235.87,Lapsed,2024-04,1
500582,7,0.0,0.0,0.0,0.0,0.0,0.0,0.0,0.0,0.0,0,0.0,0.0,0.0,0.0,0.0,0.0,0.0,0.0,0.0,0.0,0.0,0.0,0.0,0.0,0.0,0.0,0.0,0,7.0,6,0,0,40.0,0,Silver,0,1,22,F,Denver,Dairy,Mainstream,2022,0.0,53.85999999999999,Lapsed,2024-04,1
500583,7,0.0,0.0,0.0,0.0,0.0,0.0,0.0,0.0,0.0,0,0.0,0.0,0.0,0.0,0.0,0.0,0.0,0.0,0.0,0.0,0.0,0.0,0.0,0.0,0.0,0.0,0.0,0,7.0,6,0,0,59.0,0,Gold,1,1,36,M,Columbus,Snacks,Mainstream,2021,0.0,57.06285714285714,Lapsed,2024-04,1
500584,6,0.0,0.0,0.3333333333333333,-0.6666666666666666,0.0,9.89,-1.0,-0.14285714285714285,2.2360679774997894,0,0.16666666666666666,0.0,0.0,0.29,0.0,0.3333333333333333,-0.6666666666666666,-0.14285714285714285,0.0,0.0,0.0,0.0,0.0,0.0,0.0,0.0,0.0,0,7.0,6,0,0,19.0,0,Silver,0,0,17,F,Austin,Bakery,Mainstream,2022,4.945,80.67,Lapsed,2024-04,1
500585,1,1.0,0.6666666666666666,1.3333333333333333,-0.5,18.183333333333334,31.816666666666666,-0.428496595075956,0.05714285714285714,0.9251133552165378,2,0.6666666666666666,27.275000000000002,0.6666666666666666,0.28750000000000003,0.3333333333333333,1.0,-0.6666666666666667,-0.1714285714285714,0.0,0.6666666666666666,-1.0,0.0,0.3333333333333333,2.0,0.0,2.0,0.0,0,3.0,6,0,0,38.0,0,Silver,0,0,35,M,Denver,Snacks,Unknown,2021,25.0,53.04916666666667,Active,2024-04,1
500587,1,4.0,7.666666666666667,9.333333333333334,-0.1785714285714286,231.02666666666667,279.71,-0.17404931297891857,-0.8285714285714286,0.3055698748566736,3,1.0,30.13391304347826,4.0,0.24999999999999997,4.0,4.0,0.0,0.34285714285714286,0.6666666666666666,1.6666666666666667,-0.6,1.0,1.0,0.0,0.0,0.0,0.0,0,7.0,6,0,0,46.0,0,Gold,1,1,32,M,Columbus,Personal Care,Value,2021,255.36833333333334,213.97066666666666,Active,2024-04,0
500588,4,0.0,0.0,1.0,-1.0,0.0,27.576666666666668,-1.0,-0.3142857142857143,1.5199913584494227,0,0.3333333333333333,0.0,0.0,0.32,0.0,0.6666666666666666,-1.0,-0.2857142857142857,0.0,0.0,0.0,0.0,0.0,0.0,1.0,1.0,0.0,0,4.0,6,0,0,60.0,0,Silver,0,1,7,F,Madison,Bakery,Mainstream,2023,13.788333333333334,41.365,Lapsed,2024-04,1
500589,1,2.0,4.0,3.6666666666666665,0.09090909090909095,191.41000000000003,146.22,0.30905484885788553,0.02325581395348837,0.4267202517247432,2,1.0,47.852500000000006,0.5,0.282,2.0,1.6666666666666667,0.19999999999999996,0.13953488372093023,0.5,1.0,-0.5,0.5,0.6666666666666666,0.0,1.0,1.0,0.0,0,4.0,6,0,1,67.0,0,Platinum,2,1,17,M,Boise,Bakery,Upscale,2022,164.29600000000002,170.18583333333333,Active,2024-04,0
500590,7,0.0,0.0,0.0,0.0,0.0,0.0,0.0,0.0,0.0,0,0.0,0.0,0.0,0.0,0.0,0.0,0.0,0.0,0.0,0.0,0.0,0.0,0.0,0.0,0.0,0.0,0.0,0,7.0,6,0,0,62.0,0,Gold,1,1,35,M,Raleigh,Frozen Foods,Value,2021,0.0,41.025,Lapsed,2024-04,1
500591,7,0.0,0.0,0.0,0.0,0.0,0.0,0.0,0.0,0.0,0,0.0,0.0,0.0,0.0,0.0,0.0,0.0,0.0,0.0,0.0,0.0,0.0,0.0,0.0,0.0,0.0,0.0,0,7.0,6,0,0,37.0,0,Silver,0,1,28,F,Spokane,Household,Value,2021,0.0,33.754999999999995,Lapsed,2024-04,1
500592,1,3.0,2.3333333333333335,2.6666666666666665,-0.12499999999999989,58.11666666666667,61.56999999999999,-0.05608792160684305,-0.2,0.5630297890413268,3,0.8333333333333334,24.907142857142855,2.3333333333333335,0.25,1.3333333333333333,2.0,-0.33333333333333337,-0.34285714285714286,1.0,2.0,-0.5,0.3333333333333333,0.3333333333333333,0.0,0.0,0.0,0.0,0,7.0,6,0,0,25.0,0,Gold,1,1,8,F,Tulsa,Bakery,Upscale,2023,59.843333333333334,64.32166666666667,Active,2024-04,0
500593,1,4.0,5.666666666666667,6.0,-0.055555555555555504,136.96333333333334,138.5533333333333,-0.011475725352451343,-0.08571428571428572,0.38268666044995436,3,1.0,24.169999999999998,3.6666666666666665,0.2983333333333333,3.3333333333333335,2.0,0.6666666666666667,0.5714285714285714,1.6666666666666667,0.6666666666666666,1.5,0.6666666666666666,0.0,2.0,1.0,3.0,2.0,1,2.0,6,0,0,22.0,0,Silver,0,1,32,F,Spokane,Personal Care,Mainstream,2021,137.75833333333335,99.28866666666666,Active,2024-04,0
500594,2,0.0,2.0,1.0,1.0,61.71333333333333,32.916666666666664,0.8748354430379748,0.14285714285714285,0.8444346528516419,2,0.6666666666666666,30.856666666666666,1.0,0.29,1.6666666666666667,2.3333333333333335,-0.28571428571428575,0.0,2.0,0.6666666666666666,2.0000000000000004,0.6666666666666666,0.3333333333333333,0.0,0.0,0.0,0.0,0,7.0,6,0,0,54.0,0,Gold,1,1,29,F,Boise,Frozen Foods,Value,2021,47.315,75.267,Active,2024-04,0
500595,1,4.0,5.0,4.0,0.25,170.06333333333333,160.58,0.059056752605139616,0.3,0.20512297502898538,3,1.0,34.01266666666667,2.6666666666666665,0.39,1.3333333333333333,2.0,-0.33333333333333337,-0.2,0.6666666666666666,2.0,-0.6666666666666667,1.6666666666666667,0.0,0.0,0.0,0.0,0.0,0,7.0,4,0,0,25.0,0,Silver,0,1,5,F,Denver,Produce,Value,2023,167.6925,167.6925,Active,2024-04,0
500596,1,1.0,1.0,1.0,0.0,31.57,31.57,0.0,0.0,0.0,1,1.0,31.57,0.0,0.45,1.0,1.0,0.0,0.0,0.0,0.0,0.0,0.0,0.0,0.0,0.0,0.0,0.0,0,7.0,1,1,0,65.0,0,Silver,0,1,2,M,Madison,Dairy,Upscale,2024,31.57,31.57,Active,2024-04,0
500597,1,3.0,3.3333333333333335,3.6666666666666665,-0.09090909090909083,141.2,150.4,-0.061170212765957556,-0.02857142857142857,0.20305694592884074,3,1.0,42.35999999999999,2.0,0.225,2.6666666666666665,2.3333333333333335,0.1428571428571427,0.14285714285714285,1.0,1.6666666666666667,-0.4,0.6666666666666666,0.6666666666666666,1.0,2.0,3.0,0.0,0,1.0,6,0,0,51.0,0,Gold,1,1,9,Other,Raleigh,Dairy,Value,2023,145.79999999999998,150.60285714285715,Active,2024-04,0
500598,1,8.0,8.0,5.666666666666667,0.41176470588235287,271.2966666666667,191.7833333333333,0.41459980881202774,0.5428571428571428,0.17820770986216186,3,1.0,33.912083333333335,3.3333333333333335,0.36999999999999994,2.6666666666666665,1.6666666666666667,0.5999999999999999,0.2571428571428571,0.3333333333333333,0.3333333333333333,0.0,0.6666666666666666,0.0,0.0,0.0,0.0,0.0,0,7.0,6,0,0,20.0,0,Silver,0,0,18,F,Columbus,Dairy,Value,2022,231.54,227.33866666666665,Active,2024-04,0
500599,1,6.0,4.333333333333333,4.0,0.08333333333333326,139.07333333333332,123.36,0.12737786424556846,0.7,0.24414973544470361,3,1.0,32.09384615384615,3.6666666666666665,0.29500000000000004,1.3333333333333333,7.0,-0.8095238095238095,-1.7,1.0,1.0,0.0,0.0,2.0,0.0,0.0,0.0,0.0,0,7.0,4,0,0,63.0,0,Silver,0,1,5,M,Denver,Snacks,Value,2023,135.14499999999998,135.14499999999998,Active,2024-04,0
500601,1,6.0,5.666666666666667,5.666666666666667,0.0,166.39333333333332,166.39333333333332,0.0,0.0,0.09916320138598428,3,1.0,29.363529411764702,2.6666666666666665,0.31,1.0,1.0,0.0,0.0,2.6666666666666665,2.6666666666666665,0.0,0.3333333333333333,0.3333333333333333,0.0,0.0,0.0,0.0,0,7.0,3,1,0,74.0,0,Silver,0,1,4,M,Tulsa,Household,Mainstream,2023,166.39333333333332,166.39333333333332,Active,2024-04,0
500602,1,9.0,7.0,4.333333333333333,0.6153846153846155,259.7,147.40333333333334,0.7618326134641911,1.0857142857142856,0.4305642077231378,3,1.0,37.1,2.3333333333333335,0.2366666666666667,2.0,4.333333333333333,-0.5384615384615384,-0.6,1.0,3.0,-0.6666666666666666,1.0,0.6666666666666666,0.0,0.0,0.0,0.0,0,7.0,6,0,0,33.0,0,Gold,1,1,11,M,Tulsa,Beverages,Value,2023,203.55166666666665,177.95000000000002,Active,2024-04,0
500603,7,0.0,0.0,0.0,0.0,0.0,0.0,0.0,0.0,0.0,0,0.0,0.0,0.0,0.0,0.0,0.0,0.0,0.0,0.0,0.0,0.0,0.0,0.0,0.0,0.0,0.0,0.0,0,7.0,6,0,0,49.0,0,Silver,0,0,14,F,Nashville,Beverages,Value,2023,0.0,51.70142857142857,Lapsed,2024-04,1
500604,1,1.0,1.3333333333333333,2.5,-0.4666666666666667,33.53666666666667,73.75999999999999,-0.5453271872740418,-0.5,0.4948062326546417,3,1.0,25.152500000000003,0.6666666666666666,0.316,0.6666666666666666,1.5,-0.5555555555555556,-0.2,0.3333333333333333,1.0,-0.6666666666666667,1.0,1.5,0.0,0.0,0.0,0.0,0,7.0,6,0,1,44.0,0,Silver,0,0,11,M,Columbus,Bakery,Value,2023,49.626,44.019999999999996,Active,2024-04,0
500605,1,2.0,6.0,3.5,0.7142857142857143,270.2266666666667,159.38,0.6954866775421427,0.13513513513513506,0.7856040228278994,3,1.0,45.037777777777784,4.0,0.316,4.666666666666667,2.5,0.8666666666666668,0.3243243243243243,0.3333333333333333,2.0,-0.8333333333333334,0.3333333333333333,1.0,1.0,1.0,2.0,0.0,0,1.0,6,0,1,38.0,0,Platinum,2,1,17,F,Raleigh,Bakery,Mainstream,2022,225.888,225.74615384615385,Active,2024-04,0
500606,3,0.0,0.3333333333333333,0.6666666666666666,-0.5,15.663333333333334,35.57,-0.5596476431449723,-0.14285714285714285,1.5661772759944153,1,0.3333333333333333,46.99,1.0,0.405,0.3333333333333333,0.3333333333333333,0.0,-0.11428571428571428,1.0,2.0,-0.5,0.0,0.3333333333333333,1.0,0.0,1.0,1.0,1,1.0,6,0,0,27.0,0,Platinum,2,1,27,F,Columbus,Personal Care,Mainstream,2022,25.616666666666664,77.7025,Active,2024-04,1
500607,7,0.0,0.0,0.0,0.0,0.0,0.0,0.0,0.0,0.0,0,0.0,0.0,0.0,0.0,0.0,0.0,0.0,0.0,0.0,0.0,0.0,0.0,0.0,0.0,0.0,0.0,0.0,0,7.0,6,0,0,21.0,0,Gold,1,0,9,F,Tulsa,Beverages,Mainstream,2023,0.0,51.44,Lapsed,2024-04,1
500608,1,8.0,7.333333333333333,5.333333333333333,0.375,248.89999999999998,179.39333333333335,0.3874540116689581,0.5714285714285714,0.18300295362654537,3,1.0,33.94090909090909,4.333333333333333,0.37999999999999995,2.0,2.3333333333333335,-0.1428571428571429,-0.14285714285714285,0.3333333333333333,0.3333333333333333,0.0,1.0,0.3333333333333333,1.0,0.0,1.0,0.0,0,2.0,6,0,0,48.0,0,Silver,0,0,17,M,Austin,Beverages,Mainstream,2022,214.14666666666665,212.86866666666668,Active,2024-04,0
500609,1,2.0,4.0,5.0,-0.2,155.53,176.36666666666667,-0.11814401814401818,-0.8285714285714286,0.5171967204382995,3,1.0,38.8825,1.3333333333333333,0.47333333333333333,5.0,1.6666666666666667,1.9999999999999998,0.9714285714285714,1.3333333333333333,2.0,-0.33333333333333337,0.3333333333333333,0.3333333333333333,0.0,0.0,0.0,0.0,0,7.0,6,0,0,74.0,0,Silver,0,1,27,M,Boise,Beverages,Mainstream,2022,165.94833333333335,181.98666666666665,Active,2024-04,0
500610,1,3.0,3.0,3.0,0.0,133.57,133.57,0.0,0.0,0.0,1,1.0,44.52333333333333,3.0,0.23,3.0,3.0,0.0,0.0,0.0,0.0,0.0,3.0,3.0,0.0,0.0,0.0,0.0,0,7.0,1,1,0,37.0,0,Gold,1,1,2,F,Raleigh,Beverages,Upscale,2024,133.57,133.57,Active,2024-04,0
500611,7,0.0,0.0,0.0,0.0,0.0,0.0,0.0,0.0,0.0,0,0.0,0.0,0.0,0.0,0.0,0.0,0.0,0.0,0.0,0.0,0.0,0.0,0.0,0.0,0.0,0.0,0.0,0,7.0,6,0,0,35.0,0,Gold,1,1,36,M,Austin,Dairy,Mainstream,2021,0.0,165.2425,Lapsed,2024-04,1
500612,7,0.0,0.0,0.0,0.0,0.0,0.0,0.0,0.0,0.0,0,0.0,0.0,0.0,0.0,0.0,0.0,0.0,0.0,0.0,0.0,0.0,0.0,0.0,0.0,0.0,0.0,0.0,0,7.0,6,0,0,55.0,0,Platinum,2,1,38,M,Spokane,Snacks,Upscale,2021,0.0,45.54,Lapsed,2024-04,1
500613,1,1.0,3.3333333333333335,5.0,-0.3333333333333333,108.70666666666666,170.61333333333334,-0.3628477649265396,-0.8857142857142857,0.4411932056197733,3,1.0,32.611999999999995,2.6666666666666665,0.215,2.6666666666666665,3.3333333333333335,-0.20000000000000007,-0.17142857142857143,0.3333333333333333,0.0,0.6666666666666666,0.3333333333333333,1.0,1.0,0.0,1.0,0.0,0,3.0,6,0,0,74.0,0,Silver,0,0,11,M,Raleigh,Frozen Foods,Mainstream,2023,139.66,150.991,Active,2024-04,0
500614,1,1.0,1.0,2.3333333333333335,-0.5714285714285715,25.74,67.40666666666668,-0.6181386608644053,-0.5142857142857142,0.9162176475149842,3,0.8333333333333334,25.74,0.6666666666666666,0.34400000000000003,0.3333333333333333,1.6666666666666667,-0.8,-0.45714285714285713,0.0,1.0,-1.0,0.6666666666666666,1.3333333333333333,2.0,0.0,2.0,0.0,0,2.0,6,0,0,48.0,0,Silver,0,1,34,F,Boise,Personal Care,Unknown,2021,46.57333333333333,77.26785714285714,Active,2024-04,1
500615,1,5.0,3.3333333333333335,5.0,-0.3333333333333333,90.37333333333333,131.24333333333334,-0.311406293653011,-0.20000000000000004,0.3674230961777777,3,1.0,27.112,3.6666666666666665,0.355,3.0,2.6666666666666665,0.12500000000000006,0.02857142857142857,0.6666666666666666,0.6666666666666666,0.0,0.3333333333333333,0.6666666666666666,2.0,0.0,2.0,1.0,1,1.0,6,0,0,73.0,0,Silver,0,1,9,F,Madison,Personal Care,Mainstream,2023,110.80833333333334,99.53625,Active,2024-04,0
500616,1,8.0,5.0,2.0,1.5,207.63333333333333,80.95333333333333,1.564852178209668,0.8285714285714286,0.8404570602457296,3,0.8333333333333334,41.526666666666664,2.6666666666666665,0.308,1.3333333333333333,3.6666666666666665,-0.6363636363636364,-0.7142857142857143,2.0,0.6666666666666666,2.0000000000000004,0.6666666666666666,1.0,0.0,1.0,1.0,1.0,0,5.0,6,0,0,57.0,0,Gold,1,1,35,F,Austin,Beverages,Upscale,2021,144.29333333333332,137.99333333333334,Active,2024-04,0
500617,1,3.0,6.0,6.333333333333333,-0.052631578947368376,369.37000000000006,331.25333333333333,0.1150680244727099,0.02857142857142857,0.6648197283831659,3,1.0,61.561666666666675,2.3333333333333335,0.3366666666666666,2.3333333333333335,1.3333333333333333,0.7500000000000002,0.4857142857142857,0.3333333333333333,1.0,-0.6666666666666667,1.0,0.0,1.0,1.0,2.0,0.0,0,3.0,6,0,0,63.0,0,Platinum,2,0,25,M,Raleigh,Frozen Foods,Mainstream,2022,350.31166666666667,292.566,Active,2024-04,0
500618,1,9.0,7.666666666666667,6.333333333333333,0.21052631578947378,230.92,202.99,0.13759298487610216,0.05714285714285714,0.3296137709816438,3,1.0,30.119999999999997,3.6666666666666665,0.2383333333333333,0.6666666666666666,3.0,-0.7777777777777778,-0.4285714285714286,0.6666666666666666,0.3333333333333333,0.6666666666666666,0.3333333333333333,0.3333333333333333,1.0,0.0,1.0,0.0,0,2.0,6,0,0,32.0,0,Silver,0,0,9,F,Austin,Produce,Mainstream,2023,216.955,214.19375,Active,2024-04,0
500619,1,4.0,4.0,4.0,0.0,72.51,72.51,0.0,0.0,0.0,1,1.0,18.1275,6.0,0.26,4.0,4.0,0.0,0.0,0.0,0.0,0.0,0.0,0.0,0.0,0.0,0.0,0.0,0,7.0,1,1,0,49.0,0,Silver,0,0,2,F,Raleigh,Dairy,Mainstream,2024,72.51,72.51,Active,2024-04,0
500620,1,6.0,5.333333333333333,4.0,0.33333333333333326,219.8066666666667,147.62666666666667,0.48893605491329506,0.45714285714285713,0.46564216082201026,3,1.0,41.21375000000001,3.3333333333333335,0.23833333333333337,1.0,2.3333333333333335,-0.5714285714285715,-0.4571428571428571,1.0,1.6666666666666667,-0.4,1.0,0.3333333333333333,1.0,0.0,1.0,0.0,0,3.0,6,0,0,58.0,0,Gold,1,1,15,F,Columbus,Frozen Foods,Mainstream,2023,183.7166666666667,175.1291666666667,Active,2024-04,0
500621,7,0.0,0.0,0.0,0.0,0.0,0.0,0.0,0.0,0.0,0,0.0,0.0,0.0,0.0,0.0,0.0,0.0,0.0,0.0,0.0,0.0,0.0,0.0,0.0,0.0,0.0,0.0,0,7.0,6,0,0,38.0,0,Silver,0,1,28,F,Madison,Dairy,Value,2021,0.0,97.54166666666667,Lapsed,2024-04,1
500622,1,10.0,7.333333333333333,10.333333333333334,-0.29032258064516137,243.50666666666666,296.3333333333333,-0.17826771653543305,0.14285714285714285,0.3614604192312045,3,1.0,33.20545454545454,4.0,0.27499999999999997,4.0,4.333333333333333,-0.07692307692307686,0.08571428571428572,0.6666666666666666,1.6666666666666667,-0.6,1.0,0.6666666666666666,1.0,1.0,2.0,2.0,1,1.0,6,0,0,59.0,0,Silver,0,1,8,F,Austin,Beverages,Mainstream,2023,269.92,268.4042857142857,Active,2024-04,0
500623,1,4.0,3.3333333333333335,2.3333333333333335,0.42857142857142855,91.23333333333333,69.36999999999999,0.315169862092163,0.2571428571428571,0.34525224532872806,3,1.0,27.369999999999997,3.0,0.3133333333333333,1.0,1.6666666666666667,-0.4,-0.22857142857142856,0.0,0.3333333333333333,-0.6666666666666666,0.6666666666666666,0.3333333333333333,0.0,1.0,1.0,0.0,0,5.0,6,0,0,46.0,1,Silver,0,0,19,F,Raleigh,Frozen Foods,Upscale,2022,80.30166666666666,74.90846153846154,Active,2024-04,0
500624,1,1.0,2.0,2.0,0.0,54.31999999999999,54.31999999999999,0.0,-1.0,0.45368492197801485,3,1.0,27.159999999999997,3.6666666666666665,0.2866666666666667,1.0,1.0,0.0,-0.5,1.3333333333333333,1.3333333333333333,0.0,0.6666666666666666,0.6666666666666666,0.0,0.0,0.0,0.0,0,7.0,3,1,0,46.0,1,Silver,0,1,4,M,Austin,Dairy,Upscale,2023,54.31999999999999,54.32,Active,2024-04,0
500625,2,0.0,0.6666666666666666,4.5,-0.8518518518518519,9.659999999999998,67.46000000000001,-0.8568040320189743,-0.9324324324324325,0.9085484293209362,2,0.8,14.489999999999998,1.6666666666666667,0.265,0.0,3.5,-1.0,-1.054054054054054,0.0,1.0,-1.0,0.3333333333333333,1.5,1.0,0.0,1.0,0.0,0,1.0,6,0,1,43.0,0,Silver,0,0,16,F,Spokane,Personal Care,Mainstream,2022,32.78,79.69,Active,2024-04,1
500627,2,0.0,1.0,0.6666666666666666,0.5000000000000001,28.453333333333333,19.653333333333332,0.4477611940298508,-0.02857142857142857,0.8404013289955953,2,0.6666666666666666,28.453333333333333,1.3333333333333333,0.23750000000000002,0.3333333333333333,1.0,-0.6666666666666667,-0.1714285714285714,0.0,0.3333333333333333,-0.6666666666666666,0.0,0.3333333333333333,0.0,0.0,0.0,0.0,0,7.0,6,0,0,23.0,0,Silver,0,0,37,M,Raleigh,Frozen Foods,Mainstream,2021,24.05333333333333,33.21714285714286,Active,2024-04,0
500628,7,0.0,0.0,0.0,0.0,0.0,0.0,0.0,0.0,0.0,0,0.0,0.0,0.0,0.0,0.0,0.0,0.0,0.0,0.0,0.0,0.0,0.0,0.0,0.0,0.0,0.0,0.0,0,7.0,6,0,0,71.0,0,Platinum,2,0,19,F,Portland,Produce,Upscale,2022,0.0,174.2825,Lapsed,2024-04,1
500629,1,4.0,3.0,4.666666666666667,-0.3571428571428572,99.25666666666666,183.33666666666667,-0.45860984345739175,-0.2,0.4000687281906671,3,1.0,33.08555555555555,2.3333333333333335,0.27999999999999997,3.6666666666666665,3.3333333333333335,0.09999999999999991,0.42857142857142855,1.0,0.6666666666666666,0.5000000000000001,0.6666666666666666,0.0,0.0,0.0,0.0,0.0,0,7.0,6,0,0,54.0,0,Gold,1,0,32,M,Columbus,Beverages,Mainstream,2021,141.29666666666665,123.43866666666666,Active,2024-04,0
500630,2,0.0,2.6666666666666665,2.6666666666666665,0.0,86.38,86.38,0.0,-3.0,1.0027623872702216,2,0.6666666666666666,32.3925,1.6666666666666667,0.405,0.3333333333333333,0.3333333333333333,0.0,-0.5,0.0,0.0,0.0,0.0,0.0,1.0,0.0,1.0,0.0,0,2.0,3,1,0,50.0,0,Silver,0,0,4,M,Raleigh,Produce,Value,2023,86.38,129.57,Active,2024-04,0
500631,3,0.0,0.6666666666666666,2.5,-0.7333333333333334,31.743333333333336,123.36500000000001,-0.7426876882962482,-0.7999999999999999,0.9083319940038617,1,0.6,47.61500000000001,0.0,0.2366666666666667,0.6666666666666666,0.0,1.3333333333333333,0.2,0.3333333333333333,0.0,0.6666666666666666,0.0,0.5,1.0,0.0,1.0,1.0,1,2.0,5,0,0,46.0,1,Platinum,2,0,6,F,Austin,Produce,Value,2023,68.39200000000001,113.98666666666668,Active,2024-04,1
500632,5,0.0,0.0,0.5,-1.0,0.0,17.635,-1.0,-0.2,2.0,0,0.2,0.0,0.0,0.19,0.0,0.0,0.0,0.0,0.0,0.5,-1.0,0.0,0.0,0.0,0.0,0.0,0.0,0,7.0,5,0,0,33.0,0,Silver,0,1,6,M,Portland,Dairy,Value,2023,7.054,35.27,Lapsed,2024-04,1
500633,1,5.0,5.333333333333333,4.333333333333333,0.23076923076923078,185.0633333333333,152.5666666666667,0.21299978151627666,0.2,0.3106236707657343,3,1.0,34.699374999999996,3.3333333333333335,0.18666666666666668,3.3333333333333335,0.6666666666666666,3.0,0.6285714285714286,2.6666666666666665,0.6666666666666666,3.0,0.3333333333333333,0.3333333333333333,0.0,1.0,1.0,0.0,0,5.0,6,0,0,38.0,0,Silver,0,1,21,M,Denver,Personal Care,Value,2022,168.815,148.56285714285715,Active,2024-04,0
500634,7,0.0,0.0,0.0,0.0,0.0,0.0,0.0,0.0,0.0,0,0.0,0.0,0.0,0.0,0.0,0.0,0.0,0.0,0.0,0.0,0.0,0.0,0.0,0.0,0.0,0.0,0.0,0,7.0,6,0,0,42.0,0,Gold,1,1,33,F,Spokane,Beverages,Mainstream,2021,0.0,116.62,Lapsed,2024-04,1
500635,1,3.0,2.6666666666666665,3.0,-0.11111111111111116,99.56666666666666,112.58666666666666,-0.11564424443391755,0.028571428571428584,0.2760826856430311,3,1.0,37.3375,2.6666666666666665,0.38333333333333336,1.6666666666666667,2.3333333333333335,-0.28571428571428575,0.05714285714285714,0.3333333333333333,0.6666666666666666,-0.5,0.6666666666666666,0.3333333333333333,1.0,0.0,1.0,0.0,0,1.0,6,0,0,55.0,0,Platinum,2,0,23,M,Boise,Frozen Foods,Upscale,2022,106.07666666666665,104.52,Active,2024-04,0
500636,1,6.0,5.666666666666667,8.333333333333334,-0.32,190.05999999999997,264.65999999999997,-0.2818710798760674,-0.22857142857142856,0.33227233648816407,3,1.0,33.53999999999999,2.3333333333333335,0.27999999999999997,3.6666666666666665,2.6666666666666665,0.375,0.6,1.6666666666666667,0.6666666666666666,1.5,1.0,0.0,0.0,0.0,0.0,0.0,0,7.0,6,0,0,47.0,0,Gold,1,1,18,F,Raleigh,Bakery,Mainstream,2022,227.35999999999999,189.30571428571426,Active,2024-04,0
500637,7,0.0,0.0,0.0,0.0,0.0,0.0,0.0,0.0,0.0,0,0.0,0.0,0.0,0.0,0.0,0.0,0.0,0.0,0.0,0.0,0.0,0.0,0.0,0.0,0.0,0.0,0.0,0,7.0,6,0,0,33.0,0,Silver,0,1,36,F,Tulsa,Produce,Unknown,2021,0.0,85.065,Lapsed,2024-04,1
500638,1,3.0,4.666666666666667,6.0,-0.22222222222222218,160.26666666666668,229.20000000000002,-0.3007562536358348,-0.5142857142857142,0.27025042886756495,3,1.0,34.34285714285714,2.3333333333333335,0.22833333333333336,2.6666666666666665,4.0,-0.33333333333333337,-0.22857142857142856,1.3333333333333333,1.3333333333333333,0.0,1.0,1.3333333333333333,0.0,0.0,0.0,0.0,0,7.0,6,0,0,47.0,0,Silver,0,1,6,F,Austin,Personal Care,Mainstream,2023,194.73333333333335,194.73333333333335,Active,2024-04,0
500639,1,8.0,7.666666666666667,9.5,-0.19298245614035084,271.7633333333334,354.74,-0.23390840239800031,-0.5,0.2862306963084138,3,1.0,35.44739130434783,5.0,0.188,4.333333333333333,2.0,1.1666666666666665,0.6,0.3333333333333333,0.0,0.6666666666666666,0.6666666666666666,0.5,0.0,0.0,0.0,0.0,0,7.0,5,0,0,39.0,0,Silver,0,0,6,F,Boise,Frozen Foods,Value,2023,304.95400000000006,304.954,Active,2024-04,0
500640,2,0.0,3.0,3.3333333333333335,-0.10000000000000003,87.62333333333333,96.59666666666668,-0.09289485489492401,-0.3142857142857143,0.4913346245255427,2,0.8333333333333334,29.20777777777778,1.6666666666666667,0.25,0.3333333333333333,0.0,0.6666666666666666,0.08571428571428572,0.0,0.0,0.0,0.0,1.0,2.0,0.0,2.0,0.0,0,2.0,6,0,0,32.0,0,Silver,0,0,25,F,Boise,Beverages,Upscale,2022,92.11000000000001,75.41642857142857,Active,2024-04,1
500641,7,0.0,0.0,0.0,0.0,0.0,0.0,0.0,0.0,0.0,0,0.0,0.0,0.0,0.0,0.0,0.0,0.0,0.0,0.0,0.0,0.0,0.0,0.0,0.0,0.0,0.0,0.0,0,7.0,6,0,0,28.0,0,Gold,1,0,32,F,Boise,Personal Care,Mainstream,2021,0.0,135.33,Lapsed,2024-04,1
500642,1,11.0,6.333333333333333,4.666666666666667,0.357142857142857,187.98666666666668,154.9333333333333,0.2133390705679865,0.5428571428571428,0.5274232942044684,3,1.0,29.682105263157897,2.0,0.49,5.0,1.0,3.0,0.9714285714285714,0.3333333333333333,0.6666666666666666,-0.5,0.6666666666666666,0.0,0.0,0.0,0.0,0.0,0,7.0,6,0,0,33.0,0,Silver,0,0,10,F,Columbus,Snacks,Value,2023,171.46,186.89555555555555,Active,2024-04,0
500643,2,0.0,1.3333333333333333,2.0,-0.33333333333333337,47.20666666666667,63.403333333333336,-0.2554544976604805,-0.4,0.6718011146507509,2,0.8333333333333334,35.40500000000001,1.6666666666666667,0.362,0.3333333333333333,0.3333333333333333,0.0,0.05714285714285714,0.0,1.0,-1.0,0.0,0.3333333333333333,3.0,0.0,3.0,0.0,0,1.0,6,0,0,48.0,0,Silver,0,1,9,M,Portland,Beverages,Upscale,2023,55.30500000000001,85.80428571428571,Active,2024-04,0
500644,5,0.0,0.0,2.0,-1.0,0.0,75.54333333333334,-1.0,-0.7428571428571429,1.4890506978880687,0,0.3333333333333333,0.0,0.0,0.42999999999999994,0.0,0.3333333333333333,-0.6666666666666666,-0.14285714285714285,0.0,0.0,0.0,0.0,0.3333333333333333,0.0,2.0,2.0,1.0,0,4.0,6,0,0,38.0,0,Silver,0,1,20,M,Nashville,Snacks,Value,2022,37.77166666666667,142.04,Lapsed,2024-04,1
500645,2,0.0,3.0,3.3333333333333335,-0.10000000000000003,132.29,127.32666666666665,0.03898109848683182,-0.42857142857142855,0.7544679313929686,2,0.8333333333333334,44.096666666666664,0.6666666666666666,0.22999999999999998,1.0,3.0,-0.6666666666666666,-0.8,0.0,0.0,0.0,0.3333333333333333,0.6666666666666666,1.0,0.0,1.0,0.0,0,3.0,6,0,0,42.0,0,Gold,1,0,29,F,Spokane,Frozen Foods,Upscale,2021,129.80833333333334,131.03083333333333,Active,2024-04,0
500646,1,3.0,5.0,7.666666666666667,-0.3478260869565218,232.17000000000002,366.8733333333333,-0.3671657792880375,-1.0,0.3554403917133539,2,1.0,46.434000000000005,2.0,0.302,4.5,2.6666666666666665,0.6875000000000001,0.36046511627906985,0.0,0.0,0.0,1.5,0.6666666666666666,0.0,0.0,0.0,0.0,0,7.0,6,0,1,62.0,0,Gold,1,0,10,F,Columbus,Bakery,Mainstream,2023,312.992,295.53,Active,2024-04,0
500647,1,10.0,6.666666666666667,6.333333333333333,0.052631578947368515,243.99333333333334,232.61666666666667,0.048907358314824095,0.6,0.41415145582742946,3,1.0,36.599,3.3333333333333335,0.3466666666666667,3.0,2.0,0.5,0.3142857142857143,2.0,0.6666666666666666,2.0000000000000004,0.0,0.0,1.0,0.0,1.0,1.0,1,3.0,6,0,0,57.0,0,Silver,0,1,31,M,Madison,Produce,Value,2021,238.30500000000004,222.26500000000001,Active,2024-04,0
500648,1,3.0,2.6666666666666665,3.5,-0.23809523809523814,64.5,79.63,-0.19000376742433753,-0.17441860465116277,0.16547720534794752,3,1.0,24.1875,1.6666666666666667,0.238,1.3333333333333333,3.0,-0.5555555555555556,-0.34883720930232553,1.6666666666666667,2.0,-0.16666666666666663,0.3333333333333333,0.0,0.0,0.0,0.0,0.0,0,7.0,6,0,1,42.0,0,Silver,0,1,19,F,Nashville,Beverages,Upscale,2022,70.55199999999999,78.79357142857144,Active,2024-04,0
500649,7,0.0,0.0,0.0,0.0,0.0,0.0,0.0,0.0,0.0,0,0.0,0.0,0.0,0.0,0.0,0.0,0.0,0.0,0.0,0.0,0.0,0.0,0.0,0.0,0.0,0.0,0.0,0,7.0,6,0,0,50.0,0,Platinum,2,0,27,F,Boise,Produce,Value,2022,0.0,117.93333333333332,Lapsed,2024-04,1
500650,1,3.0,3.0,3.0,0.0,61.160000000000004,75.80666666666666,-0.19321079940198738,0.0,0.3064409005278012,3,1.0,20.386666666666667,2.3333333333333335,0.21999999999999997,1.6666666666666667,1.6666666666666667,0.0,-6.3441315692866086e-18,0.3333333333333333,0.6666666666666666,-0.5,0.0,0.6666666666666666,0.0,1.0,1.0,0.0,0,5.0,6,0,0,20.0,0,Silver,0,0,24,M,Portland,Bakery,Value,2022,68.48333333333333,84.17466666666665,Active,2024-04,0
500652,1,1.0,1.3333333333333333,2.3333333333333335,-0.42857142857142866,42.26333333333333,78.42666666666668,-0.4611101666099967,-0.37142857142857144,0.3615639658643791,3,1.0,31.697499999999998,0.3333333333333333,0.18166666666666667,0.6666666666666666,1.0,-0.33333333333333337,0.0857142857142857,1.3333333333333333,2.3333333333333335,-0.42857142857142866,1.3333333333333333,0.3333333333333333,0.0,1.0,1.0,1.0,0,5.0,6,0,0,43.0,0,Gold,1,1,20,M,Portland,Dairy,Value,2022,60.345,53.975,Active,2024-04,0
500653,7,0.0,0.0,0.0,0.0,0.0,0.0,0.0,0.0,0.0,0,0.0,0.0,0.0,0.0,0.0,0.0,0.0,0.0,0.0,0.0,0.0,0.0,0.0,0.0,0.0,0.0,0.0,0,7.0,6,0,0,34.0,0,Silver,0,1,38,M,Portland,Beverages,Value,2021,0.0,28.52,Lapsed,2024-04,1
500654,7,0.0,0.0,0.0,0.0,0.0,0.0,0.0,0.0,0.0,0,0.0,0.0,0.0,0.0,0.0,0.0,0.0,0.0,0.0,0.0,0.0,0.0,0.0,0.0,0.0,0.0,0.0,0,7.0,6,0,0,29.0,0,Silver,0,0,15,F,Austin,Beverages,Upscale,2023,0.0,115.71,Lapsed,2024-04,1
500655,1,9.0,5.666666666666667,4.0,0.41666666666666674,105.50999999999999,90.35333333333334,0.1677488378956687,0.8285714285714286,0.48796991513375026,3,1.0,18.61941176470588,3.0,0.3133333333333333,3.3333333333333335,1.6666666666666667,1.0,0.37142857142857144,0.6666666666666666,0.0,1.3333333333333333,1.3333333333333333,1.0,2.0,0.0,2.0,2.0,1,1.0,6,0,0,60.0,0,Silver,0,0,36,F,Columbus,Produce,Value,2021,97.93166666666667,104.514,Active,2024-04,0
500656,1,2.0,4.0,5.666666666666667,-0.29411764705882354,100.44999999999999,141.98,-0.29250598675869843,-0.6756756756756757,0.4713356476829025,2,1.0,25.112499999999997,3.0,0.396,3.0,2.6666666666666665,0.12500000000000006,0.14864864864864866,0.0,1.0,-1.0,0.5,1.6666666666666667,1.0,1.0,2.0,0.0,0,3.0,6,0,1,18.0,0,Silver,0,0,30,M,Spokane,Household,Mainstream,2021,125.36799999999998,144.34785714285712,Active,2024-04,0
500657,1,3.0,3.3333333333333335,0.5,3.0,73.43333333333334,10.875,3.0,0.6,0.7525004894581858,3,0.8,22.03,1.0,0.2975,0.3333333333333333,0.0,0.6666666666666666,0.2,1.3333333333333333,1.5,-0.11111111111111116,0.6666666666666666,0.0,1.0,0.0,1.0,1.0,1,3.0,5,0,0,73.0,0,Gold,1,1,6,F,Denver,Bakery,Mainstream,2023,48.410000000000004,60.5125,Active,2024-04,0
500658,1,3.0,5.333333333333333,5.5,-0.030303030303030356,165.95666666666668,171.745,-0.033703067532291055,-0.4459459459459459,0.341121354718926,3,1.0,31.116875000000004,3.3333333333333335,0.266,3.6666666666666665,0.5,3.0,0.7702702702702703,1.3333333333333333,2.0,-0.33333333333333337,0.6666666666666666,1.0,0.0,0.0,0.0,0.0,0,7.0,6,0,1,73.0,0,Gold,1,1,33,M,Columbus,Dairy,Value,2021,168.272,165.8542857142857,Active,2024-04,0
500659,7,0.0,0.0,0.0,0.0,0.0,0.0,0.0,0.0,0.0,0,0.0,0.0,0.0,0.0,0.0,0.0,0.0,0.0,0.0,0.0,0.0,0.0,0.0,0.0,0.0,0.0,0.0,0,7.0,6,0,0,53.0,0,Silver,0,0,14,M,Columbus,Produce,Upscale,2023,0.0,79.34666666666666,Lapsed,2024-04,1
500660,1,5.0,3.3333333333333335,6.0,-0.4444444444444444,75.71999999999998,168.79000000000002,-0.5513952248355947,-0.6,0.5688520384856652,3,1.0,22.715999999999994,1.3333333333333333,0.288,1.0,3.0,-0.6666666666666666,-0.8,0.0,1.0,-1.0,0.0,1.0,1.0,1.0,2.0,0.0,0,2.0,5,0,0,34.0,0,Silver,0,0,6,F,Columbus,Household,Mainstream,2023,112.94800000000001,112.94800000000001,Active,2024-04,0
500661,2,0.0,1.0,1.3333333333333333,-0.24999999999999994,43.79333333333333,61.11666666666667,-0.28344695936733033,0.02857142857142857,0.9913735067353542,2,0.6666666666666666,43.79333333333333,1.3333333333333333,0.265,0.3333333333333333,0.3333333333333333,0.0,-0.11428571428571428,1.3333333333333333,1.3333333333333333,0.0,0.3333333333333333,0.6666666666666666,1.0,1.0,2.0,0.0,0,1.0,6,0,0,34.0,0,Platinum,2,1,9,M,Madison,Household,Value,2023,52.455000000000005,102.67166666666667,Active,2024-04,0
500662,1,6.0,6.0,3.0,1.0,129.54,55.11,1.350571584104518,0.5,0.41225208706209127,3,1.0,21.59,2.6666666666666665,0.2425,3.3333333333333335,7.0,-0.5238095238095238,-0.1,0.0,0.0,0.0,0.3333333333333333,1.0,1.0,0.0,1.0,0.0,0,2.0,4,0,0,48.0,0,Silver,0,0,5,M,Nashville,Dairy,Mainstream,2023,110.9325,110.9325,Active,2024-04,0
500664,1,5.0,5.666666666666667,5.666666666666667,0.0,145.85333333333335,145.85333333333335,0.0,0.0,0.26890285428266725,3,1.0,25.738823529411768,4.0,0.42,2.3333333333333335,2.3333333333333335,0.0,-0.5,1.6666666666666667,1.6666666666666667,0.0,1.0,1.0,0.0,0.0,0.0,0.0,0,7.0,3,1,0,38.0,0,Silver,0,1,4,F,Austin,Frozen Foods,Value,2023,145.85333333333335,145.85333333333332,Active,2024-04,0
500665,2,0.0,4.666666666666667,3.6666666666666665,0.2727272727272729,143.17666666666665,120.06,0.19254261758009866,-0.37142857142857144,0.668208588439572,2,0.8333333333333334,30.68071428571428,3.3333333333333335,0.344,1.3333333333333333,2.3333333333333335,-0.42857142857142866,-0.3142857142857143,0.3333333333333333,2.3333333333333335,-0.8571428571428571,0.0,1.0,0.0,0.0,0.0,0.0,0,7.0,6,0,0,43.0,0,Silver,0,1,20,F,Tulsa,Frozen Foods,Mainstream,2022,131.6183333333333,147.43428571428572,Active,2024-04,0
500666,7,0.0,0.0,0.0,0.0,0.0,0.0,0.0,0.0,0.0,0,0.0,0.0,0.0,0.0,0.0,0.0,0.0,0.0,0.0,0.0,0.0,0.0,0.0,0.0,0.0,0.0,0.0,0,7.0,6,0,0,21.0,0,Silver,0,1,37,M,Columbus,Bakery,Value,2021,0.0,27.26,Lapsed,2024-04,1
500667,1,3.0,3.5,2.0,0.75,124.63,70.58500000000001,0.765672593327194,0.11538461538461539,0.3745729638874578,2,1.0,35.60857142857143,3.5,0.3925,0.5,1.5,-0.6666666666666666,-0.23076923076923078,2.0,3.0,-0.3333333333333333,0.5,1.5,0.0,1.0,1.0,1.0,0,4.0,6,0,2,68.0,0,Platinum,2,1,37,F,Madison,Frozen Foods,Mainstream,2021,97.6075,126.33846153846154,Active,2024-04,0
500668,1,1.0,3.6666666666666665,4.0,-0.08333333333333337,79.28666666666668,103.04,-0.23052536231884055,-0.013513513513513525,0.6912823042891588,3,1.0,21.62363636363637,2.0,0.45199999999999996,1.6666666666666667,2.0,-0.16666666666666663,-0.21621621621621623,2.0,1.0,1.0,2.0,0.0,1.0,0.0,1.0,1.0,1,3.0,6,0,1,69.0,0,Silver,0,1,36,F,Nashville,Beverages,Value,2021,88.788,141.48857142857142,Active,2024-04,0
500669,5,0.0,0.0,1.3333333333333333,-1.0,0.0,52.86666666666667,-1.0,-0.5142857142857142,1.7402367956665605,0,0.3333333333333333,0.0,0.0,0.295,0.0,0.3333333333333333,-0.6666666666666666,-0.14285714285714285,0.0,0.0,0.0,0.0,0.0,0.0,0.0,0.0,0.0,0,7.0,6,0,0,32.0,0,Gold,1,1,9,Other,Tulsa,Personal Care,Mainstream,2023,26.433333333333334,91.9725,Lapsed,2024-04,1
500670,1,6.0,7.333333333333333,7.333333333333333,0.0,151.0,160.62666666666667,-0.05993193326139287,-0.2857142857142857,0.150948957080308,3,1.0,20.590909090909093,1.6666666666666667,0.37166666666666665,3.0,4.0,-0.25,-0.5428571428571428,1.3333333333333333,2.6666666666666665,-0.5,0.3333333333333333,0.6666666666666666,0.0,1.0,1.0,0.0,0,4.0,6,0,0,71.0,0,Silver,0,1,8,F,Raleigh,Dairy,Mainstream,2023,155.81333333333333,149.88000000000002,Active,2024-04,0
500671,1,7.0,8.5,7.0,0.21428571428571427,249.10500000000002,200.29,0.24372160367467186,0.45348837209302334,0.2201654835940127,2,1.0,29.306470588235296,3.0,0.316,3.5,2.6666666666666665,0.31250000000000006,0.23255813953488372,1.5,1.6666666666666667,-0.10000000000000003,0.0,0.3333333333333333,0.0,1.0,1.0,0.0,0,5.0,6,0,1,66.0,0,Silver,0,1,25,M,Portland,Frozen Foods,Value,2022,219.81600000000003,188.35928571428573,Active,2024-04,0
500672,1,4.0,2.6666666666666665,2.0,0.33333333333333326,73.82666666666667,54.48333333333333,0.3550321199143471,0.11428571428571427,0.6265668484700978,2,0.8333333333333334,27.685000000000002,0.3333333333333333,0.318,1.0,0.6666666666666666,0.5000000000000001,0.14285714285714285,0.6666666666666666,1.6666666666666667,-0.6,0.3333333333333333,0.3333333333333333,0.0,0.0,0.0,0.0,0,7.0,6,0,0,28.0,0,Silver,0,1,37,F,Raleigh,Snacks,Mainstream,2021,64.155,76.99461538461539,Active,2024-04,0
500673,1,3.0,3.6666666666666665,4.0,-0.08333333333333337,128.89000000000001,145.41333333333333,-0.11363011186502828,-0.028571428571428584,0.22140462682638962,3,1.0,35.151818181818186,3.0,0.28833333333333333,1.3333333333333333,1.0,0.33333333333333326,-0.08571428571428572,1.0,1.0,0.0,0.6666666666666666,0.0,1.0,1.0,2.0,0.0,0,2.0,6,0,0,26.0,0,Gold,1,1,31,F,Boise,Beverages,Mainstream,2021,137.15166666666667,154.01285714285714,Active,2024-04,0
500674,2,0.0,5.0,7.666666666666667,-0.3478260869565218,155.87333333333333,232.88,-0.3306710179777854,-0.8571428571428571,0.6672246334816314,2,0.8333333333333334,31.174666666666667,2.3333333333333335,0.29200000000000004,2.3333333333333335,2.6666666666666665,-0.12499999999999989,-0.42857142857142855,1.3333333333333333,0.0,2.6666666666666665,0.3333333333333333,0.0,0.0,0.0,0.0,0.0,0,7.0,6,0,0,41.0,0,Silver,0,0,7,F,Portland,Produce,Value,2023,194.37666666666664,233.252,Active,2024-04,0
500675,1,7.0,7.0,7.0,0.0,175.58333333333334,183.25333333333333,-0.04185462747380669,-0.05714285714285714,0.4304230927210798,3,1.0,25.083333333333336,2.6666666666666665,0.2733333333333334,3.3333333333333335,2.3333333333333335,0.42857142857142855,-0.08571428571428572,2.3333333333333335,1.0,1.3333333333333335,0.3333333333333333,0.3333333333333333,0.0,0.0,0.0,0.0,0,7.0,6,0,0,57.0,0,Silver,0,1,28,M,Tulsa,Snacks,Mainstream,2021,179.41833333333332,174.19846153846154,Active,2024-04,0
500676,1,18.0,11.666666666666666,5.666666666666667,1.0588235294117645,283.6166666666667,135.28333333333333,1.0964642109153628,1.7714285714285714,0.5637246190620573,3,1.0,24.310000000000002,3.0,0.28833333333333333,3.3333333333333335,3.6666666666666665,-0.09090909090909083,0.14285714285714285,2.0,1.6666666666666667,0.19999999999999996,0.3333333333333333,0.3333333333333333,0.0,1.0,1.0,0.0,0,6.0,6,0,0,39.0,0,Silver,0,1,19,M,Tulsa,Dairy,Upscale,2022,209.45000000000002,180.65785714285715,Active,2024-04,0
500677,7,0.0,0.0,0.0,0.0,0.0,0.0,0.0,0.0,0.0,0,0.0,0.0,0.0,0.0,0.0,0.0,0.0,0.0,0.0,0.0,0.0,0.0,0.0,0.0,0.0,0.0,0.0,0,7.0,6,0,0,59.0,0,Platinum,2,1,16,F,Madison,Snacks,Value,2022,0.0,72.785,Lapsed,2024-04,1
500678,1,3.0,4.666666666666667,4.333333333333333,0.07692307692307707,108.48666666666666,108.65333333333332,-0.0015339305436248977,0.14285714285714285,0.43206909227197937,3,1.0,23.247142857142855,2.6666666666666665,0.2866666666666666,2.3333333333333335,3.6666666666666665,-0.3636363636363636,-0.17142857142857143,0.6666666666666666,1.0,-0.33333333333333337,0.3333333333333333,1.0,2.0,0.0,2.0,1.0,1,3.0,6,0,0,27.0,0,Gold,1,1,19,F,Boise,Bakery,Unknown,2022,108.57,112.04866666666666,Active,2024-04,0
500679,1,2.0,1.3333333333333333,1.0,0.33333333333333326,53.78333333333333,33.31,0.614630241168818,-0.02857142857142857,0.7955425713098385,2,0.6666666666666666,40.3375,1.0,0.2475,0.3333333333333333,0.0,0.6666666666666666,0.02857142857142857,3.3333333333333335,1.6666666666666667,1.0,1.3333333333333333,0.0,0.0,1.0,1.0,0.0,0,6.0,6,0,0,70.0,0,Gold,1,1,20,F,Nashville,Household,Unknown,2022,43.54666666666666,59.458333333333336,Active,2024-04,0
500680,7,0.0,0.0,0.0,0.0,0.0,0.0,0.0,0.0,0.0,0,0.0,0.0,0.0,0.0,0.0,0.0,0.0,0.0,0.0,0.0,0.0,0.0,0.0,0.0,0.0,0.0,0.0,0,7.0,6,0,0,55.0,0,Platinum,2,0,35,F,Columbus,Household,Unknown,2021,0.0,232.68833333333336,Lapsed,2024-04,1
500681,6,0.0,0.0,0.3333333333333333,-0.6666666666666666,0.0,7.763333333333333,-1.0,-0.14285714285714285,2.2360679774997894,0,0.16666666666666666,0.0,0.0,0.22,0.0,0.3333333333333333,-0.6666666666666666,-0.14285714285714285,0.0,0.0,0.0,0.0,0.0,0.0,0.0,0.0,0.0,0,7.0,6,0,0,32.0,0,Silver,0,1,30,F,Nashville,Beverages,Value,2021,3.8816666666666664,69.79555555555555,Lapsed,2024-04,1
500683,7,0.0,0.0,0.0,0.0,0.0,0.0,0.0,0.0,0.0,0,0.0,0.0,0.0,0.0,0.0,0.0,0.0,0.0,0.0,0.0,0.0,0.0,0.0,0.0,0.0,0.0,0.0,0,7.0,6,0,0,41.0,0,Gold,1,1,29,F,Austin,Frozen Foods,Mainstream,2021,0.0,78.65,Lapsed,2024-04,1
500684,1,3.0,6.666666666666667,4.333333333333333,0.5384615384615387,252.53333333333333,147.98999999999998,0.7064216050634053,0.42857142857142855,0.47964444144896845,3,1.0,37.879999999999995,3.3333333333333335,0.38999999999999996,3.3333333333333335,3.3333333333333335,0.0,0.22857142857142856,0.0,0.6666666666666666,-1.0,0.6666666666666666,0.0,0.0,0.0,0.0,0.0,0,7.0,6,0,0,61.0,0,Silver,0,0,12,F,Tulsa,Personal Care,Mainstream,2023,200.26166666666668,212.73363636363638,Active,2024-04,0
500685,1,4.0,3.6666666666666665,4.666666666666667,-0.21428571428571436,119.96666666666668,129.32666666666668,-0.07237486468374657,-0.42857142857142855,0.4558745807259038,3,1.0,32.718181818181826,1.3333333333333333,0.2616666666666667,2.0,1.3333333333333333,0.5000000000000001,0.5142857142857142,1.3333333333333333,0.3333333333333333,2.0,0.6666666666666666,1.0,0.0,0.0,0.0,0.0,0,7.0,6,0,0,58.0,0,Silver,0,0,12,F,Madison,Bakery,Mainstream,2023,124.64666666666669,129.59300000000002,Active,2024-04,0
500686,1,5.0,5.0,9.0,-0.4444444444444444,235.23666666666668,358.79499999999996,-0.344370276434547,-0.9729729729729728,0.3030101785544454,3,1.0,47.047333333333334,3.6666666666666665,0.31,2.3333333333333335,1.5,0.5555555555555557,0.33783783783783783,3.0,1.5,1.0,0.3333333333333333,0.0,0.0,0.0,0.0,0.0,0,7.0,6,0,1,56.0,0,Gold,1,1,22,F,Nashville,Frozen Foods,Mainstream,2022,284.65999999999997,281.6892307692308,Active,2024-04,0
500687,1,5.0,5.333333333333333,3.3333333333333335,0.5999999999999999,200.3033333333333,133.92333333333332,0.49565671901834385,0.7428571428571429,0.3950421464255919,3,1.0,37.556875,3.0,0.27999999999999997,3.0,1.0,2.0,0.8,2.0,1.0,1.0,2.0,0.6666666666666666,0.0,0.0,0.0,0.0,0,7.0,6,0,0,24.0,0,Platinum,2,1,37,M,Madison,Household,Value,2021,167.11333333333332,158.91071428571428,Active,2024-04,0
500688,1,6.0,6.0,6.0,0.0,250.48,250.48,0.0,0.0,0.0,1,1.0,41.74666666666666,3.0,0.28,1.0,1.0,0.0,0.0,1.0,1.0,0.0,1.0,1.0,1.0,0.0,1.0,0.0,0,1.0,1,1,0,18.0,0,Gold,1,1,2,Unknown,Madison,Snacks,Value,2024,250.48,250.48,Active,2024-04,0
500689,7,0.0,0.0,0.0,0.0,0.0,0.0,0.0,0.0,0.0,0,0.0,0.0,0.0,0.0,0.0,0.0,0.0,0.0,0.0,0.0,0.0,0.0,0.0,0.0,0.0,0.0,0.0,0,7.0,6,0,0,57.0,0,Gold,1,0,19,M,Denver,Household,Unknown,2022,0.0,119.30000000000001,Lapsed,2024-04,1
500690,6,0.0,0.0,0.6666666666666666,-1.0,0.0,25.433333333333334,-1.0,-0.2857142857142857,2.2360679774997894,0,0.16666666666666666,0.0,0.0,0.58,0.0,1.3333333333333333,-1.0,-0.34285714285714286,0.0,0.3333333333333333,-0.6666666666666666,0.0,0.0,0.0,0.0,0.0,0.0,0,7.0,6,0,0,31.0,0,Silver,0,1,9,F,Denver,Household,Upscale,2023,12.716666666666667,134.10999999999999,Lapsed,2024-04,1
500691,1,3.0,6.333333333333333,7.666666666666667,-0.17391304347826095,203.50666666666666,219.51999999999998,-0.07294703595723999,-0.34285714285714286,0.4446576558109395,3,1.0,32.13263157894737,4.333333333333333,0.26833333333333337,2.3333333333333335,2.0,0.16666666666666674,0.3142857142857143,1.3333333333333333,1.6666666666666667,-0.20000000000000007,0.0,1.0,0.0,0.0,0.0,0.0,0,7.0,6,0,0,21.0,0,Gold,1,1,35,M,Spokane,Produce,Mainstream,2021,211.51333333333332,175.85399999999998,Active,2024-04,0
500692,4,0.0,0.0,4.666666666666667,-1.0,0.0,136.55666666666664,-1.0,-1.4285714285714286,1.1932823925250544,0,0.5,0.0,0.0,0.13666666666666666,1.0,1.3333333333333333,-0.24999999999999994,-0.2,0.3333333333333333,1.0,-0.6666666666666667,0.0,0.6666666666666666,1.0,1.0,2.0,1.0,1,2.0,6,0,0,47.0,0,Silver,0,0,17,M,Raleigh,Frozen Foods,Value,2022,68.27833333333332,166.32500000000002,Lapsed,2024-04,1
500693,1,3.0,3.3333333333333335,4.0,-0.16666666666666663,101.91333333333334,113.23,-0.09994406664900346,-0.11428571428571427,0.3288800289314701,3,1.0,30.574,2.0,0.3933333333333333,1.6666666666666667,1.6666666666666667,0.0,0.17142857142857143,1.3333333333333333,0.6666666666666666,1.0,1.6666666666666667,0.6666666666666666,1.0,1.0,2.0,2.0,1,1.0,6,0,0,71.0,0,Silver,0,1,32,F,Nashville,Frozen Foods,Value,2021,107.57166666666667,109.38307692307693,Active,2024-04,0
500694,7,0.0,0.0,0.0,0.0,0.0,0.0,0.0,0.0,0.0,0,0.0,0.0,0.0,0.0,0.0,0.0,0.0,0.0,0.0,0.0,0.0,0.0,0.0,0.0,0.0,0.0,0.0,0,7.0,6,0,0,58.0,0,Silver,0,0,33,M,Portland,Snacks,Value,2021,0.0,86.71571428571428,Lapsed,2024-04,1
500695,1,5.0,7.0,7.0,0.0,135.565,135.565,0.0,0.0,0.21469405820086304,2,1.0,19.36642857142857,4.5,0.095,1.0,1.0,0.0,0.0,2.0,2.0,0.0,0.5,0.5,0.0,0.0,0.0,0.0,0,7.0,2,1,0,35.0,0,Gold,1,1,3,M,Columbus,Frozen Foods,Value,2024,135.565,135.565,Active,2024-04,0
500696,1,4.0,4.333333333333333,5.0,-0.1333333333333334,160.76000000000002,189.79333333333332,-0.15297340967368,-0.22857142857142856,0.21698908280442972,3,1.0,37.09846153846154,4.333333333333333,0.3833333333333333,2.3333333333333335,2.0,0.16666666666666674,0.14285714285714285,2.0,2.0,0.0,0.3333333333333333,0.0,0.0,0.0,0.0,0.0,0,7.0,6,0,0,40.0,0,Platinum,2,1,29,M,Columbus,Beverages,Mainstream,2021,175.27666666666667,226.69,Active,2024-04,0
500697,1,5.0,5.666666666666667,4.0,0.41666666666666674,208.79999999999998,136.53666666666666,0.5292595395620223,0.20000000000000004,0.26658549506650964,3,1.0,36.84705882352941,2.6666666666666665,0.37166666666666665,2.0,2.6666666666666665,-0.24999999999999994,-0.45714285714285713,0.3333333333333333,0.0,0.6666666666666666,1.0,0.3333333333333333,0.0,0.0,0.0,0.0,0,7.0,6,0,0,57.0,0,Gold,1,0,30,M,Tulsa,Dairy,Value,2021,172.66833333333332,173.28733333333332,Active,2024-04,0
500698,1,13.0,6.333333333333333,7.333333333333333,-0.13636363636363638,217.35666666666665,278.3,-0.21898430949814357,0.37142857142857144,0.5026880472395356,3,1.0,34.31947368421053,3.0,0.23999999999999996,1.6666666666666667,2.0,-0.16666666666666663,-0.14285714285714285,1.0,1.6666666666666667,-0.4,0.0,0.0,0.0,0.0,0.0,0.0,0,7.0,6,0,0,43.0,0,Silver,0,1,31,F,Madison,Household,Mainstream,2021,247.82833333333338,219.142,Active,2024-04,0
500699,2,0.0,2.0,4.0,-0.5,55.25,122.48666666666668,-0.5489304958362815,-0.8,0.9501465732047402,2,0.8333333333333334,27.625,2.3333333333333335,0.25399999999999995,0.0,1.0,-1.0,-0.37142857142857144,0.0,0.6666666666666666,-1.0,0.0,0.6666666666666666,1.0,0.0,1.0,1.0,1,3.0,6,0,0,49.0,0,Gold,1,0,37,F,Portland,Bakery,Mainstream,2021,88.86833333333334,158.42785714285714,Active,2024-04,1
500700,4,0.0,0.0,6.0,-1.0,0.0,174.97666666666666,-1.0,-2.057142857142857,1.314288153630932,0,0.5,0.0,0.0,0.10999999999999999,1.0,4.666666666666667,-0.7857142857142857,-1.3428571428571427,0.0,0.6666666666666666,-1.0,0.0,0.6666666666666666,0.0,1.0,1.0,0.0,0,5.0,6,0,0,65.0,0,Silver,0,1,29,M,Columbus,Produce,Mainstream,2021,87.48833333333333,240.23583333333332,Lapsed,2024-04,1
500702,6,0.0,0.0,0.6666666666666666,-1.0,0.0,23.17,-1.0,-0.2857142857142857,2.2360679774997894,0,0.16666666666666666,0.0,0.0,0.55,0.0,0.6666666666666666,-1.0,-0.22857142857142856,0.0,0.3333333333333333,-0.6666666666666666,0.0,0.0,0.0,2.0,2.0,0.0,0,5.0,6,0,0,19.0,0,Silver,0,1,27,F,Boise,Personal Care,Value,2022,11.585,172.706,Lapsed,2024-04,1
500703,1,3.0,2.6666666666666665,3.0,-0.11111111111111116,51.913333333333334,55.54,-0.06529828351938541,0.2571428571428571,0.6487898263503264,2,0.75,19.4675,2.0,0.24666666666666667,1.3333333333333333,0.0,2.6666666666666665,0.45714285714285713,0.0,1.0,-1.0,0.6666666666666666,1.0,0.0,0.0,0.0,0.0,0,7.0,6,0,2,68.0,0,Silver,0,0,11,F,Boise,Personal Care,Value,2023,52.82,45.24714285714286,Active,2024-04,0
500704,1,9.0,7.666666666666667,10.666666666666666,-0.28124999999999994,243.43333333333337,305.52,-0.20321637426900568,-0.3714285714285714,0.4103771214448638,3,1.0,31.75217391304348,4.333333333333333,0.3066666666666667,4.0,3.0,0.3333333333333333,0.6,2.6666666666666665,2.0,0.33333333333333326,0.0,0.3333333333333333,1.0,0.0,1.0,0.0,0,2.0,6,0,0,33.0,0,Silver,0,1,32,F,Madison,Snacks,Value,2021,274.47666666666663,316.7135714285714,Active,2024-04,0
500705,1,3.0,3.3333333333333335,2.6666666666666665,0.2500000000000001,95.51666666666667,73.81666666666666,0.2939715511402123,-0.17142857142857143,0.5360631800706573,3,1.0,28.654999999999998,3.0,0.315,1.3333333333333333,0.6666666666666666,1.0,0.05714285714285714,1.0,1.0,0.0,0.6666666666666666,0.0,1.0,0.0,1.0,0.0,0,2.0,6,0,0,64.0,0,Silver,0,1,26,M,Raleigh,Dairy,Value,2022,84.66666666666667,86.15785714285714,Active,2024-04,0
500706,1,3.0,6.333333333333333,7.0,-0.09523809523809527,240.54,240.945,-0.0016808815289796474,-0.3372093023255812,0.33863457045687634,3,1.0,37.980000000000004,2.6666666666666665,0.32799999999999996,2.3333333333333335,3.5,-0.3333333333333333,-0.48837209302325574,2.6666666666666665,1.0,1.6666666666666665,1.0,2.5,0.0,0.0,0.0,0.0,0,7.0,6,0,1,34.0,0,Silver,0,1,26,F,Spokane,Personal Care,Mainstream,2022,240.702,195.48428571428573,Active,2024-04,0
500707,3,0.0,0.6666666666666666,1.3333333333333333,-0.5,14.753333333333332,31.156666666666666,-0.5264790841981385,-0.22857142857142856,0.8159399261710035,1,0.6666666666666666,22.13,0.3333333333333333,0.3,0.0,0.3333333333333333,-0.6666666666666666,-0.14285714285714285,4.0,1.6666666666666667,1.3999999999999997,0.0,0.6666666666666666,1.0,0.0,1.0,1.0,1,1.0,6,0,0,66.0,0,Silver,0,1,37,Other,Raleigh,Household,Unknown,2021,22.955,37.731,Active,2024-04,0
500708,1,6.0,3.3333333333333335,4.0,-0.16666666666666663,69.92666666666666,69.12333333333333,0.011621738920769554,-0.11428571428571428,0.5441678164334324,2,0.8333333333333334,20.977999999999998,1.6666666666666667,0.14400000000000002,0.3333333333333333,0.3333333333333333,0.0,-0.11428571428571428,1.0,1.6666666666666667,-0.4,0.0,1.0,1.0,0.0,1.0,1.0,1,3.0,6,0,0,74.0,0,Silver,0,1,28,M,Austin,Bakery,Unknown,2021,69.525,81.75,Active,2024-04,0
500709,1,4.0,4.333333333333333,3.6666666666666665,0.1818181818181818,141.29000000000002,109.63999999999999,0.28867201751185734,0.17142857142857143,0.3207878817822093,3,1.0,32.60538461538462,3.6666666666666665,0.32,4.0,1.6666666666666667,1.3999999999999997,0.37142857142857144,1.3333333333333333,3.0,-0.5555555555555556,0.3333333333333333,1.6666666666666667,1.0,0.0,1.0,0.0,0,2.0,6,0,0,70.0,0,Gold,1,1,12,M,Raleigh,Bakery,Value,2023,125.46499999999999,151.13,Active,2024-04,0
500710,1,3.0,5.0,7.333333333333333,-0.3181818181818182,195.87666666666667,293.8,-0.3332992965736329,-1.2857142857142858,0.4812029700983379,3,1.0,39.175333333333334,3.6666666666666665,0.42166666666666663,1.6666666666666667,2.0,-0.16666666666666663,-0.3714285714285715,1.6666666666666667,1.0,0.6666666666666667,0.0,0.3333333333333333,1.0,0.0,1.0,0.0,0,2.0,6,0,0,30.0,0,Platinum,2,1,11,M,Austin,Snacks,Mainstream,2023,244.83833333333328,271.4777777777778,Active,2024-04,0
500711,1,2.0,2.6666666666666665,5.333333333333333,-0.5,112.87333333333333,202.40333333333334,-0.44233461240756905,-0.8571428571428571,0.3546307598334764,3,1.0,42.3275,1.6666666666666667,0.2833333333333333,2.0,2.0,0.0,0.0,0.0,0.6666666666666666,-1.0,0.6666666666666666,1.0,0.0,0.0,0.0,0.0,0,7.0,6,0,0,47.0,0,Gold,1,0,12,M,Spokane,Produce,Value,2023,157.63833333333335,141.51600000000002,Active,2024-04,0
500712,1,8.0,6.333333333333333,8.5,-0.25490196078431376,165.75333333333336,208.76,-0.20601009133294995,-0.3,0.29172677115829543,3,1.0,26.171578947368427,4.666666666666667,0.24,2.3333333333333335,6.5,-0.641025641025641,-1.6,1.6666666666666667,2.5,-0.3333333333333333,1.0,0.0,0.0,1.0,1.0,1.0,0,5.0,5,0,0,20.0,0,Silver,0,1,6,M,Denver,Beverages,Value,2023,182.956,182.956,Active,2024-04,0
500713,1,1.0,3.5,3.5,0.0,124.16499999999999,124.16499999999999,0.0,0.0,0.7232714533080981,2,1.0,35.47571428571428,3.0,0.325,1.0,1.0,0.0,0.0,0.0,0.0,0.0,0.5,0.5,0.0,0.0,0.0,0.0,0,7.0,2,1,0,33.0,0,Silver,0,0,3,F,Tulsa,Frozen Foods,Mainstream,2024,124.16499999999999,124.16499999999999,Active,2024-04,0
500714,1,9.0,7.666666666666667,6.333333333333333,0.21052631578947378,186.86666666666665,148.00666666666666,0.26255574073239935,0.17142857142857143,0.3111465670732545,3,1.0,24.373913043478257,2.0,0.2783333333333333,5.0,2.6666666666666665,0.8750000000000001,0.5428571428571428,0.0,0.3333333333333333,-0.6666666666666666,0.0,0.3333333333333333,0.0,1.0,1.0,0.0,0,6.0,6,0,0,41.0,0,Silver,0,0,29,M,Portland,Personal Care,Upscale,2021,167.43666666666664,173.16428571428574,Active,2024-04,0
500715,7,0.0,0.0,0.0,0.0,0.0,0.0,0.0,0.0,0.0,0,0.0,0.0,0.0,0.0,0.0,0.0,0.0,0.0,0.0,0.0,0.0,0.0,0.0,0.0,0.0,0.0,0.0,0,7.0,6,0,0,20.0,0,Gold,1,0,30,F,Austin,Bakery,Mainstream,2021,0.0,93.93333333333334,Lapsed,2024-04,1
500716,1,2.0,3.0,3.0,0.0,70.66666666666667,64.305,0.09892958038514367,0.1,0.651905327856016,3,0.8,23.555555555555557,1.3333333333333333,0.3375,0.0,0.0,0.0,0.0,2.3333333333333335,0.5,3.0,0.3333333333333333,0.0,2.0,0.0,2.0,1.0,1,1.0,5,0,0,55.0,0,Silver,0,1,6,M,Spokane,Beverages,Value,2023,68.122,85.1525,Active,2024-04,0
500717,1,4.0,5.0,5.0,0.0,176.45000000000002,160.79333333333332,0.09737136697209686,-0.22857142857142856,0.40714077791570613,3,1.0,35.290000000000006,2.3333333333333335,0.33,3.3333333333333335,1.0,2.3333333333333335,0.9428571428571428,0.0,0.0,0.0,0.3333333333333333,0.6666666666666666,0.0,1.0,1.0,0.0,0,6.0,6,0,0,28.0,0,Silver,0,0,15,F,Raleigh,Snacks,Mainstream,2023,168.62166666666667,172.58357142857145,Active,2024-04,0
500719,7,0.0,0.0,0.0,0.0,0.0,0.0,0.0,0.0,0.0,0,0.0,0.0,0.0,0.0,0.0,0.0,0.0,0.0,0.0,0.0,0.0,0.0,0.0,0.0,0.0,0.0,0.0,0,7.0,6,0,0,55.0,0,Silver,0,0,32,Unknown,Boise,Beverages,Upscale,2021,0.0,32.31,Lapsed,2024-04,1
500720,7,0.0,0.0,0.0,0.0,0.0,0.0,0.0,0.0,0.0,0,0.0,0.0,0.0,0.0,0.0,0.0,0.0,0.0,0.0,0.0,0.0,0.0,0.0,0.0,0.0,0.0,0.0,0,7.0,6,0,0,65.0,0,Gold,1,1,22,M,Austin,Frozen Foods,Value,2022,0.0,75.64428571428572,Lapsed,2024-04,1
500721,1,5.0,5.666666666666667,5.0,0.1333333333333334,153.05666666666664,145.87666666666667,0.049219660443753706,0.11428571428571425,0.2761675328136255,3,1.0,27.009999999999994,1.6666666666666667,0.315,1.6666666666666667,1.3333333333333333,0.2500000000000001,0.2571428571428571,2.0,1.3333333333333333,0.5000000000000001,0.0,1.0,0.0,1.0,1.0,1.0,0,6.0,6,0,0,74.0,0,Gold,1,1,37,M,Spokane,Personal Care,Mainstream,2021,149.46666666666667,145.54615384615383,Active,2024-04,0
500722,2,0.0,1.3333333333333333,2.6666666666666665,-0.5,54.163333333333334,90.80000000000001,-0.40348751835535984,-0.2857142857142857,1.0221016175065214,1,0.6666666666666666,40.6225,0.6666666666666666,0.21750000000000003,0.3333333333333333,1.0,-0.6666666666666667,-0.05714285714285714,0.3333333333333333,2.0,-0.8333333333333334,0.0,1.3333333333333333,1.0,2.0,3.0,0.0,0,2.0,6,0,0,29.0,0,Silver,0,1,12,M,Austin,Dairy,Mainstream,2023,72.48166666666667,97.47111111111111,Active,2024-04,1
500723,7,0.0,0.0,0.0,0.0,0.0,0.0,0.0,0.0,0.0,0,0.0,0.0,0.0,0.0,0.0,0.0,0.0,0.0,0.0,0.0,0.0,0.0,0.0,0.0,0.0,0.0,0.0,0,7.0,6,0,0,62.0,0,Platinum,2,0,32,M,Denver,Frozen Foods,Mainstream,2021,0.0,128.21,Lapsed,2024-04,1
500724,5,0.0,0.0,1.0,-1.0,0.0,43.71333333333333,-1.0,-0.37142857142857144,1.5072814869779145,0,0.3333333333333333,0.0,0.0,0.395,0.0,0.0,0.0,0.0,0.0,0.0,0.0,0.0,0.3333333333333333,0.0,1.0,1.0,1.0,0,6.0,6,0,0,58.0,0,Silver,0,1,35,F,Boise,Snacks,Value,2021,21.856666666666666,130.505,Lapsed,2024-04,1
500725,7,0.0,0.0,0.0,0.0,0.0,0.0,0.0,0.0,0.0,0,0.0,0.0,0.0,0.0,0.0,0.0,0.0,0.0,0.0,0.0,0.0,0.0,0.0,0.0,0.0,0.0,0.0,0,7.0,6,0,0,64.0,0,Silver,0,0,22,M,Denver,Dairy,Value,2022,0.0,66.29,Lapsed,2024-04,1
500726,1,6.0,5.333333333333333,5.0,0.06666666666666661,102.42666666666666,103.26,-0.008070243398540991,0.1,0.10712110584107735,3,1.0,19.205000000000002,3.0,0.3025,1.3333333333333333,4.0,-0.6666666666666667,-0.8,0.6666666666666666,0.0,1.3333333333333333,0.3333333333333333,0.0,1.0,0.0,1.0,0.0,0,2.0,4,0,0,27.0,0,Silver,0,0,5,F,Tulsa,Frozen Foods,Mainstream,2023,102.63499999999999,102.635,Active,2024-04,0
500727,6,0.0,0.0,0.3333333333333333,-0.6666666666666666,0.0,12.086666666666666,-1.0,-0.14285714285714285,2.23606797749979,0,0.16666666666666666,0.0,0.0,0.18,0.0,0.0,0.0,0.0,0.0,0.0,0.0,0.0,0.0,0.0,0.0,0.0,0.0,0,7.0,6,0,0,45.0,0,Platinum,2,1,11,F,Boise,Dairy,Mainstream,2023,6.043333333333333,194.292,Lapsed,2024-04,1
500728,1,5.0,8.333333333333334,3.6666666666666665,1.2727272727272732,213.67,86.89999999999999,1.4588032220943614,1.0285714285714285,0.578486744897174,3,1.0,25.640399999999996,3.3333333333333335,0.2933333333333334,2.0,2.0,0.0,-0.11428571428571428,0.0,1.0,-1.0,0.3333333333333333,1.0,0.0,1.0,1.0,0.0,0,4.0,6,0,0,68.0,0,Silver,0,0,19,M,Denver,Snacks,Upscale,2022,150.285,153.86785714285716,Active,2024-04,0
500729,1,5.0,4.333333333333333,6.0,-0.27777777777777785,152.78,188.16,-0.188031462585034,-0.14285714285714285,0.40123556456776355,3,1.0,35.25692307692308,3.6666666666666665,0.21166666666666667,3.3333333333333335,3.3333333333333335,0.0,0.05714285714285714,1.6666666666666667,2.3333333333333335,-0.28571428571428575,0.3333333333333333,1.0,0.0,0.0,0.0,0.0,0,7.0,6,0,0,50.0,0,Gold,1,1,10,M,Austin,Frozen Foods,Value,2023,170.47,185.86555555555555,Active,2024-04,0
500730,1,6.0,7.0,7.0,0.0,342.205,342.205,0.0,0.0,0.2116713665785129,2,1.0,48.88642857142857,2.0,0.28500000000000003,4.5,4.5,0.0,0.0,0.5,0.5,0.0,0.5,0.5,1.0,0.0,1.0,0.0,0,1.0,2,1,0,29.0,0,Platinum,2,1,3,M,Raleigh,Beverages,Value,2024,342.205,342.205,Active,2024-04,0
500731,1,4.0,4.0,4.5,-0.1111111111111111,140.08,173.575,-0.19297133803831185,-0.3076923076923077,0.32063375760902424,1,1.0,35.02,4.0,0.20666666666666667,1.0,1.0,0.0,0.0,2.0,1.5,0.3333333333333333,1.0,0.5,0.0,0.0,0.0,0.0,0,7.0,5,0,2,18.0,0,Silver,0,1,6,F,Nashville,Dairy,Mainstream,2023,162.41,162.41,Active,2024-04,0
500732,1,5.0,4.333333333333333,5.0,-0.1333333333333334,113.87,135.43333333333334,-0.1592173270982033,-0.22857142857142856,0.18276983496239557,3,1.0,26.27769230769231,3.0,0.23500000000000001,3.0,4.0,-0.25,-0.08571428571428572,0.6666666666666666,1.0,-0.33333333333333337,0.3333333333333333,0.3333333333333333,0.0,1.0,1.0,0.0,0,4.0,6,0,0,59.0,0,Gold,1,0,37,M,Austin,Beverages,Value,2021,124.65166666666669,123.15733333333333,Active,2024-04,0
500733,1,8.0,7.0,4.666666666666667,0.4999999999999999,283.24333333333334,188.74,0.5007064391932464,0.6571428571428571,0.23019939233308556,3,1.0,40.46333333333333,3.0,0.20666666666666667,2.0,2.3333333333333335,-0.1428571428571429,-0.02857142857142857,1.0,0.0,2.0,0.3333333333333333,0.6666666666666666,0.0,0.0,0.0,0.0,0,7.0,6,0,0,21.0,0,Gold,1,1,14,M,Tulsa,Snacks,Value,2023,235.99166666666667,232.66538461538462,Active,2024-04,0
500734,3,0.0,0.3333333333333333,2.3333333333333335,-0.8571428571428571,6.253333333333334,52.373333333333335,-0.8806008146639512,-0.5142857142857142,0.8664950437319953,1,0.6666666666666666,18.76,0.3333333333333333,0.2575,0.6666666666666666,2.3333333333333335,-0.7142857142857144,-0.4857142857142857,0.0,1.3333333333333333,-1.0,0.0,0.3333333333333333,1.0,0.0,1.0,1.0,1,3.0,6,0,0,65.0,0,Silver,0,1,22,M,Columbus,Frozen Foods,Value,2022,29.313333333333333,84.87583333333333,Active,2024-04,1
500735,2,0.0,4.666666666666667,9.0,-0.48148148148148145,140.6966666666667,281.075,-0.49943372172314615,-1.6976744186046508,0.5859007899563634,2,0.8,30.149285714285718,2.3333333333333335,0.305,4.0,3.5,0.14285714285714285,0.09302325581395347,2.3333333333333335,2.0,0.16666666666666674,0.3333333333333333,0.5,0.0,0.0,0.0,0.0,0,7.0,6,0,1,55.0,0,Silver,0,1,16,F,Raleigh,Dairy,Mainstream,2022,196.848,159.81272727272727,Active,2024-04,0
500736,1,3.0,1.6666666666666667,2.0,-0.16666666666666663,62.910000000000004,83.56666666666666,-0.2471878739529317,0.2571428571428571,0.7345824495848203,2,0.6666666666666666,37.746,1.0,0.39,2.0,1.3333333333333333,0.5000000000000001,0.3428571428571428,2.0,0.3333333333333333,3.0,0.0,1.0,0.0,0.0,0.0,0.0,0,7.0,6,0,0,32.0,0,Platinum,2,1,30,M,Austin,Household,Value,2021,73.23833333333333,85.88384615384615,Active,2024-04,0
500737,1,4.0,3.5,3.5,0.0,81.16,81.16,0.0,0.0,0.0526121241991129,2,1.0,23.18857142857143,1.0,0.285,0.0,0.0,0.0,0.0,3.5,3.5,0.0,1.5,1.5,1.0,0.0,1.0,0.0,0,1.0,2,1,0,30.0,0,Silver,0,1,3,F,Raleigh,Household,Mainstream,2024,81.16,81.16,Active,2024-04,0
500738,1,2.0,1.6666666666666667,1.3333333333333333,0.2500000000000001,48.03666666666666,38.629999999999995,0.24350677366468204,0.08571428571428572,0.35568882251420053,3,1.0,28.821999999999996,3.0,0.3283333333333333,1.0,0.6666666666666666,0.5000000000000001,-0.02857142857142857,0.6666666666666666,1.3333333333333333,-0.5,0.0,0.6666666666666666,1.0,0.0,1.0,0.0,0,2.0,6,0,0,23.0,0,Silver,0,1,10,M,Spokane,Personal Care,Upscale,2023,43.333333333333336,47.93875,Active,2024-04,1
500739,7,0.0,0.0,0.0,0.0,0.0,0.0,0.0,0.0,0.0,0,0.0,0.0,0.0,0.0,0.0,0.0,0.0,0.0,0.0,0.0,0.0,0.0,0.0,0.0,0.0,0.0,0.0,0,7.0,6,0,0,37.0,0,Silver,0,1,22,M,Austin,Snacks,Value,2022,0.0,55.27,Lapsed,2024-04,1
500740,1,5.0,3.6666666666666665,4.333333333333333,-0.15384615384615383,105.46,131.15,-0.19588257720167754,0.05714285714285714,0.27966856720421923,3,1.0,28.76181818181818,1.0,0.245,2.6666666666666665,2.0,0.33333333333333326,-0.05714285714285714,1.0,1.0,0.0,0.0,0.0,0.0,0.0,0.0,0.0,0,7.0,6,0,0,51.0,0,Silver,0,1,30,M,Nashville,Produce,Mainstream,2021,118.30499999999999,108.11333333333333,Active,2024-04,0
500741,1,1.0,2.3333333333333335,3.0,-0.22222222222222218,115.05,123.92333333333333,-0.07160341071092344,-0.22857142857142856,0.3727611959400225,3,1.0,49.30714285714285,1.3333333333333333,0.3016666666666667,1.6666666666666667,1.3333333333333333,0.2500000000000001,0.02857142857142857,2.0,1.0,1.0,0.3333333333333333,0.6666666666666666,1.0,2.0,3.0,2.0,0,3.0,6,0,0,35.0,0,Gold,1,1,17,M,Austin,Snacks,Upscale,2022,119.48666666666664,161.97571428571428,Active,2024-04,0
500742,1,8.0,7.5,5.0,0.5,226.24,135.85666666666665,0.6652844910076798,0.5813953488372093,0.29109354333728843,2,1.0,30.165333333333333,4.0,0.21000000000000002,2.0,2.0,0.0,0.0,1.0,0.6666666666666666,0.5000000000000001,0.0,0.3333333333333333,1.0,2.0,3.0,1.0,0,2.0,6,0,1,46.0,0,Silver,0,1,27,Other,Tulsa,Snacks,Value,2022,172.01000000000002,176.6757142857143,Active,2024-04,0
500743,1,7.0,4.0,4.666666666666667,-0.1428571428571429,166.26666666666668,193.49666666666667,-0.1407259384313252,0.22857142857142856,0.40089314904669826,3,1.0,41.56666666666667,2.6666666666666665,0.16666666666666666,1.3333333333333333,2.0,-0.33333333333333337,-0.39999999999999997,0.3333333333333333,0.3333333333333333,0.0,0.3333333333333333,0.3333333333333333,1.0,1.0,2.0,0.0,0,1.0,6,0,0,53.0,0,Platinum,2,0,30,Other,Portland,Household,Mainstream,2021,179.88166666666666,197.4935714285714,Active,2024-04,0
500744,1,4.0,5.333333333333333,5.333333333333333,0.0,266.43,234.73666666666668,0.13501654336064522,-0.34285714285714286,0.35282062446874224,3,1.0,49.955625000000005,4.0,0.26499999999999996,2.0,2.3333333333333335,-0.1428571428571429,-0.08571428571428572,0.6666666666666666,2.0,-0.6666666666666667,0.3333333333333333,1.0,1.0,0.0,1.0,0.0,0,1.0,6,0,0,45.0,0,Platinum,2,1,24,F,Columbus,Household,Value,2022,250.58333333333334,238.458,Active,2024-04,0
500745,1,6.0,6.666666666666667,8.333333333333334,-0.2,251.24333333333334,337.03000000000003,-0.25453718264447284,-0.2,0.24447352216227622,3,1.0,37.6865,3.3333333333333335,0.2916666666666667,3.3333333333333335,4.333333333333333,-0.23076923076923067,-0.3142857142857143,0.3333333333333333,0.3333333333333333,0.0,1.0,0.0,1.0,0.0,1.0,0.0,0,3.0,6,0,0,32.0,0,Gold,1,0,31,F,Columbus,Dairy,Mainstream,2021,294.1366666666667,285.59066666666666,Active,2024-04,0
500746,1,3.0,3.3333333333333335,4.0,-0.16666666666666663,107.44666666666667,137.97333333333333,-0.2212504831851565,-0.17142857142857143,0.20165262867968695,3,1.0,32.234,1.6666666666666667,0.32333333333333336,1.3333333333333333,0.6666666666666666,1.0,0.34285714285714286,1.6666666666666667,2.6666666666666665,-0.37499999999999994,0.6666666666666666,1.0,1.0,1.0,2.0,1.0,1,1.0,6,0,0,62.0,0,Gold,1,1,36,M,Portland,Bakery,Value,2021,122.71000000000002,135.42357142857142,Active,2024-04,0
500747,1,3.0,4.0,4.666666666666667,-0.1428571428571429,167.14666666666665,198.6,-0.15837529372272582,-0.22857142857142854,0.33017893624655187,3,1.0,41.78666666666666,1.6666666666666667,0.22,3.3333333333333335,2.0,0.6666666666666667,0.0,0.6666666666666666,0.6666666666666666,0.0,0.3333333333333333,0.3333333333333333,0.0,0.0,0.0,0.0,0,7.0,6,0,0,58.0,0,Gold,1,0,8,Other,Denver,Household,Mainstream,2023,182.87333333333333,166.45428571428573,Active,2024-04,0
500748,1,6.0,6.666666666666667,6.0,0.11111111111111116,203.69000000000003,162.52,0.2533226679793257,0.22093023255813948,0.16850620978378208,3,1.0,30.553500000000003,4.333333333333333,0.254,1.0,2.5,-0.6,-0.33720930232558133,1.0,0.5,1.0,1.0,1.5,1.0,0.0,1.0,0.0,0,3.0,6,0,1,46.0,1,Silver,0,1,16,M,Tulsa,Personal Care,Mainstream,2022,187.22200000000004,162.3857142857143,Active,2024-04,0
500749,1,3.0,3.3333333333333335,4.666666666666667,-0.28571428571428575,80.67999999999999,111.74666666666667,-0.27800978403531806,-0.22857142857142856,0.36937196576334824,3,1.0,24.203999999999997,0.6666666666666666,0.22166666666666668,1.0,0.3333333333333333,1.3333333333333335,0.22857142857142856,0.0,0.0,0.0,0.6666666666666666,0.3333333333333333,0.0,0.0,0.0,0.0,0,7.0,6,0,0,28.0,0,Gold,1,0,8,F,Columbus,Dairy,Value,2023,96.21333333333332,100.92428571428572,Active,2024-04,0
500750,7,0.0,0.0,0.0,0.0,0.0,0.0,0.0,0.0,0.0,0,0.0,0.0,0.0,0.0,0.0,0.0,0.0,0.0,0.0,0.0,0.0,0.0,0.0,0.0,0.0,0.0,0.0,0,7.0,6,0,0,46.0,1,Gold,1,0,15,F,Boise,Frozen Foods,Mainstream,2023,0.0,135.4275,Lapsed,2024-04,1
500752,7,0.0,0.0,0.0,0.0,0.0,0.0,0.0,0.0,0.0,0,0.0,0.0,0.0,0.0,0.0,0.0,0.0,0.0,0.0,0.0,0.0,0.0,0.0,0.0,0.0,0.0,0.0,0,7.0,6,0,0,45.0,0,Gold,1,1,26,M,Spokane,Personal Care,Unknown,2022,0.0,51.06,Lapsed,2024-04,1
500753,1,7.0,5.333333333333333,2.6666666666666665,1.0,85.05,41.88333333333333,1.0306406685236769,0.7428571428571429,0.7467771937388571,3,1.0,15.946875,3.6666666666666665,0.33666666666666667,2.3333333333333335,2.6666666666666665,-0.12499999999999989,-0.2571428571428571,0.0,0.3333333333333333,-0.6666666666666666,0.0,0.3333333333333333,1.0,0.0,1.0,1.0,1,2.0,6,0,0,25.0,0,Silver,0,0,8,M,Nashville,Beverages,Value,2023,63.46666666666667,61.54,Active,2024-04,0
500755,3,0.0,0.3333333333333333,2.0,-0.8333333333333334,12.683333333333332,74.62666666666667,-0.830042880114347,-0.4857142857142858,1.216202496068869,1,0.6666666666666666,38.05,0.3333333333333333,0.4175,0.0,0.3333333333333333,-0.6666666666666666,-0.14285714285714285,0.0,1.3333333333333333,-1.0,0.0,0.3333333333333333,0.0,1.0,1.0,1.0,0,5.0,6,0,0,20.0,0,Silver,0,0,27,F,Portland,Produce,Value,2022,43.655,66.23727272727272,Active,2024-04,1
500756,7,0.0,0.0,0.0,0.0,0.0,0.0,0.0,0.0,0.0,0,0.0,0.0,0.0,0.0,0.0,0.0,0.0,0.0,0.0,0.0,0.0,0.0,0.0,0.0,0.0,0.0,0.0,0,7.0,6,0,0,41.0,0,Silver,0,1,12,F,Columbus,Dairy,Value,2023,0.0,23.74,Lapsed,2024-04,1
500757,1,4.0,5.0,5.0,0.0,163.51666666666668,147.25,0.11046972269383144,-0.45714285714285713,0.33824533658165007,3,1.0,32.70333333333333,3.3333333333333335,0.375,2.6666666666666665,4.333333333333333,-0.3846153846153846,-0.42857142857142855,0.3333333333333333,1.0,-0.6666666666666667,1.0,0.3333333333333333,1.0,0.0,1.0,0.0,0,2.0,6,0,0,57.0,0,Gold,1,0,17,F,Madison,Produce,Unknown,2022,155.38333333333335,138.54933333333332,Active,2024-04,0
500758,1,1.0,2.5,3.6666666666666665,-0.3181818181818182,103.5,152.03333333333333,-0.31922823942117956,-0.3139534883720931,0.47019685088607116,2,1.0,41.4,2.0,0.32199999999999995,0.5,1.6666666666666667,-0.7000000000000001,-0.19767441860465115,1.5,1.6666666666666667,-0.10000000000000003,0.5,0.3333333333333333,0.0,1.0,1.0,1.0,0,4.0,6,0,1,27.0,0,Gold,1,1,25,F,Nashville,Produce,Mainstream,2022,132.62,137.55142857142857,Active,2024-04,0
500759,7,0.0,0.0,0.0,0.0,0.0,0.0,0.0,0.0,0.0,0,0.0,0.0,0.0,0.0,0.0,0.0,0.0,0.0,0.0,0.0,0.0,0.0,0.0,0.0,0.0,0.0,0.0,0,7.0,6,0,0,25.0,0,Silver,0,0,15,M,Madison,Personal Care,Mainstream,2023,0.0,140.33200000000002,Lapsed,2024-04,1
500760,2,0.0,1.3333333333333333,3.0,-0.5555555555555556,35.57666666666666,88.45666666666666,-0.5978068357387799,-0.3142857142857143,0.9170087001903312,2,0.6666666666666666,26.682499999999997,1.6666666666666667,0.2975,0.3333333333333333,1.0,-0.6666666666666667,-0.2857142857142857,1.0,1.3333333333333333,-0.24999999999999994,0.0,0.3333333333333333,1.0,1.0,2.0,1.0,0,3.0,6,0,0,34.0,0,Gold,1,1,7,F,Portland,Frozen Foods,Mainstream,2023,62.01666666666667,80.562,Active,2024-04,1
500762,6,0.0,0.0,0.6666666666666666,-1.0,0.0,14.04,-1.0,-0.2857142857142857,2.2360679774997894,0,0.16666666666666666,0.0,0.0,0.48,0.0,1.0,-1.0,-0.2571428571428571,0.0,0.0,0.0,0.0,0.3333333333333333,0.0,1.0,1.0,0.0,0,5.0,6,0,0,33.0,0,Gold,1,1,21,F,Madison,Snacks,Value,2022,7.02,134.28666666666666,Lapsed,2024-04,1
500763,2,0.0,1.3333333333333333,4.666666666666667,-0.7142857142857144,44.656666666666666,152.45666666666668,-0.70708616656099,-1.4285714285714286,0.9912880662729175,2,0.8333333333333334,33.4925,0.0,0.368,1.0,3.0,-0.6666666666666666,-0.6857142857142857,0.6666666666666666,2.0,-0.6666666666666667,0.0,0.6666666666666666,1.0,0.0,1.0,0.0,0,3.0,6,0,0,71.0,0,Gold,1,1,20,M,Austin,Beverages,Value,2022,98.55666666666666,128.85461538461539,Active,2024-04,1
500764,1,8.0,6.666666666666667,5.333333333333333,0.2500000000000001,247.0566666666667,187.54,0.31735451992463853,0.11428571428571428,0.3692591885543507,3,1.0,37.0585,2.3333333333333335,0.3283333333333333,2.3333333333333335,1.3333333333333333,0.7500000000000002,0.4285714285714286,1.3333333333333333,1.3333333333333333,0.0,0.6666666666666666,0.0,0.0,0.0,0.0,0.0,0,7.0,6,0,0,32.0,0,Silver,0,1,29,F,Portland,Frozen Foods,Mainstream,2021,217.29833333333332,236.5207142857143,Active,2024-04,0
500765,1,9.0,6.666666666666667,6.666666666666667,0.0,153.4433333333333,153.4433333333333,0.0,1.0,0.29909098414150914,3,1.0,23.016499999999994,2.6666666666666665,0.25666666666666665,3.6666666666666665,3.6666666666666665,0.0,1.0,0.0,0.0,0.0,1.0,1.0,1.0,0.0,1.0,0.0,0,3.0,3,1,0,21.0,0,Gold,1,0,4,M,Boise,Personal Care,Mainstream,2023,153.4433333333333,153.44333333333333,Active,2024-04,0
500766,1,4.0,4.0,4.0,0.0,132.88,132.88,0.0,0.0,0.0,1,1.0,33.22,1.0,0.15,3.0,3.0,0.0,0.0,1.0,1.0,0.0,0.0,0.0,0.0,0.0,0.0,0.0,0,7.0,1,1,0,62.0,0,Silver,0,1,2,M,Portland,Household,Mainstream,2024,132.88,132.88,Active,2024-04,0
500767,1,10.0,9.666666666666666,5.0,0.9333333333333332,290.6066666666666,172.9433333333333,0.6803577279648441,1.2,0.264973199596979,3,1.0,30.062758620689653,4.666666666666667,0.32166666666666666,5.0,2.6666666666666665,0.8750000000000001,0.9428571428571428,0.6666666666666666,1.6666666666666667,-0.6,0.3333333333333333,0.3333333333333333,1.0,0.0,1.0,0.0,0,1.0,6,0,0,24.0,0,Platinum,2,1,28,F,Madison,Beverages,Mainstream,2021,231.775,225.8007142857143,Active,2024-04,0
500768,6,0.0,0.0,0.6666666666666666,-1.0,0.0,22.55,-1.0,-0.2857142857142857,2.23606797749979,0,0.16666666666666666,0.0,0.0,0.54,0.0,0.0,0.0,0.0,0.0,0.6666666666666666,-1.0,0.0,0.3333333333333333,0.0,1.0,1.0,0.0,0,4.0,6,0,0,24.0,0,Gold,1,1,27,M,Raleigh,Frozen Foods,Unknown,2022,11.275,108.51125,Lapsed,2024-04,1
500769,1,4.0,2.6666666666666665,3.0,-0.11111111111111116,73.60000000000001,69.32,0.06174264281592637,-0.013513513513513525,0.3869786380365,3,1.0,27.600000000000005,2.3333333333333335,0.48599999999999993,0.0,1.5,-1.0,-0.4324324324324324,0.6666666666666666,1.0,-0.33333333333333337,0.0,0.5,1.0,3.0,4.0,1.0,0,1.0,6,0,1,48.0,0,Silver,0,1,30,M,Columbus,Beverages,Value,2021,71.888,94.87923076923077,Active,2024-04,1
500771,1,9.0,10.666666666666666,9.666666666666666,0.10344827586206898,187.34,178.82333333333335,0.047626148712882274,0.3142857142857143,0.3121851035866936,3,1.0,17.563125000000003,4.333333333333333,0.2916666666666667,3.0,3.6666666666666665,-0.1818181818181818,1.2688263138573217e-17,1.6666666666666667,3.6666666666666665,-0.5454545454545454,0.6666666666666666,0.3333333333333333,0.0,1.0,1.0,0.0,0,5.0,6,0,0,52.0,0,Gold,1,1,25,Unknown,Columbus,Beverages,Mainstream,2022,183.08166666666668,157.392,Active,2024-04,0
500772,1,1.0,2.5,3.0,-0.16666666666666666,82.815,101.80333333333334,-0.18651976032218992,-0.3243243243243243,0.336476821839587,2,1.0,33.126,1.0,0.172,2.0,0.3333333333333333,3.0,0.47297297297297297,0.0,1.3333333333333333,-1.0,0.5,0.6666666666666666,0.0,1.0,1.0,1.0,0,4.0,6,0,1,48.0,0,Silver,0,1,36,M,Portland,Personal Care,Mainstream,2021,94.208,100.36428571428571,Active,2024-04,0
500773,7,0.0,0.0,0.0,0.0,0.0,0.0,0.0,0.0,0.0,0,0.0,0.0,0.0,0.0,0.0,0.0,0.0,0.0,0.0,0.0,0.0,0.0,0.0,0.0,0.0,0.0,0.0,0,7.0,6,0,0,58.0,0,Silver,0,1,29,M,Denver,Personal Care,Value,2021,0.0,36.048,Lapsed,2024-04,1
500774,1,5.0,7.333333333333333,7.0,0.047619047619047575,272.6333333333334,260.1566666666667,0.0479582815482979,-0.3142857142857143,0.31860395516704304,3,1.0,37.17727272727274,5.333333333333333,0.22499999999999998,3.0,3.0,0.0,0.22857142857142856,1.6666666666666667,1.3333333333333333,0.2500000000000001,0.6666666666666666,0.6666666666666666,0.0,0.0,0.0,0.0,0,7.0,6,0,0,35.0,0,Silver,0,1,17,M,Denver,Household,Mainstream,2022,266.395,240.62533333333334,Active,2024-04,0
500775,1,5.0,4.333333333333333,6.0,-0.27777777777777785,176.82333333333335,199.31333333333336,-0.11283740843562902,-0.4857142857142857,0.2764677436087827,3,1.0,40.805384615384625,3.3333333333333335,0.18000000000000002,3.6666666666666665,3.6666666666666665,0.0,-0.5142857142857142,0.0,0.3333333333333333,-0.6666666666666666,0.0,0.6666666666666666,0.0,2.0,2.0,1.0,0,4.0,6,0,0,33.0,0,Gold,1,0,18,F,Denver,Frozen Foods,Upscale,2022,188.06833333333336,183.97333333333333,Active,2024-04,0
500776,3,0.0,0.3333333333333333,0.0,0.6666666666666666,10.37,0.0,3.0,0.02857142857142857,2.23606797749979,1,0.16666666666666666,31.11,0.3333333333333333,0.54,0.6666666666666666,0.0,1.3333333333333333,0.22857142857142856,0.0,1.0,-1.0,0.3333333333333333,0.0,0.0,0.0,0.0,0.0,0,7.0,6,0,0,31.0,0,Silver,0,0,15,F,Boise,Beverages,Value,2023,5.185,42.63,Active,2024-04,1
500777,1,5.0,5.0,5.0,0.0,148.81,148.81,0.0,0.0,0.0,1,1.0,29.762,4.0,0.17,2.0,2.0,0.0,0.0,1.0,1.0,0.0,1.0,1.0,0.0,0.0,0.0,0.0,0,7.0,1,1,0,60.0,0,Silver,0,0,2,M,Austin,Household,Value,2024,148.81,148.81,Active,2024-04,0
500778,3,0.0,1.0,3.0,-0.6666666666666666,48.406666666666666,150.74666666666667,-0.6788873164691315,-0.7428571428571429,0.7880448915984897,1,0.6666666666666666,48.406666666666666,0.3333333333333333,0.26,0.0,0.0,0.0,0.0,0.3333333333333333,0.6666666666666666,-0.5,0.0,0.6666666666666666,1.0,1.0,2.0,0.0,0,2.0,6,0,0,39.0,0,Gold,1,1,27,F,Austin,Bakery,Value,2022,99.57666666666667,113.43,Active,2024-04,1
500779,7,0.0,0.0,0.0,0.0,0.0,0.0,0.0,0.0,0.0,0,0.0,0.0,0.0,0.0,0.0,0.0,0.0,0.0,0.0,0.0,0.0,0.0,0.0,0.0,0.0,0.0,0.0,0,7.0,6,0,0,66.0,0,Silver,0,1,20,Unknown,Austin,Beverages,Value,2022,0.0,51.660000000000004,Lapsed,2024-04,1
500780,1,6.0,4.666666666666667,5.0,-0.06666666666666661,137.60999999999999,148.57,-0.0737699400955779,-0.14285714285714285,0.30611261764525527,3,1.0,29.487857142857138,2.6666666666666665,0.38999999999999996,3.0,2.3333333333333335,0.28571428571428564,0.34285714285714286,0.3333333333333333,0.3333333333333333,0.0,0.0,0.3333333333333333,0.0,0.0,0.0,0.0,0,7.0,6,0,0,46.0,0,Silver,0,0,20,F,Madison,Bakery,Mainstream,2022,143.09,160.23066666666668,Active,2024-04,0
500782,1,4.0,3.0,2.6666666666666665,0.12500000000000006,64.21333333333332,51.93,0.23653636305282735,0.02857142857142857,0.586947985358192,2,0.8333333333333334,21.40444444444444,1.3333333333333333,0.25600000000000006,2.6666666666666665,1.3333333333333333,1.0,0.34285714285714286,0.6666666666666666,1.0,-0.33333333333333337,0.0,0.0,0.0,1.0,1.0,0.0,0,6.0,6,0,0,56.0,0,Silver,0,1,28,M,Columbus,Frozen Foods,Value,2021,58.071666666666665,76.24090909090908,Active,2024-04,0
500783,7,0.0,0.0,0.0,0.0,0.0,0.0,0.0,0.0,0.0,0,0.0,0.0,0.0,0.0,0.0,0.0,0.0,0.0,0.0,0.0,0.0,0.0,0.0,0.0,0.0,0.0,0.0,0,7.0,6,0,0,57.0,0,Silver,0,1,36,M,Raleigh,Snacks,Upscale,2021,0.0,45.58,Lapsed,2024-04,1
500784,1,7.0,8.0,8.0,0.0,219.305,219.305,0.0,0.0,0.21584095209867532,2,1.0,27.413125,2.0,0.19,3.0,3.0,0.0,0.0,1.5,1.5,0.0,0.5,0.5,1.0,0.0,1.0,1.0,1,2.0,2,1,0,46.0,1,Silver,0,0,3,M,Columbus,Snacks,Unknown,2024,219.305,219.305,Active,2024-04,0
500785,7,0.0,0.0,0.0,0.0,0.0,0.0,0.0,0.0,0.0,0,0.0,0.0,0.0,0.0,0.0,0.0,0.0,0.0,0.0,0.0,0.0,0.0,0.0,0.0,0.0,0.0,0.0,0,7.0,6,0,0,43.0,0,Platinum,2,0,36,F,Columbus,Bakery,Value,2021,0.0,132.67,Lapsed,2024-04,1
500787,6,0.0,0.0,0.6666666666666666,-1.0,0.0,16.98,-1.0,-0.2857142857142857,2.2360679774997894,0,0.16666666666666666,0.0,0.0,0.22,0.0,0.0,0.0,0.0,0.0,0.0,0.0,0.0,0.0,0.0,1.0,1.0,0.0,0,6.0,6,0,0,65.0,0,Silver,0,1,15,M,Madison,Frozen Foods,Mainstream,2023,8.49,83.29666666666668,Lapsed,2024-04,1
500788,1,5.0,7.333333333333333,8.666666666666666,-0.15384615384615383,286.3666666666666,315.1766666666667,-0.09140905100842932,-0.17142857142857143,0.27352383642126543,3,1.0,39.05,3.3333333333333335,0.25833333333333336,3.3333333333333335,5.333333333333333,-0.37499999999999994,-0.2857142857142857,2.3333333333333335,1.3333333333333333,0.7500000000000002,1.3333333333333333,0.6666666666666666,1.0,0.0,1.0,0.0,0,2.0,6,0,0,42.0,0,Silver,0,1,21,M,Spokane,Frozen Foods,Value,2022,300.7716666666666,285.0693333333333,Active,2024-04,0
500790,7,0.0,0.0,0.0,0.0,0.0,0.0,0.0,0.0,0.0,0,0.0,0.0,0.0,0.0,0.0,0.0,0.0,0.0,0.0,0.0,0.0,0.0,0.0,0.0,0.0,0.0,0.0,0,7.0,6,0,0,43.0,0,Gold,1,1,35,F,Portland,Bakery,Upscale,2021,0.0,134.285,Lapsed,2024-04,1
500791,1,5.0,5.0,4.0,0.25,142.8,121.27,0.17753772573596122,0.6,0.3862924794869085,3,1.0,28.560000000000002,4.0,0.2683333333333333,2.3333333333333335,1.0,1.3333333333333335,0.4571428571428571,2.6666666666666665,2.0,0.33333333333333326,0.3333333333333333,1.3333333333333333,0.0,1.0,1.0,1.0,0,4.0,6,0,0,55.0,0,Silver,0,1,24,F,Boise,Frozen Foods,Mainstream,2022,132.035,97.47600000000001,Active,2024-04,0
500793,1,2.0,5.0,8.333333333333334,-0.4,75.29666666666667,142.38666666666666,-0.47118175859162836,-0.7428571428571429,0.5149558183396864,3,1.0,15.059333333333333,4.333333333333333,0.5,2.6666666666666665,2.6666666666666665,0.0,-0.11428571428571427,0.6666666666666666,1.3333333333333333,-0.5,0.0,0.3333333333333333,1.0,0.0,1.0,0.0,0,2.0,6,0,0,46.0,0,Silver,0,1,35,F,Columbus,Frozen Foods,Value,2021,108.84166666666665,98.80071428571429,Active,2024-04,0
500794,1,3.0,3.0,2.3333333333333335,0.28571428571428564,93.67666666666668,63.74333333333334,0.46959159127751926,0.11428571428571428,0.23712828255957585,3,1.0,31.22555555555556,1.0,0.25666666666666665,2.0,3.6666666666666665,-0.45454545454545453,-0.37142857142857144,1.0,3.0,-0.6666666666666666,1.6666666666666667,1.3333333333333333,1.0,0.0,1.0,0.0,0,1.0,6,0,0,31.0,0,Gold,1,1,17,F,Nashville,Produce,Mainstream,2022,78.71000000000001,82.50785714285713,Active,2024-04,0
500795,1,10.0,7.333333333333333,7.333333333333333,0.0,314.69,314.69,0.0,3.5,0.46660306608610375,3,1.0,42.91227272727273,4.0,0.41333333333333333,2.0,2.0,0.0,-0.5,1.3333333333333333,1.3333333333333333,0.0,0.6666666666666666,0.6666666666666666,0.0,0.0,0.0,0.0,0,7.0,3,1,0,54.0,0,Gold,1,1,4,M,Portland,Household,Mainstream,2023,314.69,314.69,Active,2024-04,0
500796,7,0.0,0.0,0.0,0.0,0.0,0.0,0.0,0.0,0.0,0,0.0,0.0,0.0,0.0,0.0,0.0,0.0,0.0,0.0,0.0,0.0,0.0,0.0,0.0,0.0,0.0,0.0,0,7.0,6,0,0,72.0,0,Gold,1,0,24,M,Austin,Snacks,Value,2022,0.0,41.05,Lapsed,2024-04,1
500797,1,4.0,4.0,4.0,0.0,110.01,110.01,0.0,0.0,0.0,1,1.0,27.5025,5.0,0.25,1.0,1.0,0.0,0.0,0.0,0.0,0.0,1.0,1.0,0.0,0.0,0.0,0.0,0,7.0,1,1,0,38.0,0,Silver,0,0,2,M,Tulsa,Bakery,Mainstream,2024,110.01,110.01,Active,2024-04,0
500798,7,0.0,0.0,0.0,0.0,0.0,0.0,0.0,0.0,0.0,0,0.0,0.0,0.0,0.0,0.0,0.0,0.0,0.0,0.0,0.0,0.0,0.0,0.0,0.0,0.0,0.0,0.0,0,7.0,6,0,0,21.0,0,Silver,0,1,21,M,Columbus,Personal Care,Value,2022,0.0,96.358,Lapsed,2024-04,1
500799,4,0.0,0.0,0.3333333333333333,-0.6666666666666666,0.0,9.426666666666668,-1.0,-0.028571428571428577,2.2360679774997894,0,0.16666666666666666,0.0,0.0,0.21,0.6666666666666666,1.6666666666666667,-0.6,-0.2,0.0,0.6666666666666666,-1.0,0.0,0.0,0.0,0.0,0.0,0.0,0,7.0,6,0,0,58.0,0,Gold,1,0,29,F,Columbus,Produce,Upscale,2021,4.713333333333334,33.973333333333336,Lapsed,2024-04,1
500800,1,4.0,4.0,4.0,0.0,122.25,122.25,0.0,0.0,0.0,1,1.0,30.5625,0.0,0.28,1.0,1.0,0.0,0.0,0.0,0.0,0.0,1.0,1.0,0.0,0.0,0.0,0.0,0,7.0,1,1,0,29.0,0,Silver,0,0,2,M,Spokane,Personal Care,Value,2024,122.25,122.25,Active,2024-04,0
500801,2,0.0,0.6666666666666666,2.0,-0.6666666666666667,25.676666666666666,76.8,-0.6656684027777778,-0.5142857142857142,1.0606380849071089,2,0.6666666666666666,38.515,0.6666666666666666,0.1625,0.6666666666666666,0.6666666666666666,0.0,-0.05714285714285714,0.0,0.3333333333333333,-0.6666666666666666,0.0,0.3333333333333333,2.0,0.0,2.0,1.0,1,1.0,6,0,0,57.0,0,Gold,1,0,30,F,Raleigh,Frozen Foods,Value,2021,51.23833333333334,104.63846153846154,Active,2024-04,0
500802,2,0.0,0.3333333333333333,1.0,-0.6666666666666667,12.923333333333334,36.86333333333334,-0.6494258070349942,-0.22857142857142856,1.1460682216753006,1,0.5,38.77,0.6666666666666666,0.18333333333333335,0.0,2.6666666666666665,-1.0,-0.5142857142857142,1.0,1.3333333333333333,-0.24999999999999994,0.0,0.6666666666666666,1.0,0.0,1.0,1.0,1,2.0,6,0,0,55.0,0,Gold,1,1,22,F,Spokane,Beverages,Value,2022,24.893333333333334,72.72272727272728,Active,2024-04,1
500803,1,7.0,6.0,8.666666666666666,-0.30769230769230765,195.28,316.0566666666667,-0.3821361148317285,-0.5142857142857142,0.32794135211166997,3,1.0,32.54666666666667,2.0,0.29333333333333333,4.0,2.6666666666666665,0.5000000000000001,0.34285714285714286,0.6666666666666666,0.3333333333333333,0.6666666666666666,1.6666666666666667,1.6666666666666667,0.0,0.0,0.0,0.0,0,7.0,6,0,0,72.0,0,Gold,1,0,12,M,Nashville,Snacks,Mainstream,2023,255.66833333333332,282.8727272727273,Active,2024-04,0
500804,6,0.0,0.0,0.6666666666666666,-1.0,0.0,14.103333333333333,-1.0,-0.2857142857142857,2.23606797749979,0,0.16666666666666666,0.0,0.0,0.26,0.0,0.0,0.0,0.0,0.0,1.3333333333333333,-1.0,0.0,0.0,0.0,0.0,0.0,0.0,0,7.0,6,0,0,51.0,0,Silver,0,1,8,M,Columbus,Produce,Mainstream,2023,7.051666666666667,31.975,Lapsed,2024-04,1
500806,1,3.0,1.6666666666666667,0.3333333333333333,2.666666666666667,72.71333333333334,15.933333333333332,3.0,0.4,0.9552418181349696,3,0.6666666666666666,43.628,0.3333333333333333,0.345,2.0,1.3333333333333333,0.5000000000000001,-0.05714285714285714,0.0,0.6666666666666666,-1.0,1.0,0.0,0.0,0.0,0.0,0.0,0,7.0,6,0,0,33.0,0,Platinum,2,0,7,F,Spokane,Bakery,Value,2023,44.32333333333333,66.485,Active,2024-04,0
500807,1,8.0,7.0,5.666666666666667,0.23529411764705876,327.7966666666667,248.3033333333333,0.32014605791303663,0.2857142857142857,0.23622125630648036,3,1.0,46.82809523809524,3.0,0.23,1.3333333333333333,0.6666666666666666,1.0,0.11428571428571428,3.3333333333333335,1.3333333333333333,1.5,0.3333333333333333,0.6666666666666666,1.0,0.0,1.0,0.0,0,3.0,6,0,0,33.0,0,Platinum,2,1,10,F,Columbus,Produce,Mainstream,2023,288.05,301.74111111111114,Active,2024-04,0
500808,7,0.0,0.0,0.0,0.0,0.0,0.0,0.0,0.0,0.0,0,0.0,0.0,0.0,0.0,0.0,0.0,0.0,0.0,0.0,0.0,0.0,0.0,0.0,0.0,0.0,0.0,0.0,0,7.0,6,0,0,71.0,0,Gold,1,0,33,M,Denver,Bakery,Value,2021,0.0,150.57857142857142,Lapsed,2024-04,1
500809,1,6.0,3.6666666666666665,6.333333333333333,-0.42105263157894735,105.67999999999999,170.97666666666666,-0.38190396350379197,-0.22857142857142856,0.49441648846288283,3,1.0,28.82181818181818,1.0,0.29000000000000004,4.0,2.0,1.0,0.4,0.3333333333333333,1.0,-0.6666666666666667,1.3333333333333333,0.0,0.0,0.0,0.0,0.0,0,7.0,6,0,0,67.0,0,Gold,1,0,19,M,Spokane,Bakery,Value,2022,138.32833333333332,129.39214285714286,Active,2024-04,0
500810,1,4.0,4.666666666666667,9.333333333333334,-0.5,166.94000000000003,374.94000000000005,-0.5547554275350722,-1.7714285714285714,0.5108812711867521,3,1.0,35.77285714285715,2.6666666666666665,0.44166666666666665,2.0,1.3333333333333333,0.5000000000000001,0.34285714285714286,0.6666666666666666,0.3333333333333333,0.6666666666666666,1.0,1.6666666666666667,1.0,0.0,1.0,0.0,0,2.0,6,0,0,41.0,0,Silver,0,0,7,F,Boise,Bakery,Unknown,2023,270.94,270.94,Active,2024-04,0
500811,1,5.0,4.0,3.5,0.14285714285714285,158.20000000000002,139.725,0.13222401145106477,0.18918918918918917,0.2919457141460801,3,1.0,39.550000000000004,2.6666666666666665,0.30200000000000005,2.0,2.5,-0.2,0.14864864864864866,0.6666666666666666,1.5,-0.5555555555555556,1.0,0.5,0.0,0.0,0.0,0.0,0,7.0,6,0,1,68.0,0,Gold,1,1,28,M,Portland,Produce,Value,2021,150.81,212.72,Active,2024-04,0
500812,1,13.0,7.666666666666667,9.333333333333334,-0.1785714285714286,337.6666666666667,426.06666666666666,-0.20747926772023154,0.3142857142857143,0.39524825577753353,3,1.0,44.04347826086956,2.6666666666666665,0.375,5.0,5.666666666666667,-0.11764705882352945,-0.1714285714285714,0.6666666666666666,1.3333333333333333,-0.5,0.3333333333333333,0.3333333333333333,2.0,0.0,2.0,0.0,0,3.0,6,0,0,51.0,0,Gold,1,1,17,F,Denver,Bakery,Mainstream,2022,381.8666666666666,363.10923076923075,Active,2024-04,0
500813,7,0.0,0.0,0.0,0.0,0.0,0.0,0.0,0.0,0.0,0,0.0,0.0,0.0,0.0,0.0,0.0,0.0,0.0,0.0,0.0,0.0,0.0,0.0,0.0,0.0,0.0,0.0,0,7.0,6,0,0,35.0,0,Silver,0,1,32,F,Raleigh,Snacks,Mainstream,2021,0.0,50.126666666666665,Lapsed,2024-04,1
500814,7,0.0,0.0,0.0,0.0,0.0,0.0,0.0,0.0,0.0,0,0.0,0.0,0.0,0.0,0.0,0.0,0.0,0.0,0.0,0.0,0.0,0.0,0.0,0.0,0.0,0.0,0.0,0,7.0,6,0,0,23.0,0,Gold,1,0,28,M,Nashville,Produce,Value,2021,0.0,47.28,Lapsed,2024-04,1
500815,7,0.0,0.0,0.0,0.0,0.0,0.0,0.0,0.0,0.0,0,0.0,0.0,0.0,0.0,0.0,0.0,0.0,0.0,0.0,0.0,0.0,0.0,0.0,0.0,0.0,0.0,0.0,0,7.0,6,0,0,70.0,0,Silver,0,1,35,F,Nashville,Produce,Value,2021,0.0,64.92,Lapsed,2024-04,1
500816,7,0.0,0.0,0.0,0.0,0.0,0.0,0.0,0.0,0.0,0,0.0,0.0,0.0,0.0,0.0,0.0,0.0,0.0,0.0,0.0,0.0,0.0,0.0,0.0,0.0,0.0,0.0,0,7.0,6,0,0,68.0,0,Silver,0,1,27,M,Nashville,Beverages,Upscale,2022,0.0,95.07,Lapsed,2024-04,1
500817,1,4.0,4.666666666666667,4.666666666666667,0.0,178.59666666666666,178.59666666666666,0.0,-1.5,0.467488192392838,3,1.0,38.270714285714284,3.0,0.32,1.0,1.0,0.0,1.0,0.3333333333333333,0.3333333333333333,0.0,1.3333333333333333,1.3333333333333333,0.0,0.0,0.0,0.0,0,7.0,3,1,0,60.0,0,Gold,1,0,4,M,Tulsa,Household,Mainstream,2023,178.59666666666666,178.59666666666666,Active,2024-04,0
500818,1,4.0,2.0,2.6666666666666665,-0.24999999999999994,49.93666666666667,66.77999999999999,-0.252221223919337,-0.05714285714285714,0.46820012793210514,3,1.0,24.968333333333334,2.3333333333333335,0.29166666666666663,1.3333333333333333,1.0,0.33333333333333326,0.028571428571428564,1.6666666666666667,1.0,0.6666666666666667,0.6666666666666666,0.3333333333333333,1.0,0.0,1.0,0.0,0,2.0,6,0,0,23.0,0,Silver,0,1,21,F,Nashville,Dairy,Value,2022,58.35833333333334,60.635999999999996,Active,2024-04,0
500819,7,0.0,0.0,0.0,0.0,0.0,0.0,0.0,0.0,0.0,0,0.0,0.0,0.0,0.0,0.0,0.0,0.0,0.0,0.0,0.0,0.0,0.0,0.0,0.0,0.0,0.0,0.0,0,7.0,6,0,0,49.0,0,Silver,0,1,16,M,Spokane,Bakery,Upscale,2022,0.0,30.525,Lapsed,2024-04,1
500820,4,0.0,0.0,4.0,-1.0,0.0,142.03666666666666,-1.0,-0.9714285714285714,1.0700448020612119,0,0.5,0.0,0.0,0.19666666666666666,0.0,0.3333333333333333,-0.6666666666666666,-0.14285714285714285,0.0,0.3333333333333333,-0.6666666666666666,0.0,0.3333333333333333,1.0,1.0,2.0,0.0,0,3.0,6,0,0,40.0,0,Silver,0,1,30,F,Spokane,Dairy,Value,2021,71.01833333333333,169.88083333333333,Lapsed,2024-04,1
500821,1,3.0,4.0,3.0,0.3333333333333333,188.96333333333334,127.46,0.4825304670746379,-0.1,0.24439746322325,3,1.0,47.240833333333335,2.3333333333333335,0.275,1.0,1.0,0.0,-0.2,1.3333333333333333,2.0,-0.33333333333333337,0.6666666666666666,0.0,0.0,0.0,0.0,0.0,0,7.0,4,0,0,56.0,0,Platinum,2,1,5,F,Denver,Bakery,Value,2023,173.5875,173.58749999999998,Active,2024-04,0
500822,7,0.0,0.0,0.0,0.0,0.0,0.0,0.0,0.0,0.0,0,0.0,0.0,0.0,0.0,0.0,0.0,0.0,0.0,0.0,0.0,0.0,0.0,0.0,0.0,0.0,0.0,0.0,0,7.0,6,0,0,68.0,0,Silver,0,0,17,F,Portland,Dairy,Value,2022,0.0,82.44833333333334,Lapsed,2024-04,1
500823,1,6.0,4.0,5.333333333333333,-0.24999999999999994,102.94,143.96333333333334,-0.2849568177082128,-0.05714285714285712,0.467923908387073,3,1.0,25.735,4.333333333333333,0.27499999999999997,1.0,2.3333333333333335,-0.5714285714285715,-0.7428571428571428,1.0,1.6666666666666667,-0.4,1.3333333333333333,0.6666666666666666,0.0,1.0,1.0,0.0,0,6.0,6,0,0,48.0,0,Gold,1,1,31,F,Spokane,Bakery,Upscale,2021,123.45166666666667,103.69923076923077,Active,2024-04,0
500824,1,3.0,4.666666666666667,10.0,-0.5333333333333333,121.82,268.81,-0.5468174547077862,-1.7142857142857144,0.6574720696656781,3,1.0,26.104285714285712,2.0,0.22999999999999998,3.3333333333333335,2.3333333333333335,0.42857142857142855,0.42857142857142855,1.6666666666666667,1.3333333333333333,0.2500000000000001,0.6666666666666666,0.6666666666666666,0.0,0.0,0.0,0.0,0,7.0,6,0,0,71.0,0,Silver,0,1,23,M,Denver,Personal Care,Upscale,2022,195.31500000000003,205.02866666666665,Active,2024-04,0
500826,1,11.0,7.0,7.333333333333333,-0.045454545454545414,166.87333333333333,176.65666666666667,-0.05538049323546615,0.2,0.3944499466587853,3,1.0,23.83904761904762,3.0,0.3083333333333333,4.0,4.666666666666667,-0.1428571428571429,-0.4,1.0,2.0,-0.5,1.0,0.3333333333333333,0.0,1.0,1.0,1.0,0,6.0,6,0,0,69.0,0,Silver,0,1,31,F,Austin,Dairy,Value,2021,171.76500000000001,165.40266666666668,Active,2024-04,0
500827,2,0.0,1.3333333333333333,4.333333333333333,-0.6923076923076924,47.800000000000004,161.71666666666667,-0.7044213129959805,-0.6571428571428571,0.6970511146251117,2,0.8333333333333334,35.85000000000001,0.6666666666666666,0.31399999999999995,0.0,1.3333333333333333,-1.0,-0.45714285714285713,0.0,0.0,0.0,0.3333333333333333,0.3333333333333333,2.0,1.0,3.0,0.0,0,1.0,6,0,0,67.0,0,Gold,1,0,14,F,Portland,Personal Care,Upscale,2023,104.75833333333334,135.325,Active,2024-04,1
500828,1,8.0,6.0,2.6666666666666665,1.2500000000000002,218.25333333333333,100.39,1.1740545207025932,0.9142857142857143,0.5794368195421897,3,1.0,36.37555555555556,3.6666666666666665,0.20500000000000004,2.0,1.3333333333333333,0.5000000000000001,0.3428571428571428,0.6666666666666666,0.3333333333333333,0.6666666666666666,0.0,0.6666666666666666,1.0,2.0,3.0,1.0,1,1.0,6,0,0,65.0,0,Silver,0,0,25,Other,Boise,Bakery,Upscale,2022,159.32166666666666,154.67733333333334,Active,2024-04,0
500829,1,3.0,3.6666666666666665,2.0,0.8333333333333333,124.94666666666667,70.36333333333333,0.7757354682836707,0.2571428571428571,0.5047615434450797,3,0.8333333333333334,34.07636363636364,3.3333333333333335,0.23000000000000004,0.3333333333333333,0.3333333333333333,0.0,0.0,2.0,2.0,0.0,0.6666666666666666,0.0,1.0,0.0,1.0,0.0,0,2.0,6,0,0,72.0,0,Gold,1,1,25,M,Austin,Bakery,Value,2022,97.65500000000002,117.4323076923077,Active,2024-04,0
500830,1,5.0,3.0,4.0,-0.25,70.09333333333333,85.79666666666667,-0.18302964373130268,-0.02857142857142857,0.5375864323080295,3,1.0,23.364444444444445,1.6666666666666667,0.32666666666666666,3.0,2.6666666666666665,0.12500000000000006,0.2571428571428571,1.6666666666666667,0.0,3.0,0.6666666666666666,1.3333333333333333,1.0,0.0,1.0,0.0,0,2.0,6,0,0,31.0,0,Silver,0,1,24,M,Austin,Dairy,Upscale,2022,77.94500000000001,77.81,Active,2024-04,0
500831,1,8.0,5.666666666666667,3.0,0.888888888888889,149.64666666666665,75.73,0.9760552841234206,0.825581395348837,0.34055241067731973,3,1.0,26.40823529411764,3.3333333333333335,0.24,1.6666666666666667,0.5,2.3333333333333335,0.5465116279069766,1.3333333333333333,0.0,2.6666666666666665,0.6666666666666666,0.5,0.0,0.0,0.0,0.0,0,7.0,6,0,1,28.0,0,Silver,0,0,16,F,Denver,Household,Mainstream,2022,120.08,117.07923076923076,Active,2024-04,0
500834,7,0.0,0.0,0.0,0.0,0.0,0.0,0.0,0.0,0.0,0,0.0,0.0,0.0,0.0,0.0,0.0,0.0,0.0,0.0,0.0,0.0,0.0,0.0,0.0,0.0,0.0,0.0,0,7.0,6,0,0,43.0,0,Silver,0,1,21,M,Austin,Dairy,Mainstream,2022,0.0,99.5942857142857,Lapsed,2024-04,1
500835,1,2.0,4.666666666666667,5.0,-0.06666666666666661,106.41000000000001,116.35499999999999,-0.08547118731468334,-0.7567567567567567,0.6856276301116764,3,1.0,22.802142857142858,4.333333333333333,0.248,2.0,2.0,0.0,0.2027027027027027,1.6666666666666667,1.0,0.6666666666666667,0.6666666666666666,0.0,0.0,0.0,0.0,0.0,0,7.0,6,0,1,34.0,0,Silver,0,1,11,F,Austin,Snacks,Unknown,2023,110.388,113.11222222222221,Active,2024-04,0
500837,1,5.0,6.0,3.0,1.0,148.95333333333335,74.94999999999999,0.9873693573493445,0.6,0.3368382352005234,3,1.0,24.825555555555557,4.0,0.256,0.6666666666666666,1.0,-0.33333333333333337,-0.1,0.6666666666666666,0.5,0.33333333333333326,0.3333333333333333,0.0,1.0,0.0,1.0,0.0,0,3.0,5,0,0,33.0,0,Silver,0,0,6,F,Portland,Bakery,Value,2023,119.352,119.352,Active,2024-04,0
500838,1,5.0,4.666666666666667,2.3333333333333335,1.0,158.57333333333335,69.13333333333334,1.293731918997107,0.7142857142857143,0.7007640810087336,3,1.0,33.980000000000004,5.666666666666667,0.2833333333333334,1.3333333333333333,3.3333333333333335,-0.6,-0.6285714285714286,0.0,0.0,0.0,1.0,0.6666666666666666,0.0,0.0,0.0,0.0,0,7.0,6,0,0,72.0,0,Gold,1,0,28,F,Nashville,Bakery,Mainstream,2021,113.85333333333334,116.038,Active,2024-04,0
500839,1,7.0,7.0,6.0,0.16666666666666666,235.9766666666667,190.75,0.23709916994320676,0.2571428571428571,0.19922619695865634,3,1.0,33.710952380952385,4.0,0.2833333333333333,3.6666666666666665,2.0,0.8333333333333333,0.14285714285714285,1.3333333333333333,1.6666666666666667,-0.20000000000000007,0.6666666666666666,1.0,1.0,1.0,2.0,1.0,1,1.0,6,0,0,22.0,0,Silver,0,1,35,M,Columbus,Household,Value,2021,213.36333333333334,190.16428571428574,Active,2024-04,0
500840,1,5.0,5.666666666666667,5.0,0.1333333333333334,238.98999999999998,206.10666666666668,0.1595452193039201,0.11428571428571425,0.33554188904862703,3,1.0,42.17470588235294,4.666666666666667,0.3516666666666666,2.0,1.6666666666666667,0.19999999999999996,-0.14285714285714285,0.0,0.6666666666666666,-1.0,2.0,0.0,1.0,0.0,1.0,0.0,0,2.0,6,0,0,18.0,0,Gold,1,0,14,M,Austin,Household,Upscale,2023,222.54833333333332,164.33923076923077,Active,2024-04,0
500841,1,12.0,5.666666666666667,3.6666666666666665,0.5454545454545456,57.126666666666665,47.65,0.1988807275271074,1.3142857142857143,0.6793612986114467,2,0.8333333333333334,10.081176470588234,2.3333333333333335,0.294,2.6666666666666665,3.3333333333333335,-0.20000000000000007,-0.22857142857142856,2.3333333333333335,1.0,1.3333333333333335,0.0,1.0,0.0,0.0,0.0,0.0,0,7.0,6,0,0,32.0,0,Silver,0,1,16,F,Boise,Bakery,Upscale,2022,52.38833333333333,73.75357142857142,Active,2024-04,0
500842,1,8.0,10.0,8.666666666666666,0.15384615384615394,493.24333333333334,389.5,0.2663500213949508,0.22857142857142856,0.30802857499531017,3,1.0,49.324333333333335,6.0,0.39166666666666666,3.6666666666666665,5.0,-0.2666666666666667,-0.34285714285714286,1.0,0.3333333333333333,1.3333333333333335,1.6666666666666667,0.6666666666666666,0.0,0.0,0.0,0.0,0,7.0,6,0,0,36.0,0,Silver,0,1,17,F,Tulsa,Bakery,Upscale,2022,441.37166666666667,378.12600000000003,Active,2024-04,0
500843,1,6.0,6.0,6.0,0.0,159.86,159.86,0.0,0.0,0.0,1,1.0,26.643333333333334,4.0,0.36,2.0,2.0,0.0,0.0,3.0,3.0,0.0,2.0,2.0,0.0,0.0,0.0,0.0,0,7.0,1,1,0,29.0,0,Silver,0,1,2,F,Portland,Frozen Foods,Mainstream,2024,159.86,159.86,Active,2024-04,0
500844,1,4.0,2.0,2.3333333333333335,-0.1428571428571429,41.875,54.900000000000006,-0.2372495446265939,0.3918918918918919,0.7370621662786742,1,0.8,20.9375,0.0,0.36749999999999994,1.5,1.6666666666666667,-0.10000000000000003,-0.17567567567567569,0.5,0.6666666666666666,-0.24999999999999994,0.0,0.0,0.0,0.0,0.0,0.0,0,7.0,6,0,1,29.0,0,Silver,0,1,28,M,Portland,Frozen Foods,Value,2021,49.690000000000005,64.28666666666666,Active,2024-04,0
500845,3,0.0,1.0,4.666666666666667,-0.7857142857142857,31.47,155.9333333333333,-0.798182984181274,-1.0571428571428572,0.9161453337582752,1,0.6666666666666666,31.47,0.6666666666666666,0.2675,0.0,0.6666666666666666,-1.0,-0.057142857142857155,0.0,0.6666666666666666,-1.0,0.6666666666666666,0.6666666666666666,1.0,1.0,2.0,1.0,0,2.0,6,0,0,48.0,0,Gold,1,0,33,M,Austin,Bakery,Mainstream,2021,93.70166666666667,130.04999999999998,Active,2024-04,1
500846,1,7.0,5.333333333333333,4.666666666666667,0.1428571428571427,144.08,135.73666666666665,0.06146705631001225,0.45714285714285713,0.42436200616230085,3,1.0,27.015000000000004,5.333333333333333,0.27999999999999997,1.6666666666666667,4.333333333333333,-0.6153846153846153,-0.6285714285714286,2.0,1.3333333333333333,0.5000000000000001,0.6666666666666666,0.6666666666666666,0.0,0.0,0.0,0.0,0,7.0,6,0,0,18.0,0,Silver,0,1,19,F,Raleigh,Frozen Foods,Mainstream,2022,139.90833333333333,148.81599999999997,Active,2024-04,0
500847,1,6.0,6.0,6.0,0.0,178.46,178.46,0.0,0.0,0.0,1,1.0,29.743333333333336,4.0,0.16,0.0,0.0,0.0,0.0,0.0,0.0,0.0,1.0,1.0,0.0,0.0,0.0,0.0,0,7.0,1,1,0,73.0,0,Silver,0,0,2,M,Nashville,Dairy,Value,2024,178.46,178.46,Active,2024-04,0
500848,1,1.0,4.0,2.0,1.0,124.04,59.36333333333332,1.089505306305801,0.11428571428571428,0.8791519389106471,3,1.0,31.01,2.0,0.31666666666666665,1.6666666666666667,1.6666666666666667,0.0,0.11428571428571428,1.6666666666666667,1.6666666666666667,0.0,0.6666666666666666,0.0,0.0,1.0,1.0,1.0,0,6.0,6,0,0,46.0,0,Silver,0,1,12,M,Spokane,Snacks,Mainstream,2023,91.70166666666667,105.75399999999999,Active,2024-04,0
500849,1,3.0,2.6666666666666665,3.0,-0.11111111111111116,139.84666666666666,146.155,-0.04316193994959691,0.0,0.1396698405305211,3,1.0,52.4425,1.3333333333333333,0.294,0.6666666666666666,2.0,-0.6666666666666667,-0.5,1.0,0.5,1.0,1.0,0.0,2.0,0.0,2.0,0.0,0,1.0,5,0,0,46.0,1,Platinum,2,1,6,F,Portland,Bakery,Mainstream,2023,142.37,142.37,Active,2024-04,1
500850,1,7.0,5.666666666666667,6.333333333333333,-0.10526315789473675,173.9666666666667,209.38666666666666,-0.1691607233825775,-0.17142857142857143,0.19681535021977797,3,1.0,30.700000000000003,4.0,0.18166666666666664,2.3333333333333335,2.3333333333333335,0.0,0.11428571428571428,0.0,0.3333333333333333,-0.6666666666666666,0.3333333333333333,0.0,0.0,0.0,0.0,0.0,0,7.0,6,0,0,22.0,0,Platinum,2,0,31,M,Tulsa,Household,Upscale,2021,191.6766666666667,162.17153846153846,Active,2024-04,0
500851,1,1.0,3.6666666666666665,5.666666666666667,-0.3529411764705883,98.06,154.92333333333332,-0.36704176259224985,-0.8571428571428571,0.4478524393532315,3,1.0,26.743636363636366,2.6666666666666665,0.21166666666666667,1.0,1.0,0.0,0.05714285714285714,1.6666666666666667,0.3333333333333333,2.666666666666667,1.0,1.3333333333333333,0.0,1.0,1.0,0.0,0,5.0,6,0,0,29.0,0,Silver,0,1,30,F,Portland,Personal Care,Upscale,2021,126.49166666666666,142.41466666666665,Active,2024-04,0
500852,1,1.0,0.6666666666666666,5.333333333333333,-0.8749999999999999,20.930000000000003,149.99333333333334,-0.8604604649095515,-0.9714285714285714,0.8748276375056826,2,0.8333333333333334,31.395000000000007,0.0,0.292,2.0,0.3333333333333333,3.0,0.2,0.3333333333333333,0.3333333333333333,0.0,0.3333333333333333,1.0,1.0,0.0,1.0,0.0,0,3.0,6,0,0,69.0,0,Silver,0,0,14,F,Raleigh,Bakery,Mainstream,2023,85.46166666666666,101.0490909090909,Active,2024-04,0
500853,2,0.0,2.0,3.3333333333333335,-0.4,85.02,145.66333333333333,-0.4163253163687956,-0.5142857142857142,0.6550312743878877,2,0.8333333333333334,42.51,0.0,0.32199999999999995,1.0,1.6666666666666667,-0.4,-0.2857142857142857,0.0,1.3333333333333333,-1.0,0.0,1.0,3.0,1.0,4.0,0.0,0,2.0,6,0,0,37.0,0,Gold,1,1,14,Other,Portland,Household,Value,2023,115.34166666666668,146.09454545454545,Active,2024-04,1
500854,1,3.0,3.6666666666666665,1.5,1.4444444444444444,151.38666666666666,62.31999999999999,1.4291827128797605,0.2674418604651162,0.8012379967421481,3,1.0,41.28727272727273,1.3333333333333333,0.23399999999999999,0.0,0.5,-1.0,-0.1511627906976744,0.3333333333333333,0.5,-0.33333333333333337,0.0,0.5,1.0,0.0,1.0,0.0,0,2.0,6,0,1,57.0,0,Silver,0,0,32,F,Spokane,Dairy,Upscale,2021,115.75999999999999,109.39928571428571,Active,2024-04,0
500855,1,5.0,6.0,6.0,0.0,206.53,206.53,0.0,0.0,0.1476298842783131,2,1.0,34.42166666666667,2.5,0.15000000000000002,2.5,2.5,0.0,0.0,2.5,2.5,0.0,2.0,2.0,1.0,0.0,1.0,1.0,1,1.0,2,1,0,27.0,0,Gold,1,1,3,F,Nashville,Personal Care,Unknown,2024,206.53,206.53,Active,2024-04,0
500856,1,6.0,6.0,5.0,0.2,171.14,144.46333333333334,0.18466046747732975,0.04054054054054052,0.42074232521520266,2,1.0,28.52333333333333,3.5,0.322,2.0,3.0,-0.3333333333333333,-0.37837837837837834,1.5,1.3333333333333333,0.12500000000000006,0.0,1.0,0.0,1.0,1.0,1.0,0,6.0,6,0,1,39.0,0,Silver,0,1,30,M,Raleigh,Frozen Foods,Value,2021,155.134,152.84,Active,2024-04,0
500857,1,6.0,5.666666666666667,4.0,0.41666666666666674,156.60333333333332,117.31,0.334952973602705,0.4857142857142857,0.35703169619846553,3,1.0,27.635882352941174,4.0,0.3333333333333333,4.666666666666667,2.3333333333333335,1.0,0.37142857142857144,1.3333333333333333,1.6666666666666667,-0.20000000000000007,0.6666666666666666,0.6666666666666666,0.0,0.0,0.0,0.0,0,7.0,6,0,0,36.0,0,Silver,0,1,36,F,Austin,Household,Mainstream,2021,136.95666666666668,148.18866666666665,Active,2024-04,0
500858,1,8.0,6.333333333333333,4.0,0.5833333333333333,188.03333333333333,136.66666666666666,0.3758536585365854,0.8285714285714286,0.39316781369582565,3,1.0,29.689473684210526,3.6666666666666665,0.26666666666666666,0.6666666666666666,3.0,-0.7777777777777778,-0.6,0.3333333333333333,0.6666666666666666,-0.5,0.0,0.3333333333333333,2.0,1.0,3.0,0.0,0,1.0,6,0,0,65.0,0,Silver,0,0,17,F,Nashville,Snacks,Value,2022,162.35000000000002,149.5092857142857,Active,2024-04,0
500859,1,5.0,5.0,2.6666666666666665,0.8750000000000001,191.92666666666665,97.68,0.9648512148512145,0.657142857142857,0.6162145451159173,3,1.0,38.38533333333333,1.3333333333333333,0.305,3.0,1.3333333333333333,1.2500000000000002,0.5428571428571428,2.0,1.0,1.0,0.0,1.0,0.0,1.0,1.0,0.0,0,6.0,6,0,0,40.0,0,Silver,0,1,28,M,Spokane,Household,Mainstream,2021,144.8033333333333,181.7242857142857,Active,2024-04,0
500860,7,0.0,0.0,0.0,0.0,0.0,0.0,0.0,0.0,0.0,0,0.0,0.0,0.0,0.0,0.0,0.0,0.0,0.0,0.0,0.0,0.0,0.0,0.0,0.0,0.0,0.0,0.0,0,7.0,6,0,0,63.0,0,Silver,0,0,27,F,Madison,Household,Mainstream,2022,0.0,88.83500000000001,Lapsed,2024-04,1
500861,1,6.0,6.333333333333333,6.666666666666667,-0.050000000000000086,140.86666666666667,130.02666666666667,0.08336751435602956,-0.2571428571428571,0.21931303340961542,3,1.0,22.242105263157896,4.333333333333333,0.16166666666666665,3.0,3.0,0.0,0.11428571428571428,1.6666666666666667,1.0,0.6666666666666667,0.3333333333333333,0.6666666666666666,0.0,0.0,0.0,0.0,0,7.0,6,0,0,70.0,0,Silver,0,1,34,F,Raleigh,Bakery,Value,2021,135.4466666666667,118.80285714285715,Active,2024-04,0
500863,1,9.0,9.0,5.5,0.6363636363636364,312.68,182.655,0.7118611590156306,0.6578947368421052,0.2820476439011701,1,1.0,34.742222222222225,6.0,0.18000000000000002,1.0,1.0,0.0,0.15789473684210525,0.0,0.0,0.0,1.0,0.5,0.0,0.0,0.0,0.0,0,7.0,6,0,3,30.0,0,Gold,1,0,27,Other,Austin,Produce,Value,2022,225.99666666666667,219.79333333333332,Active,2024-04,0
500864,7,0.0,0.0,0.0,0.0,0.0,0.0,0.0,0.0,0.0,0,0.0,0.0,0.0,0.0,0.0,0.0,0.0,0.0,0.0,0.0,0.0,0.0,0.0,0.0,0.0,0.0,0.0,0,7.0,6,0,0,66.0,0,Silver,0,1,14,M,Boise,Household,Mainstream,2023,0.0,85.98666666666668,Lapsed,2024-04,1
500865,2,0.0,1.3333333333333333,8.666666666666666,-0.8461538461538461,36.586666666666666,295.7,-0.8762709953781987,-2.057142857142857,0.7963786429940577,2,0.8333333333333334,27.44,0.6666666666666666,0.246,1.0,1.6666666666666667,-0.4,-0.34285714285714286,0.6666666666666666,1.6666666666666667,-0.6,0.3333333333333333,1.0,1.0,0.0,1.0,0.0,0,1.0,6,0,0,70.0,0,Gold,1,1,32,F,Portland,Dairy,Mainstream,2021,166.14333333333332,202.00142857142856,Active,2024-04,1
500866,7,0.0,0.0,0.0,0.0,0.0,0.0,0.0,0.0,0.0,0,0.0,0.0,0.0,0.0,0.0,0.0,0.0,0.0,0.0,0.0,0.0,0.0,0.0,0.0,0.0,0.0,0.0,0,7.0,6,0,0,70.0,0,Silver,0,1,33,M,Portland,Snacks,Mainstream,2021,0.0,41.284000000000006,Lapsed,2024-04,1
500867,2,0.0,2.3333333333333335,5.0,-0.5333333333333333,98.60333333333334,209.54333333333332,-0.5294370297313205,-0.9142857142857143,0.5319946279466023,2,0.8333333333333334,42.25857142857143,1.6666666666666667,0.37,2.0,3.3333333333333335,-0.4,-0.34285714285714286,0.3333333333333333,1.0,-0.6666666666666667,0.0,0.6666666666666666,0.0,0.0,0.0,0.0,0,7.0,6,0,0,25.0,0,Platinum,2,1,10,M,Spokane,Beverages,Mainstream,2023,154.07333333333335,241.275,Active,2024-04,1
500868,7,0.0,0.0,0.0,0.0,0.0,0.0,0.0,0.0,0.0,0,0.0,0.0,0.0,0.0,0.0,0.0,0.0,0.0,0.0,0.0,0.0,0.0,0.0,0.0,0.0,0.0,0.0,0,7.0,6,0,0,53.0,0,Silver,0,1,22,F,Nashville,Snacks,Value,2022,0.0,18.4,Lapsed,2024-04,1
500869,5,0.0,0.0,1.3333333333333333,-1.0,0.0,34.82666666666667,-1.0,-0.45714285714285713,1.4144150294030802,0,0.3333333333333333,0.0,0.0,0.265,0.0,0.6666666666666666,-1.0,-0.17142857142857146,0.0,0.0,0.0,0.0,0.0,0.0,0.0,0.0,0.0,0,7.0,6,0,0,24.0,0,Silver,0,0,18,Other,Raleigh,Frozen Foods,Value,2022,17.413333333333334,97.067,Lapsed,2024-04,1
500870,1,4.0,5.666666666666667,5.666666666666667,0.0,221.49333333333334,227.99333333333334,-0.028509605544021755,-0.05714285714285714,0.20384105382120873,3,1.0,39.08705882352941,3.3333333333333335,0.315,3.6666666666666665,3.3333333333333335,0.09999999999999991,-0.02857142857142857,0.3333333333333333,0.0,0.6666666666666666,0.3333333333333333,0.3333333333333333,1.0,2.0,3.0,3.0,1,3.0,6,0,0,38.0,0,Gold,1,0,21,F,Denver,Produce,Value,2022,224.74333333333334,243.03533333333334,Active,2024-04,0
500871,5,0.0,0.0,3.0,-1.0,0.0,95.03333333333335,-1.0,-1.0571428571428572,1.4144120258375958,0,0.3333333333333333,0.0,0.0,0.22,0.0,0.0,0.0,0.0,0.0,0.0,0.0,0.0,0.0,0.0,1.0,1.0,1.0,0,5.0,6,0,0,41.0,0,Silver,0,0,31,M,Columbus,Frozen Foods,Unknown,2021,47.51666666666667,147.10444444444445,Lapsed,2024-04,1
500872,7,0.0,0.0,0.0,0.0,0.0,0.0,0.0,0.0,0.0,0,0.0,0.0,0.0,0.0,0.0,0.0,0.0,0.0,0.0,0.0,0.0,0.0,0.0,0.0,0.0,0.0,0.0,0,7.0,6,0,0,69.0,0,Silver,0,1,25,F,Columbus,Personal Care,Value,2022,0.0,78.76333333333334,Lapsed,2024-04,1
500873,5,0.0,0.0,2.0,-1.0,0.0,51.596666666666664,-1.0,-0.8,1.7821072063354477,0,0.3333333333333333,0.0,0.0,0.465,0.0,1.3333333333333333,-1.0,-0.5142857142857142,0.0,0.6666666666666666,-1.0,0.0,0.0,0.0,0.0,0.0,0.0,0,7.0,6,0,0,59.0,0,Silver,0,1,29,F,Tulsa,Produce,Mainstream,2021,25.798333333333332,77.16799999999999,Lapsed,2024-04,1
500874,7,0.0,0.0,0.0,0.0,0.0,0.0,0.0,0.0,0.0,0,0.0,0.0,0.0,0.0,0.0,0.0,0.0,0.0,0.0,0.0,0.0,0.0,0.0,0.0,0.0,0.0,0.0,0,7.0,6,0,0,71.0,0,Gold,1,0,25,F,Boise,Household,Mainstream,2022,0.0,63.5625,Lapsed,2024-04,1
500875,1,3.0,4.0,2.0,1.0,153.02,78.78666666666668,0.9422068031815873,0.4,0.37813031321338375,3,1.0,38.255,4.0,0.35166666666666674,3.0,2.0,0.5,0.4857142857142857,0.6666666666666666,0.6666666666666666,0.0,0.0,0.3333333333333333,1.0,0.0,1.0,1.0,1,3.0,6,0,0,65.0,0,Silver,0,0,9,M,Nashville,Frozen Foods,Mainstream,2023,115.90333333333332,121.92875000000001,Active,2024-04,0
500876,1,1.0,3.0,1.0,2.0,92.11,26.69,2.451105282877482,0.05714285714285714,0.7167923352597917,3,1.0,30.703333333333333,3.0,0.3025,1.0,2.0,-0.5,-0.4857142857142857,0.3333333333333333,1.0,-0.6666666666666667,0.0,1.0,4.0,0.0,4.0,1.0,1,1.0,6,0,2,37.0,0,Gold,1,0,22,F,Nashville,Produce,Upscale,2022,75.755,192.48153846153843,Active,2024-04,1
500877,1,3.0,2.3333333333333335,3.6666666666666665,-0.3636363636363636,94.44666666666666,158.61666666666667,-0.4045602605863193,0.05714285714285714,0.6696086379684663,3,1.0,40.47714285714285,2.0,0.2833333333333333,1.6666666666666667,2.6666666666666665,-0.37499999999999994,-0.2,0.3333333333333333,0.0,0.6666666666666666,0.0,0.3333333333333333,1.0,0.0,1.0,1.0,1,3.0,6,0,0,67.0,0,Gold,1,0,14,M,Tulsa,Household,Value,2023,126.53166666666665,116.92615384615384,Active,2024-04,0
500878,7,0.0,0.0,0.0,0.0,0.0,0.0,0.0,0.0,0.0,0,0.0,0.0,0.0,0.0,0.0,0.0,0.0,0.0,0.0,0.0,0.0,0.0,0.0,0.0,0.0,0.0,0.0,0,7.0,6,0,0,22.0,0,Gold,1,1,16,F,Madison,Personal Care,Mainstream,2022,0.0,50.07,Lapsed,2024-04,1
500879,1,8.0,6.5,6.5,0.0,136.445,136.445,0.0,0.0,0.33225841914324455,2,1.0,20.99153846153846,6.5,0.39,1.5,1.5,0.0,0.0,2.0,2.0,0.0,1.0,1.0,0.0,0.0,0.0,0.0,0,7.0,2,1,0,29.0,0,Gold,1,1,4,F,Boise,Frozen Foods,Value,2023,136.445,136.445,Active,2024-04,0
500880,1,1.0,1.6666666666666667,4.0,-0.5833333333333333,49.53333333333333,116.77666666666666,-0.5758285045528502,-0.6,0.7122666842200579,3,1.0,29.72,2.0,0.19833333333333333,3.3333333333333335,1.3333333333333333,1.5,0.4,0.3333333333333333,3.0,-0.8888888888888888,0.3333333333333333,0.3333333333333333,0.0,0.0,0.0,0.0,0,7.0,6,0,0,67.0,0,Silver,0,1,6,F,Tulsa,Dairy,Mainstream,2023,83.15500000000002,83.155,Active,2024-04,0
500881,1,9.0,8.333333333333334,4.666666666666667,0.7857142857142857,259.09,128.03666666666666,1.0235609591002577,1.1142857142857143,0.45425170965233624,3,1.0,31.090799999999994,4.333333333333333,0.3466666666666667,2.3333333333333335,1.0,1.3333333333333335,0.4,1.6666666666666667,2.0,-0.16666666666666663,0.3333333333333333,1.0,0.0,0.0,0.0,0.0,0,7.0,6,0,0,21.0,0,Gold,1,1,13,Other,Denver,Frozen Foods,Mainstream,2023,193.56333333333336,188.476,Active,2024-04,0
500882,7,0.0,0.0,0.0,0.0,0.0,0.0,0.0,0.0,0.0,0,0.0,0.0,0.0,0.0,0.0,0.0,0.0,0.0,0.0,0.0,0.0,0.0,0.0,0.0,0.0,0.0,0.0,0,7.0,6,0,0,55.0,0,Silver,0,1,11,F,Raleigh,Personal Care,Value,2023,0.0,105.59,Lapsed,2024-04,1
500883,3,0.0,0.3333333333333333,1.6666666666666667,-0.8,8.11,39.766666666666666,-0.7960603520536462,-0.4,1.8197821994854708,1,0.3333333333333333,24.33,0.0,0.28500000000000003,0.3333333333333333,1.0,-0.6666666666666667,-0.17142857142857143,0.0,0.3333333333333333,-0.6666666666666666,0.0,0.0,1.0,0.0,1.0,0.0,0,1.0,6,0,0,68.0,0,Silver,0,0,24,M,Austin,Produce,Unknown,2022,23.938333333333333,63.52777777777778,Active,2024-04,1
500884,1,1.0,3.0,4.0,-0.25,96.10666666666667,126.77666666666666,-0.2419214892330344,-0.37142857142857144,0.5239156938808491,3,1.0,32.035555555555554,2.0,0.27166666666666667,0.6666666666666666,1.3333333333333333,-0.5,-0.17142857142857143,1.6666666666666667,1.3333333333333333,0.2500000000000001,0.6666666666666666,1.6666666666666667,0.0,0.0,0.0,0.0,0,7.0,6,0,0,31.0,0,Silver,0,1,11,F,Madison,Bakery,Value,2023,111.44166666666666,101.495,Active,2024-04,0
500885,4,0.0,0.0,1.0,-1.0,0.0,27.623333333333335,-1.0,-0.2571428571428571,1.0088310694048714,0,0.5,0.0,0.0,0.38666666666666666,0.0,0.0,0.0,0.0,0.0,0.6666666666666666,-1.0,0.0,0.0,0.0,0.0,0.0,0.0,0,7.0,6,0,0,57.0,0,Silver,0,0,9,M,Raleigh,Personal Care,Value,2023,13.811666666666667,34.004999999999995,Lapsed,2024-04,1
500886,7,0.0,0.0,0.0,0.0,0.0,0.0,0.0,0.0,0.0,0,0.0,0.0,0.0,0.0,0.0,0.0,0.0,0.0,0.0,0.0,0.0,0.0,0.0,0.0,0.0,0.0,0.0,0,7.0,6,0,0,50.0,0,Silver,0,0,16,M,Nashville,Produce,Value,2022,0.0,96.81666666666666,Lapsed,2024-04,1
500887,7,0.0,0.0,0.0,0.0,0.0,0.0,0.0,0.0,0.0,0,0.0,0.0,0.0,0.0,0.0,0.0,0.0,0.0,0.0,0.0,0.0,0.0,0.0,0.0,0.0,0.0,0.0,0,7.0,6,0,0,57.0,0,Gold,1,1,21,F,Denver,Dairy,Mainstream,2022,0.0,87.32833333333333,Lapsed,2024-04,1
500888,1,2.0,3.0,1.5,1.0,126.36666666666666,67.695,0.8667060590393186,0.2972972972972973,0.5129365662872497,3,1.0,42.12222222222222,2.0,0.25599999999999995,1.0,4.5,-0.7777777777777778,-0.6486486486486486,1.0,0.5,1.0,0.6666666666666666,0.5,1.0,0.0,1.0,1.0,1,1.0,6,0,1,35.0,0,Platinum,2,0,38,F,Tulsa,Personal Care,Mainstream,2021,102.89799999999998,134.9142857142857,Active,2024-04,0
500889,1,1.0,1.6666666666666667,3.3333333333333335,-0.5,58.60666666666666,129.13000000000002,-0.5461421306693515,-0.42857142857142855,0.8802612360047765,2,0.8333333333333334,35.163999999999994,0.6666666666666666,0.23200000000000004,0.3333333333333333,1.3333333333333333,-0.75,-0.37142857142857144,0.0,0.0,0.0,0.0,1.0,0.0,1.0,1.0,0.0,0,5.0,6,0,0,24.0,0,Silver,0,0,19,F,Raleigh,Bakery,Mainstream,2022,93.86833333333334,128.24714285714285,Active,2024-04,1
500890,1,1.0,3.0,6.666666666666667,-0.55,100.21,237.29999999999998,-0.5777075431942688,-1.1714285714285715,0.4710817563445493,3,1.0,33.40333333333333,1.6666666666666667,0.19499999999999998,2.3333333333333335,3.3333333333333335,-0.3,-0.42857142857142855,1.6666666666666667,2.0,-0.16666666666666663,0.6666666666666666,0.6666666666666666,0.0,1.0,1.0,0.0,0,4.0,6,0,0,70.0,0,Silver,0,1,13,F,Nashville,Frozen Foods,Mainstream,2023,168.755,175.3609090909091,Active,2024-04,0
500891,7,0.0,0.0,0.0,0.0,0.0,0.0,0.0,0.0,0.0,0,0.0,0.0,0.0,0.0,0.0,0.0,0.0,0.0,0.0,0.0,0.0,0.0,0.0,0.0,0.0,0.0,0.0,0,7.0,6,0,0,23.0,0,Silver,0,1,12,F,Columbus,Personal Care,Upscale,2023,0.0,29.15,Lapsed,2024-04,1
500892,1,1.0,3.5,7.333333333333333,-0.5227272727272727,81.565,217.74666666666667,-0.6254133243524586,-1.1976744186046513,0.4979188876597603,2,1.0,23.304285714285715,3.0,0.42000000000000004,3.0,1.0,2.0,0.5465116279069768,1.5,1.3333333333333333,0.12500000000000006,0.5,0.6666666666666666,0.0,0.0,0.0,0.0,0,7.0,6,0,1,37.0,0,Silver,0,1,17,M,Portland,Snacks,Mainstream,2022,163.27399999999997,180.98357142857142,Active,2024-04,0
500893,5,0.0,0.0,2.0,-1.0,0.0,75.32000000000001,-1.0,-0.8,1.7718608898243604,0,0.3333333333333333,0.0,0.0,0.33,0.0,1.0,-1.0,-0.2571428571428571,0.0,2.3333333333333335,-1.0,0.0,0.0,3.0,1.0,4.0,1.0,1,2.0,6,0,0,18.0,0,Silver,0,1,35,M,Madison,Beverages,Mainstream,2021,37.660000000000004,110.343,Lapsed,2024-04,1
500894,7,0.0,0.0,0.0,0.0,0.0,0.0,0.0,0.0,0.0,0,0.0,0.0,0.0,0.0,0.0,0.0,0.0,0.0,0.0,0.0,0.0,0.0,0.0,0.0,0.0,0.0,0.0,0,7.0,6,0,0,29.0,0,Silver,0,0,14,F,Boise,Frozen Foods,Value,2023,0.0,53.09,Lapsed,2024-04,1
500895,2,0.0,0.3333333333333333,4.333333333333333,-0.923076923076923,7.553333333333334,126.29333333333334,-0.9401921452702703,-1.2,0.9994128845594733,1,0.6666666666666666,22.660000000000004,0.0,0.1975,1.6666666666666667,1.6666666666666667,0.0,0.0,0.0,1.3333333333333333,-1.0,0.0,0.3333333333333333,2.0,0.0,2.0,0.0,0,3.0,6,0,0,55.0,0,Silver,0,1,9,F,Madison,Bakery,Mainstream,2023,66.92333333333333,102.92,Active,2024-04,1
500896,1,2.0,2.0,1.0,1.0,66.64,34.17,0.9502487562189054,0.12790697674418602,0.8194109958338174,2,0.8,33.32,2.0,0.255,0.0,1.0,-1.0,-0.2441860465116278,2.6666666666666665,4.0,-0.33333333333333337,0.3333333333333333,1.5,0.0,0.0,0.0,0.0,0,7.0,6,0,1,20.0,0,Gold,1,1,22,M,Denver,Produce,Mainstream,2022,53.652,92.86,Active,2024-04,0
500897,7,0.0,0.0,0.0,0.0,0.0,0.0,0.0,0.0,0.0,0,0.0,0.0,0.0,0.0,0.0,0.0,0.0,0.0,0.0,0.0,0.0,0.0,0.0,0.0,2.0,2.0,0.0,0,5.0,6,0,1,30.0,0,Silver,0,0,29,F,Columbus,Bakery,Value,2021,0.0,171.90625,Lapsed,2024-04,1
500898,1,9.0,6.0,4.333333333333333,0.3846153846153847,105.67999999999999,77.21,0.3687346198678928,0.5232558139534884,0.4670704655559896,2,1.0,17.613333333333333,5.0,0.316,3.0,3.3333333333333335,-0.10000000000000003,-0.0813953488372093,0.5,1.6666666666666667,-0.7000000000000001,0.5,0.0,1.0,1.0,2.0,2.0,1,1.0,6,0,1,37.0,0,Silver,0,1,36,F,Spokane,Bakery,Mainstream,2021,88.598,94.91416666666667,Active,2024-04,0
500899,4,0.0,0.0,0.3333333333333333,-0.6666666666666666,0.0,14.186666666666667,-1.0,-0.028571428571428577,2.23606797749979,0,0.16666666666666666,0.0,0.0,0.27,0.3333333333333333,0.3333333333333333,0.0,0.11428571428571428,1.3333333333333333,1.6666666666666667,-0.20000000000000007,0.0,0.3333333333333333,1.0,2.0,3.0,1.0,0,3.0,6,0,0,36.0,0,Gold,1,1,10,F,Denver,Beverages,Value,2023,7.093333333333334,43.510000000000005,Lapsed,2024-04,0
500900,1,5.0,4.666666666666667,6.0,-0.22222222222222218,186.80333333333337,265.145,-0.2954672600526754,0.013513513513513525,0.35342837190112525,3,1.0,40.02928571428572,5.333333333333333,0.23399999999999999,2.3333333333333335,3.0,-0.22222222222222218,0.4459459459459459,0.6666666666666666,0.0,1.3333333333333333,1.0,0.5,1.0,0.0,1.0,0.0,0,2.0,6,0,1,74.0,0,Platinum,2,0,34,F,Spokane,Frozen Foods,Value,2021,218.14000000000001,184.14857142857142,Active,2024-04,0
500901,1,5.0,4.0,4.666666666666667,-0.1428571428571429,136.85666666666668,151.48666666666665,-0.09657615631738746,0.22857142857142856,0.48585166132275504,3,1.0,34.21416666666667,2.3333333333333335,0.25333333333333335,2.6666666666666665,3.0,-0.11111111111111116,-0.08571428571428572,2.3333333333333335,1.3333333333333333,0.7500000000000002,1.3333333333333333,0.6666666666666666,0.0,0.0,0.0,0.0,0,7.0,6,0,0,28.0,0,Silver,0,1,32,F,Tulsa,Household,Mainstream,2021,144.17166666666665,154.86533333333333,Active,2024-04,0
500902,7,0.0,0.0,0.0,0.0,0.0,0.0,0.0,0.0,0.0,0,0.0,0.0,0.0,0.0,0.0,0.0,0.0,0.0,0.0,0.0,0.0,0.0,0.0,0.0,0.0,0.0,0.0,0,7.0,6,0,0,30.0,0,Platinum,2,0,14,M,Madison,Frozen Foods,Upscale,2023,0.0,129.75,Lapsed,2024-04,1
500903,5,0.0,0.0,1.0,-1.0,0.0,29.246666666666666,-1.0,-0.37142857142857144,1.4959109793432435,0,0.3333333333333333,0.0,0.0,0.2,0.0,0.0,0.0,0.0,0.0,0.0,0.0,0.0,0.3333333333333333,0.0,0.0,0.0,0.0,0,7.0,6,0,0,61.0,0,Silver,0,0,12,F,Nashville,Snacks,Mainstream,2023,14.623333333333333,84.82428571428571,Lapsed,2024-04,1
500904,4,0.0,0.0,1.3333333333333333,-1.0,0.0,32.03,-1.0,-0.45714285714285713,1.6743743390886863,0,0.3333333333333333,0.0,0.0,0.395,0.0,0.0,0.0,0.0,0.0,0.3333333333333333,-0.6666666666666666,0.0,0.0,0.0,2.0,2.0,1.0,0,5.0,6,0,0,46.0,1,Silver,0,1,10,F,Nashville,Household,Mainstream,2023,16.015,55.94,Lapsed,2024-04,1
500905,7,0.0,0.0,0.0,0.0,0.0,0.0,0.0,0.0,0.0,0,0.0,0.0,0.0,0.0,0.0,0.0,0.0,0.0,0.0,0.0,0.0,0.0,0.0,0.0,0.0,0.0,0.0,0,7.0,6,0,0,46.0,0,Silver,0,1,12,M,Columbus,Personal Care,Value,2023,0.0,34.135000000000005,Lapsed,2024-04,1
500906,1,1.0,3.6666666666666665,11.666666666666666,-0.6857142857142857,104.33,308.3966666666667,-0.6617019206865618,-1.7142857142857142,0.7056346420971327,3,1.0,28.453636363636363,2.6666666666666665,0.29,1.6666666666666667,4.333333333333333,-0.6153846153846153,-0.8,0.0,0.3333333333333333,-0.6666666666666666,1.0,0.3333333333333333,2.0,1.0,3.0,1.0,1,1.0,6,0,0,73.0,0,Silver,0,0,33,F,Nashville,Dairy,Value,2021,206.36333333333334,210.642,Active,2024-04,1
500907,1,7.0,4.666666666666667,3.6666666666666665,0.2727272727272729,231.27,177.42333333333332,0.303492588348019,0.3142857142857143,0.3559244211745537,3,1.0,49.557857142857145,3.3333333333333335,0.37166666666666665,2.0,1.6666666666666667,0.19999999999999996,-0.42857142857142855,0.3333333333333333,3.0,-0.8888888888888888,0.0,1.3333333333333333,0.0,0.0,0.0,0.0,0,7.0,6,0,0,29.0,0,Platinum,2,1,11,F,Madison,Household,Mainstream,2023,204.34666666666666,243.586,Active,2024-04,0
500908,1,8.0,5.666666666666667,3.0,0.888888888888889,204.48000000000002,122.38999999999999,0.6707247324127792,1.0857142857142856,0.7012956646668096,3,0.8333333333333334,36.08470588235294,3.3333333333333335,0.296,3.6666666666666665,1.3333333333333333,1.7499999999999998,0.4857142857142857,0.6666666666666666,2.0,-0.6666666666666667,1.3333333333333333,0.6666666666666666,0.0,0.0,0.0,0.0,0,7.0,6,0,0,18.0,0,Platinum,2,0,18,F,Nashville,Household,Upscale,2022,163.43500000000003,181.30928571428572,Active,2024-04,0
500909,1,10.0,9.0,3.3333333333333335,1.6999999999999997,294.61,106.26999999999998,1.772278159405289,1.3837209302325582,0.5262961413541728,2,1.0,32.73444444444445,5.5,0.31799999999999995,3.5,1.3333333333333333,1.6250000000000002,0.4418604651162791,0.0,0.6666666666666666,-1.0,0.5,1.3333333333333333,0.0,1.0,1.0,0.0,0,6.0,6,0,1,68.0,0,Silver,0,0,35,F,Denver,Bakery,Value,2021,181.606,188.70846153846153,Active,2024-04,0
500910,1,5.0,4.666666666666667,2.5,0.8666666666666668,166.63666666666668,83.175,1.00344654844204,0.8,0.3556588249792472,3,1.0,35.707857142857144,2.3333333333333335,0.194,2.6666666666666665,2.5,0.06666666666666661,0.3,0.6666666666666666,0.5,0.33333333333333326,0.3333333333333333,2.0,0.0,1.0,1.0,1.0,0,4.0,6,0,1,34.0,0,Silver,0,0,26,M,Nashville,Produce,Upscale,2022,133.252,145.6457142857143,Active,2024-04,0
500911,1,2.0,3.0,3.0,0.0,67.83333333333333,67.83333333333333,0.0,0.5,0.6738508375392486,3,1.0,22.61111111111111,3.0,0.27999999999999997,2.0,2.0,0.0,-1.0,0.0,0.0,0.0,0.3333333333333333,0.3333333333333333,1.0,0.0,1.0,1.0,1,2.0,3,1,0,36.0,0,Silver,0,1,4,F,Denver,Produce,Mainstream,2023,67.83333333333333,67.83333333333333,Active,2024-04,0
500912,1,5.0,5.0,5.0,0.0,276.03,276.03,0.0,0.0,0.0,1,1.0,55.205999999999996,0.0,0.33,2.0,2.0,0.0,0.0,0.0,0.0,0.0,0.0,0.0,0.0,0.0,0.0,0.0,0,7.0,1,1,0,64.0,0,Platinum,2,0,2,F,Columbus,Dairy,Value,2024,276.03,276.03,Active,2024-04,0
500913,1,7.0,8.0,7.0,0.14285714285714285,195.47,167.9333333333333,0.16397379912663773,0.02857142857142857,0.21084151502828263,3,1.0,24.43375,3.0,0.315,4.0,4.0,0.0,0.05714285714285714,0.3333333333333333,1.3333333333333333,-0.75,1.0,0.3333333333333333,0.0,0.0,0.0,0.0,0,7.0,6,0,0,53.0,0,Silver,0,1,8,F,Austin,Frozen Foods,Mainstream,2023,181.70166666666668,173.0142857142857,Active,2024-04,0
500914,1,2.0,3.6666666666666665,3.3333333333333335,0.09999999999999991,93.04,81.65666666666668,0.139404825080622,0.2,0.481016618087074,3,1.0,25.37454545454546,1.0,0.3383333333333334,3.6666666666666665,1.6666666666666667,1.1999999999999997,0.5714285714285715,1.0,0.0,2.0,0.6666666666666666,0.3333333333333333,0.0,0.0,0.0,0.0,0,7.0,6,0,0,23.0,0,Silver,0,0,33,F,Boise,Personal Care,Value,2021,87.34833333333334,105.98466666666667,Active,2024-04,0
500915,1,8.0,7.333333333333333,8.0,-0.08333333333333337,307.0133333333333,306.2,0.002656215980840407,-0.45714285714285713,0.334373755074496,3,1.0,41.86545454545455,3.3333333333333335,0.17,4.333333333333333,3.3333333333333335,0.2999999999999999,0.5428571428571428,0.0,1.0,-1.0,0.0,0.6666666666666666,1.0,0.0,1.0,0.0,0,1.0,6,0,0,68.0,0,Gold,1,0,8,M,Portland,Frozen Foods,Value,2023,306.6066666666667,329.4585714285714,Active,2024-04,0
500916,6,0.0,0.0,1.0,-1.0,0.0,35.88,-1.0,-0.42857142857142855,2.23606797749979,0,0.16666666666666666,0.0,0.0,0.26,0.0,0.0,0.0,0.0,0.0,0.3333333333333333,-0.6666666666666666,0.0,0.0,0.0,3.0,3.0,2.0,0,4.0,6,0,0,70.0,0,Silver,0,1,11,Unknown,Madison,Bakery,Mainstream,2023,17.94,104.0775,Lapsed,2024-04,1
500917,1,3.0,3.0,1.6666666666666667,0.7999999999999999,77.23,46.27333333333333,0.6689958219276763,0.4,0.4856318093060529,3,0.8333333333333334,25.743333333333336,1.3333333333333333,0.36800000000000005,0.6666666666666666,2.0,-0.6666666666666667,-0.2857142857142857,1.6666666666666667,1.0,0.6666666666666667,0.3333333333333333,0.6666666666666666,0.0,0.0,0.0,0.0,0,7.0,6,0,0,18.0,0,Silver,0,1,20,F,Tulsa,Household,Mainstream,2022,61.751666666666665,95.63538461538461,Active,2024-04,0
500918,7,0.0,0.0,0.0,0.0,0.0,0.0,0.0,0.0,0.0,0,0.0,0.0,0.0,0.0,0.0,0.3333333333333333,-0.6666666666666666,-0.14285714285714285,0.0,0.0,0.0,0.0,0.0,0.0,0.0,0.0,0.0,0,7.0,6,0,0,65.0,0,Platinum,2,0,18,F,Raleigh,Bakery,Mainstream,2022,0.0,105.92125,Lapsed,2024-04,1
500919,1,7.0,7.0,7.0,0.0,311.46,311.46,0.0,0.0,0.0,1,1.0,44.49428571428571,4.0,0.5,1.0,1.0,0.0,0.0,1.0,1.0,0.0,0.0,0.0,0.0,0.0,0.0,0.0,0,7.0,1,1,0,28.0,0,Gold,1,1,2,M,Columbus,Personal Care,Value,2024,311.46,311.46,Active,2024-04,0
500920,1,6.0,6.333333333333333,5.0,0.2666666666666666,119.15333333333335,116.87333333333333,0.019508299583594905,0.6285714285714286,0.4859166973279669,3,1.0,18.81368421052632,3.0,0.26666666666666666,4.333333333333333,1.0,3.0,0.8571428571428571,1.0,1.0,0.0,1.0,0.3333333333333333,0.0,0.0,0.0,0.0,0,7.0,6,0,0,26.0,0,Silver,0,1,7,F,Madison,Snacks,Unknown,2023,118.01333333333336,118.01333333333334,Active,2024-04,0
500921,1,10.0,9.0,6.666666666666667,0.3499999999999999,302.60999999999996,235.84,0.28311567164179086,0.8285714285714286,0.26734402677515423,3,1.0,33.62333333333333,2.6666666666666665,0.3416666666666666,4.333333333333333,1.6666666666666667,1.5999999999999996,0.5142857142857142,0.6666666666666666,0.3333333333333333,0.6666666666666666,1.3333333333333333,0.6666666666666666,0.0,0.0,0.0,0.0,0,7.0,6,0,0,61.0,0,Platinum,2,0,38,M,Tulsa,Frozen Foods,Value,2021,269.22499999999997,259.4130769230769,Active,2024-04,0
500922,1,2.0,3.3333333333333335,5.0,-0.3333333333333333,117.33999999999999,203.65,-0.42381536950650633,-0.5232558139534883,0.4015925177661144,3,1.0,35.202,1.3333333333333333,0.324,3.3333333333333335,4.0,-0.16666666666666663,-0.4534883720930232,0.0,0.5,-1.0,0.6666666666666666,0.0,0.0,0.0,0.0,0.0,0,7.0,6,0,1,51.0,0,Silver,0,0,16,M,Columbus,Household,Mainstream,2022,151.86399999999998,174.1242857142857,Active,2024-04,0
500923,1,3.0,5.666666666666667,6.666666666666667,-0.15,151.01333333333335,193.61,-0.22001274038875399,-0.4857142857142857,0.49711974026017935,3,1.0,26.649411764705885,2.0,0.33,0.3333333333333333,0.3333333333333333,0.0,0.0,0.3333333333333333,0.6666666666666666,-0.5,0.6666666666666666,1.3333333333333333,0.0,1.0,1.0,0.0,0,6.0,6,0,0,42.0,0,Silver,0,0,10,F,Columbus,Beverages,Value,2023,172.31166666666664,148.13222222222223,Active,2024-04,0
500924,1,13.0,13.0,6.0,1.1666666666666667,468.265,212.16,1.2071314102564104,1.7702702702702702,0.4546940328298898,2,1.0,36.020384615384614,7.0,0.29799999999999993,5.0,4.0,0.25,0.17567567567567563,2.5,1.0,1.5,0.0,0.3333333333333333,0.0,0.0,0.0,0.0,0,7.0,6,0,1,49.0,0,Platinum,2,1,31,F,Madison,Dairy,Mainstream,2021,314.602,313.90923076923076,Active,2024-04,0
500925,5,0.0,0.0,2.0,-1.0,0.0,67.15333333333334,-1.0,-0.6857142857142857,1.4142604870178737,0,0.3333333333333333,0.0,0.0,0.315,0.3333333333333333,1.6666666666666667,-0.8,-0.34285714285714286,0.0,0.3333333333333333,-0.6666666666666666,0.0,0.0,1.0,0.0,1.0,0.0,0,3.0,6,0,0,29.0,0,Silver,0,0,17,M,Tulsa,Personal Care,Value,2022,33.57666666666667,155.35636363636365,Lapsed,2024-04,1
500926,2,0.0,2.6666666666666665,5.333333333333333,-0.5,79.20666666666666,139.46666666666667,-0.43207456978967496,-1.0857142857142856,0.5613311858601413,2,0.8333333333333334,29.7025,1.3333333333333333,0.292,2.6666666666666665,1.6666666666666667,0.5999999999999999,0.2571428571428571,1.3333333333333333,2.0,-0.33333333333333337,0.3333333333333333,0.6666666666666666,2.0,0.0,2.0,0.0,0,2.0,6,0,0,57.0,0,Gold,1,1,31,F,Spokane,Personal Care,Mainstream,2021,109.33666666666666,145.0664285714286,Active,2024-04,0
500927,1,5.0,5.0,3.0,0.6666666666666666,166.60333333333332,87.37,0.9068711609629543,0.7,0.3284357445667476,3,1.0,33.32066666666667,2.3333333333333335,0.28800000000000003,3.6666666666666665,2.0,0.8333333333333333,0.0,1.6666666666666667,0.5,2.3333333333333335,0.3333333333333333,0.5,0.0,0.0,0.0,0.0,0,7.0,5,0,0,38.0,0,Gold,1,1,6,F,Raleigh,Frozen Foods,Upscale,2023,134.91000000000003,134.91,Active,2024-04,0
500928,7,0.0,0.0,0.0,0.0,0.0,0.0,0.0,0.0,0.0,0,0.0,0.0,0.0,0.0,0.0,0.0,0.0,0.0,0.0,0.0,0.0,0.0,0.0,0.0,0.0,0.0,0.0,0,7.0,6,0,0,35.0,0,Silver,0,1,18,F,Tulsa,Frozen Foods,Unknown,2022,0.0,71.77333333333333,Lapsed,2024-04,1
500929,1,4.0,2.0,3.6666666666666665,-0.45454545454545453,79.26666666666667,131.24666666666667,-0.39604815360390105,-0.3142857142857143,0.5910243141178373,2,0.8333333333333334,39.63333333333333,2.0,0.22400000000000003,0.6666666666666666,0.0,1.3333333333333333,0.22857142857142856,0.6666666666666666,2.0,-0.6666666666666667,0.6666666666666666,1.3333333333333333,1.0,0.0,1.0,0.0,0,1.0,6,0,0,49.0,0,Platinum,2,1,31,M,Boise,Beverages,Mainstream,2021,105.25666666666666,91.67692307692307,Active,2024-04,0
500930,1,3.0,3.0,3.3333333333333335,-0.10000000000000003,122.065,131.37,-0.07083047880033498,-0.02325581395348837,0.2887717716172382,2,1.0,40.68833333333333,2.5,0.312,1.0,1.6666666666666667,-0.4,-0.10465116279069768,0.0,2.0,-1.0,2.0,0.0,0.0,2.0,2.0,1.0,0,4.0,6,0,1,39.0,0,Silver,0,1,29,M,Spokane,Bakery,Value,2021,127.648,118.24846153846154,Active,2024-04,0
500931,1,1.0,1.6666666666666667,1.3333333333333333,0.2500000000000001,38.22666666666667,34.916666666666664,0.09479713603818622,0.02857142857142857,0.995941735667546,2,0.6666666666666666,22.936,1.0,0.425,2.3333333333333335,2.0,0.16666666666666674,0.3142857142857143,1.3333333333333333,1.0,0.33333333333333326,0.6666666666666666,0.6666666666666666,0.0,0.0,0.0,0.0,0,7.0,6,0,0,21.0,0,Silver,0,1,25,M,Columbus,Snacks,Mainstream,2022,36.571666666666665,47.44875,Active,2024-04,0
500932,1,3.0,4.0,2.5,0.6,109.28666666666668,63.215,0.7288090906694087,0.7,0.6780227560767709,3,1.0,27.32166666666667,2.0,0.316,0.3333333333333333,1.0,-0.6666666666666667,-0.2,1.3333333333333333,2.0,-0.33333333333333337,0.0,0.0,0.0,0.0,0.0,0.0,0,7.0,6,0,1,31.0,0,Silver,0,1,17,M,Boise,Snacks,Mainstream,2022,90.858,88.01142857142858,Active,2024-04,0
500933,7,0.0,0.0,0.0,0.0,0.0,0.0,0.0,0.0,0.0,0,0.0,0.0,0.0,0.0,0.0,0.0,0.0,0.0,0.0,0.0,0.0,0.0,0.0,0.0,0.0,0.0,0.0,0,7.0,6,0,0,73.0,0,Silver,0,1,31,F,Nashville,Household,Mainstream,2021,0.0,29.3775,Lapsed,2024-04,1
500934,1,5.0,4.333333333333333,5.333333333333333,-0.1875,146.45000000000002,170.97000000000003,-0.14341697373808274,-0.2571428571428571,0.516056836214573,3,1.0,33.79615384615385,2.3333333333333335,0.26333333333333336,1.6666666666666667,2.0,-0.16666666666666663,-0.02857142857142857,0.0,0.0,0.0,1.0,0.3333333333333333,0.0,0.0,0.0,0.0,0,7.0,6,0,0,34.0,0,Platinum,2,0,14,Other,Tulsa,Personal Care,Upscale,2023,158.71,145.6376923076923,Active,2024-04,0
500936,7,0.0,0.0,0.0,0.0,0.0,0.0,0.0,0.0,0.0,0,0.0,0.0,0.0,0.0,0.0,0.0,0.0,0.0,0.0,0.0,0.0,0.0,0.0,0.0,0.0,0.0,0.0,0,7.0,6,0,0,28.0,0,Silver,0,1,20,M,Nashville,Beverages,Value,2022,0.0,41.37,Lapsed,2024-04,1
500937,6,0.0,0.0,0.6666666666666666,-1.0,0.0,22.86,-1.0,-0.2857142857142857,2.23606797749979,0,0.16666666666666666,0.0,0.0,0.26,0.0,0.3333333333333333,-0.6666666666666666,-0.14285714285714285,0.0,0.0,0.0,0.0,0.0,0.0,1.0,1.0,1.0,0,6.0,6,0,0,20.0,0,Gold,1,0,11,M,Spokane,Produce,Value,2023,11.43,93.646,Lapsed,2024-04,1
500938,1,7.0,7.0,8.666666666666666,-0.19230769230769226,244.01,274.15333333333336,-0.10995063589718662,-1.0571428571428572,0.3660101706124622,3,1.0,34.85857142857143,2.3333333333333335,0.2833333333333333,3.6666666666666665,4.0,-0.08333333333333337,0.14285714285714285,0.3333333333333333,0.3333333333333333,0.0,0.3333333333333333,0.3333333333333333,0.0,2.0,2.0,1.0,0,4.0,6,0,0,69.0,0,Gold,1,0,7,M,Denver,Household,Upscale,2023,259.08166666666665,259.08166666666665,Active,2024-04,0
500939,1,6.0,4.333333333333333,6.666666666666667,-0.3500000000000001,119.13,190.33,-0.37408711185835136,-0.6,0.3273659655912036,3,1.0,27.49153846153846,2.6666666666666665,0.3433333333333333,3.0,1.6666666666666667,0.7999999999999999,0.0,0.0,0.6666666666666666,-1.0,0.0,0.6666666666666666,0.0,2.0,2.0,0.0,0,4.0,6,0,0,51.0,0,Gold,1,0,20,M,Austin,Snacks,Mainstream,2022,154.73,122.41866666666667,Active,2024-04,0
500940,1,9.0,8.666666666666666,5.333333333333333,0.625,196.6966666666667,123.86333333333334,0.5880136709814581,0.8571428571428571,0.4112420916695056,3,1.0,22.695769230769233,2.6666666666666665,0.41999999999999993,1.0,3.0,-0.6666666666666666,-0.45714285714285713,2.3333333333333335,1.0,1.3333333333333335,1.3333333333333333,0.3333333333333333,0.0,0.0,0.0,0.0,0,7.0,6,0,0,68.0,0,Silver,0,1,12,F,Austin,Dairy,Mainstream,2023,160.28,178.13727272727272,Active,2024-04,0
500941,7,0.0,0.0,0.0,0.0,0.0,0.0,0.0,0.0,0.0,0,0.0,0.0,0.0,0.0,0.0,0.0,0.0,0.0,0.0,0.0,0.0,0.0,0.0,0.0,0.0,0.0,0.0,0,7.0,6,0,0,65.0,0,Silver,0,1,19,F,Madison,Household,Mainstream,2022,0.0,106.68571428571428,Lapsed,2024-04,1
500942,1,4.0,3.0,4.666666666666667,-0.3571428571428572,91.91000000000001,157.06000000000003,-0.4148096268941806,-0.657142857142857,0.48917466612084126,3,1.0,30.63666666666667,3.6666666666666665,0.3116666666666667,3.6666666666666665,1.6666666666666667,1.1999999999999997,0.5714285714285714,1.6666666666666667,1.3333333333333333,0.2500000000000001,0.6666666666666666,0.3333333333333333,1.0,1.0,2.0,0.0,0,2.0,6,0,0,38.0,0,Gold,1,1,27,Unknown,Madison,Personal Care,Mainstream,2022,124.48500000000001,152.35933333333332,Active,2024-04,0
500943,1,5.0,5.0,1.3333333333333333,2.7500000000000004,176.9433333333333,50.453333333333326,2.5070692389006344,0.8857142857142857,0.7160255397398985,3,1.0,35.38866666666666,3.0,0.26333333333333336,1.0,1.3333333333333333,-0.24999999999999994,0.08571428571428572,1.0,0.3333333333333333,1.3333333333333335,1.6666666666666667,0.3333333333333333,1.0,1.0,2.0,0.0,0,3.0,6,0,0,45.0,0,Gold,1,0,30,M,Raleigh,Personal Care,Value,2021,113.69833333333331,117.3753846153846,Active,2024-04,0
500944,7,0.0,0.0,0.0,0.0,0.0,0.0,0.0,0.0,0.0,0,0.0,0.0,0.0,0.0,0.0,0.0,0.0,0.0,0.0,0.0,0.0,0.0,0.0,0.0,0.0,0.0,0.0,0,7.0,6,0,0,57.0,0,Silver,0,0,29,Other,Austin,Personal Care,Upscale,2021,0.0,122.41333333333334,Lapsed,2024-04,1
500945,4,0.0,0.0,4.333333333333333,-1.0,0.0,141.98333333333332,-1.0,-1.5142857142857142,1.426380233496722,0,0.5,0.0,0.0,0.24666666666666667,0.0,1.6666666666666667,-1.0,-0.42857142857142855,0.0,1.0,-1.0,0.0,0.3333333333333333,1.0,0.0,1.0,0.0,0,3.0,6,0,0,62.0,0,Silver,0,1,19,M,Spokane,Personal Care,Value,2022,70.99166666666666,161.1709090909091,Lapsed,2024-04,1
500946,1,2.0,2.0,2.0,0.0,43.24,43.24,0.0,0.0,0.0,1,1.0,21.62,0.0,0.75,0.0,0.0,0.0,0.0,2.0,2.0,0.0,0.0,0.0,2.0,0.0,2.0,0.0,0,1.0,1,1,0,45.0,0,Silver,0,0,2,F,Tulsa,Personal Care,Mainstream,2024,43.24,43.24,Active,2024-04,0
500947,1,2.0,3.3333333333333335,5.0,-0.3333333333333333,80.57666666666667,131.57,-0.38757568848014995,-0.7,0.43116338209953925,3,1.0,24.173,2.6666666666666665,0.246,2.0,1.0,1.0,0.1,0.6666666666666666,5.0,-0.8666666666666666,1.0,0.5,1.0,0.0,1.0,0.0,0,3.0,5,0,0,20.0,0,Silver,0,1,6,F,Nashville,Dairy,Value,2023,100.974,100.974,Active,2024-04,0
500948,7,0.0,0.0,0.0,0.0,0.0,0.0,0.0,0.0,0.0,0,0.0,0.0,0.0,0.0,0.0,0.0,0.0,0.0,0.0,0.0,0.0,0.0,0.0,0.0,3.0,3.0,0.0,0,5.0,6,0,0,34.0,0,Platinum,2,0,28,F,Austin,Frozen Foods,Mainstream,2021,0.0,158.91444444444446,Lapsed,2024-04,1
500949,2,0.0,2.3333333333333335,5.666666666666667,-0.5882352941176471,60.17000000000001,165.17,-0.6357086638009323,-1.3714285714285714,0.6802050406391431,2,0.8333333333333334,25.78714285714286,1.6666666666666667,0.178,3.6666666666666665,3.3333333333333335,0.09999999999999991,-0.2,0.0,0.3333333333333333,-0.6666666666666666,0.6666666666666666,0.3333333333333333,1.0,0.0,1.0,1.0,1,2.0,6,0,0,35.0,0,Silver,0,0,22,F,Raleigh,Snacks,Unknown,2022,112.67000000000002,128.33384615384614,Active,2024-04,0
500950,2,0.0,0.3333333333333333,2.3333333333333335,-0.8571428571428571,9.613333333333333,70.36,-0.8633693386393785,-0.4000000000000001,1.0178419799466012,1,0.6666666666666666,28.84,0.0,0.2175,0.3333333333333333,1.3333333333333333,-0.75,-0.19999999999999998,1.0,1.0,0.0,0.0,0.3333333333333333,2.0,0.0,2.0,1.0,1,1.0,6,0,0,37.0,0,Gold,1,1,31,F,Boise,Snacks,Mainstream,2021,39.986666666666665,88.50166666666667,Active,2024-04,1
500951,7,0.0,0.0,0.0,0.0,0.0,0.0,0.0,0.0,0.0,0,0.0,0.0,0.0,0.0,0.0,0.0,0.0,0.0,0.0,0.0,0.0,0.0,0.0,0.0,0.0,0.0,0.0,0,7.0,6,0,0,51.0,0,Gold,1,1,18,F,Columbus,Bakery,Value,2022,0.0,126.47200000000001,Lapsed,2024-04,1
500952,1,9.0,5.333333333333333,3.0,0.7777777777777777,152.69666666666666,83.30333333333333,0.8330198871593774,1.0,0.5761366202141435,3,1.0,28.630625,2.3333333333333335,0.26499999999999996,1.6666666666666667,2.6666666666666665,-0.37499999999999994,0.02857142857142857,0.6666666666666666,0.6666666666666666,0.0,0.0,0.3333333333333333,0.0,1.0,1.0,1.0,0,4.0,6,0,0,73.0,0,Silver,0,0,17,M,Spokane,Beverages,Value,2022,118.00000000000001,90.95733333333332,Active,2024-04,0
500953,1,6.0,3.6666666666666665,2.0,0.8333333333333333,117.28000000000002,63.953333333333326,0.8338371729386015,0.6,0.4919093851989919,3,1.0,31.98545454545455,2.0,0.3583333333333334,1.6666666666666667,0.3333333333333333,2.666666666666667,0.4,0.3333333333333333,1.3333333333333333,-0.75,0.3333333333333333,1.0,1.0,1.0,2.0,0.0,0,1.0,6,0,0,26.0,0,Silver,0,1,9,M,Boise,Snacks,Value,2023,90.61666666666667,97.69624999999999,Active,2024-04,0
500955,2,0.0,0.6666666666666666,0.0,1.3333333333333333,20.083333333333332,0.0,3.0,0.2,1.7320508075688772,1,0.25,30.125,0.6666666666666666,0.63,1.3333333333333333,0.0,2.6666666666666665,0.6,1.3333333333333333,3.0,-0.5555555555555556,0.3333333333333333,0.0,0.0,0.0,0.0,0.0,0,7.0,4,0,0,33.0,0,Silver,0,1,5,F,Raleigh,Snacks,Mainstream,2023,15.0625,60.25,Active,2024-04,1
500956,1,7.0,6.666666666666667,4.333333333333333,0.5384615384615387,242.15666666666667,155.3,0.5592831079630821,0.5428571428571428,0.4096081242119818,3,1.0,36.323499999999996,1.6666666666666667,0.32166666666666666,4.666666666666667,4.333333333333333,0.07692307692307707,0.2,0.0,0.0,0.0,0.3333333333333333,1.3333333333333333,0.0,1.0,1.0,0.0,0,6.0,6,0,0,46.0,1,Gold,1,0,26,F,Denver,Household,Value,2022,198.72833333333335,269.52066666666667,Active,2024-04,0
500957,1,6.0,5.333333333333333,5.333333333333333,0.0,223.43999999999997,215.47666666666666,0.03695682440480784,0.2857142857142857,0.3184194113507395,3,1.0,41.894999999999996,3.6666666666666665,0.37833333333333335,2.0,2.0,0.0,-0.34285714285714286,1.0,0.0,2.0,0.6666666666666666,0.0,0.0,0.0,0.0,0.0,0,7.0,6,0,0,64.0,0,Platinum,2,1,22,M,Austin,Personal Care,Mainstream,2022,219.45833333333334,196.0885714285714,Active,2024-04,0
500958,3,0.0,0.6666666666666666,4.5,-0.8518518518518519,28.626666666666665,193.69,-0.8522036931867073,-1.0813953488372092,0.9285742668201274,1,0.6,42.94,0.3333333333333333,0.25666666666666665,0.6666666666666666,2.0,-0.6666666666666667,-0.4999999999999999,0.6666666666666666,1.0,-0.33333333333333337,0.6666666666666666,0.0,0.0,0.0,0.0,0.0,0,7.0,6,0,1,71.0,0,Platinum,2,1,9,M,Boise,Beverages,Upscale,2023,94.652,277.73400000000004,Active,2024-04,1
500959,1,6.0,7.0,6.666666666666667,0.049999999999999954,202.85999999999999,171.65333333333334,0.18180052819636466,-0.14285714285714285,0.22502150183787006,3,1.0,28.979999999999997,3.3333333333333335,0.23500000000000001,3.3333333333333335,6.333333333333333,-0.47368421052631576,-0.9428571428571428,0.6666666666666666,1.6666666666666667,-0.6,0.0,1.6666666666666667,1.0,0.0,1.0,0.0,0,1.0,6,0,0,46.0,0,Gold,1,1,13,F,Denver,Personal Care,Mainstream,2023,187.25666666666666,196.6625,Active,2024-04,0
500960,1,7.0,4.666666666666667,5.666666666666667,-0.1764705882352941,140.46666666666667,157.88666666666668,-0.11033230587341139,-0.2571428571428571,0.4480760589583788,3,1.0,30.099999999999998,3.6666666666666665,0.36500000000000005,5.333333333333333,3.6666666666666665,0.45454545454545453,0.5428571428571428,2.0,1.3333333333333333,0.5000000000000001,0.3333333333333333,2.0,2.0,1.0,3.0,0.0,0,1.0,6,0,0,34.0,0,Silver,0,1,24,M,Nashville,Produce,Value,2022,149.17666666666665,149.61333333333332,Active,2024-04,0
500961,1,4.0,2.0,2.0,0.0,53.626666666666665,50.06,0.071247835930217,0.05714285714285714,0.5861094838320268,3,1.0,26.813333333333333,2.0,0.3633333333333333,1.3333333333333333,1.0,0.33333333333333326,0.37142857142857144,1.0,2.0,-0.5,0.3333333333333333,0.0,0.0,0.0,0.0,0.0,0,7.0,6,0,0,30.0,0,Silver,0,1,14,F,Austin,Dairy,Mainstream,2023,51.843333333333334,70.95666666666666,Active,2024-04,0
500962,7,0.0,0.0,0.0,0.0,0.0,0.0,0.0,0.0,0.0,0,0.0,0.0,0.0,0.0,0.0,0.0,0.0,0.0,0.0,0.0,0.0,0.0,0.0,0.0,0.0,0.0,0.0,0,7.0,6,0,0,64.0,0,Gold,1,0,14,F,Madison,Bakery,Upscale,2023,0.0,86.286,Lapsed,2024-04,1
500963,1,3.0,5.0,5.5,-0.09090909090909091,105.60666666666667,127.78999999999999,-0.17359209119127728,-0.7,0.31732044566188017,3,1.0,21.121333333333332,3.6666666666666665,0.25,2.6666666666666665,2.0,0.33333333333333326,0.1,0.6666666666666666,3.0,-0.7777777777777778,0.0,1.5,0.0,0.0,0.0,0.0,0,7.0,6,0,1,20.0,0,Silver,0,1,10,M,Madison,Produce,Value,2023,114.47999999999999,125.055,Active,2024-04,0
500964,1,10.0,6.666666666666667,10.666666666666666,-0.37499999999999994,322.16333333333336,543.9333333333333,-0.4077154062997915,-0.4571428571428571,0.4361710292753955,3,1.0,48.3245,1.6666666666666667,0.21666666666666667,5.0,4.0,0.25,0.5428571428571428,2.0,1.3333333333333333,0.5000000000000001,1.3333333333333333,0.3333333333333333,0.0,0.0,0.0,0.0,0,7.0,6,0,0,24.0,0,Gold,1,1,24,M,Austin,Snacks,Value,2022,433.0483333333334,340.284,Active,2024-04,0
500965,5,0.0,0.0,0.6666666666666666,-1.0,0.0,20.21,-1.0,-0.16216216216216217,1.9999999999999998,0,0.2,0.0,0.0,0.24,0.5,1.0,-0.5,-0.2567567567567568,1.0,1.6666666666666667,-0.4,0.0,0.3333333333333333,0.0,1.0,1.0,0.0,0,5.0,6,0,1,21.0,0,Gold,1,1,34,M,Nashville,Frozen Foods,Upscale,2021,12.126000000000001,34.602,Lapsed,2024-04,0
500966,1,1.0,3.0,3.3333333333333335,-0.10000000000000003,81.55333333333333,89.45,-0.0882802310415503,-0.37142857142857144,0.4650698134160755,3,1.0,27.18444444444444,1.6666666666666667,0.31666666666666665,2.0,2.3333333333333335,-0.1428571428571429,-0.02857142857142857,1.3333333333333333,2.3333333333333335,-0.42857142857142866,0.0,1.0,0.0,0.0,0.0,0.0,0,7.0,6,0,0,59.0,0,Silver,0,1,9,F,Columbus,Personal Care,Mainstream,2023,85.50166666666667,100.60875,Active,2024-04,0
500967,1,5.0,7.333333333333333,6.0,0.22222222222222218,195.21333333333337,146.23333333333335,0.33494415317984966,0.05714285714285712,0.28099729554157715,3,1.0,26.620000000000005,5.0,0.29666666666666663,1.6666666666666667,4.333333333333333,-0.6153846153846153,-0.5714285714285714,0.3333333333333333,0.3333333333333333,0.0,1.0,0.3333333333333333,0.0,0.0,0.0,0.0,0,7.0,6,0,0,66.0,0,Gold,1,0,11,F,Denver,Snacks,Mainstream,2023,170.72333333333336,167.781,Active,2024-04,0
500968,6,0.0,0.0,1.0,-1.0,0.0,25.94333333333333,-1.0,-0.42857142857142855,2.23606797749979,0,0.16666666666666666,0.0,0.0,0.19,0.0,0.0,0.0,0.0,0.0,0.0,0.0,0.0,0.0,0.0,0.0,0.0,0.0,0,7.0,6,0,0,63.0,0,Silver,0,1,18,F,Spokane,Frozen Foods,Mainstream,2022,12.971666666666666,69.012,Lapsed,2024-04,1
500969,1,5.0,4.666666666666667,4.333333333333333,0.07692307692307707,121.55666666666666,102.05666666666667,0.19107032041022945,-0.08571428571428572,0.4035310415351026,3,1.0,26.04785714285714,2.0,0.3766666666666667,1.0,1.6666666666666667,-0.4,-0.5142857142857142,1.3333333333333333,0.3333333333333333,2.0,0.0,0.6666666666666666,1.0,0.0,1.0,0.0,0,1.0,6,0,0,33.0,0,Silver,0,1,7,Other,Boise,Bakery,Value,2023,111.80666666666666,111.80666666666666,Active,2024-04,0
500970,7,0.0,0.0,0.0,0.0,0.0,0.0,0.0,0.0,0.0,0,0.0,0.0,0.0,0.0,0.0,0.0,0.0,0.0,0.0,0.0,0.0,0.0,0.0,0.0,0.0,0.0,0.0,0,7.0,6,0,0,65.0,0,Platinum,2,1,20,M,Madison,Frozen Foods,Value,2022,0.0,73.63199999999999,Lapsed,2024-04,1
500971,7,0.0,0.0,0.0,0.0,0.0,0.0,0.0,0.0,0.0,0,0.0,0.0,0.0,0.0,0.0,0.0,0.0,0.0,0.0,0.0,0.0,0.0,0.0,0.0,0.0,0.0,0.0,0,7.0,6,0,0,18.0,0,Gold,1,0,33,M,Portland,Snacks,Mainstream,2021,0.0,39.81,Lapsed,2024-04,1
500972,7,0.0,0.0,0.0,0.0,0.0,0.0,0.0,0.0,0.0,0,0.0,0.0,0.0,0.0,0.0,0.0,0.0,0.0,0.0,0.0,0.0,0.0,0.0,0.0,0.0,0.0,0.0,0,7.0,6,0,0,73.0,0,Gold,1,1,24,F,Spokane,Snacks,Upscale,2022,0.0,31.98333333333333,Lapsed,2024-04,1
500973,1,1.0,1.3333333333333333,5.5,-0.7575757575757577,44.370000000000005,194.335,-0.7716829186713664,-1.1,0.9147814985720936,3,1.0,33.2775,1.3333333333333333,0.22800000000000004,1.0,1.5,-0.3333333333333333,-0.5,1.6666666666666667,2.5,-0.3333333333333333,0.6666666666666666,0.0,0.0,0.0,0.0,0.0,0,7.0,5,0,0,52.0,0,Platinum,2,1,6,Other,Denver,Produce,Mainstream,2023,104.356,104.356,Active,2024-04,0
500974,1,8.0,8.0,8.5,-0.058823529411764705,210.89000000000001,208.435,0.011778252212920155,-0.4,0.20793570312897927,3,1.0,26.361250000000002,4.666666666666667,0.27399999999999997,3.3333333333333335,3.5,-0.047619047619047575,-0.4,0.3333333333333333,0.0,0.6666666666666666,0.0,0.5,0.0,0.0,0.0,0.0,0,7.0,5,0,0,58.0,0,Silver,0,0,7,F,Raleigh,Frozen Foods,Mainstream,2023,209.908,209.908,Active,2024-04,0
500975,1,4.0,4.0,4.0,0.0,143.33,143.33,0.0,0.0,0.0,1,1.0,35.8325,1.0,0.34,1.0,1.0,0.0,0.0,0.0,0.0,0.0,0.0,0.0,0.0,0.0,0.0,0.0,0,7.0,1,1,0,46.0,1,Gold,1,1,2,M,Austin,Beverages,Mainstream,2024,143.33,143.33,Active,2024-04,0
500976,1,8.0,5.333333333333333,4.0,0.33333333333333326,156.29999999999998,125.50666666666666,0.24535217252735572,0.22857142857142854,0.47061281114165615,3,1.0,29.30625,2.0,0.4166666666666667,1.3333333333333333,2.0,-0.33333333333333337,-6.3441315692866086e-18,1.3333333333333333,0.3333333333333333,2.0,0.0,0.0,0.0,0.0,0.0,0.0,0,7.0,6,0,0,73.0,0,Silver,0,1,36,M,Tulsa,Snacks,Upscale,2021,140.90333333333334,121.70692307692308,Active,2024-04,0
500977,7,0.0,0.0,0.0,0.0,0.0,0.0,0.0,0.0,0.0,0,0.0,0.0,0.0,0.0,0.0,0.0,0.0,0.0,0.0,0.0,0.0,0.0,0.0,0.0,0.0,0.0,0.0,0,7.0,6,0,0,40.0,0,Silver,0,1,13,M,Tulsa,Beverages,Value,2023,0.0,63.156666666666666,Lapsed,2024-04,1
500978,1,9.0,8.666666666666666,9.333333333333334,-0.07142857142857155,163.88333333333333,171.50333333333333,-0.044430623311500286,-0.2857142857142857,0.3757511444766196,3,1.0,18.909615384615385,3.6666666666666665,0.3233333333333333,7.0,4.333333333333333,0.6153846153846155,0.8,0.3333333333333333,0.3333333333333333,0.0,0.6666666666666666,1.0,1.0,2.0,3.0,1.0,1,2.0,6,0,0,33.0,0,Silver,0,0,11,M,Spokane,Bakery,Upscale,2023,167.69333333333333,173.926,Active,2024-04,0
500979,1,3.0,5.333333333333333,5.333333333333333,0.0,181.11333333333332,174.51333333333332,0.037819459831149455,-0.22857142857142856,0.3818786335369002,3,1.0,33.95875,4.333333333333333,0.325,1.0,2.0,-0.5,-0.08571428571428572,0.6666666666666666,1.6666666666666667,-0.6,0.0,0.0,0.0,0.0,0.0,0.0,0,7.0,6,0,0,66.0,0,Silver,0,1,32,F,Boise,Frozen Foods,Value,2021,177.8133333333333,191.91400000000002,Active,2024-04,0
500980,1,9.0,7.666666666666667,6.333333333333333,0.21052631578947378,329.9033333333333,294.3433333333333,0.12081129746441233,0.22857142857142856,0.24121599127232712,3,1.0,43.03086956521739,3.3333333333333335,0.17833333333333334,2.6666666666666665,1.6666666666666667,0.5999999999999999,0.37142857142857144,0.0,0.3333333333333333,-0.6666666666666666,0.0,0.0,0.0,0.0,0.0,0.0,0,7.0,6,0,0,47.0,0,Gold,1,0,11,F,Tulsa,Frozen Foods,Mainstream,2023,312.12333333333333,300.21,Active,2024-04,0
500981,1,1.0,1.3333333333333333,2.6666666666666665,-0.5,42.73333333333333,80.64666666666668,-0.4701165578242541,-0.4,0.37008688508379556,3,1.0,32.05,0.3333333333333333,0.455,1.3333333333333333,1.3333333333333333,0.0,-0.22857142857142856,0.3333333333333333,1.0,-0.6666666666666667,0.0,0.3333333333333333,1.0,0.0,1.0,0.0,0,1.0,6,0,0,25.0,0,Gold,1,1,8,Unknown,Portland,Frozen Foods,Value,2023,61.69,64.43428571428572,Active,2024-04,1
500982,1,7.0,4.333333333333333,4.0,0.08333333333333326,136.73333333333335,116.10333333333334,0.17768654359622182,0.37142857142857144,0.46891533977695826,3,1.0,31.55384615384616,2.6666666666666665,0.3983333333333334,3.0,1.6666666666666667,0.7999999999999999,0.5142857142857142,0.0,0.0,0.0,0.3333333333333333,1.3333333333333333,0.0,0.0,0.0,0.0,0,7.0,6,0,0,30.0,0,Gold,1,0,9,M,Denver,Produce,Value,2023,126.41833333333334,120.95,Active,2024-04,0
500983,7,0.0,0.0,0.0,0.0,0.0,0.0,0.0,0.0,0.0,0,0.0,0.0,0.0,0.0,0.0,0.0,0.0,0.0,0.0,0.0,0.0,0.0,0.0,0.0,0.0,0.0,0.0,0,7.0,6,0,0,38.0,0,Silver,0,1,15,F,Spokane,Household,Upscale,2023,0.0,31.08666666666667,Lapsed,2024-04,1
500984,1,7.0,7.0,7.0,0.0,202.26,202.26,0.0,0.0,0.0,1,1.0,28.89428571428571,2.0,0.6,3.0,3.0,0.0,0.0,0.0,0.0,0.0,0.0,0.0,0.0,0.0,0.0,0.0,0,7.0,1,1,0,22.0,0,Gold,1,0,2,F,Austin,Snacks,Upscale,2024,202.26,202.26,Active,2024-04,0
500985,1,1.0,0.3333333333333333,3.6666666666666665,-0.9090909090909091,9.546666666666667,110.69000000000001,-0.9137531243412533,-0.6857142857142857,0.9779006627976801,1,0.6666666666666666,28.64,0.3333333333333333,0.4225,0.0,1.3333333333333333,-1.0,-0.4,0.3333333333333333,0.6666666666666666,-0.5,0.0,0.3333333333333333,2.0,0.0,2.0,0.0,0,2.0,6,0,0,46.0,0,Silver,0,0,24,M,Austin,Dairy,Value,2022,60.11833333333334,82.67538461538462,Active,2024-04,1
500986,1,5.0,6.0,5.0,0.2,81.67,62.38,0.3092337287592177,0.2432432432432432,0.25723321579254005,2,1.0,13.611666666666666,3.0,0.272,3.0,2.0,0.5,0.24324324324324323,1.5,1.6666666666666667,-0.10000000000000003,0.5,0.6666666666666666,1.0,0.0,1.0,0.0,0,1.0,6,0,1,43.0,0,Silver,0,1,16,M,Denver,Personal Care,Upscale,2022,70.096,79.27428571428571,Active,2024-04,0
500987,7,0.0,0.0,0.0,0.0,0.0,0.0,0.0,0.0,0.0,0,0.0,0.0,0.0,0.0,0.0,0.0,0.0,0.0,0.0,0.0,0.0,0.0,0.0,0.0,0.0,0.0,0.0,0,7.0,6,0,0,54.0,0,Gold,1,0,37,M,Madison,Frozen Foods,Mainstream,2021,0.0,120.78,Lapsed,2024-04,1
500988,6,0.0,0.0,1.0,-1.0,0.0,16.393333333333334,-1.0,-0.42857142857142855,2.23606797749979,0,0.16666666666666666,0.0,0.0,0.28,0.0,0.0,0.0,0.0,0.0,0.3333333333333333,-0.6666666666666666,0.0,0.0,0.0,0.0,0.0,0.0,0,7.0,6,0,0,59.0,0,Silver,0,1,29,F,Austin,Household,Mainstream,2021,8.196666666666667,74.615,Lapsed,2024-04,1
500989,2,0.0,1.0,4.333333333333333,-0.7692307692307692,52.53666666666666,175.15333333333334,-0.7000532866440833,-0.9142857142857143,0.6523790786964818,2,0.8333333333333334,52.53666666666666,0.0,0.36,0.0,1.3333333333333333,-1.0,-0.4,0.3333333333333333,2.0,-0.8333333333333334,0.3333333333333333,0.3333333333333333,4.0,0.0,4.0,0.0,0,2.0,6,0,0,25.0,0,Platinum,2,1,14,M,Columbus,Beverages,Mainstream,2023,113.84499999999998,178.08545454545455,Active,2024-04,1
500991,7,0.0,0.0,0.0,0.0,0.0,0.0,0.0,0.0,0.0,0,0.0,0.0,0.0,0.0,0.0,0.0,0.0,0.0,0.0,0.0,0.0,0.0,0.0,0.0,0.0,0.0,0.0,0,7.0,6,0,0,64.0,0,Silver,0,1,30,M,Madison,Household,Mainstream,2021,0.0,38.59,Lapsed,2024-04,1
500992,1,3.0,3.6666666666666665,5.0,-0.2666666666666667,104.12666666666667,125.58,-0.17083399692095344,-0.17142857142857143,0.5056599672074048,3,1.0,28.39818181818182,2.3333333333333335,0.3066666666666667,2.0,1.3333333333333333,0.5000000000000001,0.34285714285714286,2.0,1.3333333333333333,0.5000000000000001,0.3333333333333333,1.0,0.0,0.0,0.0,0.0,0,7.0,6,0,0,18.0,0,Gold,1,1,7,M,Portland,Beverages,Mainstream,2023,114.85333333333334,114.85333333333334,Active,2024-04,0
500993,1,3.0,3.0,3.0,0.0,101.16,96.35,0.04992215879605607,0.0,0.0812150392378647,2,1.0,33.72,0.5,0.3275,2.5,3.0,-0.16666666666666666,-0.2,0.5,0.5,0.0,1.0,0.5,0.0,0.0,0.0,0.0,0,7.0,5,0,1,61.0,0,Gold,1,0,6,M,Tulsa,Beverages,Mainstream,2023,98.755,98.755,Active,2024-04,0
500996,1,2.0,1.6666666666666667,5.333333333333333,-0.6874999999999999,21.570000000000004,69.17666666666668,-0.6881896593263624,-0.7142857142857143,0.5889076696894313,3,1.0,12.942000000000002,1.0,0.40166666666666667,0.6666666666666666,2.6666666666666665,-0.75,-0.5714285714285714,0.3333333333333333,0.3333333333333333,0.0,0.3333333333333333,0.3333333333333333,5.0,0.0,5.0,1.0,1,1.0,6,0,0,32.0,0,Silver,0,0,12,F,Madison,Dairy,Value,2023,45.373333333333335,50.30181818181818,Active,2024-04,1
500999,1,3.0,3.6666666666666665,4.666666666666667,-0.21428571428571436,132.01333333333335,177.29,-0.2553819542369375,0.02857142857142857,0.4990477229220782,3,1.0,36.00363636363637,2.0,0.24333333333333332,0.3333333333333333,1.3333333333333333,-0.75,-0.42857142857142855,0.3333333333333333,0.3333333333333333,0.0,0.6666666666666666,1.0,0.0,1.0,1.0,0.0,0,6.0,6,0,0,29.0,0,Gold,1,0,14,Other,Columbus,Personal Care,Mainstream,2023,154.65166666666667,173.41333333333333,Active,2024-04,0
501000,1,2.0,3.0,4.666666666666667,-0.3571428571428572,125.87666666666667,189.83666666666667,-0.3369212129725554,-0.8285714285714286,0.5044337429805856,3,1.0,41.958888888888886,2.0,0.26499999999999996,1.6666666666666667,2.0,-0.16666666666666663,0.0857142857142857,0.3333333333333333,1.3333333333333333,-0.75,1.6666666666666667,1.0,1.0,0.0,1.0,0.0,0,1.0,6,0,0,65.0,0,Gold,1,0,18,Unknown,Austin,Beverages,Value,2022,157.85666666666665,203.13714285714286,Active,2024-04,0
501001,7,0.0,0.0,0.0,0.0,0.0,0.0,0.0,0.0,0.0,0,0.0,0.0,0.0,0.0,0.0,0.0,0.0,0.0,0.0,0.0,0.0,0.0,0.0,0.0,0.0,0.0,0.0,0,7.0,6,0,0,52.0,0,Silver,0,1,29,F,Austin,Personal Care,Upscale,2021,0.0,59.872,Lapsed,2024-04,1
501002,1,3.0,5.333333333333333,4.0,0.33333333333333326,189.74666666666667,129.845,0.46133210109489525,-0.2,0.4290751361138143,3,1.0,35.5775,4.333333333333333,0.238,1.6666666666666667,1.5,0.11111111111111116,0.2,1.0,0.0,2.0,0.3333333333333333,0.0,1.0,1.0,2.0,1.0,0,2.0,6,0,1,68.0,0,Silver,0,0,35,M,Spokane,Beverages,Mainstream,2021,165.786,182.84428571428572,Active,2024-04,0
501003,1,10.0,9.0,5.0,0.8,259.78333333333336,152.39,0.7047269068399067,1.2,0.33846604400863456,3,1.0,28.864814814814817,3.6666666666666665,0.29,1.3333333333333333,3.0,-0.5555555555555556,-0.8,1.6666666666666667,1.0,0.6666666666666667,1.0,0.0,0.0,0.0,0.0,0.0,0,7.0,6,0,1,58.0,0,Silver,0,1,10,M,Portland,Personal Care,Mainstream,2023,216.82599999999996,174.79625,Active,2024-04,0
501004,1,10.0,6.666666666666667,4.333333333333333,0.5384615384615387,231.70333333333335,144.22666666666666,0.6065221410742352,0.6571428571428571,0.48500870986842654,3,1.0,34.7555,2.6666666666666665,0.28,2.0,3.6666666666666665,-0.45454545454545453,-0.42857142857142855,2.0,2.3333333333333335,-0.1428571428571429,0.6666666666666666,0.6666666666666666,0.0,0.0,0.0,0.0,0,7.0,6,0,0,59.0,0,Gold,1,1,25,F,Spokane,Household,Mainstream,2022,187.965,175.60714285714286,Active,2024-04,0
501005,7,0.0,0.0,0.0,0.0,0.0,0.0,0.0,0.0,0.0,0,0.0,0.0,0.0,0.0,0.0,0.0,0.0,0.0,0.0,0.0,0.0,0.0,0.0,0.0,0.0,0.0,0.0,0,7.0,6,0,0,62.0,0,Silver,0,1,22,M,Tulsa,Household,Value,2022,0.0,11.79,Lapsed,2024-04,1
501006,1,4.0,5.0,6.0,-0.16666666666666666,203.00666666666666,272.22666666666663,-0.25427339961796536,-0.7714285714285715,0.7075549425021069,3,1.0,40.60133333333333,0.6666666666666666,0.15500000000000003,3.0,2.0,0.5,0.42857142857142855,2.3333333333333335,0.6666666666666666,2.5000000000000004,1.0,1.6666666666666667,1.0,1.0,2.0,0.0,0,1.0,6,0,0,36.0,0,Platinum,2,1,23,F,Spokane,Beverages,Value,2022,237.61666666666665,221.05615384615385,Active,2024-04,0
501007,1,2.0,3.6666666666666665,5.666666666666667,-0.3529411764705883,72.93666666666667,132.11666666666665,-0.4479374290399898,-0.45714285714285713,0.41426845124891715,3,1.0,19.891818181818184,2.3333333333333335,0.3333333333333333,2.6666666666666665,2.6666666666666665,0.0,-0.17142857142857143,1.0,2.3333333333333335,-0.5714285714285715,0.0,1.0,0.0,1.0,1.0,0.0,0,5.0,6,0,0,25.0,0,Silver,0,1,30,Other,Tulsa,Dairy,Mainstream,2021,102.52666666666666,105.47466666666666,Active,2024-04,0
501008,7,0.0,0.0,0.0,0.0,0.0,0.0,0.0,0.0,0.0,0,0.0,0.0,0.0,0.0,0.0,0.0,0.0,0.0,0.0,0.0,0.0,0.0,0.0,0.0,0.0,0.0,0.0,0,7.0,6,0,0,44.0,0,Silver,0,0,29,F,Denver,Household,Value,2021,0.0,78.11500000000001,Lapsed,2024-04,1
501009,1,7.0,7.0,7.333333333333333,-0.045454545454545414,289.15333333333325,301.74333333333334,-0.04172420268881971,-0.0285714285714286,0.15097673301080045,3,1.0,41.307619047619035,3.6666666666666665,0.37666666666666665,3.0,2.3333333333333335,0.28571428571428564,0.45714285714285713,0.3333333333333333,1.0,-0.6666666666666667,0.3333333333333333,0.6666666666666666,0.0,0.0,0.0,0.0,0,7.0,6,0,0,73.0,0,Gold,1,0,15,F,Boise,Bakery,Mainstream,2023,295.44833333333327,213.20857142857145,Active,2024-04,0
501010,1,3.0,4.666666666666667,7.0,-0.3333333333333333,193.11,293.87666666666667,-0.342887605911777,-1.0571428571428572,0.4180595026736403,3,1.0,41.380714285714284,3.3333333333333335,0.26,3.6666666666666665,3.6666666666666665,0.0,0.22857142857142862,1.3333333333333333,2.0,-0.33333333333333337,1.0,0.6666666666666666,0.0,0.0,0.0,0.0,0,7.0,6,0,0,65.0,0,Platinum,2,1,28,M,Raleigh,Snacks,Value,2021,243.49333333333334,269.86733333333336,Active,2024-04,0
501011,1,1.0,1.0,1.0,0.0,32.9,32.9,0.0,0.0,0.0,1,1.0,32.9,2.0,0.29,2.0,2.0,0.0,0.0,1.0,1.0,0.0,2.0,2.0,0.0,0.0,0.0,0.0,0,7.0,1,1,0,59.0,0,Gold,1,1,2,F,Columbus,Personal Care,Upscale,2024,32.9,32.9,Active,2024-04,0
501012,2,0.0,6.333333333333333,7.333333333333333,-0.13636363636363638,157.49333333333334,192.37666666666667,-0.18132829691750554,-0.7142857142857143,0.4652834815628251,2,0.8333333333333334,24.867368421052635,2.6666666666666665,0.32199999999999995,2.0,2.3333333333333335,-0.1428571428571429,0.02857142857142857,1.0,2.0,-0.5,0.3333333333333333,1.0,1.0,1.0,2.0,1.0,1,2.0,6,0,0,38.0,0,Gold,1,1,13,F,Tulsa,Personal Care,Upscale,2023,174.93499999999997,203.2209090909091,Active,2024-04,0
501013,5,0.0,0.0,1.0,-1.0,0.0,29.69333333333333,-1.0,-0.37142857142857144,1.4983534090581871,0,0.3333333333333333,0.0,0.0,0.43500000000000005,0.0,0.0,0.0,0.0,0.0,0.6666666666666666,-1.0,0.0,0.0,0.0,0.0,0.0,0.0,0,7.0,6,0,0,29.0,0,Silver,0,1,8,F,Austin,Personal Care,Mainstream,2023,14.846666666666666,39.68666666666667,Lapsed,2024-04,1
501014,1,5.0,4.0,5.0,-0.2,89.75999999999999,107.63666666666667,-0.16608342881917573,-0.12790697674418605,0.18333791789942672,2,1.0,22.439999999999998,2.0,0.296,2.5,2.3333333333333335,0.07142857142857136,-0.04651162790697674,3.5,1.3333333333333333,1.6250000000000002,1.5,0.6666666666666666,0.0,0.0,0.0,0.0,0,7.0,6,0,1,63.0,0,Silver,0,1,9,F,Raleigh,Bakery,Mainstream,2023,100.48599999999999,109.46142857142857,Active,2024-04,0
501015,2,0.0,1.0,2.6666666666666665,-0.625,23.99666666666667,64.32333333333334,-0.6269368295589988,-0.5428571428571428,0.6134219964373764,2,0.8333333333333334,23.99666666666667,2.3333333333333335,0.15799999999999997,1.6666666666666667,2.0,-0.16666666666666663,0.02857142857142857,0.0,0.6666666666666666,-1.0,0.0,0.3333333333333333,0.0,0.0,0.0,0.0,0,7.0,6,0,0,43.0,0,Silver,0,0,34,F,Madison,Dairy,Value,2021,44.160000000000004,71.74571428571429,Active,2024-04,0
501016,4,0.0,0.0,2.3333333333333335,-1.0,0.0,98.25,-1.0,-0.6571428571428571,1.434402473764572,0,0.3333333333333333,0.0,0.0,0.43000000000000005,0.0,0.0,0.0,0.0,0.0,0.3333333333333333,-0.6666666666666666,0.0,0.6666666666666666,0.0,0.0,0.0,0.0,0,7.0,6,0,0,62.0,0,Gold,1,0,16,F,Austin,Dairy,Value,2022,49.125,246.4288888888889,Lapsed,2024-04,1
501017,1,5.0,5.0,5.0,0.0,130.84,130.84,0.0,0.0,0.0,1,1.0,26.168,6.0,0.6,0.0,0.0,0.0,0.0,1.0,1.0,0.0,0.0,0.0,0.0,0.0,0.0,0.0,0,7.0,1,1,0,30.0,0,Silver,0,1,2,M,Raleigh,Dairy,Mainstream,2024,130.84,130.84,Active,2024-04,0
501018,1,5.0,6.666666666666667,6.666666666666667,0.0,218.39666666666668,237.05999999999997,-0.0787283106949013,-0.2857142857142857,0.31547601625695953,3,1.0,32.7595,2.6666666666666665,0.29333333333333333,2.6666666666666665,4.0,-0.33333333333333337,-0.34285714285714286,2.0,1.3333333333333333,0.5000000000000001,1.0,1.3333333333333333,0.0,1.0,1.0,0.0,0,4.0,6,0,0,44.0,0,Gold,1,1,18,Unknown,Spokane,Dairy,Value,2022,227.72833333333332,256.1773333333333,Active,2024-04,0
501019,1,1.0,1.0,1.0,0.0,27.43,27.43,0.0,0.0,0.0,1,1.0,27.43,0.0,0.16,0.0,0.0,0.0,0.0,0.0,0.0,0.0,0.0,0.0,1.0,0.0,1.0,0.0,0,1.0,1,1,0,63.0,0,Silver,0,0,2,M,Boise,Bakery,Mainstream,2024,27.43,27.43,Active,2024-04,1
501020,1,6.0,4.5,2.0,1.25,105.37,56.7,0.8583774250440916,1.3571428571428572,0.3396541087558448,2,1.0,23.415555555555557,2.5,0.25333333333333335,1.5,3.0,-0.5,-0.2142857142857143,2.0,0.0,3.0,0.5,0.0,0.0,0.0,0.0,0.0,0,7.0,4,0,1,69.0,0,Silver,0,1,5,M,Raleigh,Frozen Foods,Value,2023,89.14666666666666,89.14666666666666,Active,2024-04,0
501023,1,2.0,3.3333333333333335,5.333333333333333,-0.37499999999999994,80.3,146.19666666666666,-0.45073987095009005,-0.45714285714285713,0.5071852422883245,3,1.0,24.089999999999996,1.3333333333333333,0.31,2.6666666666666665,1.6666666666666667,0.5999999999999999,0.14285714285714285,2.3333333333333335,0.6666666666666666,2.5000000000000004,0.0,0.3333333333333333,1.0,0.0,1.0,1.0,1,1.0,6,0,0,33.0,0,Silver,0,1,8,M,Austin,Household,Mainstream,2023,113.24833333333333,106.47285714285714,Active,2024-04,0
501024,1,7.0,8.333333333333334,7.0,0.19047619047619055,227.84,216.58,0.0519900267799427,0.22857142857142854,0.19308009045102079,3,1.0,27.340799999999998,5.0,0.27,3.3333333333333335,4.333333333333333,-0.23076923076923067,-0.02857142857142857,0.0,0.6666666666666666,-1.0,0.0,0.6666666666666666,0.0,0.0,0.0,0.0,0,7.0,6,0,0,60.0,0,Silver,0,0,24,F,Portland,Frozen Foods,Mainstream,2022,222.21,208.306,Active,2024-04,0
501025,1,4.0,7.0,5.333333333333333,0.31250000000000006,151.55666666666664,119.75,0.265608907446068,0.2,0.30818523967378036,3,1.0,21.65095238095238,3.3333333333333335,0.2383333333333333,2.6666666666666665,3.0,-0.11111111111111116,-0.14285714285714285,1.6666666666666667,1.0,0.6666666666666667,0.6666666666666666,0.3333333333333333,1.0,0.0,1.0,0.0,0,3.0,6,0,0,62.0,0,Silver,0,1,19,F,Raleigh,Personal Care,Mainstream,2022,135.65333333333334,155.22214285714284,Active,2024-04,0
501026,1,4.0,5.0,7.0,-0.2857142857142857,190.16666666666666,249.21,-0.23692200687505857,-0.4,0.37457573878930456,3,1.0,38.03333333333333,3.0,0.23249999999999998,6.0,7.0,-0.14285714285714285,0.3,0.6666666666666666,0.0,1.3333333333333333,0.3333333333333333,1.0,0.0,0.0,0.0,0.0,0,7.0,4,0,0,54.0,0,Gold,1,0,5,M,Boise,Beverages,Mainstream,2023,204.9275,204.9275,Active,2024-04,0
501027,1,6.0,6.0,5.333333333333333,0.12500000000000006,163.44333333333336,138.79,0.1776304728967027,0.4,0.2523778022783854,3,1.0,27.24055555555556,2.6666666666666665,0.2866666666666667,2.3333333333333335,3.0,-0.22222222222222218,-0.11428571428571427,0.6666666666666666,0.3333333333333333,0.6666666666666666,0.3333333333333333,0.3333333333333333,1.0,0.0,1.0,0.0,0,3.0,6,0,0,60.0,0,Silver,0,0,31,M,Boise,Personal Care,Mainstream,2021,151.11666666666667,148.7086666666667,Active,2024-04,0
501029,4,0.0,0.0,3.0,-1.0,0.0,81.07000000000001,-1.0,-1.0571428571428572,1.5151814229540297,0,0.5,0.0,0.0,0.3033333333333333,0.0,1.6666666666666667,-1.0,-0.7142857142857144,0.0,0.6666666666666666,-1.0,0.0,0.0,0.0,0.0,0.0,0.0,0,7.0,6,0,0,46.0,1,Silver,0,1,13,F,Portland,Household,Value,2023,40.535000000000004,94.83777777777777,Lapsed,2024-04,1
501030,2,0.0,1.3333333333333333,2.5,-0.4666666666666667,50.88,84.625,-0.39875923190546525,-0.6,0.6785746910009587,2,0.8,38.160000000000004,2.3333333333333335,0.28,0.3333333333333333,1.0,-0.6666666666666667,-0.19999999999999998,0.3333333333333333,0.5,-0.33333333333333337,0.3333333333333333,1.0,0.0,2.0,2.0,1.0,0,4.0,5,0,0,48.0,0,Silver,0,0,6,M,Boise,Household,Mainstream,2023,64.378,80.4725,Active,2024-04,1
501031,1,10.0,8.333333333333334,7.333333333333333,0.1363636363636365,265.8,223.83333333333334,0.18749069247952346,0.2571428571428571,0.16989880020014783,3,1.0,31.896,4.333333333333333,0.17333333333333337,3.0,4.333333333333333,-0.30769230769230765,-0.34285714285714286,3.3333333333333335,1.0,2.3333333333333335,0.3333333333333333,0.0,0.0,1.0,1.0,0.0,0,4.0,6,0,0,19.0,0,Silver,0,1,36,F,Boise,Frozen Foods,Mainstream,2021,244.8166666666667,217.35642857142855,Active,2024-04,0
501032,2,0.0,1.6666666666666667,3.6666666666666665,-0.5454545454545454,40.656666666666666,84.25333333333333,-0.5174473809147017,-0.7428571428571429,0.7008013140511814,2,0.8333333333333334,24.394,0.3333333333333333,0.262,1.0,1.0,0.0,-0.05714285714285714,1.0,1.0,0.0,1.0,0.3333333333333333,1.0,0.0,1.0,1.0,1,1.0,6,0,0,52.0,0,Gold,1,1,10,F,Columbus,Frozen Foods,Upscale,2023,62.455000000000005,62.1375,Active,2024-04,0
501033,6,0.0,0.0,0.6666666666666666,-1.0,0.0,30.566666666666666,-1.0,-0.2857142857142857,2.2360679774997902,0,0.16666666666666666,0.0,0.0,0.25,0.0,0.0,0.0,0.0,0.0,0.0,0.0,0.0,0.0,0.0,1.0,1.0,1.0,0,5.0,6,0,0,52.0,0,Platinum,2,0,33,F,Columbus,Frozen Foods,Value,2021,15.283333333333333,173.03125,Lapsed,2024-04,1
501034,7,0.0,0.0,0.0,0.0,0.0,0.0,0.0,0.0,0.0,0,0.0,0.0,0.0,0.0,0.0,0.0,0.0,0.0,0.0,0.0,0.0,0.0,0.0,0.0,0.0,0.0,0.0,0,7.0,6,0,0,48.0,0,Gold,1,1,36,F,Nashville,Dairy,Upscale,2021,0.0,128.405,Lapsed,2024-04,1
501035,1,6.0,5.0,4.333333333333333,0.15384615384615394,138.94333333333336,120.47666666666667,0.15328002656115997,0.45714285714285713,0.40087228550109816,3,1.0,27.78866666666667,2.3333333333333335,0.26333333333333336,2.3333333333333335,1.0,1.3333333333333335,0.34285714285714286,1.0,0.3333333333333333,1.3333333333333335,1.6666666666666667,0.0,1.0,0.0,1.0,0.0,0,2.0,6,0,0,46.0,1,Silver,0,0,8,F,Portland,Snacks,Mainstream,2023,129.71,128.15857142857143,Active,2024-04,0
501038,1,3.0,3.3333333333333335,6.0,-0.4444444444444444,145.22666666666666,284.0933333333333,-0.4888064955179049,-1.0285714285714285,0.6120056293862326,3,1.0,43.568,2.6666666666666665,0.26333333333333336,2.0,2.6666666666666665,-0.24999999999999994,-0.4,0.0,0.3333333333333333,-0.6666666666666666,0.0,0.6666666666666666,1.0,1.0,2.0,2.0,1,3.0,6,0,0,74.0,0,Platinum,2,0,6,F,Austin,Dairy,Upscale,2023,214.66,214.66,Active,2024-04,1
501039,6,0.0,0.0,1.0,-1.0,0.0,41.916666666666664,-1.0,-0.42857142857142855,2.2360679774997902,0,0.16666666666666666,0.0,0.0,0.32,0.0,0.6666666666666666,-1.0,-0.22857142857142856,0.0,0.3333333333333333,-0.6666666666666666,0.0,0.0,0.0,1.0,1.0,0.0,0,5.0,6,0,0,32.0,0,Silver,0,1,15,M,Denver,Household,Mainstream,2023,20.958333333333332,332.2611111111111,Lapsed,2024-04,1
501040,1,6.0,4.333333333333333,4.0,0.08333333333333326,148.22,111.8,0.32576028622540254,0.5,0.22180232620432608,3,1.0,34.20461538461539,1.3333333333333333,0.3225,1.0,0.0,2.0,0.5,0.6666666666666666,1.0,-0.33333333333333337,0.0,0.0,1.0,1.0,2.0,0.0,0,1.0,4,0,0,73.0,0,Gold,1,0,6,M,Madison,Household,Mainstream,2023,139.11499999999998,139.115,Active,2024-04,0
501041,1,6.0,6.0,5.333333333333333,0.12500000000000006,208.58666666666667,173.04999999999998,0.20535490705961684,0.5142857142857142,0.3772045537893876,3,1.0,34.76444444444444,4.333333333333333,0.19999999999999998,2.0,0.6666666666666666,2.0000000000000004,0.2857142857142857,2.0,1.0,1.0,0.0,0.3333333333333333,1.0,0.0,1.0,0.0,0,3.0,6,0,0,18.0,0,Silver,0,1,36,M,Raleigh,Dairy,Value,2021,190.8183333333333,186.25,Active,2024-04,0
501042,1,8.0,4.333333333333333,4.333333333333333,0.0,206.35000000000002,190.23333333333335,0.08472051866129318,0.11428571428571428,0.5557587753327554,3,1.0,47.619230769230775,2.6666666666666665,0.3566666666666667,1.3333333333333333,0.3333333333333333,2.0,0.42857142857142855,0.0,0.0,0.0,0.0,0.6666666666666666,2.0,0.0,2.0,0.0,0,2.0,6,0,0,20.0,0,Gold,1,0,18,F,Portland,Beverages,Mainstream,2022,198.29166666666666,174.68933333333334,Active,2024-04,0
501043,1,3.0,3.3333333333333335,3.0,0.11111111111111116,84.95333333333333,80.09666666666668,0.06063506596196247,-0.028571428571428584,0.2680635038445779,3,1.0,25.485999999999997,1.6666666666666667,0.36500000000000005,2.3333333333333335,1.0,1.3333333333333335,0.17142857142857143,1.0,0.6666666666666666,0.5000000000000001,0.0,0.6666666666666666,0.0,0.0,0.0,0.0,0,7.0,6,0,0,30.0,0,Gold,1,0,32,M,Nashville,Bakery,Mainstream,2021,82.525,86.70846153846153,Active,2024-04,0
501045,1,1.0,3.3333333333333335,4.0,-0.16666666666666663,76.77,93.12,-0.17557989690721656,-1.4,0.6220255436577852,3,1.0,23.031,1.6666666666666667,0.3275,3.3333333333333335,6.0,-0.4444444444444444,-0.8,0.6666666666666666,0.0,1.3333333333333333,0.6666666666666666,0.0,2.0,1.0,3.0,3.0,1,1.0,4,0,0,54.0,0,Gold,1,0,5,M,Nashville,Personal Care,Value,2023,80.8575,80.8575,Active,2024-04,0
501046,7,0.0,0.0,0.0,0.0,0.0,0.0,0.0,0.0,0.0,0,0.0,0.0,0.0,0.0,0.0,0.0,0.0,0.0,0.0,0.0,0.0,0.0,0.0,0.0,0.0,0.0,0.0,0,7.0,6,0,0,48.0,0,Silver,0,1,17,F,Madison,Produce,Mainstream,2022,0.0,109.11222222222221,Lapsed,2024-04,1
501047,1,4.0,4.333333333333333,5.0,-0.1333333333333334,123.09666666666665,169.44,-0.2735088133459239,-0.4,0.37752855266212515,3,1.0,28.406923076923075,3.3333333333333335,0.33399999999999996,2.6666666666666665,2.0,0.33333333333333326,0.0,1.3333333333333333,1.0,0.33333333333333326,0.6666666666666666,1.0,2.0,0.0,2.0,1.0,1,1.0,5,0,0,24.0,0,Silver,0,1,6,F,Madison,Snacks,Mainstream,2023,141.634,141.634,Active,2024-04,0
501048,1,1.0,4.0,6.0,-0.3333333333333333,83.40666666666667,104.73,-0.20360291543333656,-1.8,0.5348403110848402,3,1.0,20.851666666666667,1.6666666666666667,0.32,1.6666666666666667,2.0,-0.16666666666666663,-0.1,0.0,0.0,0.0,0.6666666666666666,3.0,0.0,0.0,0.0,0.0,0,7.0,4,0,0,25.0,0,Silver,0,0,6,M,Columbus,Produce,Value,2023,88.7375,88.73750000000001,Active,2024-04,0
501050,1,7.0,5.0,3.0,0.6666666666666666,123.22,91.36333333333333,0.3486810901528695,0.7790697674418604,0.4362818320241199,2,1.0,24.644,3.5,0.172,2.5,2.3333333333333335,0.07142857142857136,-0.22093023255813957,1.5,3.0,-0.5,0.0,1.0,0.0,1.0,1.0,0.0,0,4.0,6,0,1,64.0,0,Silver,0,1,10,Other,Denver,Produce,Upscale,2023,104.106,113.8625,Active,2024-04,0
501051,1,7.0,7.333333333333333,3.6666666666666665,1.0,226.44333333333336,114.83666666666666,0.9718730951206064,1.0,0.37790553203987354,3,1.0,30.878636363636367,4.666666666666667,0.26166666666666666,3.3333333333333335,1.6666666666666667,1.0,0.6,1.6666666666666667,2.0,-0.16666666666666663,0.6666666666666666,0.6666666666666666,0.0,1.0,1.0,0.0,0,4.0,6,0,0,21.0,0,Silver,0,1,29,M,Nashville,Snacks,Upscale,2021,170.64000000000001,165.54,Active,2024-04,0
501052,7,0.0,0.0,0.0,0.0,0.0,0.0,0.0,0.0,0.0,0,0.0,0.0,0.0,0.0,0.0,0.0,0.0,0.0,0.0,0.0,0.0,0.0,0.0,0.0,0.0,0.0,0.0,0,7.0,6,0,0,42.0,0,Silver,0,0,30,F,Raleigh,Beverages,Upscale,2021,0.0,75.65125,Lapsed,2024-04,1
501053,1,7.0,4.333333333333333,4.333333333333333,0.0,91.94666666666666,88.07333333333334,0.043978502762848995,0.0,0.45465084591390864,3,1.0,21.218461538461536,2.0,0.2966666666666667,1.3333333333333333,1.0,0.33333333333333326,0.14285714285714285,2.0,0.6666666666666666,2.0000000000000004,0.6666666666666666,0.6666666666666666,1.0,0.0,1.0,1.0,1,3.0,6,0,0,49.0,0,Silver,0,1,19,F,Spokane,Household,Mainstream,2022,90.00999999999999,81.365,Active,2024-04,0
501054,1,4.0,5.333333333333333,6.0,-0.11111111111111116,199.62333333333333,217.32000000000002,-0.08143137615804659,-0.4,0.41091325305373544,3,1.0,37.429375,2.6666666666666665,0.26666666666666666,2.0,2.0,0.0,0.0,0.3333333333333333,0.6666666666666666,-0.5,0.6666666666666666,2.3333333333333335,0.0,0.0,0.0,0.0,0,7.0,6,0,0,58.0,0,Gold,1,0,7,M,Columbus,Beverages,Value,2023,208.47166666666666,208.47166666666666,Active,2024-04,0
501055,5,0.0,0.0,1.3333333333333333,-1.0,0.0,28.083333333333332,-1.0,-0.45714285714285713,1.4176665635212329,0,0.3333333333333333,0.0,0.0,0.55,0.0,0.6666666666666666,-1.0,-0.2857142857142857,0.0,0.3333333333333333,-0.6666666666666666,0.0,0.3333333333333333,0.0,3.0,3.0,1.0,0,5.0,6,0,0,18.0,0,Silver,0,1,17,F,Boise,Personal Care,Mainstream,2022,14.041666666666666,101.79636363636364,Lapsed,2024-04,1
501056,3,0.0,0.6666666666666666,2.6666666666666665,-0.75,19.813333333333333,76.62,-0.7414078134516663,-0.9142857142857143,1.2233544256296942,1,0.6666666666666666,29.72,0.6666666666666666,0.39499999999999996,0.0,1.3333333333333333,-1.0,-0.2857142857142857,0.0,1.0,-1.0,0.0,0.3333333333333333,1.0,0.0,1.0,0.0,0,3.0,6,0,0,46.0,1,Gold,1,1,23,Unknown,Madison,Produce,Mainstream,2022,48.21666666666667,100.3146153846154,Active,2024-04,1
501057,1,8.0,8.0,3.0,1.6666666666666667,300.0,94.84,2.163222269084774,0.0,0.5196028771147806,1,1.0,37.5,2.0,0.395,1.0,4.0,-0.75,0.0,0.0,0.0,0.0,0.0,1.0,0.0,0.0,0.0,0.0,0,7.0,4,0,2,47.0,0,Silver,0,0,5,Other,Nashville,Produce,Upscale,2023,197.42000000000002,197.42000000000002,Active,2024-04,0
501058,6,0.0,0.0,0.3333333333333333,-0.6666666666666666,0.0,12.376666666666667,-1.0,-0.14285714285714285,2.23606797749979,0,0.16666666666666666,0.0,0.0,0.27,0.0,0.0,0.0,0.0,0.0,0.0,0.0,0.0,0.0,0.0,0.0,0.0,0.0,0,7.0,6,0,0,48.0,0,Silver,0,1,15,F,Austin,Produce,Value,2023,6.1883333333333335,83.48444444444445,Lapsed,2024-04,1
501059,1,3.0,3.0,2.6666666666666665,0.12500000000000006,130.00333333333333,100.60666666666667,0.2921940229275727,-0.08571428571428572,0.4911213072635571,3,1.0,43.33444444444444,0.6666666666666666,0.2866666666666667,0.3333333333333333,2.3333333333333335,-0.8571428571428571,-0.6857142857142857,0.3333333333333333,0.6666666666666666,-0.5,1.0,0.3333333333333333,0.0,1.0,1.0,0.0,0,6.0,6,0,0,38.0,0,Gold,1,0,31,F,Raleigh,Personal Care,Value,2021,115.30499999999999,123.56333333333333,Active,2024-04,0
501060,1,6.0,7.666666666666667,4.333333333333333,0.7692307692307694,140.43,90.57333333333334,0.5504563521271898,0.7428571428571429,0.28982362613310236,3,1.0,18.31695652173913,5.0,0.4383333333333333,3.6666666666666665,2.3333333333333335,0.5714285714285713,0.4,2.3333333333333335,1.0,1.3333333333333335,0.0,0.3333333333333333,0.0,0.0,0.0,0.0,0,7.0,6,0,0,20.0,0,Silver,0,1,16,F,Boise,Produce,Upscale,2022,115.50166666666667,108.25533333333333,Active,2024-04,0
501061,7,0.0,0.0,0.0,0.0,0.0,0.0,0.0,0.0,0.0,0,0.0,0.0,0.0,0.0,0.0,0.0,0.0,0.0,0.0,0.0,0.0,0.0,0.0,0.0,0.0,0.0,0.0,0,7.0,6,0,0,71.0,0,Silver,0,1,18,F,Nashville,Produce,Mainstream,2022,0.0,25.13,Lapsed,2024-04,1
501062,7,0.0,0.0,0.0,0.0,0.0,0.0,0.0,0.0,0.0,0,0.0,0.0,0.0,0.0,0.0,0.0,0.0,0.0,0.0,0.0,0.0,0.0,0.0,0.0,0.0,0.0,0.0,0,7.0,6,0,0,64.0,0,Silver,0,1,31,F,Denver,Beverages,Value,2021,0.0,142.65333333333334,Lapsed,2024-04,1
501063,1,3.0,5.333333333333333,3.6666666666666665,0.45454545454545453,136.34,96.28000000000002,0.4160781055255503,0.5428571428571428,0.5496581246528162,3,1.0,25.563750000000002,2.0,0.355,3.6666666666666665,3.0,0.22222222222222218,-0.05714285714285714,0.0,0.3333333333333333,-0.6666666666666666,0.6666666666666666,0.6666666666666666,0.0,0.0,0.0,0.0,0,7.0,6,0,0,65.0,0,Silver,0,0,25,F,Tulsa,Produce,Mainstream,2022,116.31,133.62933333333334,Active,2024-04,0
501065,7,0.0,0.0,0.0,0.0,0.0,0.0,0.0,0.0,0.0,0,0.0,0.0,0.0,0.0,0.0,0.0,0.0,0.0,0.0,0.0,0.0,0.0,0.0,0.0,0.0,0.0,0.0,0,7.0,6,0,0,45.0,0,Platinum,2,0,23,F,Tulsa,Household,Value,2022,0.0,108.84200000000001,Lapsed,2024-04,1
501066,7,0.0,0.0,0.0,0.0,0.0,0.0,0.0,0.0,0.0,0,0.0,0.0,0.0,0.0,0.0,0.0,0.0,0.0,0.0,0.0,0.0,0.0,0.0,0.0,0.0,0.0,0.0,0,7.0,6,0,0,69.0,0,Silver,0,0,35,M,Austin,Frozen Foods,Mainstream,2021,0.0,68.19,Lapsed,2024-04,1
501067,7,0.0,0.0,0.0,0.0,0.0,0.0,0.0,0.0,0.0,0,0.0,0.0,0.0,0.0,0.0,0.0,0.0,0.0,0.0,0.0,0.0,0.0,0.0,0.0,0.0,0.0,0.0,0,7.0,6,0,0,24.0,0,Silver,0,1,8,F,Tulsa,Household,Upscale,2023,0.0,41.9,Lapsed,2024-04,1
501068,1,6.0,8.333333333333334,7.666666666666667,0.08695652173913047,250.22333333333336,209.29333333333332,0.1955628464037716,0.17142857142857143,0.23198005708889094,3,1.0,30.0268,5.666666666666667,0.34833333333333333,4.333333333333333,4.0,0.08333333333333326,0.08571428571428574,0.3333333333333333,0.0,0.6666666666666666,0.3333333333333333,0.3333333333333333,0.0,0.0,0.0,0.0,0,7.0,6,0,0,33.0,0,Gold,1,0,34,F,Madison,Snacks,Mainstream,2021,229.75833333333333,216.2592857142857,Active,2024-04,0
501069,7,0.0,0.0,0.0,0.0,0.0,0.0,0.0,0.0,0.0,0,0.0,0.0,0.0,0.0,0.0,0.0,0.0,0.0,0.0,0.0,0.0,0.0,0.0,0.0,0.0,0.0,0.0,0,7.0,6,0,0,43.0,0,Silver,0,0,22,M,Denver,Personal Care,Upscale,2022,0.0,19.585,Lapsed,2024-04,1
501070,5,0.0,0.0,0.6666666666666666,-1.0,0.0,23.51,-1.0,-0.22857142857142856,1.4154928384504104,0,0.3333333333333333,0.0,0.0,0.44,0.0,0.0,0.0,0.0,0.0,0.0,0.0,0.0,0.0,0.0,2.0,2.0,0.0,0,5.0,6,0,0,62.0,0,Silver,0,0,25,F,Raleigh,Household,Mainstream,2022,11.755,97.57875,Lapsed,2024-04,1
501071,7,0.0,0.0,0.0,0.0,0.0,0.0,0.0,0.0,0.0,0,0.0,0.0,0.0,0.0,0.0,0.0,0.0,0.0,0.0,0.0,0.0,0.0,0.0,0.0,0.0,0.0,0.0,0,7.0,6,0,0,37.0,0,Silver,0,1,12,M,Boise,Produce,Upscale,2023,0.0,100.58,Lapsed,2024-04,1
501074,1,6.0,5.666666666666667,6.0,-0.055555555555555504,154.72333333333333,143.33666666666667,0.07944001302295288,-0.2571428571428571,0.35266375233898484,3,1.0,27.30411764705882,3.6666666666666665,0.26833333333333337,3.6666666666666665,4.666666666666667,-0.21428571428571436,-0.14285714285714285,1.0,1.0,0.0,0.3333333333333333,0.3333333333333333,0.0,2.0,2.0,1.0,0,4.0,6,0,0,38.0,0,Silver,0,0,25,M,Denver,Produce,Value,2022,149.03,146.04333333333335,Active,2024-04,0
501075,1,4.0,4.333333333333333,8.666666666666666,-0.5,167.16,320.8533333333333,-0.4790142952127659,-0.6571428571428571,0.47272434277719244,3,1.0,38.575384615384614,4.0,0.24666666666666667,2.3333333333333335,3.3333333333333335,-0.3,-0.37142857142857144,2.0,2.3333333333333335,-0.1428571428571429,0.3333333333333333,0.3333333333333333,0.0,0.0,0.0,0.0,0,7.0,6,0,0,36.0,0,Gold,1,1,37,F,Portland,Personal Care,Value,2021,244.00666666666666,189.342,Active,2024-04,0
501076,1,6.0,2.3333333333333335,6.333333333333333,-0.631578947368421,69.54333333333334,171.08666666666667,-0.5935198534855629,-0.45714285714285713,0.7406404640847993,2,0.8333333333333334,29.804285714285715,2.6666666666666665,0.26,2.6666666666666665,2.0,0.33333333333333326,0.34285714285714286,0.3333333333333333,0.3333333333333333,0.0,0.3333333333333333,0.3333333333333333,0.0,0.0,0.0,0.0,0,7.0,6,0,0,41.0,0,Silver,0,0,23,F,Portland,Beverages,Value,2022,120.315,112.92714285714285,Active,2024-04,0
501077,1,6.0,4.666666666666667,4.666666666666667,0.0,225.37333333333333,197.60333333333332,0.14053406656432926,0.2857142857142857,0.26722888461819827,3,1.0,48.294285714285714,1.6666666666666667,0.36999999999999994,3.6666666666666665,4.0,-0.08333333333333337,-0.2,0.0,0.0,0.0,0.3333333333333333,0.6666666666666666,0.0,0.0,0.0,0.0,0,7.0,6,0,0,64.0,0,Gold,1,0,13,F,Portland,Personal Care,Mainstream,2023,211.48833333333332,223.0475,Active,2024-04,0
501078,1,1.0,3.0,4.666666666666667,-0.3571428571428572,124.01666666666667,187.12,-0.3372345731794214,-0.5428571428571428,0.5403242957408636,3,1.0,41.33888888888889,2.3333333333333335,0.19666666666666666,1.6666666666666667,2.0,-0.16666666666666663,-0.02857142857142857,1.6666666666666667,1.3333333333333333,0.2500000000000001,0.6666666666666666,1.0,0.0,0.0,0.0,0.0,0,7.0,6,0,0,37.0,0,Platinum,2,1,29,F,Madison,Dairy,Upscale,2021,155.56833333333333,193.66733333333335,Active,2024-04,0
501079,1,1.0,3.0,2.0,0.5,126.41333333333334,80.91,0.562394430025131,0.12790697674418602,0.5420675042426514,3,1.0,42.13777777777778,1.0,0.292,1.0,1.5,-0.3333333333333333,-0.15116279069767438,0.0,0.5,-1.0,0.6666666666666666,0.0,0.0,0.0,0.0,0.0,0,7.0,6,0,1,45.0,0,Gold,1,0,36,F,Denver,Bakery,Value,2021,108.21200000000002,130.47142857142856,Active,2024-04,0
501080,1,9.0,6.333333333333333,5.333333333333333,0.1875,208.53333333333333,184.4766666666667,0.13040492925934613,0.4857142857142857,0.29741732014541156,3,1.0,32.92631578947368,3.3333333333333335,0.16666666666666666,2.0,0.3333333333333333,3.0,0.37142857142857144,0.6666666666666666,1.0,-0.33333333333333337,0.3333333333333333,0.3333333333333333,0.0,1.0,1.0,0.0,0,6.0,6,0,0,18.0,0,Platinum,2,1,8,F,Tulsa,Snacks,Mainstream,2023,196.505,200.34285714285716,Active,2024-04,0
501081,1,9.0,9.0,9.0,0.0,349.91999999999996,349.91999999999996,0.0,0.0,0.029406721536351148,2,1.0,38.879999999999995,4.5,0.38,4.5,4.5,0.0,0.0,2.0,2.0,0.0,0.0,0.0,0.0,0.0,0.0,0.0,0,7.0,2,1,0,49.0,0,Silver,0,1,3,F,Raleigh,Beverages,Value,2024,349.91999999999996,349.91999999999996,Active,2024-04,0
501082,1,5.0,3.0,2.6666666666666665,0.12500000000000006,69.72333333333333,68.92333333333333,0.011607099675968426,0.14285714285714285,0.6247861026818358,3,0.8333333333333334,23.24111111111111,3.0,0.296,5.333333333333333,2.6666666666666665,1.0,0.6857142857142857,0.3333333333333333,0.0,0.6666666666666666,0.0,0.3333333333333333,1.0,0.0,1.0,0.0,0,1.0,6,0,0,31.0,0,Silver,0,0,36,F,Boise,Produce,Mainstream,2021,69.32333333333334,84.3492857142857,Active,2024-04,0
501084,4,0.0,0.0,2.6666666666666665,-1.0,0.0,100.54666666666667,-1.0,-0.8571428571428571,1.1965160719227295,0,0.5,0.0,0.0,0.22999999999999998,0.0,1.3333333333333333,-1.0,-0.2857142857142857,0.0,0.3333333333333333,-0.6666666666666666,0.0,0.0,0.0,0.0,0.0,0.0,0,7.0,6,0,0,36.0,0,Gold,1,0,33,F,Raleigh,Household,Mainstream,2021,50.27333333333333,100.78375,Lapsed,2024-04,1
501085,2,0.0,1.3333333333333333,3.0,-0.5555555555555556,42.906666666666666,81.57,-0.47398962036696496,-0.7,0.740808876040572,2,0.75,32.18,0.6666666666666666,0.33,1.3333333333333333,3.0,-0.5555555555555556,-0.7,1.6666666666666667,2.0,-0.16666666666666663,0.6666666666666666,0.0,1.0,0.0,1.0,1.0,1,3.0,4,0,0,39.0,0,Silver,0,1,5,F,Raleigh,Beverages,Value,2023,52.5725,70.09666666666666,Active,2024-04,1
501086,1,8.0,8.0,8.0,0.0,168.97666666666666,168.97666666666666,0.0,0.5,0.12001427795646456,3,1.0,21.122083333333332,5.0,0.19999999999999998,1.3333333333333333,1.3333333333333333,0.0,0.0,1.6666666666666667,1.6666666666666667,0.0,0.3333333333333333,0.3333333333333333,0.0,0.0,0.0,0.0,0,7.0,3,1,0,24.0,0,Gold,1,1,4,M,Columbus,Frozen Foods,Mainstream,2023,168.97666666666666,168.97666666666666,Active,2024-04,0
501087,4,0.0,0.0,2.6666666666666665,-1.0,0.0,69.98333333333333,-1.0,-0.8571428571428571,1.246984074762008,0,0.5,0.0,0.0,0.3833333333333333,1.3333333333333333,4.666666666666667,-0.7142857142857144,-1.3714285714285714,0.0,1.3333333333333333,-1.0,0.0,1.3333333333333333,0.0,2.0,2.0,1.0,0,4.0,6,0,0,44.0,0,Silver,0,1,10,F,Denver,Bakery,Unknown,2023,34.99166666666667,105.58999999999999,Lapsed,2024-04,1
501088,1,6.0,3.6666666666666665,3.5,0.047619047619047575,147.69333333333336,158.72,-0.06947244623655899,0.4,0.4024408189292497,3,1.0,40.28000000000001,3.3333333333333335,0.374,2.0,3.0,-0.3333333333333333,-0.1,2.0,3.0,-0.3333333333333333,0.3333333333333333,0.5,0.0,2.0,2.0,0.0,0,5.0,6,0,1,61.0,0,Platinum,2,1,12,Other,Spokane,Household,Mainstream,2023,152.10399999999998,141.537,Active,2024-04,0
501089,2,0.0,3.6666666666666665,7.0,-0.4761904761904762,89.63666666666667,156.48,-0.4271685412406271,-0.9142857142857143,0.5026996681336368,2,0.8333333333333334,24.44636363636364,4.0,0.308,2.0,2.3333333333333335,-0.1428571428571429,-0.2571428571428571,1.0,0.6666666666666666,0.5000000000000001,0.3333333333333333,2.0,0.0,0.0,0.0,0.0,0,7.0,6,0,0,52.0,0,Silver,0,1,12,F,Madison,Personal Care,Upscale,2023,123.05833333333335,160.72222222222223,Active,2024-04,0
501091,7,0.0,0.0,0.0,0.0,0.0,0.0,0.0,0.0,0.0,0,0.0,0.0,0.0,0.0,0.0,0.0,0.0,0.0,0.0,0.0,0.0,0.0,0.0,0.0,0.0,0.0,0.0,0,7.0,6,0,0,66.0,0,Silver,0,1,32,F,Nashville,Bakery,Value,2021,0.0,73.74142857142859,Lapsed,2024-04,1
501093,1,2.0,3.5,3.3333333333333335,0.049999999999999954,155.185,148.28333333333333,0.04654377880184335,-0.1627906976744186,0.8736447819831011,2,0.8,44.33857142857143,3.0,0.27999999999999997,2.0,0.6666666666666666,2.0000000000000004,0.2093023255813953,2.0,2.0,0.0,0.5,0.3333333333333333,0.0,0.0,0.0,0.0,0,7.0,6,0,1,46.0,1,Platinum,2,1,26,F,Denver,Household,Mainstream,2022,151.044,148.70000000000002,Active,2024-04,0
501094,1,7.0,8.333333333333334,4.5,0.851851851851852,126.33,79.05,0.5981024667931689,0.7325581395348836,0.26478284754415155,3,1.0,15.1596,2.6666666666666665,0.346,3.3333333333333335,4.5,-0.25925925925925924,-0.48837209302325574,0.6666666666666666,1.0,-0.33333333333333337,0.3333333333333333,1.0,2.0,0.0,2.0,1.0,1,2.0,6,0,1,34.0,0,Silver,0,1,35,M,Tulsa,Bakery,Mainstream,2021,107.418,122.62785714285714,Active,2024-04,0
501095,7,0.0,0.0,0.0,0.0,0.0,0.0,0.0,0.0,0.0,0,0.0,0.0,0.0,0.0,0.0,0.0,0.0,0.0,0.0,0.0,0.0,0.0,0.0,0.0,0.0,0.0,0.0,0,7.0,6,0,0,57.0,0,Gold,1,1,35,F,Raleigh,Household,Mainstream,2021,0.0,104.98428571428572,Lapsed,2024-04,1
501096,1,3.0,4.666666666666667,7.666666666666667,-0.3913043478260869,107.45,170.92333333333332,-0.3713555785244846,-0.9428571428571428,0.31329148815236846,3,1.0,23.025,2.0,0.22,3.3333333333333335,2.6666666666666665,0.2500000000000001,0.17142857142857143,0.6666666666666666,0.6666666666666666,0.0,0.6666666666666666,0.6666666666666666,0.0,0.0,0.0,0.0,0,7.0,6,0,0,38.0,0,Silver,0,1,37,M,Denver,Frozen Foods,Mainstream,2021,139.18666666666667,124.70214285714285,Active,2024-04,0
501097,7,0.0,0.0,0.0,0.0,0.0,0.0,0.0,0.0,0.0,0,0.0,0.0,0.0,0.0,0.0,0.0,0.0,0.0,0.0,0.0,0.0,0.0,0.0,0.0,0.0,0.0,0.0,0,7.0,6,0,0,29.0,0,Silver,0,0,14,M,Spokane,Personal Care,Upscale,2023,0.0,51.31333333333333,Lapsed,2024-04,1
501098,2,0.0,2.6666666666666665,4.666666666666667,-0.42857142857142866,107.99000000000001,210.29999999999998,-0.48649548264384207,-0.8,0.533106438828359,2,0.8333333333333334,40.49625,2.3333333333333335,0.41,3.0,3.3333333333333335,-0.10000000000000003,-0.37142857142857144,1.0,1.6666666666666667,-0.4,0.3333333333333333,0.6666666666666666,0.0,0.0,0.0,0.0,0,7.0,6,0,0,60.0,0,Gold,1,1,23,F,Boise,Snacks,Value,2022,159.145,162.48785714285714,Active,2024-04,1
501099,7,0.0,0.0,0.0,0.0,0.0,0.0,0.0,0.0,0.0,0,0.0,0.0,0.0,0.0,0.0,0.0,0.0,0.0,0.0,0.0,0.0,0.0,0.0,0.0,0.0,0.0,0.0,0,7.0,6,0,0,50.0,0,Gold,1,1,29,F,Austin,Bakery,Value,2021,0.0,79.952,Lapsed,2024-04,1
501100,7,0.0,0.0,0.0,0.0,0.0,0.0,0.0,0.0,0.0,0,0.0,0.0,0.0,0.0,0.0,0.0,0.0,0.0,0.0,0.0,0.0,0.0,0.0,0.0,0.0,0.0,0.0,0,7.0,6,0,0,44.0,0,Gold,1,1,25,F,Boise,Bakery,Mainstream,2022,0.0,61.9525,Lapsed,2024-04,1
501101,1,11.0,6.666666666666667,6.333333333333333,0.052631578947368515,230.41,253.05999999999997,-0.08950446534418707,0.7142857142857143,0.5587899713034076,3,1.0,34.561499999999995,2.6666666666666665,0.3083333333333333,3.6666666666666665,2.3333333333333335,0.5714285714285713,0.6285714285714286,3.0,1.6666666666666667,0.7999999999999999,1.0,0.3333333333333333,0.0,0.0,0.0,0.0,0,7.0,6,0,0,58.0,0,Silver,0,1,30,F,Boise,Frozen Foods,Value,2021,241.735,198.04733333333334,Active,2024-04,0
501102,7,0.0,0.0,0.0,0.0,0.0,0.0,0.0,0.0,0.0,0,0.0,0.0,0.0,0.0,0.0,0.0,0.0,0.0,0.0,0.0,0.0,0.0,0.0,0.0,0.0,0.0,0.0,0,7.0,6,0,0,52.0,0,Silver,0,0,25,M,Portland,Personal Care,Value,2022,0.0,91.80499999999999,Lapsed,2024-04,1
501104,7,0.0,0.0,0.0,0.0,0.0,0.0,0.0,0.0,0.0,0,0.0,0.0,0.0,0.0,0.0,0.0,0.0,0.0,0.0,0.0,0.0,0.0,0.0,0.0,0.0,0.0,0.0,0,7.0,6,0,0,46.0,1,Silver,0,0,21,M,Raleigh,Bakery,Value,2022,0.0,132.78,Lapsed,2024-04,1
501105,1,4.0,5.0,7.0,-0.2857142857142857,197.53333333333333,277.3233333333333,-0.28771470125124704,-0.8,0.3019023515489713,3,1.0,39.50666666666667,3.3333333333333335,0.2966666666666667,2.0,3.6666666666666665,-0.45454545454545453,-0.2,0.3333333333333333,0.6666666666666666,-0.5,0.6666666666666666,0.6666666666666666,0.0,1.0,1.0,0.0,0,4.0,6,0,0,74.0,0,Silver,0,0,7,F,Nashville,Frozen Foods,Value,2023,237.42833333333337,237.42833333333337,Active,2024-04,0
501106,5,0.0,0.0,2.3333333333333335,-1.0,0.0,88.83999999999999,-1.0,-0.9428571428571428,1.935612825015273,0,0.3333333333333333,0.0,0.0,0.25,0.0,0.3333333333333333,-0.6666666666666666,-0.14285714285714285,0.0,0.3333333333333333,-0.6666666666666666,0.0,0.0,0.0,4.0,4.0,1.0,0,5.0,6,0,0,49.0,0,Silver,0,1,36,F,Nashville,Produce,Unknown,2021,44.419999999999995,144.05363636363637,Lapsed,2024-04,1
501107,7,0.0,0.0,0.0,0.0,0.0,0.0,0.0,0.0,0.0,0,0.0,0.0,0.0,0.0,0.0,0.0,0.0,0.0,0.0,0.0,0.0,0.0,0.0,0.0,0.0,0.0,0.0,0,7.0,6,0,0,44.0,0,Silver,0,0,34,M,Nashville,Snacks,Mainstream,2021,0.0,90.8442857142857,Lapsed,2024-04,1
501108,1,13.0,7.666666666666667,10.333333333333334,-0.25806451612903225,298.67333333333335,406.4766666666667,-0.2652140754286839,-0.2857142857142857,0.4232439049908531,3,1.0,38.95739130434782,1.6666666666666667,0.26333333333333336,5.666666666666667,1.6666666666666667,2.4,0.6857142857142858,1.6666666666666667,1.0,0.6666666666666667,0.6666666666666666,1.0,1.0,2.0,3.0,1.0,1,1.0,6,0,0,69.0,0,Platinum,2,1,23,F,Denver,Dairy,Upscale,2022,352.57500000000005,321.76599999999996,Active,2024-04,0
501109,1,6.0,5.333333333333333,2.0,1.6666666666666665,209.87333333333333,79.28999999999999,1.6469079749442976,0.8571428571428571,0.6565358566488743,3,1.0,39.35125,2.3333333333333335,0.3033333333333333,1.0,1.6666666666666667,-0.4,-0.22857142857142856,0.3333333333333333,1.0,-0.6666666666666667,0.3333333333333333,0.6666666666666666,1.0,0.0,1.0,1.0,1,2.0,6,0,0,74.0,0,Gold,1,1,29,M,Portland,Beverages,Mainstream,2021,144.58166666666668,164.94307692307694,Active,2024-04,0
501110,1,1.0,1.6666666666666667,5.666666666666667,-0.7058823529411764,53.13666666666666,177.98666666666668,-0.7014570379803732,-1.0285714285714285,0.5954774813624704,3,1.0,31.881999999999998,2.3333333333333335,0.22833333333333336,3.0,3.0,0.0,-0.05714285714285714,0.0,0.3333333333333333,-0.6666666666666666,0.3333333333333333,0.0,1.0,0.0,1.0,0.0,0,2.0,6,0,0,33.0,0,Silver,0,0,12,F,Denver,Produce,Value,2023,115.56166666666667,142.18,Active,2024-04,1
501111,1,4.0,4.0,7.333333333333333,-0.45454545454545453,129.23333333333335,213.79333333333332,-0.395522155352521,-0.9142857142857143,0.2575633006608369,3,1.0,32.30833333333334,2.3333333333333335,0.18333333333333335,3.6666666666666665,2.6666666666666665,0.375,0.3142857142857143,2.6666666666666665,1.0,1.6666666666666665,0.6666666666666666,0.3333333333333333,1.0,0.0,1.0,1.0,1,1.0,6,0,0,31.0,0,Gold,1,1,14,F,Portland,Beverages,Value,2023,171.51333333333332,162.78846153846155,Active,2024-04,0
501112,7,0.0,0.0,0.0,0.0,0.0,0.0,0.0,0.0,0.0,0,0.0,0.0,0.0,0.0,0.0,0.0,0.0,0.0,0.0,0.0,0.0,0.0,0.0,0.0,0.0,0.0,0.0,0,7.0,6,0,0,47.0,0,Silver,0,0,19,F,Portland,Snacks,Mainstream,2022,0.0,107.38399999999999,Lapsed,2024-04,1
501113,7,0.0,0.0,0.0,0.0,0.0,0.0,0.0,0.0,0.0,0,0.0,0.0,0.0,0.0,0.0,0.0,0.0,0.0,0.0,1.6666666666666667,-1.0,0.0,0.0,1.0,1.0,2.0,0.0,0,3.0,6,0,0,22.0,0,Silver,0,1,10,F,Madison,Beverages,Value,2023,0.0,30.14,Lapsed,2024-04,1
501115,1,8.0,7.333333333333333,4.0,0.8333333333333333,224.5,134.09666666666666,0.674165403067439,0.8571428571428571,0.4188420678727897,3,1.0,30.613636363636363,2.3333333333333335,0.20333333333333334,2.6666666666666665,2.3333333333333335,0.1428571428571427,-0.08571428571428572,0.0,0.0,0.0,0.0,0.0,0.0,0.0,0.0,0.0,0,7.0,6,0,0,46.0,1,Gold,1,0,15,M,Nashville,Frozen Foods,Value,2023,179.29833333333332,201.00615384615384,Active,2024-04,0
501116,7,0.0,0.0,0.0,0.0,0.0,0.0,0.0,0.0,0.0,0,0.0,0.0,0.0,0.0,0.0,0.0,0.0,0.0,0.0,0.0,0.0,0.0,0.0,0.0,0.0,0.0,0.0,0,7.0,6,0,0,22.0,0,Gold,1,0,27,F,Austin,Dairy,Upscale,2022,0.0,99.80333333333333,Lapsed,2024-04,1
501117,7,0.0,0.0,0.0,0.0,0.0,0.0,0.0,0.0,0.0,0,0.0,0.0,0.0,0.0,0.0,0.0,0.0,0.0,0.0,0.0,0.0,0.0,0.0,0.0,0.0,0.0,0.0,0,7.0,6,0,0,33.0,0,Gold,1,0,9,M,Madison,Frozen Foods,Mainstream,2023,0.0,30.69,Lapsed,2024-04,1
501118,7,0.0,0.0,0.0,0.0,0.0,0.0,0.0,0.0,0.0,0,0.0,0.0,0.0,0.0,0.0,0.0,0.0,0.0,0.0,0.0,0.0,0.0,0.0,0.0,0.0,0.0,0.0,0,7.0,6,0,0,72.0,0,Gold,1,0,26,Unknown,Portland,Beverages,Mainstream,2022,0.0,33.01333333333333,Lapsed,2024-04,1
501119,1,3.0,5.666666666666667,9.0,-0.37037037037037035,182.94666666666663,288.8066666666667,-0.3665427852542648,-0.9714285714285714,0.3241620870012966,3,1.0,32.28470588235293,3.0,0.36833333333333335,1.3333333333333333,2.6666666666666665,-0.5,-0.5142857142857142,1.3333333333333333,1.3333333333333333,0.0,1.0,1.3333333333333333,0.0,0.0,0.0,0.0,0,7.0,6,0,0,28.0,0,Gold,1,1,22,F,Nashville,Frozen Foods,Mainstream,2022,235.87666666666667,227.29999999999998,Active,2024-04,0
501120,1,1.0,2.3333333333333335,3.6666666666666665,-0.3636363636363636,53.223333333333336,91.66666666666667,-0.4193818181818182,-0.45714285714285713,0.40237018787223444,3,1.0,22.81,1.6666666666666667,0.34833333333333333,0.6666666666666666,3.0,-0.7777777777777778,-0.5428571428571428,2.3333333333333335,1.0,1.3333333333333335,0.6666666666666666,0.6666666666666666,0.0,0.0,0.0,0.0,0,7.0,6,0,0,46.0,0,Silver,0,1,16,Other,Tulsa,Personal Care,Mainstream,2022,72.44500000000001,84.84066666666666,Active,2024-04,0
501121,7,0.0,0.0,0.0,0.0,0.0,0.0,0.0,0.0,0.0,0,0.0,0.0,0.0,0.0,0.0,0.0,0.0,0.0,0.0,0.0,0.0,0.0,0.0,0.0,2.0,2.0,1.0,0,6.0,6,0,0,56.0,0,Platinum,2,0,27,F,Boise,Produce,Mainstream,2022,0.0,161.47875,Lapsed,2024-04,1
501122,1,7.0,5.0,6.333333333333333,-0.21052631578947364,140.13666666666666,185.2733333333333,-0.2436220359109064,-0.22857142857142854,0.2864609877937928,3,1.0,28.02733333333333,3.6666666666666665,0.225,3.3333333333333335,2.3333333333333335,0.42857142857142855,0.02857142857142857,0.3333333333333333,0.6666666666666666,-0.5,1.3333333333333333,0.6666666666666666,1.0,1.0,2.0,2.0,1,3.0,6,0,0,31.0,0,Gold,1,0,32,M,Raleigh,Dairy,Mainstream,2021,162.70499999999998,158.25666666666666,Active,2024-04,0
501123,1,2.0,1.3333333333333333,4.0,-0.6666666666666667,40.78,129.64666666666668,-0.6854527690646373,-0.6857142857142857,0.5664466062603691,3,1.0,30.585,1.3333333333333333,0.22833333333333336,1.0,1.3333333333333333,-0.24999999999999994,-0.0857142857142857,1.3333333333333333,1.6666666666666667,-0.20000000000000007,0.6666666666666666,1.0,0.0,0.0,0.0,0.0,0,7.0,6,0,0,37.0,0,Gold,1,0,36,F,Madison,Bakery,Mainstream,2021,85.21333333333332,84.52384615384615,Active,2024-04,0
501124,1,8.0,6.333333333333333,3.3333333333333335,0.8999999999999998,240.9,114.91666666666667,1.096301667875272,0.9428571428571428,0.6056894945075744,3,1.0,38.03684210526316,4.666666666666667,0.15166666666666667,3.0,3.0,0.0,0.11428571428571428,1.3333333333333333,1.6666666666666667,-0.20000000000000007,0.0,0.3333333333333333,0.0,0.0,0.0,0.0,0,7.0,6,0,0,61.0,0,Gold,1,1,28,F,Austin,Dairy,Value,2021,177.90833333333333,215.89733333333334,Active,2024-04,0
501125,1,12.0,7.5,7.5,0.0,212.98499999999999,212.98499999999999,0.0,0.0,0.5539122473413621,2,1.0,28.398,3.5,0.26,3.5,3.5,0.0,0.0,0.5,0.5,0.0,0.0,0.0,0.0,0.0,0.0,0.0,0,7.0,2,1,0,42.0,0,Silver,0,0,3,F,Raleigh,Snacks,Mainstream,2024,212.98499999999999,212.98499999999999,Active,2024-04,0
501126,7,0.0,0.0,0.0,0.0,0.0,0.0,0.0,0.0,0.0,0,0.0,0.0,0.0,0.0,0.0,0.0,0.0,0.0,0.0,0.0,0.0,0.0,0.0,0.0,0.0,0.0,0.0,0,7.0,6,0,0,64.0,0,Silver,0,1,12,M,Boise,Household,Mainstream,2023,0.0,71.37,Lapsed,2024-04,1
501127,1,4.0,4.333333333333333,4.0,0.08333333333333326,137.29,134.01,0.024475785389150073,-0.2,0.48052631487987124,3,1.0,31.682307692307692,1.6666666666666667,0.26499999999999996,2.3333333333333335,1.3333333333333333,0.7500000000000002,-0.14285714285714285,0.3333333333333333,0.6666666666666666,-0.5,0.0,1.6666666666666667,1.0,0.0,1.0,1.0,1,1.0,6,0,0,21.0,0,Gold,1,0,20,F,Nashville,Frozen Foods,Value,2022,135.65,142.942,Active,2024-04,1
501129,4,0.0,0.0,0.6666666666666666,-1.0,0.0,33.81333333333333,-1.0,-0.11428571428571428,1.4143125531498664,0,0.3333333333333333,0.0,0.0,0.10500000000000001,0.0,0.0,0.0,0.0,0.3333333333333333,1.0,-0.6666666666666667,0.0,0.3333333333333333,0.0,0.0,0.0,0.0,0,7.0,6,0,0,37.0,0,Platinum,2,1,16,M,Madison,Personal Care,Mainstream,2022,16.906666666666666,48.72,Lapsed,2024-04,1
501130,1,7.0,5.0,4.0,0.25,142.4333333333333,118.9,0.19792542753013712,0.5,0.3895889472407812,3,1.0,28.48666666666666,4.0,0.36250000000000004,2.0,3.0,-0.3333333333333333,-0.1,2.3333333333333335,2.0,0.16666666666666674,0.0,0.0,1.0,0.0,1.0,1.0,1,1.0,4,0,0,70.0,0,Silver,0,1,5,F,Tulsa,Dairy,Mainstream,2023,136.54999999999998,136.55,Active,2024-04,0
501131,1,8.0,8.0,5.666666666666667,0.41176470588235287,290.81666666666666,232.98000000000002,0.2482473459810569,0.6,0.35238932419932045,3,1.0,36.35208333333333,4.0,0.35333333333333333,1.0,2.3333333333333335,-0.5714285714285715,-0.2857142857142857,1.3333333333333333,1.0,0.33333333333333326,0.3333333333333333,0.6666666666666666,0.0,1.0,1.0,0.0,0,4.0,6,0,0,43.0,0,Gold,1,1,21,F,Spokane,Beverages,Upscale,2022,261.89833333333337,240.40466666666666,Active,2024-04,0
501132,1,8.0,7.666666666666667,4.333333333333333,0.7692307692307694,222.79999999999998,126.40666666666668,0.7625652655450659,1.0285714285714285,0.35889584504107064,3,1.0,29.060869565217388,5.0,0.25333333333333335,4.666666666666667,3.6666666666666665,0.2727272727272729,0.42857142857142855,1.6666666666666667,1.3333333333333333,0.2500000000000001,1.3333333333333333,0.6666666666666666,1.0,0.0,1.0,0.0,0,3.0,6,0,0,23.0,0,Gold,1,1,7,M,Tulsa,Frozen Foods,Mainstream,2023,174.60333333333335,174.60333333333335,Active,2024-04,0
501133,1,2.0,6.0,6.333333333333333,-0.052631578947368376,135.17666666666665,156.48,-0.136140933878664,-0.42857142857142855,0.34166617955372103,3,1.0,22.52944444444444,3.0,0.3066666666666667,3.0,4.333333333333333,-0.30769230769230765,-0.6285714285714286,1.0,1.3333333333333333,-0.24999999999999994,1.0,0.3333333333333333,0.0,0.0,0.0,0.0,0,7.0,6,0,0,65.0,0,Silver,0,1,10,F,Portland,Produce,Value,2023,145.82833333333335,202.0311111111111,Active,2024-04,0
501134,1,5.0,3.6666666666666665,7.333333333333333,-0.5,103.77333333333333,197.21333333333334,-0.47380163613007914,-0.8857142857142857,0.5313569237836906,2,0.8333333333333334,28.30181818181818,1.6666666666666667,0.22000000000000003,2.0,2.3333333333333335,-0.1428571428571429,-0.08571428571428572,0.0,0.6666666666666666,-1.0,0.0,1.0,0.0,0.0,0.0,0.0,0,7.0,6,0,0,48.0,0,Gold,1,0,11,F,Columbus,Bakery,Value,2023,150.49333333333334,186.43333333333334,Active,2024-04,0
501135,1,6.0,6.333333333333333,4.0,0.5833333333333333,227.1,146.53,0.5498532723674332,0.6571428571428571,0.35391163198960973,3,1.0,35.857894736842105,2.3333333333333335,0.30333333333333334,3.6666666666666665,3.6666666666666665,0.0,0.05714285714285713,0.0,0.0,0.0,0.6666666666666666,1.0,0.0,0.0,0.0,0.0,0,7.0,6,0,0,21.0,0,Silver,0,0,37,F,Portland,Personal Care,Upscale,2021,186.81499999999997,191.23142857142855,Active,2024-04,0
501136,1,5.0,4.666666666666667,5.0,-0.06666666666666661,123.38,127.77666666666669,-0.03440899486082505,-0.08571428571428572,0.2643470786737766,3,1.0,26.438571428571425,3.0,0.2366666666666667,2.6666666666666665,1.6666666666666667,0.5999999999999999,0.4857142857142857,1.0,1.0,0.0,0.6666666666666666,1.0,0.0,0.0,0.0,0.0,0,7.0,6,0,0,60.0,0,Silver,0,1,17,M,Madison,Snacks,Upscale,2022,125.57833333333333,140.56307692307692,Active,2024-04,0
501137,1,1.0,3.3333333333333335,2.5,0.33333333333333337,77.81,69.575,0.11836148041681638,0.17441860465116274,0.604295617700356,3,1.0,23.343,1.0,0.22399999999999998,3.3333333333333335,1.0,2.3333333333333335,0.6279069767441859,2.3333333333333335,1.5,0.5555555555555557,2.0,1.0,1.0,0.0,1.0,1.0,1,1.0,6,0,1,51.0,0,Silver,0,1,21,M,Spokane,Household,Value,2022,74.516,107.67999999999999,Active,2024-04,0
501138,1,1.0,0.3333333333333333,0.6666666666666666,-0.5,10.86,21.136666666666667,-0.4862009146822268,0.02857142857142857,1.0072955077635042,1,0.5,32.58,0.3333333333333333,0.24666666666666667,0.6666666666666666,0.3333333333333333,0.6666666666666666,-0.08571428571428572,3.0,0.6666666666666666,3.0,1.0,0.0,1.0,1.0,2.0,1.0,1,2.0,6,0,0,70.0,0,Gold,1,1,35,M,Raleigh,Dairy,Mainstream,2021,15.998333333333335,31.99666666666667,Active,2024-04,0
501140,7,0.0,0.0,0.0,0.0,0.0,0.0,0.0,0.0,0.0,0,0.0,0.0,0.0,0.0,0.0,0.3333333333333333,-0.6666666666666666,-0.14285714285714285,0.0,0.0,0.0,0.0,0.0,0.0,3.0,3.0,0.0,0,6.0,6,0,0,54.0,0,Gold,1,1,10,Unknown,Austin,Personal Care,Value,2023,0.0,115.32,Lapsed,2024-04,1
501141,4,0.0,0.0,1.6666666666666667,-1.0,0.0,76.0,-1.0,-0.4857142857142857,1.0681382284899217,0,0.5,0.0,0.0,0.43333333333333335,0.0,0.6666666666666666,-1.0,-0.17142857142857146,0.0,0.6666666666666666,-1.0,0.0,0.0,0.0,2.0,2.0,0.0,0,4.0,6,0,0,30.0,0,Gold,1,1,16,M,Nashville,Bakery,Value,2022,38.0,270.1816666666667,Lapsed,2024-04,1
501142,7,0.0,0.0,0.0,0.0,0.0,0.0,0.0,0.0,0.0,0,0.0,0.0,0.0,0.0,0.0,0.0,0.0,0.0,0.0,0.0,0.0,0.0,0.0,0.0,0.0,0.0,0.0,0,7.0,6,0,0,52.0,0,Platinum,2,0,34,M,Tulsa,Household,Value,2021,0.0,137.83333333333334,Lapsed,2024-04,1
501143,1,4.0,6.0,7.333333333333333,-0.1818181818181818,258.46999999999997,329.7666666666667,-0.2162033761245327,-0.5,0.2614989351888774,2,1.0,43.078333333333326,3.0,0.244,2.0,2.6666666666666665,-0.24999999999999994,-0.27906976744186046,1.0,0.6666666666666666,0.5000000000000001,0.0,0.6666666666666666,0.0,0.0,0.0,0.0,0,7.0,6,0,1,27.0,0,Platinum,2,0,27,F,Austin,Bakery,Upscale,2022,301.248,311.9157142857143,Active,2024-04,0
501144,1,2.0,6.0,7.333333333333333,-0.1818181818181818,213.11666666666667,305.72333333333336,-0.30291003848795756,-0.8,0.46609179276546275,3,1.0,35.519444444444446,3.3333333333333335,0.3066666666666667,3.6666666666666665,7.333333333333333,-0.5,-0.9428571428571428,0.0,0.6666666666666666,-1.0,0.3333333333333333,1.0,0.0,0.0,0.0,0.0,0,7.0,6,0,0,40.0,0,Gold,1,0,26,M,Tulsa,Frozen Foods,Unknown,2022,259.42,253.17,Active,2024-04,0
501145,4,0.0,0.0,1.0,-1.0,0.0,30.459999999999997,-1.0,-0.2,1.477557194307251,0,0.3333333333333333,0.0,0.0,0.42,0.0,0.6666666666666666,-1.0,-0.22857142857142856,0.0,1.0,-1.0,0.0,0.0,0.0,2.0,2.0,0.0,0,4.0,6,0,0,42.0,0,Silver,0,0,14,F,Columbus,Produce,Upscale,2023,15.229999999999999,41.294444444444444,Lapsed,2024-04,1
501146,7,0.0,0.0,0.0,0.0,0.0,0.0,0.0,0.0,0.0,0,0.0,0.0,0.0,0.0,0.0,0.0,0.0,0.0,0.0,0.0,0.0,0.0,0.0,0.0,0.0,0.0,0.0,0,7.0,6,0,0,50.0,0,Silver,0,1,32,M,Raleigh,Dairy,Value,2021,0.0,71.922,Lapsed,2024-04,1
501147,1,4.0,3.3333333333333335,5.0,-0.3333333333333333,94.87,138.60666666666665,-0.3155451878216535,-0.42857142857142855,0.31968212405020957,3,1.0,28.461,0.3333333333333333,0.26499999999999996,2.3333333333333335,1.3333333333333333,0.7500000000000002,0.2571428571428571,1.6666666666666667,1.6666666666666667,0.0,0.3333333333333333,0.3333333333333333,1.0,0.0,1.0,0.0,0,1.0,6,0,0,29.0,0,Silver,0,1,7,M,Portland,Dairy,Mainstream,2023,116.73833333333333,116.73833333333333,Active,2024-04,0
501148,1,7.0,8.0,6.666666666666667,0.19999999999999996,159.27,151.46,0.05156476957612572,0.9142857142857143,0.47402988734637636,3,1.0,19.90875,5.666666666666667,0.2333333333333333,4.0,3.6666666666666665,0.09090909090909095,-0.2571428571428571,0.6666666666666666,0.0,1.3333333333333333,1.0,0.0,0.0,1.0,1.0,0.0,0,4.0,6,0,0,49.0,0,Silver,0,0,15,M,Nashville,Personal Care,Mainstream,2023,155.36499999999998,146.98428571428573,Active,2024-04,0
501149,2,0.0,2.5,7.0,-0.6428571428571429,69.085,210.015,-0.6710473061447992,-1.3728813559322033,0.6217157347546188,1,0.75,27.633999999999997,1.0,0.25333333333333335,1.5,4.5,-0.6666666666666666,-0.4745762711864407,0.0,2.0,-1.0,0.5,1.5,0.0,0.0,0.0,0.0,0,7.0,6,0,2,36.0,0,Silver,0,1,13,M,Portland,Household,Value,2023,139.55,172.68,Active,2024-04,0
501151,1,4.0,6.0,6.0,0.0,187.625,187.625,0.0,0.0,0.43093937375083285,2,1.0,31.270833333333332,2.5,0.225,1.0,1.0,0.0,0.0,3.0,3.0,0.0,0.0,0.0,0.0,0.0,0.0,0.0,0,7.0,2,1,0,74.0,0,Gold,1,1,3,F,Spokane,Snacks,Mainstream,2024,187.625,187.625,Active,2024-04,0
501152,1,2.0,2.3333333333333335,3.3333333333333335,-0.3,77.80666666666667,116.21666666666665,-0.33050337014197606,-0.3142857142857143,0.26821939813337653,3,1.0,33.34571428571429,0.6666666666666666,0.42,1.3333333333333333,0.6666666666666666,1.0,0.2857142857142857,0.6666666666666666,1.0,-0.33333333333333337,1.0,0.6666666666666666,0.0,0.0,0.0,0.0,0,7.0,6,0,0,65.0,0,Silver,0,1,30,F,Boise,Produce,Value,2021,97.01166666666666,84.24785714285714,Active,2024-04,0
501153,2,0.0,3.0,4.0,-0.25,98.2,126.07333333333334,-0.2210882555126646,-0.6,0.48679789735707196,2,0.8333333333333334,32.733333333333334,1.0,0.33599999999999997,1.6666666666666667,2.3333333333333335,-0.28571428571428575,-0.17142857142857143,0.6666666666666666,0.3333333333333333,0.6666666666666666,0.0,0.0,2.0,0.0,2.0,0.0,0,2.0,6,0,0,31.0,0,Gold,1,0,36,F,Portland,Bakery,Value,2021,112.13666666666667,123.28857142857143,Active,2024-04,0
501154,1,2.0,3.0,4.0,-0.25,81.65666666666665,114.45666666666666,-0.28657133704167526,-0.42857142857142855,0.4709357609211063,3,1.0,27.218888888888884,3.6666666666666665,0.18666666666666668,1.3333333333333333,1.0,0.33333333333333326,0.02857142857142857,3.0,0.3333333333333333,3.0,0.3333333333333333,0.6666666666666666,0.0,1.0,1.0,1.0,0,6.0,6,0,0,60.0,0,Silver,0,0,9,M,Raleigh,Dairy,Value,2023,98.05666666666666,94.95142857142856,Active,2024-04,0
501155,1,6.0,6.0,6.0,0.0,181.17,181.17,0.0,0.0,0.0,1,1.0,30.194999999999997,1.0,0.38,3.0,3.0,0.0,0.0,0.0,0.0,0.0,0.0,0.0,0.0,0.0,0.0,0.0,0,7.0,1,1,0,73.0,0,Silver,0,0,2,F,Denver,Frozen Foods,Unknown,2024,181.17,181.17,Active,2024-04,0
501156,1,5.0,4.333333333333333,3.0,0.44444444444444436,132.35000000000002,89.49,0.47893619398815546,0.4,0.2796319455234873,3,1.0,30.5423076923077,2.0,0.245,0.3333333333333333,0.0,0.6666666666666666,0.3,0.0,0.0,0.0,0.6666666666666666,0.0,1.0,0.0,1.0,1.0,1,2.0,4,0,0,70.0,0,Silver,0,0,5,F,Denver,Personal Care,Mainstream,2023,121.63500000000002,121.635,Active,2024-04,0
501157,1,5.0,5.0,5.0,0.0,95.75,95.75,0.0,0.0,0.0,1,1.0,19.15,4.0,0.26,1.0,1.0,0.0,0.0,1.0,1.0,0.0,0.0,0.0,0.0,0.0,0.0,0.0,0,7.0,1,1,0,67.0,0,Silver,0,0,2,F,Raleigh,Household,Upscale,2024,95.75,95.75,Active,2024-04,0
501158,2,0.0,5.0,6.333333333333333,-0.21052631578947364,109.36,149.95666666666668,-0.27072265321092764,-0.6857142857142857,0.5247721722943781,2,0.8333333333333334,21.872,4.0,0.28200000000000003,2.0,1.6666666666666667,0.19999999999999996,0.3142857142857143,0.6666666666666666,0.3333333333333333,0.6666666666666666,1.0,0.3333333333333333,0.0,0.0,0.0,0.0,0,7.0,6,0,0,21.0,0,Silver,0,0,30,M,Columbus,Snacks,Mainstream,2021,129.65833333333333,132.3592857142857,Active,2024-04,0
501160,1,3.0,3.0,3.3333333333333335,-0.10000000000000003,75.705,91.56666666666666,-0.17322533673097923,-0.08108108108108109,0.12471642266485133,2,1.0,25.235,1.5,0.22800000000000004,3.0,2.6666666666666665,0.12500000000000006,0.21621621621621623,1.0,0.3333333333333333,1.3333333333333335,0.0,1.3333333333333333,0.0,0.0,0.0,0.0,0,7.0,6,0,1,61.0,0,Silver,0,1,26,M,Spokane,Bakery,Upscale,2022,85.22200000000001,86.55071428571429,Active,2024-04,0
501161,1,1.0,1.3333333333333333,2.3333333333333335,-0.42857142857142866,40.193333333333335,88.45666666666666,-0.5456155556392961,-0.2571428571428571,0.4627105917886425,3,1.0,30.145000000000003,1.6666666666666667,0.18499999999999997,0.0,1.0,-1.0,-0.37142857142857144,0.3333333333333333,0.0,0.6666666666666666,0.3333333333333333,1.0,0.0,0.0,0.0,0.0,0,7.0,6,0,0,35.0,0,Gold,1,0,30,F,Austin,Bakery,Value,2021,64.325,77.08142857142857,Active,2024-04,1
501162,1,4.0,3.0,4.0,-0.25,115.38000000000001,149.07333333333335,-0.22601851437771123,-0.3142857142857143,0.36138063114208246,3,1.0,38.46,2.3333333333333335,0.4633333333333334,2.3333333333333335,1.6666666666666667,0.4,-0.34285714285714286,0.3333333333333333,0.0,0.6666666666666666,0.0,0.3333333333333333,1.0,0.0,1.0,0.0,0,1.0,6,0,0,46.0,1,Silver,0,0,8,M,Nashville,Bakery,Mainstream,2023,132.22666666666666,147.37857142857143,Active,2024-04,1
501163,1,10.0,7.0,6.666666666666667,0.049999999999999954,268.8466666666667,262.13,0.025623418405625823,0.2,0.3586903395975112,3,1.0,38.40666666666667,1.0,0.2233333333333333,3.3333333333333335,1.3333333333333333,1.5,0.6285714285714286,0.6666666666666666,1.0,-0.33333333333333337,0.3333333333333333,1.3333333333333333,0.0,0.0,0.0,0.0,0,7.0,6,0,0,45.0,0,Platinum,2,0,8,M,Raleigh,Household,Mainstream,2023,265.4883333333334,261.5857142857143,Active,2024-04,0
501164,1,14.0,7.0,3.3333333333333335,1.0999999999999999,280.6166666666667,139.34666666666666,1.0138025069371353,1.5714285714285712,0.7787780220510414,3,1.0,40.08809523809524,3.3333333333333335,0.24833333333333332,3.3333333333333335,5.333333333333333,-0.37499999999999994,-0.4,0.3333333333333333,0.0,0.6666666666666666,0.6666666666666666,0.0,0.0,0.0,0.0,0.0,0,7.0,6,0,0,60.0,0,Gold,1,0,10,F,Tulsa,Dairy,Mainstream,2023,209.98166666666668,213.67333333333332,Active,2024-04,0
501165,7,0.0,0.0,0.0,0.0,0.0,0.0,0.0,0.0,0.0,0,0.0,0.0,0.0,0.0,0.0,0.0,0.0,0.0,0.0,0.0,0.0,0.0,0.0,0.0,0.0,0.0,0.0,0,7.0,6,0,0,60.0,0,Silver,0,0,29,F,Boise,Bakery,Mainstream,2021,0.0,133.0125,Lapsed,2024-04,1
501166,7,0.0,0.0,0.0,0.0,0.0,0.0,0.0,0.0,0.0,0,0.0,0.0,0.0,0.0,0.0,0.0,0.0,0.0,0.0,0.0,0.0,0.0,0.0,0.0,0.0,0.0,0.0,0,7.0,6,0,0,34.0,0,Silver,0,1,36,F,Austin,Household,Upscale,2021,0.0,24.15,Lapsed,2024-04,1
501167,1,13.0,8.333333333333334,7.666666666666667,0.08695652173913047,326.97333333333336,292.77,0.11682663296558178,0.8,0.34206671939685823,3,1.0,39.2368,3.0,0.2366666666666667,4.666666666666667,6.333333333333333,-0.26315789473684204,-0.37142857142857144,0.3333333333333333,2.3333333333333335,-0.8571428571428571,0.3333333333333333,0.3333333333333333,1.0,1.0,2.0,0.0,0,1.0,6,0,0,63.0,0,Gold,1,1,28,F,Raleigh,Bakery,Upscale,2021,309.87166666666667,302.2257142857143,Active,2024-04,0
501168,7,0.0,0.0,0.0,0.0,0.0,0.0,0.0,0.0,0.0,0,0.0,0.0,0.0,0.0,0.0,0.3333333333333333,-0.6666666666666666,-0.14285714285714285,0.0,0.0,0.0,0.0,0.0,0.0,1.0,1.0,0.0,0,6.0,6,0,0,44.0,0,Silver,0,1,10,F,Raleigh,Bakery,Mainstream,2023,0.0,116.91000000000001,Lapsed,2024-04,1
501170,1,2.0,2.0,1.0,1.0,43.455,20.34,1.1364306784660767,0.36046511627906974,0.5608214720673385,2,0.8,21.7275,3.0,0.315,0.0,0.0,0.0,0.0,2.5,2.0,0.25,1.5,0.0,0.0,0.0,0.0,0.0,0,7.0,6,0,1,65.0,0,Silver,0,1,26,F,Tulsa,Bakery,Mainstream,2022,29.586000000000002,34.73777777777778,Active,2024-04,0
501171,7,0.0,0.0,0.0,0.0,0.0,0.0,0.0,0.0,0.0,0,0.0,0.0,0.0,0.0,0.0,0.0,0.0,0.0,0.0,0.0,0.0,0.0,0.0,0.0,0.0,0.0,0.0,0,7.0,6,0,0,34.0,0,Silver,0,0,16,F,Columbus,Produce,Value,2022,0.0,79.66499999999999,Lapsed,2024-04,1
501172,1,3.0,4.333333333333333,4.333333333333333,0.0,116.14666666666666,116.14666666666666,0.0,-2.5,0.62195738582909,3,1.0,26.803076923076922,3.0,0.3,1.3333333333333333,1.3333333333333333,0.0,-0.5,1.6666666666666667,1.6666666666666667,0.0,1.0,1.0,1.0,0.0,1.0,1.0,1,1.0,3,1,0,20.0,0,Silver,0,1,4,F,Boise,Personal Care,Value,2023,116.14666666666666,116.14666666666666,Active,2024-04,0
501173,7,0.0,0.0,0.0,0.0,0.0,0.0,0.0,0.0,0.0,0,0.0,0.0,0.0,0.0,0.0,0.0,0.0,0.0,0.0,0.0,0.0,0.0,0.0,0.0,0.0,0.0,0.0,0,7.0,6,0,0,55.0,0,Silver,0,1,12,M,Raleigh,Personal Care,Mainstream,2023,0.0,58.025000000000006,Lapsed,2024-04,1
501174,1,4.0,2.6666666666666665,2.6666666666666665,0.0,85.31,87.40666666666668,-0.023987491419418937,0.4,0.5875666569880235,2,0.8333333333333334,31.99125,1.0,0.26799999999999996,0.6666666666666666,1.6666666666666667,-0.6,-0.42857142857142855,1.6666666666666667,1.3333333333333333,0.2500000000000001,0.3333333333333333,1.3333333333333333,0.0,0.0,0.0,0.0,0,7.0,6,0,0,46.0,1,Silver,0,1,31,M,Spokane,Dairy,Upscale,2021,86.35833333333335,94.00461538461538,Active,2024-04,0
501175,7,0.0,0.0,0.0,0.0,0.0,0.0,0.0,0.0,0.0,0,0.0,0.0,0.0,0.0,0.0,0.0,0.0,0.0,0.0,0.0,0.0,0.0,0.0,0.0,0.0,0.0,0.0,0,7.0,6,0,0,32.0,0,Gold,1,0,19,F,Austin,Frozen Foods,Upscale,2022,0.0,44.88333333333333,Lapsed,2024-04,1
501177,1,8.0,10.0,8.666666666666666,0.15384615384615394,279.6033333333333,288.12333333333333,-0.02957066996772229,0.17142857142857143,0.1946848180939125,3,1.0,27.96033333333333,4.0,0.26,3.6666666666666665,5.0,-0.2666666666666667,-0.45714285714285713,1.3333333333333333,0.6666666666666666,1.0,0.3333333333333333,0.0,0.0,0.0,0.0,0.0,0,7.0,6,0,0,67.0,0,Silver,0,1,35,F,Tulsa,Personal Care,Value,2021,283.8633333333333,260.55,Active,2024-04,0
501178,1,5.0,3.6666666666666665,7.666666666666667,-0.5217391304347826,95.75333333333333,212.18999999999997,-0.5487377664671599,-1.0857142857142856,0.4402887729680002,3,1.0,26.114545454545453,3.6666666666666665,0.28,3.3333333333333335,4.0,-0.16666666666666663,0.0,0.3333333333333333,0.0,0.6666666666666666,0.3333333333333333,1.0,0.0,0.0,0.0,0.0,0,7.0,6,0,0,66.0,0,Silver,0,0,19,F,Portland,Personal Care,Mainstream,2022,153.97166666666666,158.66714285714286,Active,2024-04,0
501179,4,0.0,0.0,1.6666666666666667,-1.0,0.0,58.05666666666667,-1.0,-0.4285714285714286,1.383920015964737,0,0.5,0.0,0.0,0.35000000000000003,0.0,0.3333333333333333,-0.6666666666666666,-0.14285714285714285,0.3333333333333333,1.0,-0.6666666666666667,0.0,0.3333333333333333,0.0,1.0,1.0,0.0,0,5.0,6,0,0,59.0,0,Silver,0,1,13,F,Nashville,Beverages,Mainstream,2023,29.028333333333336,110.44999999999999,Lapsed,2024-04,1
501181,7,0.0,0.0,0.0,0.0,0.0,0.0,0.0,0.0,0.0,0,0.0,0.0,0.0,0.0,0.0,0.0,0.0,0.0,0.0,0.0,0.0,0.0,0.0,0.0,0.0,0.0,0.0,0,7.0,6,0,0,71.0,0,Silver,0,0,21,F,Raleigh,Personal Care,Mainstream,2022,0.0,53.684444444444445,Lapsed,2024-04,1
501182,1,4.0,5.333333333333333,7.0,-0.23809523809523814,84.26666666666667,112.90333333333335,-0.25363880605828004,-0.5428571428571428,0.4246428716603528,3,1.0,15.8,2.0,0.395,2.6666666666666665,3.3333333333333335,-0.20000000000000007,0.05714285714285714,3.3333333333333335,0.6666666666666666,3.0,0.3333333333333333,0.3333333333333333,0.0,1.0,1.0,0.0,0,4.0,6,0,0,64.0,0,Silver,0,1,21,M,Portland,Household,Mainstream,2022,98.585,101.95066666666666,Active,2024-04,0
501183,1,5.0,4.0,2.0,1.0,131.30333333333334,75.46,0.7400388726919341,0.6,0.3319346634383986,3,1.0,32.825833333333335,2.3333333333333335,0.27,3.6666666666666665,1.0,2.6666666666666665,1.0,0.0,0.0,0.0,0.0,0.0,1.0,0.0,1.0,0.0,0,1.0,4,0,0,20.0,0,Silver,0,0,5,F,Tulsa,Dairy,Value,2023,117.3425,117.3425,Active,2024-04,0
501184,4,0.0,0.0,4.666666666666667,-1.0,0.0,145.60333333333332,-1.0,-1.2571428571428571,1.1259850867054864,0,0.5,0.0,0.0,0.37999999999999995,0.0,0.6666666666666666,-1.0,-0.22857142857142856,0.0,0.0,0.0,0.0,0.0,0.0,4.0,4.0,0.0,0,4.0,6,0,0,31.0,0,Platinum,2,0,32,M,Nashville,Snacks,Mainstream,2021,72.80166666666666,129.5825,Lapsed,2024-04,1
501185,7,0.0,0.0,0.0,0.0,0.0,0.0,0.0,0.0,0.0,0,0.0,0.0,0.0,0.0,0.0,0.0,0.0,0.0,0.0,0.0,0.0,0.0,0.0,0.0,0.0,0.0,0.0,0,7.0,6,0,0,24.0,0,Gold,1,1,19,F,Raleigh,Personal Care,Value,2022,0.0,33.11,Lapsed,2024-04,1
501186,1,4.0,3.0,3.0,0.0,127.26,127.26,0.0,0.0,0.32421813609932426,2,1.0,42.42,1.5,0.27999999999999997,1.5,1.5,0.0,0.0,1.0,1.0,0.0,0.5,0.5,0.0,0.0,0.0,0.0,0,7.0,2,1,0,35.0,0,Silver,0,1,3,F,Spokane,Household,Mainstream,2024,127.26,127.26,Active,2024-04,0
501187,1,5.0,4.666666666666667,3.6666666666666665,0.2727272727272729,170.76,152.18666666666664,0.12204310495882265,0.2,0.33557193194925083,3,1.0,36.591428571428565,3.3333333333333335,0.20666666666666667,1.6666666666666667,2.6666666666666665,-0.37499999999999994,-0.2,1.0,0.3333333333333333,1.3333333333333335,1.3333333333333333,1.3333333333333333,1.0,1.0,2.0,1.0,1,2.0,6,0,0,56.0,0,Gold,1,0,7,F,Spokane,Produce,Value,2023,161.47333333333333,161.47333333333333,Active,2024-04,0
501188,1,5.0,6.666666666666667,5.0,0.33333333333333337,249.29,205.79666666666665,0.21134129156610898,0.3142857142857143,0.3655705004211976,3,1.0,37.393499999999996,4.0,0.24166666666666667,5.333333333333333,4.666666666666667,0.1428571428571427,0.11428571428571428,0.0,0.3333333333333333,-0.6666666666666666,0.3333333333333333,1.0,1.0,0.0,1.0,0.0,0,2.0,6,0,0,49.0,0,Silver,0,0,10,F,Raleigh,Dairy,Mainstream,2023,227.54333333333332,258.5475,Active,2024-04,0
501189,1,10.0,5.0,3.6666666666666665,0.3636363636363637,233.56333333333336,171.35333333333335,0.36305100571917676,0.8,0.818075130236645,3,1.0,46.71266666666667,3.6666666666666665,0.22666666666666668,3.0,2.0,0.5,0.2,1.3333333333333333,2.3333333333333335,-0.42857142857142866,0.0,0.6666666666666666,0.0,1.0,1.0,0.0,0,4.0,6,0,0,46.0,1,Silver,0,1,28,F,Raleigh,Snacks,Mainstream,2021,202.45833333333334,210.756,Active,2024-04,0
501190,7,0.0,0.0,0.0,0.0,0.0,0.0,0.0,0.0,0.0,0,0.0,0.0,0.0,0.0,0.0,0.0,0.0,0.0,0.0,0.0,0.0,0.0,0.0,0.0,0.0,0.0,0.0,0,7.0,6,0,0,55.0,0,Gold,1,1,29,F,Tulsa,Personal Care,Mainstream,2021,0.0,169.14,Lapsed,2024-04,1
501191,1,5.0,5.666666666666667,4.0,0.41666666666666674,124.89666666666666,78.625,0.5885108638049814,0.4651162790697674,0.41142593784265796,3,1.0,22.040588235294116,2.0,0.35,4.333333333333333,3.0,0.44444444444444436,0.38372093023255804,2.3333333333333335,2.0,0.16666666666666674,0.3333333333333333,0.5,0.0,3.0,3.0,0.0,0,6.0,6,0,1,51.0,0,Silver,0,1,31,M,Nashville,Household,Upscale,2021,106.388,86.675,Active,2024-04,0
501192,7,0.0,0.0,0.0,0.0,0.0,0.0,0.0,0.0,0.0,0,0.0,0.0,0.0,0.0,0.0,0.0,0.0,0.0,0.0,0.0,0.0,0.0,0.0,0.0,0.0,0.0,0.0,0,7.0,6,0,0,68.0,0,Gold,1,1,23,F,Boise,Household,Value,2022,0.0,61.763999999999996,Lapsed,2024-04,1
501193,1,4.0,8.666666666666666,7.666666666666667,0.13043478260869554,234.86333333333332,221.75,0.05913566328447944,-0.19999999999999996,0.283258906849888,3,1.0,27.099615384615383,4.0,0.22666666666666668,3.6666666666666665,1.3333333333333333,1.7499999999999998,0.4857142857142857,0.6666666666666666,0.3333333333333333,0.6666666666666666,0.0,1.0,0.0,0.0,0.0,0.0,0,7.0,6,0,0,35.0,0,Platinum,2,0,34,F,Denver,Frozen Foods,Value,2021,228.30666666666662,201.49133333333333,Active,2024-04,0
501194,1,3.0,4.0,3.0,0.3333333333333333,147.81000000000003,111.255,0.32856950249427025,0.0,0.26859158638825986,3,1.0,36.95250000000001,2.0,0.262,2.3333333333333335,3.5,-0.3333333333333333,-0.1,0.3333333333333333,0.0,0.6666666666666666,0.6666666666666666,1.5,1.0,0.0,1.0,0.0,0,3.0,6,0,1,68.0,0,Silver,0,0,11,F,Denver,Produce,Mainstream,2023,133.18800000000002,103.23444444444445,Active,2024-04,0
501195,6,0.0,0.0,0.3333333333333333,-0.6666666666666666,0.0,13.696666666666667,-1.0,-0.14285714285714285,2.23606797749979,0,0.16666666666666666,0.0,0.0,0.39,0.0,0.0,0.0,0.0,0.0,0.3333333333333333,-0.6666666666666666,0.0,0.0,0.0,0.0,0.0,0.0,0,7.0,6,0,0,55.0,0,Gold,1,1,22,M,Denver,Household,Mainstream,2022,6.848333333333334,89.65444444444444,Lapsed,2024-04,1
501196,7,0.0,0.0,0.0,0.0,0.0,0.0,0.0,0.0,0.0,0,0.0,0.0,0.0,0.0,0.0,0.0,0.0,0.0,0.0,0.0,0.0,0.0,0.0,0.0,0.0,0.0,0.0,0,7.0,6,0,0,32.0,0,Gold,1,0,24,M,Columbus,Produce,Unknown,2022,0.0,77.49333333333333,Lapsed,2024-04,1
501198,1,3.0,2.0,2.0,0.0,53.01666666666667,54.696666666666665,-0.030714851605825936,0.05714285714285714,0.3562574056557567,3,1.0,26.508333333333336,2.0,0.345,3.0,1.3333333333333333,1.2500000000000002,0.37142857142857144,0.0,0.6666666666666666,-1.0,1.0,0.6666666666666666,2.0,0.0,2.0,1.0,1,1.0,6,0,0,60.0,0,Silver,0,0,17,F,Raleigh,Household,Mainstream,2022,53.85666666666666,55.232,Active,2024-04,0
501199,1,5.0,4.666666666666667,4.333333333333333,0.07692307692307707,133.25,130.87666666666667,0.01813412118279297,0.02857142857142857,0.19751221913327605,3,1.0,28.553571428571427,3.6666666666666665,0.40833333333333327,2.6666666666666665,1.6666666666666667,0.5999999999999999,0.02857142857142857,1.0,1.3333333333333333,-0.24999999999999994,1.0,0.3333333333333333,0.0,2.0,2.0,0.0,0,4.0,6,0,0,57.0,0,Silver,0,1,27,M,Madison,Snacks,Value,2022,132.06333333333336,135.43,Active,2024-04,0
501200,7,0.0,0.0,0.0,0.0,0.0,0.0,0.0,0.0,0.0,0,0.0,0.0,0.0,0.0,0.0,0.0,0.0,0.0,0.0,0.0,0.0,0.0,0.0,0.0,1.0,1.0,1.0,0,6.0,6,0,0,54.0,0,Silver,0,1,33,M,Denver,Snacks,Mainstream,2021,0.0,34.95,Lapsed,2024-04,1
501201,1,6.0,7.0,8.0,-0.125,264.33666666666664,293.18333333333334,-0.09839122278437847,0.08571428571428572,0.345592574729473,3,1.0,37.76238095238095,4.333333333333333,0.275,1.6666666666666667,3.3333333333333335,-0.5,-0.6,0.0,1.0,-1.0,0.0,0.6666666666666666,0.0,0.0,0.0,0.0,0,7.0,6,0,0,40.0,0,Silver,0,0,35,F,Raleigh,Frozen Foods,Unknown,2021,278.76,254.5223076923077,Active,2024-04,0
501202,1,11.0,9.333333333333334,6.666666666666667,0.4,241.27333333333334,157.5666666666667,0.5312460334250051,1.0285714285714285,0.2522958744897919,3,1.0,25.850714285714286,3.3333333333333335,0.38499999999999995,3.3333333333333335,3.0,0.11111111111111116,0.2,0.0,0.6666666666666666,-1.0,0.3333333333333333,1.0,0.0,0.0,0.0,0.0,0,7.0,6,0,0,40.0,0,Silver,0,0,11,M,Austin,Beverages,Upscale,2023,199.42,188.291,Active,2024-04,0
501203,1,3.0,3.3333333333333335,4.333333333333333,-0.23076923076923067,56.11666666666667,79.16000000000001,-0.2910981977429679,-0.37142857142857144,0.35357396621594606,3,1.0,16.835,1.6666666666666667,0.30833333333333335,0.3333333333333333,0.6666666666666666,-0.5,-0.14285714285714285,1.0,3.0,-0.6666666666666666,0.6666666666666666,0.3333333333333333,0.0,0.0,0.0,0.0,0,7.0,6,0,0,49.0,0,Silver,0,1,27,M,Boise,Personal Care,Value,2022,67.63833333333334,84.18142857142857,Active,2024-04,0
501204,1,10.0,7.333333333333333,4.333333333333333,0.6923076923076924,235.39666666666668,151.17999999999998,0.5570622216342552,0.7714285714285715,0.3378441921532589,3,1.0,32.099545454545456,3.6666666666666665,0.3333333333333333,2.6666666666666665,1.6666666666666667,0.5999999999999999,0.37142857142857144,1.0,2.0,-0.5,1.3333333333333333,1.0,1.0,1.0,2.0,0.0,0,2.0,6,0,0,62.0,0,Silver,0,1,29,F,Boise,Household,Unknown,2021,193.28833333333338,239.70600000000002,Active,2024-04,0
501205,1,15.0,8.666666666666666,9.333333333333334,-0.07142857142857155,202.19666666666663,173.23333333333335,0.16719261112180073,0.5714285714285714,0.48806304077429075,3,1.0,23.330384615384613,2.0,0.22,1.6666666666666667,2.3333333333333335,-0.28571428571428575,-0.22857142857142856,1.0,1.0,0.0,1.0,0.6666666666666666,1.0,0.0,1.0,1.0,1,2.0,6,0,0,32.0,0,Silver,0,1,35,F,Spokane,Beverages,Upscale,2021,187.715,180.43733333333333,Active,2024-04,0
501206,1,9.0,5.333333333333333,4.0,0.33333333333333326,180.48000000000002,123.08,0.46636334091647724,0.6285714285714286,0.45435061290864726,3,1.0,33.84,2.0,0.26833333333333337,4.333333333333333,3.3333333333333335,0.2999999999999999,0.14285714285714285,1.3333333333333333,1.3333333333333333,0.0,0.0,1.0,0.0,1.0,1.0,0.0,0,4.0,6,0,0,69.0,0,Gold,1,1,24,M,Tulsa,Snacks,Mainstream,2022,151.78,182.4742857142857,Active,2024-04,0
501207,1,4.0,4.0,6.666666666666667,-0.4,121.80666666666666,184.33333333333334,-0.3392043399638337,-0.2857142857142857,0.5742869566369719,3,1.0,30.451666666666664,1.0,0.26999999999999996,3.6666666666666665,4.333333333333333,-0.15384615384615383,-0.2857142857142857,0.3333333333333333,0.0,0.6666666666666666,1.3333333333333333,0.3333333333333333,1.0,0.0,1.0,1.0,1,1.0,6,0,0,29.0,0,Gold,1,0,7,F,Tulsa,Dairy,Mainstream,2023,153.07,153.07,Active,2024-04,0
501208,7,0.0,0.0,0.0,0.0,0.0,0.0,0.0,0.0,0.0,0,0.0,0.0,0.0,0.0,0.0,0.0,0.0,0.0,0.0,0.0,0.0,0.0,0.0,0.0,0.0,0.0,0.0,0,7.0,6,0,0,45.0,0,Gold,1,1,28,F,Austin,Bakery,Mainstream,2021,0.0,130.165,Lapsed,2024-04,1
501209,2,0.0,1.6666666666666667,5.5,-0.6969696969696969,56.03,155.94,-0.6406951391560857,-1.2,0.6906071578648463,2,0.8,33.618,2.0,0.29500000000000004,2.3333333333333335,2.5,-0.06666666666666661,0.0,1.3333333333333333,0.5,1.6666666666666665,0.0,1.0,0.0,1.0,1.0,0.0,0,5.0,5,0,0,35.0,0,Gold,1,1,6,M,Denver,Produce,Mainstream,2023,95.994,119.9925,Active,2024-04,1
501210,2,0.0,1.0,3.3333333333333335,-0.7000000000000001,46.14000000000001,144.36,-0.6803823773898586,-0.8285714285714286,0.6948198487385752,2,0.8333333333333334,46.14000000000001,2.3333333333333335,0.33399999999999996,0.0,0.3333333333333333,-0.6666666666666666,-0.08571428571428572,0.3333333333333333,0.3333333333333333,0.0,0.0,0.3333333333333333,2.0,0.0,2.0,1.0,1,1.0,6,0,0,70.0,0,Gold,1,0,14,Other,Austin,Beverages,Mainstream,2023,95.25,104.15363636363637,Active,2024-04,1
501211,1,10.0,7.0,5.666666666666667,0.23529411764705876,217.42666666666665,177.85333333333332,0.22250543519004418,0.6285714285714286,0.35426677055607103,3,1.0,31.06095238095238,6.0,0.4200000000000001,4.666666666666667,3.6666666666666665,0.2727272727272729,0.4857142857142857,1.3333333333333333,1.3333333333333333,0.0,0.3333333333333333,0.6666666666666666,0.0,0.0,0.0,0.0,0,7.0,6,0,0,28.0,0,Silver,0,1,18,F,Madison,Dairy,Mainstream,2022,197.64,216.82333333333332,Active,2024-04,0
501212,7,0.0,0.0,0.0,0.0,0.0,0.0,0.0,0.0,0.0,0,0.0,0.0,0.0,0.0,0.0,0.0,0.0,0.0,0.0,0.0,0.0,0.0,0.0,0.0,0.0,0.0,0.0,0,7.0,6,0,0,25.0,0,Silver,0,1,27,F,Madison,Dairy,Unknown,2022,0.0,56.5775,Lapsed,2024-04,1
501213,5,0.0,0.0,0.5,-1.0,0.0,16.52,-1.0,-0.2,2.0,0,0.2,0.0,0.0,0.26,0.0,0.0,0.0,0.0,0.0,0.0,0.0,0.0,0.0,0.0,2.0,2.0,1.0,0,4.0,5,0,0,56.0,0,Silver,0,0,6,M,Nashville,Frozen Foods,Mainstream,2023,6.608,33.04,Lapsed,2024-04,1
501214,1,5.0,5.666666666666667,7.0,-0.19047619047619044,236.72000000000003,336.19,-0.2958743567625449,-0.2857142857142857,0.2489401345794635,3,1.0,41.77411764705882,1.6666666666666667,0.3383333333333334,3.3333333333333335,2.0,0.6666666666666667,0.6857142857142857,0.0,0.3333333333333333,-0.6666666666666666,0.6666666666666666,1.0,0.0,1.0,1.0,0.0,0,5.0,6,0,0,27.0,0,Gold,1,0,26,M,Nashville,Beverages,Unknown,2022,286.455,293.77666666666664,Active,2024-04,0
501215,1,10.0,6.666666666666667,6.666666666666667,0.0,193.05000000000004,193.05000000000004,0.0,1.0,0.4871442190911124,3,1.0,28.957500000000003,3.0,0.3066666666666667,2.3333333333333335,2.3333333333333335,0.0,-1.0,1.0,1.0,0.0,0.6666666666666666,0.6666666666666666,1.0,0.0,1.0,1.0,1,2.0,3,1,0,74.0,0,Silver,0,0,5,F,Denver,Dairy,Unknown,2023,193.05000000000004,193.05000000000004,Active,2024-04,0
501217,1,5.0,5.0,5.0,0.0,234.58,234.58,0.0,0.0,0.03844595039957871,3,1.0,46.916000000000004,3.3333333333333335,0.2933333333333334,2.3333333333333335,2.3333333333333335,0.0,1.0,0.6666666666666666,0.6666666666666666,0.0,0.6666666666666666,0.6666666666666666,0.0,0.0,0.0,0.0,0,7.0,3,1,0,68.0,0,Silver,0,1,4,F,Austin,Household,Mainstream,2023,234.58,234.58,Active,2024-04,0
501219,1,4.0,6.0,5.333333333333333,0.12500000000000006,233.64,203.53666666666666,0.14790127904882,-2.5376526277146434e-17,0.2852997607165528,3,1.0,38.94,3.6666666666666665,0.21666666666666667,3.6666666666666665,4.666666666666667,-0.21428571428571436,-0.14285714285714285,1.6666666666666667,2.6666666666666665,-0.37499999999999994,2.3333333333333335,1.0,0.0,0.0,0.0,0.0,0,7.0,6,0,0,60.0,0,Gold,1,1,12,F,Columbus,Dairy,Unknown,2023,218.58833333333328,228.8790909090909,Active,2024-04,0
501220,5,0.0,0.0,1.0,-1.0,0.0,35.88666666666666,-1.0,-0.37142857142857144,1.4911126495077351,0,0.3333333333333333,0.0,0.0,0.43,0.0,0.3333333333333333,-0.6666666666666666,-0.14285714285714285,0.0,0.0,0.0,0.0,0.0,0.0,0.0,0.0,0.0,0,7.0,6,0,0,51.0,0,Silver,0,0,36,M,Tulsa,Bakery,Mainstream,2021,17.94333333333333,83.58181818181818,Lapsed,2024-04,1
501222,1,4.0,3.0,4.0,-0.25,60.06333333333333,85.81,-0.3000427300625413,-0.2571428571428571,0.5113447925894135,3,1.0,20.02111111111111,2.0,0.39333333333333337,1.0,1.0,0.0,0.0,1.0,1.6666666666666667,-0.4,1.0,0.3333333333333333,0.0,1.0,1.0,0.0,0,4.0,6,0,0,46.0,0,Silver,0,1,27,M,Spokane,Frozen Foods,Mainstream,2022,72.93666666666667,77.366,Active,2024-04,0
501223,1,7.0,5.0,2.0,1.5,120.86666666666667,45.824999999999996,1.637570467357702,0.9069767441860463,0.5348161983231257,3,1.0,24.173333333333336,2.6666666666666665,0.144,2.3333333333333335,1.5,0.5555555555555557,0.46511627906976727,1.6666666666666667,1.5,0.11111111111111116,0.3333333333333333,0.0,0.0,0.0,0.0,0.0,0,7.0,6,0,1,18.0,0,Silver,0,1,8,F,Raleigh,Beverages,Mainstream,2023,90.85,98.28000000000002,Active,2024-04,0
501224,1,4.0,4.0,3.3333333333333335,0.19999999999999996,134.41,108.87333333333333,0.23455391586553176,0.05714285714285714,0.4969748130235428,3,1.0,33.6025,3.0,0.2366666666666667,1.3333333333333333,1.3333333333333333,0.0,0.05714285714285714,2.6666666666666665,2.3333333333333335,0.1428571428571427,1.3333333333333333,1.3333333333333333,1.0,0.0,1.0,0.0,0,3.0,6,0,0,26.0,0,Silver,0,1,7,F,Austin,Personal Care,Mainstream,2023,121.64166666666665,121.64166666666667,Active,2024-04,0
501225,1,3.0,3.0,1.6666666666666667,0.7999999999999999,114.39,59.22666666666667,0.9313935164340388,0.4,0.5596082130312143,3,1.0,38.13,3.0,0.295,1.6666666666666667,0.0,3.0,0.37142857142857144,0.0,1.0,-1.0,0.6666666666666666,2.0,0.0,0.0,0.0,0.0,0,7.0,6,0,0,25.0,0,Platinum,2,0,34,F,Tulsa,Snacks,Mainstream,2021,86.80833333333332,130.06,Active,2024-04,0
501226,1,6.0,5.0,3.6666666666666665,0.3636363636363637,192.18999999999997,145.02,0.32526548062336197,0.2857142857142857,0.33265094927083466,3,1.0,38.437999999999995,3.0,0.3433333333333333,0.6666666666666666,3.0,-0.7777777777777778,-0.6,0.6666666666666666,0.6666666666666666,0.0,0.6666666666666666,0.6666666666666666,0.0,0.0,0.0,0.0,0,7.0,6,0,0,60.0,0,Silver,0,0,28,F,Boise,Snacks,Mainstream,2021,168.605,170.99266666666665,Active,2024-04,0
501227,7,0.0,0.0,0.0,0.0,0.0,0.0,0.0,0.0,0.0,0,0.0,0.0,0.0,0.0,0.0,0.0,0.0,0.0,0.0,0.0,0.0,0.0,0.0,0.0,0.0,0.0,0.0,0,7.0,6,0,0,33.0,0,Gold,1,1,18,F,Madison,Dairy,Value,2022,0.0,83.08,Lapsed,2024-04,1
501228,1,4.0,3.6666666666666665,3.6666666666666665,0.0,101.16333333333334,98.64333333333333,0.025546581961950567,0.22857142857142856,0.43652255143193436,3,1.0,27.590000000000003,2.6666666666666665,0.23666666666666666,2.3333333333333335,1.0,1.3333333333333335,0.11428571428571424,0.6666666666666666,1.3333333333333333,-0.5,0.6666666666666666,2.0,0.0,0.0,0.0,0.0,0,7.0,6,0,0,60.0,0,Silver,0,1,10,F,Nashville,Beverages,Mainstream,2023,99.90333333333335,99.0925,Active,2024-04,0
501229,5,0.0,0.0,1.3333333333333333,-1.0,0.0,30.826666666666664,-1.0,-0.45714285714285713,1.417905882368605,0,0.3333333333333333,0.0,0.0,0.31,0.0,0.3333333333333333,-0.6666666666666666,-0.14285714285714285,0.0,0.0,0.0,0.0,0.3333333333333333,0.0,1.0,1.0,0.0,0,6.0,6,0,0,58.0,0,Silver,0,0,33,M,Tulsa,Bakery,Mainstream,2021,15.413333333333332,107.01818181818182,Lapsed,2024-04,1
501230,3,0.0,0.3333333333333333,0.6666666666666666,-0.5,11.08,20.636666666666667,-0.4630915845582297,-0.2,1.0020507776779286,1,0.5,33.24,0.6666666666666666,0.25999999999999995,0.0,1.3333333333333333,-1.0,-0.2857142857142857,0.0,0.6666666666666666,-1.0,0.0,0.0,1.0,1.0,2.0,0.0,0,3.0,6,0,0,26.0,0,Silver,0,0,18,F,Columbus,Bakery,Upscale,2022,15.858333333333334,80.29545454545455,Active,2024-04,1
501232,1,6.0,6.666666666666667,7.666666666666667,-0.13043478260869565,227.00333333333333,236.94333333333336,-0.04195095873837637,-0.02857142857142857,0.5341787884575685,3,1.0,34.0505,4.333333333333333,0.29,3.0,1.3333333333333333,1.2500000000000002,0.14285714285714285,2.6666666666666665,1.3333333333333333,1.0,1.6666666666666667,0.6666666666666666,0.0,0.0,0.0,0.0,0,7.0,6,0,0,32.0,0,Silver,0,1,33,F,Nashville,Produce,Value,2021,231.97333333333327,234.26066666666665,Active,2024-04,0
501233,7,0.0,0.0,0.0,0.0,0.0,0.0,0.0,0.0,0.0,0,0.0,0.0,0.0,0.0,0.0,0.0,0.0,0.0,0.0,0.0,0.0,0.0,0.0,0.0,0.0,0.0,0.0,0,7.0,6,0,0,24.0,0,Silver,0,1,16,M,Nashville,Snacks,Value,2022,0.0,65.17,Lapsed,2024-04,1
501234,1,4.0,5.333333333333333,5.0,0.06666666666666661,195.42,191.51,0.020416688423580995,0.02857142857142857,0.11627764686546399,3,1.0,36.64125,2.0,0.2333333333333333,3.6666666666666665,3.6666666666666665,0.0,0.22857142857142856,0.0,0.3333333333333333,-0.6666666666666666,0.3333333333333333,0.3333333333333333,0.0,0.0,0.0,0.0,0,7.0,6,0,0,63.0,0,Gold,1,0,17,M,Denver,Snacks,Mainstream,2022,193.465,224.75866666666667,Active,2024-04,0
501235,1,1.0,3.3333333333333335,5.666666666666667,-0.4117647058823529,103.35666666666667,188.63333333333333,-0.45207633857572005,-0.8857142857142857,0.5849426241929043,3,1.0,31.006999999999998,1.3333333333333333,0.20166666666666666,0.3333333333333333,1.6666666666666667,-0.8,-0.34285714285714286,0.3333333333333333,2.0,-0.8333333333333334,0.3333333333333333,0.6666666666666666,0.0,2.0,2.0,2.0,0,4.0,6,0,0,39.0,0,Silver,0,1,14,M,Spokane,Dairy,Upscale,2023,145.99499999999998,142.0175,Active,2024-04,0
501236,1,6.0,5.0,4.333333333333333,0.15384615384615394,128.91,116.30666666666667,0.10836294852688287,0.2857142857142857,0.28254564444865676,3,1.0,25.782,2.0,0.3333333333333333,3.3333333333333335,3.6666666666666665,-0.09090909090909083,0.14285714285714285,0.3333333333333333,0.6666666666666666,-0.5,0.3333333333333333,0.3333333333333333,1.0,1.0,2.0,1.0,0,2.0,6,0,0,69.0,0,Silver,0,0,10,M,Austin,Produce,Upscale,2023,122.60833333333333,113.66777777777777,Active,2024-04,0
501238,1,2.0,3.6666666666666665,3.0,0.22222222222222218,137.33666666666667,108.63,0.2642609469452884,-0.11428571428571428,0.7334897577295121,3,1.0,37.45545454545455,1.3333333333333333,0.27666666666666667,2.0,1.6666666666666667,0.19999999999999996,0.02857142857142857,2.0,3.0,-0.3333333333333333,0.3333333333333333,0.3333333333333333,2.0,0.0,2.0,1.0,1,1.0,6,0,0,67.0,0,Gold,1,1,11,F,Austin,Bakery,Value,2023,122.98333333333333,134.426,Active,2024-04,0
501239,2,0.0,2.3333333333333335,3.0,-0.22222222222222218,71.42333333333333,88.065,-0.1889702681731297,-0.27906976744186035,0.5907148891934684,2,0.8,30.609999999999996,2.0,0.305,1.3333333333333333,1.0,0.33333333333333326,0.08139534883720928,1.0,1.5,-0.3333333333333333,0.3333333333333333,0.0,0.0,0.0,0.0,0.0,0,7.0,6,0,1,60.0,0,Silver,0,1,19,F,Raleigh,Personal Care,Value,2022,78.08,117.39916666666666,Active,2024-04,0
501240,1,1.0,1.0,1.0,0.0,37.67,37.67,0.0,0.0,0.0,1,1.0,37.67,1.0,0.47,0.0,0.0,0.0,0.0,2.0,2.0,0.0,1.0,1.0,0.0,0.0,0.0,0.0,0,7.0,1,1,0,46.0,0,Silver,0,1,2,M,Tulsa,Produce,Mainstream,2024,37.67,37.67,Active,2024-04,0
501241,1,5.0,4.0,4.666666666666667,-0.1428571428571429,95.57666666666667,112.24333333333334,-0.14848691830249758,-0.22857142857142856,0.18360608197480022,3,1.0,23.894166666666667,2.6666666666666665,0.3433333333333333,1.6666666666666667,1.3333333333333333,0.2500000000000001,0.14285714285714285,1.3333333333333333,1.0,0.33333333333333326,1.0,1.0,1.0,1.0,2.0,0.0,0,3.0,6,0,0,42.0,0,Silver,0,1,32,F,Boise,Bakery,Value,2021,103.91000000000001,82.9692857142857,Active,2024-04,0
501242,1,7.0,5.5,3.6666666666666665,0.5000000000000001,100.44,75.65666666666667,0.32757633167378947,0.8255813953488372,0.4429352684937011,2,1.0,18.26181818181818,3.5,0.294,3.0,1.3333333333333333,1.2500000000000002,0.6395348837209303,1.0,0.6666666666666666,0.5000000000000001,0.5,0.0,0.0,0.0,0.0,0.0,0,7.0,6,0,1,38.0,0,Silver,0,1,8,M,Boise,Beverages,Mainstream,2023,85.57000000000001,74.16166666666668,Active,2024-04,0
501243,7,0.0,0.0,0.0,0.0,0.0,0.0,0.0,0.0,0.0,0,0.0,0.0,0.0,0.0,0.0,0.0,0.0,0.0,0.0,0.0,0.0,0.0,0.0,0.0,0.0,0.0,0.0,0,7.0,6,0,0,46.0,1,Silver,0,0,23,F,Denver,Personal Care,Mainstream,2022,0.0,51.0,Lapsed,2024-04,1
501244,1,1.0,2.6666666666666665,3.3333333333333335,-0.20000000000000007,75.71,97.06666666666666,-0.22002060439560442,-0.17142857142857143,0.6647954066167141,3,1.0,28.39125,2.3333333333333335,0.31,1.0,1.0,0.0,0.11428571428571428,0.3333333333333333,0.6666666666666666,-0.5,0.3333333333333333,0.0,0.0,0.0,0.0,0.0,0,7.0,6,0,0,43.0,0,Silver,0,0,10,M,Columbus,Household,Unknown,2023,86.38833333333334,112.02,Active,2024-04,1
501246,1,2.0,1.6666666666666667,2.5,-0.3333333333333333,62.92666666666667,103.3,-0.3908357534688609,-0.1,0.33751689538898527,3,1.0,37.756,1.3333333333333333,0.502,0.6666666666666666,0.5,0.33333333333333326,0.10000000000000002,2.0,2.5,-0.2,1.0,2.0,2.0,0.0,2.0,1.0,1,1.0,5,0,0,28.0,0,Gold,1,1,6,M,Portland,Frozen Foods,Mainstream,2023,79.076,79.076,Active,2024-04,0
501247,1,3.0,3.0,2.3333333333333335,0.28571428571428564,94.90333333333335,79.29,0.19691428090974072,0.05714285714285714,0.27007434779115935,3,1.0,31.63444444444445,1.6666666666666667,0.37833333333333335,3.3333333333333335,1.6666666666666667,1.0,0.2571428571428571,0.3333333333333333,0.0,0.6666666666666666,0.6666666666666666,1.0,0.0,1.0,1.0,1.0,0,5.0,6,0,0,38.0,0,Silver,0,0,27,M,Boise,Dairy,Mainstream,2022,87.09666666666668,141.39285714285714,Active,2024-04,0
501248,1,1.0,1.0,1.0,0.0,35.69,35.69,0.0,0.0,0.0,1,1.0,35.69,1.0,0.49,0.0,0.0,0.0,0.0,2.0,2.0,0.0,0.0,0.0,1.0,0.0,1.0,1.0,1,1.0,1,1,0,46.0,0,Gold,1,1,2,F,Boise,Bakery,Value,2024,35.69,35.69,Active,2024-04,0
501249,7,0.0,0.0,0.0,0.0,0.0,0.0,0.0,0.0,0.0,0,0.0,0.0,0.0,0.0,0.0,0.0,0.0,0.0,0.0,0.0,0.0,0.0,0.0,0.0,0.0,0.0,0.0,0,7.0,6,0,0,34.0,0,Silver,0,1,30,M,Austin,Household,Mainstream,2021,0.0,83.20428571428572,Lapsed,2024-04,1
501250,1,3.0,4.0,3.0,0.3333333333333333,161.26666666666665,127.75666666666666,0.2622955096929057,0.14285714285714285,0.20066009569835153,3,1.0,40.31666666666666,2.0,0.30333333333333334,3.0,1.0,2.0,0.34285714285714286,0.0,0.0,0.0,0.0,0.6666666666666666,1.0,0.0,1.0,0.0,0,2.0,6,0,0,31.0,0,Platinum,2,0,17,F,Portland,Personal Care,Mainstream,2022,144.51166666666666,127.9407142857143,Active,2024-04,0
501251,7,0.0,0.0,0.0,0.0,0.0,0.0,0.0,0.0,0.0,0,0.0,0.0,0.0,0.0,0.0,0.0,0.0,0.0,0.0,0.0,0.0,0.0,0.0,0.0,0.0,0.0,0.0,0,7.0,6,0,0,50.0,0,Silver,0,0,17,Unknown,Nashville,Beverages,Value,2022,0.0,89.99,Lapsed,2024-04,1
501252,4,0.0,0.0,1.0,-1.0,0.0,40.48,-1.0,-0.3142857142857143,1.5806437126417199,0,0.3333333333333333,0.0,0.0,0.445,0.0,0.0,0.0,0.0,0.0,0.0,0.0,0.0,0.0,0.0,0.0,0.0,0.0,0,7.0,6,0,0,27.0,0,Gold,1,0,8,F,Portland,Beverages,Mainstream,2023,20.24,64.03,Lapsed,2024-04,1
501253,3,0.0,1.0,1.3333333333333333,-0.24999999999999994,25.72666666666667,31.8,-0.19098532494758902,-0.2,0.9466989578873761,1,0.6666666666666666,25.72666666666667,0.6666666666666666,0.2425,0.0,0.3333333333333333,-0.6666666666666666,-0.08571428571428572,0.6666666666666666,1.3333333333333333,-0.5,0.0,0.3333333333333333,1.0,0.0,1.0,0.0,0,1.0,6,0,0,62.0,0,Silver,0,1,13,F,Boise,Personal Care,Value,2023,28.763333333333335,61.64333333333333,Active,2024-04,0
501254,1,7.0,4.0,8.333333333333334,-0.52,102.52499999999999,171.20000000000002,-0.4011390186915889,-0.7837837837837839,0.6126967136834396,2,1.0,25.631249999999998,4.0,0.184,2.5,0.6666666666666666,2.7500000000000004,0.44594594594594583,0.5,0.0,1.0,0.5,0.3333333333333333,0.0,0.0,0.0,0.0,0,7.0,6,0,1,39.0,0,Silver,0,0,28,M,Spokane,Produce,Mainstream,2021,143.73000000000002,133.90285714285713,Active,2024-04,0
501255,1,4.0,6.0,8.333333333333334,-0.28,181.45333333333335,256.74333333333334,-0.2932500681614582,-0.7714285714285715,0.5772327071027855,3,1.0,30.242222222222225,3.3333333333333335,0.34500000000000003,1.6666666666666667,2.3333333333333335,-0.28571428571428575,-0.22857142857142856,2.0,0.6666666666666666,2.0000000000000004,0.0,0.6666666666666666,0.0,0.0,0.0,0.0,0,7.0,6,0,0,60.0,0,Gold,1,1,34,F,Austin,Bakery,Mainstream,2021,219.09833333333333,204.7506666666667,Active,2024-04,0
501257,1,8.0,4.333333333333333,3.0,0.44444444444444436,166.71333333333334,112.61666666666667,0.48036110700014795,0.8000000000000002,0.7197591972436839,2,0.8333333333333334,38.472307692307695,1.6666666666666667,0.32999999999999996,0.6666666666666666,2.6666666666666665,-0.75,-0.39999999999999997,0.0,0.3333333333333333,-0.6666666666666666,0.6666666666666666,0.3333333333333333,0.0,0.0,0.0,0.0,0,7.0,6,0,0,62.0,0,Silver,0,0,23,F,Austin,Produce,Mainstream,2022,139.665,158.7292857142857,Active,2024-04,0
501259,1,5.0,5.0,5.0,0.0,156.43,156.43,0.0,0.0,0.0,1,1.0,31.286,2.0,0.15,2.0,2.0,0.0,0.0,0.0,0.0,0.0,0.0,0.0,0.0,0.0,0.0,0.0,0,7.0,1,1,0,66.0,0,Gold,1,0,2,M,Tulsa,Frozen Foods,Upscale,2024,156.43,156.43,Active,2024-04,0
501260,7,0.0,0.0,0.0,0.0,0.0,0.0,0.0,0.0,0.0,0,0.0,0.0,0.0,0.0,0.0,0.0,0.0,0.0,0.0,0.0,0.0,0.0,0.0,0.0,0.0,0.0,0.0,0,7.0,6,0,0,57.0,0,Silver,0,0,21,F,Tulsa,Household,Mainstream,2022,0.0,35.47,Lapsed,2024-04,1
501261,1,8.0,8.333333333333334,5.0,0.6666666666666667,309.75666666666666,170.88,0.8127145755305868,0.6857142857142857,0.3144393912680901,3,1.0,37.1708,4.666666666666667,0.17833333333333334,2.6666666666666665,3.6666666666666665,-0.27272727272727276,-0.2571428571428571,0.6666666666666666,0.0,1.3333333333333333,0.0,0.6666666666666666,0.0,0.0,0.0,0.0,0,7.0,6,0,0,63.0,0,Platinum,2,0,21,M,Denver,Frozen Foods,Value,2022,240.31833333333338,192.37357142857144,Active,2024-04,0
501262,7,0.0,0.0,0.0,0.0,0.0,0.0,0.0,0.0,0.0,0,0.0,0.0,0.0,0.0,0.0,0.0,0.0,0.0,0.0,0.0,0.0,0.0,0.0,0.0,0.0,0.0,0.0,0,7.0,6,0,0,55.0,0,Silver,0,1,19,M,Denver,Household,Unknown,2022,0.0,76.52,Lapsed,2024-04,1
501263,1,4.0,3.0,3.3333333333333335,-0.10000000000000003,101.96,105.48666666666666,-0.03343234532010369,-0.02857142857142857,0.24626506457228883,3,1.0,33.986666666666665,2.0,0.19000000000000003,1.6666666666666667,3.0,-0.4444444444444444,-0.34285714285714286,1.3333333333333333,3.0,-0.5555555555555556,1.3333333333333333,0.3333333333333333,3.0,0.0,3.0,0.0,0,1.0,6,0,0,24.0,0,Gold,1,1,20,M,Madison,Produce,Mainstream,2022,103.72333333333334,108.78857142857143,Active,2024-04,0
501264,1,1.0,1.0,1.0,0.0,19.61,19.61,0.0,0.0,0.0,1,1.0,19.61,2.0,0.3,2.0,2.0,0.0,0.0,1.0,1.0,0.0,0.0,0.0,0.0,0.0,0.0,0.0,0,7.0,1,1,0,73.0,0,Silver,0,0,2,F,Portland,Household,Mainstream,2024,19.61,19.61,Active,2024-04,0
501265,7,0.0,0.0,0.0,0.0,0.0,0.0,0.0,0.0,0.0,0,0.0,0.0,0.0,0.0,0.0,0.0,0.0,0.0,0.0,0.0,0.0,0.0,0.0,0.0,0.0,0.0,0.0,0,7.0,6,0,0,40.0,0,Gold,1,1,15,F,Tulsa,Bakery,Mainstream,2023,0.0,56.653333333333336,Lapsed,2024-04,1
501266,1,11.0,7.333333333333333,7.333333333333333,0.0,270.75666666666666,270.75666666666666,0.0,2.0,0.37792234400909863,3,1.0,36.92136363636364,3.6666666666666665,0.35000000000000003,5.666666666666667,5.666666666666667,0.0,0.0,1.6666666666666667,1.6666666666666667,0.0,0.3333333333333333,0.3333333333333333,0.0,0.0,0.0,0.0,0,7.0,3,1,0,68.0,0,Silver,0,0,4,F,Boise,Frozen Foods,Value,2023,270.75666666666666,270.75666666666666,Active,2024-04,0
501267,7,0.0,0.0,0.0,0.0,0.0,0.0,0.0,0.0,0.0,0,0.0,0.0,0.0,0.0,0.0,0.0,0.0,0.0,0.0,0.0,0.0,0.0,0.0,0.0,0.0,0.0,0.0,0,7.0,6,0,0,47.0,0,Silver,0,1,32,Other,Denver,Household,Value,2021,0.0,47.07875,Lapsed,2024-04,1
501268,7,0.0,0.0,0.0,0.0,0.0,0.0,0.0,0.0,0.0,0,0.0,0.0,0.0,0.0,0.0,0.0,0.0,0.0,0.0,0.0,0.0,0.0,0.0,0.0,0.0,0.0,0.0,0,7.0,6,0,0,54.0,0,Platinum,2,1,33,Unknown,Tulsa,Beverages,Upscale,2021,0.0,107.902,Lapsed,2024-04,1
501269,1,2.0,0.6666666666666666,1.6666666666666667,-0.6,27.47,53.36000000000001,-0.4851949025487257,-0.08571428571428572,1.2271475282765762,1,0.5,41.205,0.6666666666666666,0.42333333333333334,2.0,0.6666666666666666,2.0000000000000004,0.17142857142857143,0.3333333333333333,0.0,0.6666666666666666,0.0,0.3333333333333333,0.0,0.0,0.0,0.0,0,7.0,6,0,0,28.0,0,Silver,0,0,31,F,Madison,Produce,Value,2021,40.415,107.5990909090909,Active,2024-04,0
501270,7,0.0,0.0,0.0,0.0,0.0,0.0,0.0,0.0,0.0,0,0.0,0.0,0.0,0.0,0.0,0.0,0.0,0.0,0.0,0.0,0.0,0.0,0.0,0.0,0.0,0.0,0.0,0,7.0,6,0,0,69.0,0,Silver,0,1,18,M,Madison,Bakery,Value,2022,0.0,44.03,Lapsed,2024-04,1
501271,1,2.0,6.0,8.666666666666666,-0.30769230769230765,195.4766666666667,258.32,-0.2432770723650252,-1.0285714285714285,0.5840981448514425,3,1.0,32.57944444444445,2.3333333333333335,0.19000000000000003,4.666666666666667,2.3333333333333335,1.0,0.7714285714285715,0.0,1.3333333333333333,-1.0,1.0,1.3333333333333333,0.0,0.0,0.0,0.0,0,7.0,6,0,0,63.0,0,Silver,0,1,30,F,Boise,Snacks,Mainstream,2021,226.89833333333334,201.86066666666665,Active,2024-04,0
501272,7,0.0,0.0,0.0,0.0,0.0,0.0,0.0,0.0,0.0,0,0.0,0.0,0.0,0.0,0.0,0.0,0.0,0.0,0.0,0.0,0.0,0.0,0.0,0.0,0.0,0.0,0.0,0,7.0,6,0,0,43.0,0,Platinum,2,1,30,F,Portland,Produce,Upscale,2021,0.0,113.22666666666667,Lapsed,2024-04,1
501273,1,1.0,2.6666666666666665,5.333333333333333,-0.5,99.02999999999999,180.31333333333336,-0.45078936665803987,-0.8571428571428571,0.45386713920338617,3,1.0,37.13625,1.3333333333333333,0.31,2.6666666666666665,1.3333333333333333,1.0,0.17142857142857143,0.6666666666666666,2.0,-0.6666666666666667,0.3333333333333333,2.0,0.0,1.0,1.0,0.0,0,5.0,6,0,0,41.0,0,Gold,1,1,13,M,Raleigh,Beverages,Mainstream,2023,139.67166666666665,140.47916666666666,Active,2024-04,0
501274,1,5.0,5.0,5.0,0.0,134.47,134.47,0.0,0.0,0.0,1,1.0,26.894,1.0,0.37,1.0,1.0,0.0,0.0,2.0,2.0,0.0,0.0,0.0,0.0,0.0,0.0,0.0,0,7.0,1,1,0,63.0,0,Silver,0,1,2,M,Nashville,Beverages,Mainstream,2024,134.47,134.47,Active,2024-04,0
501275,1,6.0,6.333333333333333,3.6666666666666665,0.7272727272727273,200.74333333333334,110.41333333333334,0.8181077164593648,0.22857142857142856,0.5804401837131624,3,1.0,31.696315789473687,1.6666666666666667,0.3283333333333333,2.6666666666666665,2.6666666666666665,0.0,-0.34285714285714286,1.6666666666666667,1.0,0.6666666666666667,1.0,0.0,0.0,0.0,0.0,0.0,0,7.0,6,0,0,27.0,0,Silver,0,1,32,F,Austin,Beverages,Unknown,2021,155.57833333333332,140.42000000000002,Active,2024-04,0
501276,1,3.0,6.0,1.3333333333333333,3.0,220.29999999999998,43.9,3.0,1.0857142857142856,0.852331067819352,3,1.0,36.71666666666666,2.6666666666666665,0.19499999999999998,1.6666666666666667,2.3333333333333335,-0.28571428571428575,0.0,2.3333333333333335,2.3333333333333335,0.0,0.3333333333333333,0.0,1.0,0.0,1.0,0.0,0,1.0,6,0,0,34.0,0,Silver,0,1,22,F,Columbus,Bakery,Upscale,2022,132.1,114.21266666666666,Active,2024-04,0
501277,2,0.0,0.6666666666666666,2.3333333333333335,-0.7142857142857144,20.09,65.22333333333334,-0.6919813972504727,-0.6,0.7062821480428163,2,0.8333333333333334,30.135,1.3333333333333333,0.42400000000000004,0.6666666666666666,2.0,-0.6666666666666667,-0.6285714285714286,1.0,2.6666666666666665,-0.625,0.3333333333333333,0.3333333333333333,4.0,0.0,4.0,0.0,0,1.0,6,0,0,26.0,0,Silver,0,1,17,F,Tulsa,Beverages,Mainstream,2022,42.656666666666666,65.1075,Active,2024-04,1
501280,1,4.0,5.0,4.5,0.1111111111111111,206.61666666666665,174.60000000000002,0.18337151584574238,0.0,0.1990251118002656,3,1.0,41.32333333333333,2.6666666666666665,0.32,1.0,1.5,-0.3333333333333333,-0.1,2.0,2.0,0.0,0.3333333333333333,1.0,0.0,0.0,0.0,0.0,0,7.0,6,0,1,73.0,0,Gold,1,1,33,M,Denver,Frozen Foods,Mainstream,2021,193.81,162.23416666666665,Active,2024-04,0
501283,1,4.0,6.333333333333333,6.333333333333333,0.0,262.3933333333334,267.96,-0.02077424491217572,0.22857142857142854,0.45139340839110115,3,1.0,41.43052631578948,2.6666666666666665,0.315,4.333333333333333,1.3333333333333333,2.25,0.7142857142857143,0.0,0.3333333333333333,-0.6666666666666666,0.3333333333333333,0.0,0.0,1.0,1.0,0.0,0,4.0,6,0,0,61.0,0,Silver,0,0,18,M,Tulsa,Dairy,Value,2022,265.1766666666667,299.8226666666667,Active,2024-04,0
501284,2,0.0,3.0,4.0,-0.25,63.673333333333325,94.11666666666667,-0.32346378608110515,-0.9428571428571428,0.7160540822479146,2,0.8333333333333334,21.22444444444444,2.3333333333333335,0.4119999999999999,0.6666666666666666,2.0,-0.6666666666666667,-0.45714285714285713,0.0,0.6666666666666666,-1.0,0.0,0.0,2.0,0.0,2.0,0.0,0,1.0,6,0,0,46.0,0,Gold,1,0,20,F,Austin,Beverages,Upscale,2022,78.895,106.06846153846153,Active,2024-04,1
501285,1,2.0,2.3333333333333335,2.6666666666666665,-0.12499999999999989,58.81666666666666,56.196666666666665,0.04662198232398121,-0.02857142857142857,0.3248653161137403,3,1.0,25.207142857142856,2.6666666666666665,0.3333333333333333,0.6666666666666666,1.3333333333333333,-0.5,-0.17142857142857143,0.0,0.3333333333333333,-0.6666666666666666,0.3333333333333333,0.6666666666666666,1.0,0.0,1.0,0.0,0,1.0,6,0,0,42.0,0,Silver,0,0,8,M,Columbus,Bakery,Upscale,2023,57.50666666666666,70.58714285714287,Active,2024-04,0
501286,7,0.0,0.0,0.0,0.0,0.0,0.0,0.0,0.0,0.0,0,0.0,0.0,0.0,0.0,0.0,0.0,0.0,0.0,0.0,0.0,0.0,0.0,0.0,0.0,0.0,0.0,0.0,0,7.0,6,0,0,62.0,0,Silver,0,0,14,F,Nashville,Bakery,Mainstream,2023,0.0,97.86666666666667,Lapsed,2024-04,1
501287,7,0.0,0.0,0.0,0.0,0.0,0.0,0.0,0.0,0.0,0,0.0,0.0,0.0,0.0,0.0,0.0,0.0,0.0,0.0,0.0,0.0,0.0,0.0,0.0,0.0,0.0,0.0,0,7.0,6,0,0,38.0,0,Gold,1,1,21,F,Tulsa,Frozen Foods,Mainstream,2022,0.0,34.98,Lapsed,2024-04,1
501288,1,5.0,4.666666666666667,4.666666666666667,0.0,103.96999999999998,97.19666666666667,0.06968688912514125,0.11428571428571428,0.09972882732239517,3,1.0,22.27928571428571,3.3333333333333335,0.21166666666666667,4.333333333333333,2.0,1.1666666666666665,0.6,2.3333333333333335,1.3333333333333333,0.7500000000000002,0.6666666666666666,0.0,0.0,0.0,0.0,0.0,0,7.0,6,0,0,35.0,0,Silver,0,1,29,F,Nashville,Personal Care,Upscale,2021,100.58333333333333,74.92642857142857,Active,2024-04,0
501289,2,0.0,3.0,4.666666666666667,-0.3571428571428572,153.07666666666668,241.10333333333335,-0.3650993350015899,-0.6571428571428571,0.5084694083009254,2,0.8333333333333334,51.02555555555556,0.6666666666666666,0.34600000000000003,1.6666666666666667,1.0,0.6666666666666667,-0.05714285714285714,0.3333333333333333,1.3333333333333333,-0.75,0.6666666666666666,0.6666666666666666,1.0,0.0,1.0,0.0,0,3.0,6,0,0,26.0,0,Platinum,2,1,29,F,Raleigh,Household,Value,2021,197.09,225.35857142857142,Active,2024-04,0
501290,1,5.0,5.0,5.0,0.0,99.7,99.7,0.0,0.0,0.0,1,1.0,19.94,2.0,0.1,0.0,0.0,0.0,0.0,0.0,0.0,0.0,0.0,0.0,0.0,0.0,0.0,0.0,0,7.0,1,1,0,65.0,0,Silver,0,0,2,F,Boise,Snacks,Value,2024,99.7,99.7,Active,2024-04,0
501291,7,0.0,0.0,0.0,0.0,0.0,0.0,0.0,0.0,0.0,0,0.0,0.0,0.0,0.0,0.0,0.0,0.0,0.0,0.0,0.0,0.0,0.0,0.0,0.0,0.0,0.0,0.0,0,7.0,6,0,0,63.0,0,Platinum,2,0,14,F,Nashville,Bakery,Value,2023,0.0,154.215,Lapsed,2024-04,1
501292,1,1.0,1.6666666666666667,2.0,-0.16666666666666663,43.449999999999996,45.18000000000001,-0.03829127932713614,-0.02857142857142857,0.5582479723577766,3,1.0,26.069999999999997,3.6666666666666665,0.255,0.3333333333333333,1.0,-0.6666666666666667,-0.22857142857142856,2.0,2.3333333333333335,-0.1428571428571429,0.6666666666666666,0.6666666666666666,0.0,1.0,1.0,0.0,0,5.0,6,0,0,19.0,0,Silver,0,1,10,F,Boise,Personal Care,Upscale,2023,44.315,62.4,Active,2024-04,0
501293,7,0.0,0.0,0.0,0.0,0.0,0.0,0.0,0.0,0.0,0,0.0,0.0,0.0,0.0,0.0,0.0,0.0,0.0,0.0,0.0,0.0,0.0,0.0,0.0,0.0,0.0,0.0,0,7.0,6,0,0,66.0,0,Silver,0,0,11,F,Spokane,Beverages,Mainstream,2023,0.0,65.59,Lapsed,2024-04,1
501294,7,0.0,0.0,0.0,0.0,0.0,0.0,0.0,0.0,0.0,0,0.0,0.0,0.0,0.0,0.0,0.0,0.0,0.0,0.0,0.0,0.0,0.0,0.0,0.0,0.0,0.0,0.0,0,7.0,6,0,0,46.0,1,Silver,0,0,31,F,Raleigh,Snacks,Value,2021,0.0,117.27999999999999,Lapsed,2024-04,1
501295,2,0.0,2.6666666666666665,6.333333333333333,-0.5789473684210527,111.06666666666666,241.5,-0.5400966183574879,-1.3428571428571427,0.5319891963358672,2,0.8333333333333334,41.65,1.0,0.28600000000000003,0.6666666666666666,1.6666666666666667,-0.6,-0.37142857142857144,0.0,0.6666666666666666,-1.0,0.0,0.0,0.0,2.0,2.0,1.0,0,6.0,6,0,0,46.0,1,Gold,1,0,16,M,Tulsa,Beverages,Mainstream,2022,176.2833333333333,175.8975,Active,2024-04,1
501296,7,0.0,0.0,0.0,0.0,0.0,0.0,0.0,0.0,0.0,0,0.0,0.0,0.0,0.0,0.0,0.0,0.0,0.0,0.0,0.0,0.0,0.0,0.0,0.0,0.0,0.0,0.0,0,7.0,6,0,0,28.0,0,Platinum,2,0,18,Other,Tulsa,Personal Care,Value,2022,0.0,125.14666666666666,Lapsed,2024-04,1
501297,7,0.0,0.0,0.0,0.0,0.0,0.0,0.0,0.0,0.0,0,0.0,0.0,0.0,0.0,0.0,0.0,0.0,0.0,0.0,0.0,0.0,0.0,0.0,0.0,0.0,0.0,0.0,0,7.0,6,0,0,27.0,0,Silver,0,1,37,F,Madison,Snacks,Value,2021,0.0,200.27666666666664,Lapsed,2024-04,1
501298,1,9.0,8.0,7.666666666666667,0.043478260869565175,373.5833333333333,360.4666666666667,0.036388015535416915,0.37142857142857144,0.18885169936891366,3,1.0,46.697916666666664,3.0,0.28833333333333333,4.333333333333333,4.333333333333333,0.0,0.5142857142857142,0.0,1.0,-1.0,0.0,0.0,0.0,0.0,0.0,0.0,0,7.0,6,0,0,32.0,0,Gold,1,0,17,M,Nashville,Produce,Mainstream,2022,367.02500000000003,299.7853333333333,Active,2024-04,0
501299,7,0.0,0.0,0.0,0.0,0.0,0.0,0.0,0.0,0.0,0,0.0,0.0,0.0,0.0,0.0,0.0,0.0,0.0,0.0,0.0,0.0,0.0,0.0,0.0,0.0,0.0,0.0,0,7.0,6,0,0,71.0,0,Gold,1,1,28,M,Madison,Frozen Foods,Mainstream,2021,0.0,101.80166666666666,Lapsed,2024-04,1
501300,7,0.0,0.0,0.0,0.0,0.0,0.0,0.0,0.0,0.0,0,0.0,0.0,0.0,0.0,0.0,0.0,0.0,0.0,0.0,0.0,0.0,0.0,0.0,0.0,0.0,0.0,0.0,0,7.0,6,0,0,71.0,0,Platinum,2,0,37,F,Portland,Frozen Foods,Value,2021,0.0,173.98000000000002,Lapsed,2024-04,1
501301,1,4.0,3.3333333333333335,2.6666666666666665,0.2500000000000001,99.74666666666667,75.32000000000001,0.3243051867587183,0.4,0.3314236434430226,3,1.0,29.924,1.3333333333333333,0.2816666666666667,4.333333333333333,1.3333333333333333,2.25,0.8285714285714286,1.3333333333333333,2.0,-0.33333333333333337,0.3333333333333333,0.0,0.0,3.0,3.0,1.0,0,4.0,6,0,0,55.0,0,Silver,0,1,37,F,Madison,Produce,Mainstream,2021,87.53333333333335,108.77466666666668,Active,2024-04,0
501302,1,9.0,5.0,7.333333333333333,-0.3181818181818182,134.68333333333334,206.88,-0.3489784738334622,-0.4857142857142857,0.4078440115566899,3,1.0,26.936666666666667,2.0,0.19500000000000003,2.3333333333333335,3.3333333333333335,-0.3,-0.2571428571428571,1.6666666666666667,1.3333333333333333,0.2500000000000001,0.3333333333333333,1.3333333333333333,0.0,0.0,0.0,0.0,0,7.0,6,0,0,19.0,0,Silver,0,1,12,M,Raleigh,Household,Mainstream,2023,170.78166666666667,159.49363636363637,Active,2024-04,0
501303,6,0.0,0.0,0.3333333333333333,-0.6666666666666666,0.0,8.246666666666666,-1.0,-0.14285714285714285,2.23606797749979,0,0.16666666666666666,0.0,0.0,0.06,0.0,0.3333333333333333,-0.6666666666666666,-0.14285714285714285,0.0,0.3333333333333333,-0.6666666666666666,0.0,0.3333333333333333,0.0,0.0,0.0,0.0,0,7.0,6,0,0,53.0,0,Silver,0,1,15,F,Denver,Bakery,Value,2023,4.123333333333333,67.12625,Lapsed,2024-04,1
501305,1,2.0,2.3333333333333335,4.0,-0.41666666666666663,72.76,137.1966666666667,-0.46966641560776506,-0.7142857142857143,0.5070400686671784,3,1.0,31.18285714285714,2.3333333333333335,0.21333333333333335,0.0,3.3333333333333335,-1.0,-1.0857142857142856,1.0,1.3333333333333333,-0.24999999999999994,0.3333333333333333,0.6666666666666666,0.0,0.0,0.0,0.0,0,7.0,6,0,0,59.0,0,Silver,0,1,28,M,Portland,Frozen Foods,Upscale,2021,104.97833333333334,105.23266666666667,Active,2024-04,0
501306,1,5.0,8.333333333333334,7.0,0.19047619047619055,265.5233333333333,207.53666666666666,0.2794044425884582,-0.11428571428571428,0.3615197210432669,3,1.0,31.862799999999996,3.6666666666666665,0.24333333333333332,5.0,5.0,0.0,0.11428571428571428,0.6666666666666666,1.0,-0.33333333333333337,1.0,0.0,0.0,0.0,0.0,0.0,0,7.0,6,0,0,50.0,0,Silver,0,0,15,M,Spokane,Snacks,Mainstream,2023,236.52999999999997,248.00846153846155,Active,2024-04,0
501308,1,1.0,0.5,0.0,1.0,17.14,0.0,3.0,0.3571428571428572,1.4142135623730951,1,0.3333333333333333,34.28,1.5,0.16,0.0,0.0,0.0,0.0,3.5,2.0,0.75,0.5,0.0,0.0,0.0,0.0,0.0,0,7.0,4,0,1,58.0,0,Silver,0,1,5,F,Madison,Bakery,Mainstream,2023,11.426666666666668,34.28,Active,2024-04,0
501309,1,9.0,5.333333333333333,2.5,1.1333333333333333,178.14,79.42,1.2430118358096196,1.4,0.6105040923315059,3,1.0,33.40125,4.333333333333333,0.30200000000000005,3.0,3.0,0.0,0.3,3.3333333333333335,2.0,0.6666666666666667,0.6666666666666666,0.0,0.0,0.0,0.0,0.0,0,7.0,5,0,0,35.0,0,Silver,0,1,6,F,Nashville,Snacks,Mainstream,2023,138.652,138.652,Active,2024-04,0
501310,1,1.0,1.0,1.0,0.0,29.8,29.8,0.0,0.0,0.0,1,1.0,29.8,0.0,0.46,0.0,0.0,0.0,0.0,0.0,0.0,0.0,1.0,1.0,1.0,0.0,1.0,0.0,0,1.0,1,1,0,62.0,0,Silver,0,1,3,F,Denver,Beverages,Mainstream,2024,29.8,29.8,Active,2024-04,0
501311,1,4.0,4.0,4.0,0.0,108.89,108.89,0.0,0.0,0.0,1,1.0,27.2225,1.0,0.19,11.0,11.0,0.0,0.0,0.0,0.0,0.0,1.0,1.0,0.0,0.0,0.0,0.0,0,7.0,1,1,0,31.0,0,Silver,0,0,2,F,Raleigh,Dairy,Mainstream,2024,108.89,108.89,Active,2024-04,0
501312,3,0.0,0.3333333333333333,3.6666666666666665,-0.9090909090909091,7.023333333333333,77.83,-0.9097605893186005,-1.3142857142857143,1.3670223439606977,1,0.6666666666666666,21.07,1.3333333333333333,0.365,0.0,1.0,-1.0,-0.2571428571428571,0.0,1.0,-1.0,0.0,0.3333333333333333,0.0,1.0,1.0,1.0,0,5.0,6,0,0,39.0,0,Gold,1,0,21,M,Tulsa,Frozen Foods,Value,2022,42.42666666666667,84.56307692307692,Active,2024-04,1
501313,1,9.0,8.0,6.666666666666667,0.19999999999999996,188.76999999999998,151.14333333333335,0.24894691573120417,0.34285714285714286,0.1915321011076289,3,1.0,23.596249999999998,3.0,0.5383333333333332,3.0,3.3333333333333335,-0.10000000000000003,-0.3142857142857143,0.6666666666666666,1.0,-0.33333333333333337,0.6666666666666666,0.6666666666666666,0.0,0.0,0.0,0.0,0,7.0,6,0,0,31.0,0,Silver,0,0,8,M,Tulsa,Frozen Foods,Mainstream,2023,169.95666666666668,183.78285714285715,Active,2024-04,0
501314,1,7.0,5.5,7.0,-0.21428571428571427,170.95499999999998,212.09333333333333,-0.1939633494687874,-0.45348837209302334,0.45926224567365614,2,1.0,31.08272727272727,1.5,0.302,4.0,2.0,1.0,0.4302325581395349,0.5,1.6666666666666667,-0.7000000000000001,0.5,0.3333333333333333,0.0,1.0,1.0,1.0,0,4.0,6,0,1,30.0,0,Silver,0,1,36,F,Denver,Snacks,Mainstream,2021,195.638,200.7023076923077,Active,2024-04,0
501315,1,6.0,4.0,6.5,-0.38461538461538464,120.605,167.88,-0.28159995234691443,0.2692307692307692,0.4918856840094402,2,1.0,30.15125,1.0,0.27,5.0,6.5,-0.23076923076923078,-0.4230769230769231,0.5,0.0,1.0,0.5,1.0,0.0,0.0,0.0,0.0,0,7.0,6,0,2,40.0,0,Silver,0,0,21,F,Denver,Personal Care,Unknown,2022,144.2425,139.18307692307692,Active,2024-04,0
501316,1,11.0,7.333333333333333,8.666666666666666,-0.15384615384615383,343.7666666666667,387.67333333333335,-0.1132568657460748,0.11428571428571428,0.33689103371461826,3,1.0,46.87727272727273,3.3333333333333335,0.38499999999999995,1.6666666666666667,3.0,-0.4444444444444444,-0.22857142857142856,0.6666666666666666,0.6666666666666666,0.0,1.0,0.3333333333333333,0.0,1.0,1.0,0.0,0,6.0,6,0,0,66.0,0,Platinum,2,1,22,F,Tulsa,Dairy,Mainstream,2022,365.72,266.49538461538464,Active,2024-04,0
501318,7,0.0,0.0,0.0,0.0,0.0,0.0,0.0,0.0,0.0,0,0.0,0.0,0.0,0.0,0.0,0.0,0.0,0.0,0.0,0.0,0.0,0.0,0.0,0.0,1.0,1.0,0.0,0,6.0,6,0,0,24.0,0,Silver,0,0,24,M,Madison,Snacks,Mainstream,2022,0.0,80.3875,Lapsed,2024-04,1
501319,1,3.0,4.333333333333333,2.5,0.7333333333333332,140.06666666666666,78.185,0.7914774786297456,0.3,0.47496642780139253,3,1.0,32.323076923076925,4.0,0.36,2.0,2.0,0.0,-0.1,2.3333333333333335,1.0,1.3333333333333335,1.0,1.0,1.0,0.0,1.0,0.0,0,2.0,6,0,1,60.0,0,Gold,1,1,30,Other,Columbus,Beverages,Value,2021,115.314,90.79071428571429,Active,2024-04,0
501320,2,0.0,3.6666666666666665,2.3333333333333335,0.5714285714285713,185.28333333333333,100.07,0.8515372572532561,-0.11428571428571428,0.860699199617636,2,0.6666666666666666,50.53181818181818,3.0,0.23,3.0,3.3333333333333335,-0.10000000000000003,0.14285714285714285,1.6666666666666667,1.0,0.6666666666666667,0.3333333333333333,0.0,1.0,1.0,2.0,0.0,0,3.0,6,0,0,21.0,0,Platinum,2,1,12,F,Tulsa,Snacks,Mainstream,2023,142.67666666666668,184.92625,Active,2024-04,0
501321,1,4.0,3.6666666666666665,4.333333333333333,-0.15384615384615383,174.09333333333333,189.10999999999999,-0.07940704704492968,-0.45714285714285713,0.5176637075123338,3,1.0,47.480000000000004,2.0,0.3983333333333334,1.3333333333333333,2.6666666666666665,-0.5,-0.17142857142857143,1.0,1.6666666666666667,-0.4,1.3333333333333333,1.0,1.0,0.0,1.0,1.0,1,2.0,6,0,0,50.0,0,Gold,1,1,23,M,Columbus,Beverages,Mainstream,2022,181.60166666666666,151.22,Active,2024-04,0
501322,2,0.0,2.3333333333333335,10.333333333333334,-0.7741935483870968,92.39666666666666,384.8633333333333,-0.7599234360249093,-1.8857142857142852,0.7319357279888702,2,0.8333333333333334,39.598571428571425,1.3333333333333333,0.22999999999999998,2.6666666666666665,2.3333333333333335,0.1428571428571427,-0.08571428571428572,0.0,0.0,0.0,0.3333333333333333,0.0,0.0,0.0,0.0,0.0,0,7.0,6,0,0,31.0,0,Gold,1,0,21,M,Austin,Snacks,Value,2022,238.63,292.51214285714286,Active,2024-04,0
501323,1,10.0,8.5,6.666666666666667,0.27499999999999997,222.595,169.51666666666665,0.31311572116802683,0.2432432432432432,0.33340656722938417,2,1.0,26.18764705882353,3.5,0.41000000000000003,2.0,1.0,1.0,0.17567567567567569,2.0,0.3333333333333333,3.0,1.5,0.0,0.0,0.0,0.0,0.0,0,7.0,6,0,1,69.0,0,Silver,0,1,26,F,Raleigh,Dairy,Value,2022,190.748,168.865,Active,2024-04,0
501324,7,0.0,0.0,0.0,0.0,0.0,0.0,0.0,0.0,0.0,0,0.0,0.0,0.0,0.0,0.0,0.0,0.0,0.0,0.0,0.0,0.0,0.0,0.0,0.0,0.0,0.0,0.0,0,7.0,6,0,0,46.0,0,Platinum,2,1,28,M,Nashville,Beverages,Mainstream,2021,0.0,71.495,Lapsed,2024-04,1
501325,2,0.0,2.6666666666666665,5.333333333333333,-0.5,83.83,171.66,-0.511650937900501,-0.9714285714285714,0.47909809638969586,2,0.8333333333333334,31.43625,1.3333333333333333,0.142,1.0,2.3333333333333335,-0.5714285714285715,-0.5714285714285715,0.6666666666666666,0.6666666666666666,0.0,0.6666666666666666,0.0,0.0,0.0,0.0,0.0,0,7.0,6,0,0,41.0,0,Gold,1,1,29,M,Nashville,Frozen Foods,Value,2021,127.745,145.9492857142857,Active,2024-04,0
501326,7,0.0,0.0,0.0,0.0,0.0,0.0,0.0,0.0,0.0,0,0.0,0.0,0.0,0.0,0.0,0.0,0.0,0.0,0.0,0.0,0.0,0.0,0.0,0.0,0.0,0.0,0.0,0,7.0,6,0,0,71.0,0,Silver,0,1,22,M,Austin,Household,Upscale,2022,0.0,93.85125000000001,Lapsed,2024-04,1
501327,1,5.0,5.0,5.0,0.0,149.87,149.87,0.0,0.0,0.0,1,1.0,29.974,3.0,0.6,1.0,1.0,0.0,0.0,1.0,1.0,0.0,0.0,0.0,0.0,0.0,0.0,0.0,0,7.0,1,1,0,44.0,0,Gold,1,1,2,F,Austin,Beverages,Upscale,2024,149.87,149.87,Active,2024-04,0
501328,1,5.0,3.3333333333333335,3.0,0.11111111111111116,148.80666666666667,150.65,-0.012235866799424717,0.2,0.3793800629643636,3,1.0,44.642,1.6666666666666667,0.22833333333333336,1.6666666666666667,2.6666666666666665,-0.37499999999999994,-0.2571428571428571,0.3333333333333333,0.3333333333333333,0.0,0.3333333333333333,0.3333333333333333,0.0,0.0,0.0,0.0,0,7.0,6,0,0,59.0,0,Platinum,2,0,30,F,Tulsa,Household,Mainstream,2021,149.72833333333332,121.53153846153847,Active,2024-04,0
501329,1,3.0,4.666666666666667,4.333333333333333,0.07692307692307707,158.93,133.60666666666665,0.18953645027693244,-0.2,0.26740953105141396,3,1.0,34.05642857142857,1.6666666666666667,0.3,1.6666666666666667,1.0,0.6666666666666667,0.05714285714285714,1.0,1.6666666666666667,-0.4,0.0,0.0,0.0,1.0,1.0,0.0,0,5.0,6,0,0,42.0,0,Gold,1,1,37,F,Portland,Beverages,Value,2021,146.26833333333335,133.14933333333335,Active,2024-04,0
501330,2,0.0,4.666666666666667,5.333333333333333,-0.12499999999999989,140.62,163.56333333333333,-0.14027186207177644,-0.8,0.5596269039256299,2,0.8333333333333334,30.13285714285714,2.0,0.17400000000000002,1.3333333333333333,4.333333333333333,-0.6923076923076924,-0.4857142857142857,0.3333333333333333,0.3333333333333333,0.0,0.0,0.0,0.0,0.0,0.0,0.0,0,7.0,6,0,0,46.0,1,Gold,1,0,21,M,Boise,Produce,Mainstream,2022,152.09166666666667,215.74214285714285,Active,2024-04,0
501331,1,3.0,3.0,4.0,-0.25,109.00999999999999,133.78,-0.185154731648976,-0.42857142857142855,0.47001306563359047,3,1.0,36.336666666666666,1.6666666666666667,0.19500000000000003,2.0,2.6666666666666665,-0.24999999999999994,-0.2857142857142857,0.6666666666666666,0.6666666666666666,0.0,0.3333333333333333,0.3333333333333333,0.0,0.0,0.0,0.0,0,7.0,6,0,0,46.0,0,Gold,1,0,16,M,Nashville,Dairy,Upscale,2022,121.395,119.60285714285715,Active,2024-04,0
501332,3,0.0,0.6666666666666666,5.0,-0.8666666666666666,25.08,191.0666666666667,-0.8687369155617585,-1.457142857142857,1.0430462913397294,1,0.6666666666666666,37.62,0.3333333333333333,0.30750000000000005,0.3333333333333333,3.0,-0.8888888888888888,-0.8,0.0,2.0,-1.0,0.0,1.0,1.0,1.0,2.0,0.0,0,2.0,6,0,0,46.0,1,Gold,1,1,7,F,Boise,Frozen Foods,Mainstream,2023,108.07333333333334,162.10999999999999,Active,2024-04,1
501333,1,6.0,4.0,3.0,0.3333333333333333,88.91000000000001,73.725,0.20596812478806398,0.3023255813953488,0.4066042618303109,3,1.0,22.227500000000003,2.6666666666666665,0.2,0.6666666666666666,1.5,-0.5555555555555556,-0.11627906976744184,1.3333333333333333,0.0,2.6666666666666665,0.3333333333333333,1.0,0.0,0.0,0.0,0.0,0,7.0,6,0,1,42.0,0,Gold,1,1,17,M,Portland,Bakery,Upscale,2022,82.836,92.93636363636364,Active,2024-04,0
501334,2,0.0,1.0,2.0,-0.5,37.665,89.35333333333334,-0.578471237782586,-0.3023255813953489,0.5073260005622109,1,0.8,37.665,0.5,0.1975,0.5,0.3333333333333333,0.33333333333333337,0.0697674418604651,1.5,0.6666666666666666,1.2500000000000002,0.5,1.0,0.0,0.0,0.0,0.0,0,7.0,6,0,1,57.0,0,Silver,0,1,22,F,Portland,Dairy,Mainstream,2022,68.678,84.601,Active,2024-04,0
501335,3,0.0,0.5,5.0,-0.9,21.365,229.72333333333336,-0.906996822264463,-1.4999999999999996,0.874882956792871,1,0.8,42.73,0.5,0.27499999999999997,0.0,0.6666666666666666,-1.0,-0.16216216216216217,0.5,0.6666666666666666,-0.24999999999999994,0.0,0.3333333333333333,3.0,0.0,3.0,1.0,1,1.0,6,0,1,45.0,0,Silver,0,1,29,Unknown,Columbus,Dairy,Mainstream,2021,146.38,173.64692307692306,Active,2024-04,1
501336,7,0.0,0.0,0.0,0.0,0.0,0.0,0.0,0.0,0.0,0,0.0,0.0,0.0,0.0,0.0,0.0,0.0,0.0,0.0,0.0,0.0,0.0,0.0,0.0,0.0,0.0,0.0,0,7.0,6,0,0,53.0,0,Silver,0,1,18,M,Raleigh,Snacks,Mainstream,2022,0.0,74.93166666666666,Lapsed,2024-04,1
501337,1,1.0,2.3333333333333335,3.0,-0.22222222222222218,72.06,113.56,-0.36544557942937655,-0.1,0.701354692902032,3,1.0,30.88285714285714,1.6666666666666667,0.22999999999999998,1.6666666666666667,2.0,-0.16666666666666663,-0.1,1.6666666666666667,2.5,-0.3333333333333333,1.0,0.5,1.0,1.0,2.0,1.0,1,1.0,5,0,0,59.0,0,Silver,0,1,6,M,Portland,Frozen Foods,Upscale,2023,88.66,88.66,Active,2024-04,0
501338,3,0.0,0.3333333333333333,4.0,-0.9166666666666666,10.926666666666668,137.34,-0.9204407553031406,-1.3,1.0521504128807082,1,0.6,32.78000000000001,0.3333333333333333,0.27666666666666667,0.3333333333333333,1.5,-0.7777777777777778,-0.6000000000000001,1.0,1.5,-0.3333333333333333,0.0,1.0,3.0,0.0,3.0,1.0,1,2.0,5,0,0,37.0,0,Silver,0,1,6,M,Columbus,Beverages,Value,2023,61.492000000000004,102.48666666666668,Active,2024-04,1
501339,1,8.0,4.333333333333333,2.6666666666666665,0.625,94.91000000000001,67.04333333333334,0.41565156863719993,0.4857142857142857,0.5899488208372726,3,1.0,21.902307692307698,1.0,0.2283333333333333,1.0,2.0,-0.5,0.02857142857142857,1.6666666666666667,1.6666666666666667,0.0,0.3333333333333333,0.3333333333333333,1.0,0.0,1.0,0.0,0,2.0,6,0,0,27.0,0,Silver,0,1,20,F,Denver,Bakery,Mainstream,2022,80.97666666666667,118.60857142857142,Active,2024-04,0
501340,1,5.0,3.6666666666666665,4.333333333333333,-0.15384615384615383,132.47,166.04666666666665,-0.20221222949371656,0.2857142857142857,0.5966821533861053,3,0.8333333333333334,36.12818181818182,1.3333333333333333,0.252,0.6666666666666666,1.0,-0.33333333333333337,0.08571428571428572,1.3333333333333333,1.3333333333333333,0.0,0.0,0.6666666666666666,0.0,0.0,0.0,0.0,0,7.0,6,0,0,23.0,0,Platinum,2,1,23,F,Spokane,Frozen Foods,Upscale,2022,149.25833333333335,149.345,Active,2024-04,0
501341,1,4.0,4.666666666666667,6.0,-0.22222222222222218,241.79,339.04,-0.28683931099575277,-0.6857142857142857,0.37734568864980683,3,1.0,51.81214285714285,3.0,0.27999999999999997,2.6666666666666665,1.6666666666666667,0.5999999999999999,0.02857142857142857,1.3333333333333333,2.3333333333333335,-0.42857142857142866,0.6666666666666666,0.3333333333333333,0.0,1.0,1.0,0.0,0,4.0,6,0,0,52.0,0,Platinum,2,1,33,M,Portland,Snacks,Mainstream,2021,290.41499999999996,264.2357142857143,Active,2024-04,0
501342,1,3.0,4.333333333333333,3.3333333333333335,0.2999999999999999,149.53,121.44,0.23130764163372863,0.02857142857142857,0.45807859045287946,3,1.0,34.50692307692308,2.3333333333333335,0.305,0.6666666666666666,1.0,-0.33333333333333337,-0.19999999999999998,1.3333333333333333,0.3333333333333333,2.0,1.0,0.6666666666666666,0.0,0.0,0.0,0.0,0,7.0,6,0,0,29.0,0,Silver,0,0,31,M,Spokane,Produce,Mainstream,2021,135.485,120.91066666666666,Active,2024-04,0
501343,1,1.0,1.3333333333333333,0.6666666666666666,1.0,40.12333333333333,22.886666666666667,0.7531313719778617,0.22857142857142856,0.8452135628369527,3,0.6666666666666666,30.092499999999998,1.6666666666666667,0.21250000000000002,1.0,1.0,0.0,0.17142857142857143,1.6666666666666667,0.6666666666666666,1.5,0.0,0.3333333333333333,0.0,0.0,0.0,0.0,0,7.0,6,0,0,38.0,0,Gold,1,1,22,F,Nashville,Frozen Foods,Value,2022,31.504999999999995,57.958000000000006,Active,2024-04,0
501344,1,8.0,5.666666666666667,7.0,-0.19047619047619044,208.56000000000003,237.93,-0.12343966712898741,-0.2,0.38056247004868954,3,1.0,36.80470588235294,2.0,0.46749999999999997,5.333333333333333,3.0,0.7777777777777777,0.5,1.0,4.0,-0.75,0.3333333333333333,0.0,0.0,0.0,0.0,0.0,0,7.0,4,0,0,62.0,0,Silver,0,1,5,F,Denver,Personal Care,Value,2023,215.90250000000003,215.9025,Active,2024-04,0
501345,1,3.0,7.0,8.0,-0.125,241.49666666666667,279.39,-0.13562881038452815,-0.5810810810810811,0.3008723943380354,3,1.0,34.49952380952381,5.666666666666667,0.17,1.6666666666666667,3.5,-0.5238095238095238,-0.7837837837837838,1.0,0.5,1.0,1.6666666666666667,0.0,1.0,0.0,1.0,0.0,0,3.0,6,0,1,44.0,0,Gold,1,0,31,F,Spokane,Household,Value,2021,256.654,309.705,Active,2024-04,0
501346,1,2.0,2.0,2.0,0.0,57.50666666666667,56.22666666666667,0.022764998814323,-0.05714285714285714,0.5716617774307657,3,0.8333333333333334,28.753333333333334,1.3333333333333333,0.366,2.0,1.0,1.0,0.3142857142857143,1.0,0.0,2.0,0.3333333333333333,0.6666666666666666,0.0,0.0,0.0,0.0,0,7.0,6,0,0,54.0,0,Silver,0,0,20,F,Raleigh,Household,Value,2022,56.86666666666667,74.49,Active,2024-04,0
501347,1,7.0,6.0,5.666666666666667,0.05882352941176465,179.86666666666667,176.27666666666667,0.02036571298905132,0.5428571428571428,0.40525416153193417,3,1.0,29.977777777777778,6.0,0.3116666666666667,5.0,5.0,0.0,-0.34285714285714286,0.6666666666666666,0.3333333333333333,0.6666666666666666,1.3333333333333333,1.6666666666666667,0.0,0.0,0.0,0.0,0,7.0,6,0,0,26.0,0,Silver,0,0,32,F,Spokane,Beverages,Value,2021,178.0716666666667,184.4993333333333,Active,2024-04,0
501348,1,9.0,9.0,7.0,0.2857142857142857,291.71,216.97666666666666,0.3444302766810563,0.4,0.14796918097831088,3,1.0,32.41222222222222,3.3333333333333335,0.3466666666666667,4.666666666666667,3.0,0.5555555555555557,0.6571428571428571,2.3333333333333335,3.0,-0.22222222222222218,0.0,0.6666666666666666,1.0,1.0,2.0,1.0,0,2.0,6,0,0,63.0,0,Silver,0,1,28,F,Boise,Beverages,Unknown,2021,254.34333333333336,232.23142857142855,Active,2024-04,0
501349,1,8.0,7.0,5.333333333333333,0.31250000000000006,170.465,139.96,0.21795513003715342,0.6395348837209303,0.34575002410731187,2,1.0,24.35214285714286,4.5,0.404,2.5,3.6666666666666665,-0.3181818181818182,-0.3139534883720931,1.5,1.3333333333333333,0.12500000000000006,0.5,0.6666666666666666,0.0,0.0,0.0,0.0,0,7.0,6,0,1,51.0,0,Silver,0,1,12,F,Columbus,Frozen Foods,Upscale,2023,152.16199999999998,153.477,Active,2024-04,0
501350,7,0.0,0.0,0.0,0.0,0.0,0.0,0.0,0.0,0.0,0,0.0,0.0,0.0,0.0,0.0,0.0,0.0,0.0,0.0,0.0,0.0,0.0,0.0,0.0,0.0,0.0,0.0,0,7.0,6,0,0,20.0,0,Gold,1,0,15,F,Columbus,Snacks,Value,2023,0.0,71.265,Lapsed,2024-04,1
501351,2,0.0,2.0,3.3333333333333335,-0.4,61.99666666666667,109.56666666666666,-0.43416489199878305,-0.5142857142857142,0.5054284326118771,2,0.8333333333333334,30.998333333333335,3.0,0.33599999999999997,1.0,2.0,-0.5,-0.37142857142857144,0.3333333333333333,0.0,0.6666666666666666,0.0,0.3333333333333333,0.0,0.0,0.0,0.0,0,7.0,6,0,0,44.0,0,Silver,0,0,15,M,Nashville,Produce,Mainstream,2023,85.78166666666668,104.95692307692308,Active,2024-04,0
501352,4,0.0,0.0,1.0,-1.0,0.0,42.75,-1.0,-0.2571428571428571,1.0000823284966036,0,0.5,0.0,0.0,0.30333333333333334,0.0,0.0,0.0,0.0,0.0,0.0,0.0,0.0,0.0,0.0,4.0,4.0,1.0,0,4.0,6,0,0,69.0,0,Gold,1,0,10,M,Denver,Beverages,Mainstream,2023,21.375,76.17833333333333,Lapsed,2024-04,1
501353,1,6.0,3.6666666666666665,4.333333333333333,-0.15384615384615383,194.19666666666663,228.21666666666667,-0.1490688673044623,0.22857142857142856,0.4388667310928486,3,1.0,52.962727272727264,2.0,0.3283333333333333,0.3333333333333333,2.0,-0.8333333333333334,-0.37142857142857144,0.0,1.0,-1.0,0.6666666666666666,0.6666666666666666,0.0,0.0,0.0,0.0,0,7.0,6,0,0,44.0,0,Platinum,2,0,29,F,Portland,Bakery,Value,2021,211.20666666666662,170.29799999999997,Active,2024-04,0
501354,5,0.0,0.0,1.3333333333333333,-1.0,0.0,31.856666666666666,-1.0,-0.45714285714285713,1.428271799700961,0,0.3333333333333333,0.0,0.0,0.345,0.0,2.3333333333333335,-1.0,-0.42857142857142855,0.0,0.0,0.0,0.0,0.0,0.0,1.0,1.0,1.0,0,4.0,6,0,0,39.0,0,Silver,0,0,14,M,Denver,Household,Upscale,2023,15.928333333333333,102.29666666666668,Lapsed,2024-04,1
501355,2,0.0,2.0,3.6666666666666665,-0.45454545454545453,37.37,61.31999999999999,-0.39057403783431177,-0.8285714285714285,0.7620294706859994,2,0.8333333333333334,18.685,1.6666666666666667,0.37,0.6666666666666666,0.6666666666666666,0.0,-0.11428571428571428,0.6666666666666666,2.6666666666666665,-0.75,0.6666666666666666,0.0,0.0,1.0,1.0,0.0,0,4.0,6,0,0,19.0,0,Silver,0,1,26,M,Raleigh,Frozen Foods,Upscale,2022,49.345,58.35307692307693,Active,2024-04,0
501356,7,0.0,0.0,0.0,0.0,0.0,0.0,0.0,0.0,0.0,0,0.0,0.0,0.0,0.0,0.0,0.0,0.0,0.0,0.0,0.0,0.0,0.0,0.0,0.0,0.0,0.0,0.0,0,7.0,6,0,0,70.0,0,Platinum,2,1,20,F,Boise,Snacks,Mainstream,2022,0.0,92.85799999999999,Lapsed,2024-04,1
501357,1,1.0,2.6666666666666665,4.0,-0.33333333333333337,56.856666666666676,83.88666666666667,-0.3222204561710243,-0.5142857142857142,0.5377583337440518,3,1.0,21.321250000000006,3.0,0.3016666666666667,2.0,2.0,0.0,0.05714285714285714,0.3333333333333333,0.0,0.6666666666666666,1.3333333333333333,0.0,0.0,0.0,0.0,0.0,0,7.0,6,0,0,30.0,0,Silver,0,0,15,M,Columbus,Beverages,Mainstream,2023,70.37166666666668,68.46714285714286,Active,2024-04,0
501358,7,0.0,0.0,0.0,0.0,0.0,0.0,0.0,0.0,0.0,0,0.0,0.0,0.0,0.0,0.0,0.0,0.0,0.0,0.0,0.0,0.0,0.0,0.0,0.0,0.0,0.0,0.0,0,7.0,6,0,0,51.0,0,Gold,1,1,26,F,Denver,Frozen Foods,Mainstream,2022,0.0,35.09,Lapsed,2024-04,1
501359,1,8.0,7.333333333333333,7.5,-0.02222222222222226,243.78666666666672,242.155,0.00673810851176609,0.3,0.16303563197679832,3,1.0,33.24363636363637,6.333333333333333,0.198,3.0,3.0,0.0,0.1,0.3333333333333333,1.5,-0.7777777777777778,1.3333333333333333,0.5,0.0,0.0,0.0,0.0,0,7.0,5,0,0,42.0,0,Gold,1,1,6,F,Columbus,Bakery,Value,2023,243.13400000000001,243.13400000000001,Active,2024-04,0
501360,1,6.0,6.666666666666667,8.0,-0.16666666666666663,229.70666666666668,303.4666666666667,-0.24305799648506154,-0.9142857142857143,0.4045009420262443,3,1.0,34.456,4.0,0.295,5.0,4.333333333333333,0.15384615384615394,0.05714285714285712,0.6666666666666666,1.0,-0.33333333333333337,1.0,0.3333333333333333,1.0,0.0,1.0,1.0,1,2.0,6,0,0,49.0,0,Silver,0,0,21,F,Portland,Beverages,Value,2022,266.58666666666664,215.254,Active,2024-04,0
501361,2,0.0,0.3333333333333333,0.3333333333333333,0.0,8.926666666666668,8.926666666666668,0.0,0.0,1.4142135623730947,1,0.3333333333333333,26.780000000000005,0.6666666666666666,0.19,0.6666666666666666,0.6666666666666666,0.0,1.0,1.0,1.0,0.0,0.3333333333333333,0.3333333333333333,0.0,0.0,0.0,0.0,0,7.0,3,1,0,24.0,0,Silver,0,1,5,M,Portland,Dairy,Mainstream,2023,8.926666666666668,26.78,Active,2024-04,0
501362,1,13.0,10.666666666666666,10.666666666666666,0.0,362.44,362.44,0.0,1.0,0.184368809722596,3,1.0,33.978750000000005,4.333333333333333,0.5533333333333333,3.3333333333333335,3.3333333333333335,0.0,-1.0,2.6666666666666665,2.6666666666666665,0.0,1.0,1.0,0.0,0.0,0.0,0.0,0,7.0,3,1,0,64.0,0,Gold,1,1,4,F,Boise,Snacks,Mainstream,2023,362.44,362.44,Active,2024-04,0
501363,7,0.0,0.0,0.0,0.0,0.0,0.0,0.0,0.0,0.0,0,0.0,0.0,0.0,0.0,0.0,0.0,0.0,0.0,0.0,0.3333333333333333,-0.6666666666666666,0.0,0.0,0.0,1.0,1.0,0.0,0,6.0,6,0,0,27.0,0,Silver,0,0,31,M,Tulsa,Dairy,Value,2021,0.0,77.49125,Lapsed,2024-04,1
501364,1,4.0,1.6666666666666667,3.0,-0.4444444444444444,54.81,101.42999999999999,-0.4596273291925465,-0.05714285714285714,0.6015816383956951,2,0.8333333333333334,32.886,1.3333333333333333,0.274,1.6666666666666667,0.6666666666666666,1.5,0.2,2.3333333333333335,1.0,1.3333333333333335,1.0,0.3333333333333333,0.0,0.0,0.0,0.0,0,7.0,6,0,0,53.0,0,Gold,1,1,31,M,Denver,Frozen Foods,Value,2021,78.11999999999999,89.17307692307692,Active,2024-04,0
501365,1,6.0,3.0,4.0,-0.25,98.32666666666667,154.62,-0.3640753675678006,0.14285714285714285,0.5741455490008848,3,1.0,32.775555555555556,2.0,0.32,3.3333333333333335,1.3333333333333333,1.5,0.45714285714285713,2.0,1.3333333333333333,0.5000000000000001,0.0,0.3333333333333333,0.0,1.0,1.0,1.0,0,5.0,6,0,0,32.0,0,Platinum,2,1,25,F,Nashville,Dairy,Mainstream,2022,126.47333333333334,156.7853333333333,Active,2024-04,0
501366,1,4.0,5.5,6.0,-0.08333333333333333,135.755,155.16666666666666,-0.1251020408163265,0.02325581395348837,0.3407058612714934,2,1.0,24.682727272727274,2.5,0.22799999999999998,2.5,1.6666666666666667,0.49999999999999994,0.3488372093023256,2.0,1.6666666666666667,0.19999999999999996,0.0,1.0,0.0,0.0,0.0,0.0,0,7.0,6,0,1,56.0,0,Gold,1,1,35,M,Boise,Produce,Value,2021,147.402,123.80428571428571,Active,2024-04,0
501367,5,0.0,0.0,2.0,-1.0,0.0,78.91666666666667,-1.0,-0.7428571428571429,1.5647998801193737,0,0.3333333333333333,0.0,0.0,0.21000000000000002,0.0,0.3333333333333333,-0.6666666666666666,-0.14285714285714285,0.0,0.3333333333333333,-0.6666666666666666,0.0,0.0,0.0,3.0,3.0,0.0,0,5.0,6,0,0,23.0,0,Gold,1,1,23,F,Spokane,Household,Mainstream,2022,39.458333333333336,176.00727272727272,Lapsed,2024-04,1
501368,1,1.0,1.0,1.0,0.0,27.56,27.56,0.0,0.0,0.0,1,1.0,27.56,2.0,0.62,6.0,6.0,0.0,0.0,0.0,0.0,0.0,0.0,0.0,0.0,0.0,0.0,0.0,0,7.0,1,1,0,26.0,0,Gold,1,1,3,F,Nashville,Frozen Foods,Value,2024,27.56,27.56,Active,2024-04,0
501369,1,3.0,3.0,5.333333333333333,-0.43749999999999994,84.06333333333333,149.36333333333334,-0.4371889575754871,-0.6571428571428571,0.31313706857789975,3,1.0,28.02111111111111,1.0,0.20000000000000004,1.6666666666666667,2.0,-0.16666666666666663,-0.4285714285714286,0.3333333333333333,0.6666666666666666,-0.5,0.3333333333333333,0.6666666666666666,0.0,1.0,1.0,0.0,0,5.0,6,0,0,69.0,0,Gold,1,0,14,M,Nashville,Snacks,Upscale,2023,116.71333333333335,116.27,Active,2024-04,0
501370,1,1.0,3.0,2.6666666666666665,0.12500000000000006,89.10000000000001,90.48,-0.015251989389920374,-0.14285714285714285,0.6670547055906547,3,1.0,29.700000000000003,2.3333333333333335,0.26166666666666666,0.3333333333333333,1.3333333333333333,-0.75,-0.19999999999999998,1.0,0.3333333333333333,1.3333333333333335,0.0,0.0,0.0,0.0,0.0,0.0,0,7.0,6,0,0,52.0,0,Silver,0,1,9,F,Portland,Snacks,Mainstream,2023,89.79,96.42285714285715,Active,2024-04,0
501371,1,1.0,2.3333333333333335,5.666666666666667,-0.5882352941176471,87.32666666666667,201.12666666666667,-0.5658125890815074,-1.4285714285714286,0.8084891990452195,3,1.0,37.425714285714285,3.6666666666666665,0.37833333333333335,1.6666666666666667,3.0,-0.4444444444444444,-0.4,0.3333333333333333,0.3333333333333333,0.0,0.0,0.6666666666666666,1.0,0.0,1.0,0.0,0,3.0,6,0,0,64.0,0,Silver,0,1,27,M,Spokane,Household,Value,2022,144.22666666666666,154.36066666666665,Active,2024-04,1
501372,1,3.0,4.0,7.5,-0.4666666666666667,166.04,356.51,-0.5342627135283723,-1.2,0.4022998501915902,3,1.0,41.51,2.3333333333333335,0.22799999999999998,0.3333333333333333,2.5,-0.8666666666666666,-0.6,0.0,0.5,-1.0,0.0,1.0,0.0,0.0,0.0,0.0,0,7.0,5,0,0,38.0,0,Gold,1,0,6,Unknown,Nashville,Bakery,Value,2023,242.228,242.22799999999998,Active,2024-04,0
501373,1,6.0,3.0,3.0,0.0,96.92666666666666,110.54333333333335,-0.12317944697403752,0.4,0.575774190054127,3,1.0,32.30888888888889,0.6666666666666666,0.2533333333333333,2.3333333333333335,0.6666666666666666,2.5000000000000004,0.14285714285714285,0.3333333333333333,1.0,-0.6666666666666667,0.6666666666666666,0.6666666666666666,0.0,0.0,0.0,0.0,0,7.0,6,0,0,61.0,0,Silver,0,0,23,F,Portland,Bakery,Value,2022,103.735,87.00399999999999,Active,2024-04,0
501374,7,0.0,0.0,0.0,0.0,0.0,0.0,0.0,0.0,0.0,0,0.0,0.0,0.0,0.0,0.0,0.0,0.0,0.0,0.0,0.0,0.0,0.0,0.0,0.0,0.0,0.0,0.0,0,7.0,6,0,0,22.0,0,Silver,0,0,32,M,Portland,Household,Upscale,2021,0.0,155.1614285714286,Lapsed,2024-04,1
501375,1,5.0,3.3333333333333335,3.5,-0.047619047619047575,110.01,101.555,0.08325537885874647,0.22093023255813948,0.4098050895019892,3,1.0,33.003,1.0,0.35200000000000004,2.3333333333333335,2.0,0.16666666666666674,0.25581395348837205,2.0,0.5,3.0,0.6666666666666666,0.5,0.0,1.0,1.0,1.0,0,6.0,6,0,1,58.0,0,Silver,0,1,6,F,Raleigh,Snacks,Mainstream,2023,106.628,106.628,Active,2024-04,0
501376,3,0.0,0.3333333333333333,5.0,-0.9333333333333333,12.549999999999999,157.995,-0.9205671065540048,-1.0675675675675675,1.0799286024995371,1,0.6,37.65,0.3333333333333333,0.27,2.3333333333333335,2.0,0.16666666666666674,-0.3243243243243243,0.6666666666666666,1.0,-0.33333333333333337,0.0,0.0,0.0,1.0,1.0,1.0,0,4.0,6,0,1,25.0,0,Silver,0,1,34,M,Madison,Dairy,Value,2021,70.728,106.6375,Active,2024-04,1
501377,7,0.0,0.0,0.0,0.0,0.0,0.0,0.0,0.0,0.0,0,0.0,0.0,0.0,0.0,0.0,0.0,0.0,0.0,0.0,0.0,0.0,0.0,0.0,0.0,0.0,0.0,0.0,0,7.0,6,0,0,54.0,0,Silver,0,0,27,F,Nashville,Snacks,Value,2022,0.0,119.48571428571428,Lapsed,2024-04,1
501379,1,5.0,4.0,6.666666666666667,-0.4,126.21,200.50333333333333,-0.3705341557081345,0.05714285714285714,0.6251634937795446,3,1.0,31.5525,2.0,0.29,3.3333333333333335,3.3333333333333335,0.0,0.22857142857142856,0.6666666666666666,0.3333333333333333,0.6666666666666666,0.3333333333333333,0.3333333333333333,1.0,2.0,3.0,1.0,0,2.0,6,0,0,54.0,0,Gold,1,0,20,M,Portland,Dairy,Value,2022,163.35666666666665,161.59,Active,2024-04,0
501380,1,5.0,7.333333333333333,5.0,0.4666666666666666,248.58666666666667,172.4333333333333,0.44163928088150034,0.3142857142857143,0.257366900558637,3,1.0,33.89818181818182,4.666666666666667,0.18500000000000003,3.3333333333333335,3.0,0.11111111111111116,0.08571428571428572,0.3333333333333333,1.3333333333333333,-0.75,1.3333333333333333,0.3333333333333333,0.0,0.0,0.0,0.0,0,7.0,6,0,0,32.0,0,Gold,1,1,12,F,Portland,Beverages,Upscale,2023,210.51,203.25181818181818,Active,2024-04,0
501381,1,5.0,4.0,3.3333333333333335,0.19999999999999996,164.49,122.97666666666667,0.3375708128913344,0.22857142857142856,0.26444448163835865,3,1.0,41.1225,2.0,0.275,2.0,3.0,-0.3333333333333333,-0.14285714285714285,0.0,0.0,0.0,0.3333333333333333,0.6666666666666666,0.0,0.0,0.0,0.0,0,7.0,6,0,0,23.0,0,Gold,1,0,26,F,Portland,Snacks,Value,2022,143.73333333333335,150.43266666666665,Active,2024-04,0
501382,1,3.0,3.3333333333333335,3.6666666666666665,-0.09090909090909083,125.89666666666666,127.32000000000001,-0.011179181066080318,0.02857142857142857,0.4027695838551115,3,1.0,37.769,2.3333333333333335,0.39666666666666667,3.6666666666666665,3.6666666666666665,0.0,-0.11428571428571428,1.6666666666666667,1.0,0.6666666666666667,0.3333333333333333,1.3333333333333333,2.0,0.0,2.0,1.0,1,1.0,6,0,0,61.0,0,Silver,0,1,7,F,Austin,Frozen Foods,Value,2023,126.60833333333335,126.60833333333335,Active,2024-04,0
501383,7,0.0,0.0,0.0,0.0,0.0,0.0,0.0,0.0,0.0,0,0.0,0.0,0.0,0.0,0.0,0.0,0.0,0.0,0.0,0.0,0.0,0.0,0.0,0.0,0.0,0.0,0.0,0,7.0,6,0,0,44.0,0,Silver,0,0,18,M,Austin,Dairy,Upscale,2022,0.0,104.58333333333333,Lapsed,2024-04,1
501384,7,0.0,0.0,0.0,0.0,0.0,0.0,0.0,0.0,0.0,0,0.0,0.0,0.0,0.0,0.0,0.0,0.0,0.0,0.0,0.0,0.0,0.0,0.0,0.0,0.0,0.0,0.0,0,7.0,6,0,0,24.0,0,Gold,1,0,18,F,Raleigh,Household,Unknown,2022,0.0,95.6275,Lapsed,2024-04,1
501385,7,0.0,0.0,0.0,0.0,0.0,0.0,0.0,0.0,0.0,0,0.0,0.0,0.0,0.0,0.0,0.0,0.0,0.0,0.0,0.0,0.0,0.0,0.0,0.0,0.0,0.0,0.0,0,7.0,6,0,0,41.0,0,Silver,0,0,19,M,Tulsa,Personal Care,Mainstream,2022,0.0,85.2025,Lapsed,2024-04,1
501386,1,4.0,4.0,5.0,-0.2,97.82666666666667,122.35666666666667,-0.20047947258016183,-0.42857142857142855,0.22034294466523965,3,1.0,24.456666666666667,2.3333333333333335,0.36999999999999994,1.6666666666666667,2.6666666666666665,-0.37499999999999994,-0.028571428571428584,0.6666666666666666,1.3333333333333333,-0.5,1.3333333333333333,0.6666666666666666,0.0,0.0,0.0,0.0,0,7.0,6,0,0,18.0,0,Gold,1,1,35,M,Spokane,Snacks,Mainstream,2021,110.09166666666665,156.61133333333333,Active,2024-04,0
501387,1,1.0,4.0,5.333333333333333,-0.24999999999999994,128.15666666666667,174.10333333333332,-0.26390457774118814,-0.34285714285714286,0.5074994837858295,3,1.0,32.03916666666667,2.0,0.3133333333333334,3.0,4.0,-0.25,0.14285714285714285,0.6666666666666666,0.0,1.3333333333333333,0.6666666666666666,0.6666666666666666,1.0,2.0,3.0,1.0,1,1.0,6,0,0,68.0,0,Silver,0,0,36,M,Columbus,Snacks,Mainstream,2021,151.13,160.56428571428572,Active,2024-04,0
501389,1,4.0,6.333333333333333,3.0,1.111111111111111,268.59666666666664,111.11666666666667,1.4172491375431224,0.6285714285714286,0.6623146741147936,3,0.8333333333333334,42.41,3.3333333333333335,0.26399999999999996,2.0,3.6666666666666665,-0.45454545454545453,-0.2,0.6666666666666666,0.3333333333333333,0.6666666666666666,1.6666666666666667,0.6666666666666666,0.0,1.0,1.0,0.0,0,6.0,6,0,0,40.0,0,Gold,1,0,30,Other,Nashville,Bakery,Mainstream,2021,189.85666666666665,262.07,Active,2024-04,0
501390,1,7.0,3.6666666666666665,2.5,0.4666666666666666,119.66000000000001,63.8,0.875548589341693,0.9,0.6596031186338762,3,1.0,32.63454545454546,2.0,0.4640000000000001,1.6666666666666667,1.5,0.11111111111111116,0.2,1.0,2.0,-0.5,1.3333333333333333,0.5,0.0,0.0,0.0,0.0,0,7.0,5,0,0,35.0,0,Gold,1,1,6,F,Denver,Household,Upscale,2023,97.316,97.316,Active,2024-04,0
501391,2,0.0,1.6666666666666667,5.0,-0.6666666666666666,41.96,134.605,-0.68827309535307,-1.1,0.6873722127915265,2,0.8,25.176,1.3333333333333333,0.32,0.0,1.5,-1.0,-0.5,0.0,1.5,-1.0,0.3333333333333333,0.0,1.0,2.0,3.0,0.0,0,2.0,5,0,0,53.0,0,Silver,0,0,5,M,Madison,Snacks,Mainstream,2023,79.018,98.77250000000001,Active,2024-04,1
501392,2,0.0,1.0,2.0,-0.5,24.466666666666665,54.080000000000005,-0.5475838264299804,-0.6,0.9214881185511168,2,0.6666666666666666,24.466666666666665,0.6666666666666666,0.22499999999999998,0.0,1.0,-1.0,-0.42857142857142855,0.0,1.3333333333333333,-1.0,0.0,0.3333333333333333,1.0,1.0,2.0,0.0,0,2.0,6,0,0,47.0,0,Silver,0,1,18,M,Portland,Bakery,Mainstream,2022,39.27333333333333,82.27,Active,2024-04,1
501393,1,2.0,3.0,2.3333333333333335,0.28571428571428564,127.36,99.97333333333334,0.2739397172579353,-0.10810810810810811,0.37332366684345236,2,1.0,42.45333333333333,1.0,0.184,1.0,1.0,0.0,0.13513513513513511,0.0,0.3333333333333333,-0.6666666666666666,1.0,1.3333333333333333,0.0,0.0,0.0,0.0,0,7.0,6,0,1,61.0,0,Platinum,2,0,37,F,Spokane,Snacks,Mainstream,2021,110.928,110.30923076923077,Active,2024-04,0
501394,7,0.0,0.0,0.0,0.0,0.0,0.0,0.0,0.0,0.0,0,0.0,0.0,0.0,0.0,0.0,0.0,0.0,0.0,0.0,0.0,0.0,0.0,0.0,0.0,0.0,0.0,0.0,0,7.0,6,0,0,29.0,0,Gold,1,1,20,F,Nashville,Snacks,Mainstream,2022,0.0,82.7525,Lapsed,2024-04,1
501395,1,3.0,1.6666666666666667,2.0,-0.16666666666666663,56.29,71.02666666666666,-0.20748075840060062,0.08571428571428572,0.503962973132403,2,0.8333333333333334,33.774,1.3333333333333333,0.366,1.6666666666666667,0.6666666666666666,1.5,0.3142857142857143,1.3333333333333333,0.6666666666666666,1.0,0.0,0.3333333333333333,0.0,0.0,0.0,0.0,0,7.0,6,0,0,39.0,0,Silver,0,1,22,F,Madison,Personal Care,Mainstream,2022,63.65833333333333,91.92307692307692,Active,2024-04,0
501396,1,13.0,8.0,7.333333333333333,0.09090909090909095,168.84333333333333,145.66,0.1591606023158955,0.9714285714285714,0.5139098781785156,3,1.0,21.105416666666667,3.6666666666666665,0.21333333333333335,1.6666666666666667,4.0,-0.5833333333333333,-0.6571428571428571,0.6666666666666666,1.3333333333333333,-0.5,1.0,1.3333333333333333,0.0,0.0,0.0,0.0,0,7.0,6,0,0,29.0,0,Gold,1,1,28,F,Nashville,Bakery,Mainstream,2021,157.25166666666667,163.46533333333335,Active,2024-04,0
501397,7,0.0,0.0,0.0,0.0,0.0,0.0,0.0,0.0,0.0,0,0.0,0.0,0.0,0.0,0.0,0.0,0.0,0.0,0.0,0.0,0.0,0.0,0.0,0.0,0.0,0.0,0.0,0,7.0,6,0,0,72.0,0,Silver,0,0,18,M,Boise,Bakery,Mainstream,2022,0.0,106.47,Lapsed,2024-04,1
501398,7,0.0,0.0,0.0,0.0,0.0,0.0,0.0,0.0,0.0,0,0.0,0.0,0.0,0.0,0.0,0.0,0.0,0.0,0.0,0.0,0.0,0.0,0.0,0.0,0.0,0.0,0.0,0,7.0,6,0,0,40.0,0,Silver,0,1,16,M,Austin,Produce,Mainstream,2022,0.0,113.55499999999999,Lapsed,2024-04,1
501399,7,0.0,0.0,0.0,0.0,0.0,0.0,0.0,0.0,0.0,0,0.0,0.0,0.0,0.0,0.0,0.0,0.0,0.0,0.0,0.0,0.0,0.0,0.0,0.0,0.0,0.0,0.0,0,7.0,6,0,0,54.0,0,Gold,1,0,26,F,Austin,Personal Care,Mainstream,2022,0.0,32.08,Lapsed,2024-04,1
501400,1,6.0,5.5,4.0,0.375,164.79500000000002,142.16,0.15922200337647735,0.6428571428571429,0.12285763652494328,2,1.0,29.962727272727275,2.0,0.22666666666666666,1.0,0.0,2.0,0.35714285714285715,0.5,1.0,-0.5,0.5,0.0,0.0,0.0,0.0,0.0,0,7.0,4,0,1,63.0,0,Gold,1,0,5,M,Austin,Dairy,Mainstream,2023,157.25,157.25,Active,2024-04,0
501401,1,3.0,2.3333333333333335,4.333333333333333,-0.46153846153846145,40.589999999999996,68.90666666666668,-0.4109423374613005,-0.7999999999999999,0.5486317094609097,3,1.0,17.395714285714284,1.6666666666666667,0.3416666666666666,2.6666666666666665,3.3333333333333335,-0.20000000000000007,-0.34285714285714286,1.0,1.3333333333333333,-0.24999999999999994,1.0,0.6666666666666666,0.0,0.0,0.0,0.0,0,7.0,6,0,0,53.0,0,Silver,0,1,33,M,Raleigh,Bakery,Mainstream,2021,54.748333333333335,63.02357142857143,Active,2024-04,0
501402,1,8.0,6.0,3.6666666666666665,0.6363636363636365,191.5,106.76333333333332,0.7936869711823662,0.9428571428571428,0.3666760304146988,3,1.0,31.916666666666668,3.0,0.18000000000000002,1.6666666666666667,1.3333333333333333,0.2500000000000001,0.08571428571428572,0.3333333333333333,0.0,0.6666666666666666,0.3333333333333333,0.3333333333333333,0.0,0.0,0.0,0.0,0,7.0,6,0,0,20.0,0,Silver,0,0,13,F,Raleigh,Produce,Mainstream,2023,149.13166666666666,137.71272727272728,Active,2024-04,0
501403,1,3.0,1.6666666666666667,1.0,0.6666666666666667,68.01,42.440000000000005,0.602497643732328,0.17142857142857143,0.6795905159723091,3,0.8333333333333334,40.806000000000004,1.0,0.162,1.6666666666666667,2.3333333333333335,-0.28571428571428575,-0.11428571428571428,0.0,0.3333333333333333,-0.6666666666666666,1.0,0.0,1.0,1.0,2.0,1.0,0,2.0,6,0,0,74.0,0,Platinum,2,0,22,F,Austin,Household,Value,2022,55.225,97.60833333333333,Active,2024-04,0
501404,1,2.0,2.6666666666666665,3.0,-0.11111111111111116,83.83999999999999,90.41000000000001,-0.07266895254949697,-0.14285714285714285,0.14629855805240524,3,1.0,31.439999999999998,3.3333333333333335,0.3266666666666667,1.0,0.6666666666666666,0.5000000000000001,0.0285714285714286,1.6666666666666667,1.3333333333333333,0.2500000000000001,0.0,1.3333333333333333,1.0,1.0,2.0,0.0,0,1.0,6,0,0,65.0,0,Gold,1,1,37,F,Boise,Bakery,Upscale,2021,87.125,101.77266666666668,Active,2024-04,0
501405,1,1.0,2.3333333333333335,7.333333333333333,-0.6818181818181819,73.02,221.93999999999997,-0.6709921600432548,-1.4,0.6101961169184255,3,1.0,31.29428571428571,1.0,0.21166666666666667,2.6666666666666665,1.3333333333333333,1.0,0.2857142857142857,0.0,0.0,0.0,0.0,0.6666666666666666,0.0,0.0,0.0,0.0,0,7.0,6,0,0,35.0,0,Silver,0,0,29,M,Boise,Household,Mainstream,2021,147.48,137.47714285714287,Active,2024-04,0
501406,7,0.0,0.0,0.0,0.0,0.0,0.0,0.0,0.0,0.0,0,0.0,0.0,0.0,0.0,0.0,0.0,0.0,0.0,0.0,0.0,0.0,0.0,0.0,0.0,0.0,0.0,0.0,0,7.0,6,0,0,74.0,0,Gold,1,0,28,M,Boise,Bakery,Upscale,2021,0.0,69.726,Lapsed,2024-04,1
501407,1,9.0,6.333333333333333,6.333333333333333,0.0,225.84666666666666,180.59333333333333,0.2505814168112518,0.34285714285714286,0.27865400382447225,3,1.0,35.660000000000004,2.3333333333333335,0.295,3.0,3.6666666666666665,-0.1818181818181818,0.0,1.6666666666666667,2.0,-0.16666666666666663,0.3333333333333333,0.6666666666666666,0.0,0.0,0.0,0.0,0,7.0,6,0,0,68.0,0,Gold,1,1,31,F,Raleigh,Beverages,Upscale,2021,203.22,184.39928571428572,Active,2024-04,0
501408,1,3.0,5.666666666666667,5.666666666666667,0.0,62.64000000000001,62.64000000000001,0.0,-4.0,0.6490368309649585,3,1.0,11.054117647058824,1.6666666666666667,0.22666666666666666,1.0,1.0,0.0,0.5,0.3333333333333333,0.3333333333333333,0.0,0.0,0.0,0.0,0.0,0.0,0.0,0,7.0,3,1,0,49.0,0,Silver,0,0,4,M,Tulsa,Beverages,Value,2023,62.64000000000001,62.64000000000001,Active,2024-04,0
501409,1,6.0,3.3333333333333335,5.0,-0.3333333333333333,118.85333333333335,152.5,-0.22063387978142063,-0.2571428571428571,0.523796237616546,3,1.0,35.656000000000006,3.0,0.19333333333333336,0.6666666666666666,2.0,-0.6666666666666667,-0.5142857142857142,0.0,0.0,0.0,0.3333333333333333,0.6666666666666666,0.0,0.0,0.0,0.0,0,7.0,6,0,0,42.0,0,Gold,1,0,16,M,Madison,Personal Care,Mainstream,2022,135.67666666666668,135.88666666666666,Active,2024-04,0
501410,1,9.0,8.666666666666666,7.333333333333333,0.1818181818181818,159.42333333333332,152.86333333333334,0.04291414989424087,0.22857142857142856,0.16349709049058891,3,1.0,18.395,4.333333333333333,0.24,3.0,1.6666666666666667,0.7999999999999999,0.22857142857142856,0.0,1.0,-1.0,0.3333333333333333,0.3333333333333333,0.0,0.0,0.0,0.0,0,7.0,6,0,0,38.0,0,Silver,0,0,31,M,Tulsa,Snacks,Value,2021,156.14333333333335,143.81857142857143,Active,2024-04,0
501411,5,0.0,0.0,0.3333333333333333,-0.6666666666666666,0.0,9.61,-1.0,-0.08571428571428572,2.2360679774997894,0,0.16666666666666666,0.0,0.0,0.67,0.0,0.6666666666666666,-1.0,-0.22857142857142856,0.0,0.0,0.0,0.0,0.0,0.0,1.0,1.0,1.0,0,6.0,6,0,0,32.0,0,Silver,0,0,9,F,Tulsa,Dairy,Upscale,2023,4.805,39.03,Lapsed,2024-04,1
501412,1,4.0,6.0,5.0,0.2,186.90333333333334,161.59,0.1566516079790416,0.2571428571428571,0.30538654424122386,3,1.0,31.150555555555556,2.6666666666666665,0.2516666666666667,3.3333333333333335,3.0,0.11111111111111116,-0.08571428571428572,1.6666666666666667,1.3333333333333333,0.2500000000000001,0.3333333333333333,0.3333333333333333,0.0,1.0,1.0,0.0,0,5.0,6,0,0,31.0,0,Silver,0,1,11,F,Denver,Produce,Unknown,2023,174.24666666666667,169.928,Active,2024-04,0
501413,7,0.0,0.0,0.0,0.0,0.0,0.0,0.0,0.0,0.0,0,0.0,0.0,0.0,0.0,0.0,0.0,0.0,0.0,0.0,0.0,0.0,0.0,0.0,0.0,0.0,0.0,0.0,0,7.0,6,0,0,24.0,0,Gold,1,0,33,F,Portland,Bakery,Upscale,2021,0.0,32.43333333333333,Lapsed,2024-04,1
501414,7,0.0,0.0,0.0,0.0,0.0,0.0,0.0,0.0,0.0,0,0.0,0.0,0.0,0.0,0.0,0.0,0.0,0.0,0.0,0.0,0.0,0.0,0.0,0.0,0.0,0.0,0.0,0,7.0,6,0,0,28.0,0,Gold,1,0,30,Unknown,Columbus,Frozen Foods,Unknown,2021,0.0,82.17666666666668,Lapsed,2024-04,1
501415,1,3.0,3.0,7.666666666666667,-0.6086956521739131,86.78666666666668,200.80333333333337,-0.5678026593184045,-1.2,0.42284678852698043,3,1.0,28.928888888888892,3.0,0.22833333333333336,4.0,3.3333333333333335,0.19999999999999996,-0.05714285714285714,1.6666666666666667,3.3333333333333335,-0.5,1.0,0.3333333333333333,0.0,0.0,0.0,0.0,0,7.0,6,0,0,46.0,1,Silver,0,1,9,F,Portland,Household,Upscale,2023,143.795,146.04500000000002,Active,2024-04,0
501417,1,2.0,3.6666666666666665,4.0,-0.08333333333333337,93.78000000000002,100.49333333333334,-0.06680376807748431,-0.2571428571428571,0.2701950951136626,3,1.0,25.57636363636364,2.6666666666666665,0.3466666666666667,4.333333333333333,1.0,3.0,0.8571428571428571,1.3333333333333333,0.6666666666666666,1.0,0.3333333333333333,1.3333333333333333,2.0,1.0,3.0,2.0,1,1.0,6,0,0,30.0,0,Gold,1,1,18,M,Madison,Household,Value,2022,97.13666666666666,85.54357142857143,Active,2024-04,0
501418,1,4.0,4.333333333333333,5.666666666666667,-0.2352941176470589,124.76333333333334,174.37333333333333,-0.2845045113931794,-0.45714285714285713,0.4034196701193226,3,1.0,28.791538461538465,2.3333333333333335,0.34333333333333327,2.3333333333333335,3.6666666666666665,-0.3636363636363636,-0.22857142857142856,0.3333333333333333,1.3333333333333333,-0.75,0.6666666666666666,1.6666666666666667,0.0,0.0,0.0,0.0,0,7.0,6,0,0,66.0,0,Silver,0,1,33,F,Columbus,Household,Value,2021,149.56833333333333,147.57000000000002,Active,2024-04,0
501419,1,6.0,6.0,5.0,0.2,227.25666666666666,183.1833333333333,0.2405968519697936,0.37142857142857144,0.5459933631617738,3,1.0,37.87611111111111,3.0,0.245,1.6666666666666667,4.0,-0.5833333333333333,-0.7714285714285715,1.6666666666666667,2.0,-0.16666666666666663,0.3333333333333333,1.0,1.0,0.0,1.0,1.0,1,2.0,6,0,0,51.0,0,Silver,0,1,20,M,Columbus,Bakery,Mainstream,2022,205.22000000000003,172.01866666666666,Active,2024-04,0
501420,1,2.0,4.0,5.5,-0.2727272727272727,148.35,179.67000000000002,-0.1743195859074972,-0.8,0.38764165304070186,2,1.0,37.0875,2.0,0.27,1.5,1.0,0.5,0.2,0.0,0.5,-1.0,0.5,0.0,1.0,1.0,2.0,1.0,0,1.0,5,0,1,18.0,0,Gold,1,1,6,F,Portland,Household,Mainstream,2023,164.01,164.01,Active,2024-04,0
501421,7,0.0,0.0,0.0,0.0,0.0,0.0,0.0,0.0,0.0,0,0.0,0.0,0.0,0.0,0.0,0.0,0.0,0.0,0.0,0.0,0.0,0.0,0.0,0.0,0.0,0.0,0.0,0,7.0,6,0,0,32.0,0,Silver,0,1,18,F,Columbus,Beverages,Mainstream,2022,0.0,108.85888888888888,Lapsed,2024-04,1
501422,5,0.0,0.0,1.0,-1.0,0.0,43.86333333333334,-1.0,-0.3142857142857143,1.5136355909201187,0,0.3333333333333333,0.0,0.0,0.405,0.0,0.3333333333333333,-0.6666666666666666,-0.14285714285714285,0.0,0.3333333333333333,-0.6666666666666666,0.0,0.0,0.0,2.0,2.0,1.0,0,5.0,6,0,0,62.0,0,Platinum,2,1,17,F,Portland,Household,Mainstream,2022,21.93166666666667,73.98444444444445,Lapsed,2024-04,1
501423,7,0.0,0.0,0.0,0.0,0.0,0.0,0.0,0.0,0.0,0,0.0,0.0,0.0,0.0,0.0,0.0,0.0,0.0,0.0,0.0,0.0,0.0,0.0,0.0,0.0,0.0,0.0,0,7.0,6,0,0,33.0,0,Gold,1,0,23,F,Spokane,Produce,Upscale,2022,0.0,31.96,Lapsed,2024-04,1
501424,1,5.0,4.0,4.333333333333333,-0.07692307692307686,78.19999999999999,92.72666666666667,-0.1566611546480698,-0.19999999999999998,0.22261025960071695,3,1.0,19.549999999999997,2.3333333333333335,0.24,2.6666666666666665,1.6666666666666667,0.5999999999999999,0.14285714285714285,2.0,0.3333333333333333,3.0,1.6666666666666667,0.0,0.0,1.0,1.0,0.0,0,6.0,6,0,0,56.0,0,Gold,1,1,25,F,Portland,Bakery,Upscale,2022,85.46333333333332,93.93266666666666,Active,2024-04,0
501425,1,6.0,4.666666666666667,4.666666666666667,0.0,115.71666666666665,108.21999999999998,0.06927246966056802,0.2857142857142857,0.2128712112911529,3,1.0,24.796428571428567,2.3333333333333335,0.285,0.3333333333333333,1.0,-0.6666666666666667,-0.17142857142857146,0.6666666666666666,0.0,1.3333333333333333,0.6666666666666666,1.0,2.0,1.0,3.0,1.0,0,1.0,6,0,0,51.0,0,Silver,0,0,9,F,Columbus,Snacks,Value,2023,111.96833333333332,102.29625,Active,2024-04,0
501426,1,6.0,10.333333333333334,8.0,0.29166666666666674,285.8966666666667,212.10666666666668,0.3478909982398794,0.2571428571428571,0.3337772405616771,3,1.0,27.66741935483871,4.0,0.4266666666666667,3.6666666666666665,4.333333333333333,-0.15384615384615383,-0.45714285714285713,1.6666666666666667,1.0,0.6666666666666667,0.6666666666666666,0.0,0.0,0.0,0.0,0.0,0,7.0,6,0,0,19.0,0,Silver,0,1,19,M,Denver,Household,Upscale,2022,249.0016666666667,225.01500000000001,Active,2024-04,0
501427,7,0.0,0.0,0.0,0.0,0.0,0.0,0.0,0.0,0.0,0,0.0,0.0,0.0,0.0,0.0,0.0,0.0,0.0,0.0,0.0,0.0,0.0,0.0,0.0,0.0,0.0,0.0,0,7.0,6,0,0,25.0,0,Silver,0,1,18,F,Spokane,Bakery,Value,2022,0.0,28.47,Lapsed,2024-04,1
501428,1,2.0,5.666666666666667,4.0,0.41666666666666674,158.73333333333332,119.86,0.3243228210690249,-0.9,0.48208801186539135,3,1.0,28.01176470588235,2.6666666666666665,0.2525,1.3333333333333333,4.0,-0.6666666666666667,-0.6,0.3333333333333333,1.0,-0.6666666666666667,0.3333333333333333,1.0,0.0,0.0,0.0,0.0,0,7.0,4,0,0,21.0,0,Silver,0,1,6,M,Madison,Dairy,Value,2023,149.015,149.01500000000001,Active,2024-04,0
501429,2,0.0,1.3333333333333333,5.0,-0.7333333333333334,38.82,136.65,-0.7159165751920966,-1.3428571428571427,0.6869868048425327,2,0.8333333333333334,29.115000000000002,1.0,0.178,1.0,4.0,-0.75,-0.8285714285714286,0.0,1.6666666666666667,-1.0,0.0,0.3333333333333333,1.0,1.0,2.0,1.0,0,3.0,6,0,0,64.0,0,Silver,0,1,19,F,Columbus,Bakery,Unknown,2022,87.735,141.92142857142858,Active,2024-04,1
501430,1,10.0,6.0,2.0,2.0,193.77333333333334,63.88,2.0333959507409727,3.0,0.7629984857648712,3,1.0,32.29555555555556,1.3333333333333333,0.3325,2.3333333333333335,1.0,1.3333333333333335,-0.6,0.0,0.0,0.0,0.6666666666666666,0.0,0.0,0.0,0.0,0.0,0,7.0,4,0,0,59.0,0,Gold,1,0,5,M,Spokane,Bakery,Mainstream,2023,161.3,161.3,Active,2024-04,0
501431,1,1.0,2.0,3.0,-0.3333333333333333,41.26333333333333,65.67,-0.37165626110349737,-0.4857142857142857,0.4082541948149859,3,1.0,20.631666666666664,1.6666666666666667,0.36500000000000005,1.0,2.3333333333333335,-0.5714285714285715,-0.6285714285714286,0.6666666666666666,1.0,-0.33333333333333337,0.3333333333333333,0.3333333333333333,0.0,0.0,0.0,0.0,0,7.0,6,0,0,25.0,0,Silver,0,0,7,M,Nashville,Personal Care,Mainstream,2023,53.46666666666667,53.46666666666667,Active,2024-04,0
501432,1,7.0,6.0,4.666666666666667,0.28571428571428564,200.34666666666666,161.85666666666668,0.23780299441893019,0.45714285714285713,0.26673883064455967,3,1.0,33.39111111111111,2.6666666666666665,0.325,3.0,3.3333333333333335,-0.10000000000000003,-0.02857142857142857,1.0,0.6666666666666666,0.5000000000000001,0.6666666666666666,0.3333333333333333,0.0,0.0,0.0,0.0,0,7.0,6,0,0,56.0,0,Gold,1,1,10,M,Tulsa,Dairy,Mainstream,2023,181.10166666666666,206.58666666666667,Active,2024-04,0
501433,5,0.0,0.0,0.6666666666666666,-1.0,0.0,18.400000000000002,-1.0,-0.22857142857142856,1.4154173204134093,0,0.3333333333333333,0.0,0.0,0.29000000000000004,0.0,0.3333333333333333,-0.6666666666666666,-0.14285714285714285,0.0,0.3333333333333333,-0.6666666666666666,0.0,1.0,0.0,2.0,2.0,0.0,0,4.0,6,0,0,27.0,0,Silver,0,0,37,M,Madison,Household,Value,2021,9.200000000000001,52.38999999999999,Lapsed,2024-04,1
501435,1,2.0,7.333333333333333,5.333333333333333,0.375,221.35,150.45333333333335,0.47122031194611824,-0.45714285714285713,0.7688288998029094,3,1.0,30.18409090909091,4.666666666666667,0.34500000000000003,4.666666666666667,3.0,0.5555555555555557,0.5428571428571428,2.6666666666666665,0.3333333333333333,3.0,0.3333333333333333,0.3333333333333333,1.0,0.0,1.0,1.0,1,3.0,6,0,0,57.0,0,Silver,0,1,32,F,Madison,Dairy,Mainstream,2021,185.90166666666664,167.41214285714287,Active,2024-04,0
501436,1,9.0,8.333333333333334,6.5,0.28205128205128216,413.78000000000003,334.905,0.2355145489019276,0.3108108108108107,0.33781562103605817,3,1.0,49.6536,2.3333333333333335,0.15799999999999997,3.3333333333333335,2.5,0.33333333333333337,0.33783783783783783,0.0,0.5,-1.0,0.3333333333333333,1.5,0.0,1.0,1.0,0.0,0,4.0,6,0,1,67.0,0,Platinum,2,0,8,F,Nashville,Snacks,Value,2023,382.23,333.49,Active,2024-04,0
501437,1,5.0,5.666666666666667,5.333333333333333,0.06250000000000011,102.78333333333332,102.58999999999999,0.001884524157650142,0.14285714285714285,0.3586722197078308,3,1.0,18.138235294117642,3.3333333333333335,0.21999999999999997,3.6666666666666665,2.3333333333333335,0.5714285714285713,0.8571428571428571,0.0,0.0,0.0,0.6666666666666666,0.3333333333333333,0.0,0.0,0.0,0.0,0,7.0,6,0,0,34.0,0,Silver,0,0,36,F,Denver,Snacks,Upscale,2021,102.68666666666667,94.43769230769232,Active,2024-04,0
501438,1,2.0,2.0,2.0,0.0,70.20666666666666,70.20666666666666,0.0,1.0,0.844241710059094,2,0.6666666666666666,35.10333333333333,2.6666666666666665,0.195,0.6666666666666666,0.6666666666666666,0.0,0.0,2.3333333333333335,2.3333333333333335,0.0,1.0,1.0,0.0,0.0,0.0,0.0,0,7.0,3,1,0,29.0,0,Silver,0,1,4,F,Spokane,Frozen Foods,Mainstream,2023,70.20666666666666,105.31,Active,2024-04,0
501439,1,7.0,5.666666666666667,8.666666666666666,-0.3461538461538461,186.71,280.75666666666666,-0.33497572037470164,-0.5428571428571428,0.29471419147868544,3,1.0,32.94882352941176,2.6666666666666665,0.22999999999999998,1.6666666666666667,1.6666666666666667,0.0,-6.3441315692866086e-18,0.6666666666666666,1.6666666666666667,-0.6,0.3333333333333333,0.6666666666666666,0.0,0.0,0.0,0.0,0,7.0,6,0,0,19.0,0,Gold,1,0,23,M,Austin,Snacks,Value,2022,233.73333333333332,215.322,Active,2024-04,0
501440,1,5.0,5.666666666666667,4.0,0.41666666666666674,129.83333333333334,106.30666666666667,0.22130941929010414,0.3142857142857143,0.3017336855298232,3,1.0,22.911764705882355,4.0,0.3633333333333333,3.3333333333333335,4.0,-0.16666666666666663,-0.45714285714285713,2.3333333333333335,1.0,1.3333333333333335,0.3333333333333333,0.3333333333333333,0.0,0.0,0.0,0.0,0,7.0,6,0,0,42.0,0,Silver,0,1,17,F,Raleigh,Frozen Foods,Value,2022,118.07,142.79399999999998,Active,2024-04,0
501441,3,0.0,1.3333333333333333,1.3333333333333333,0.0,38.196666666666665,42.73333333333333,-0.10616224648985949,-0.17142857142857143,0.9686985590130104,1,0.6666666666666666,28.6475,0.0,0.2725,0.0,1.3333333333333333,-1.0,-0.2857142857142857,0.3333333333333333,0.6666666666666666,-0.5,0.0,1.3333333333333333,0.0,0.0,0.0,0.0,0,7.0,6,0,0,50.0,0,Platinum,2,0,8,F,Raleigh,Dairy,Mainstream,2023,40.464999999999996,64.074,Active,2024-04,0
501442,2,0.0,2.0,4.0,-0.5,73.34333333333335,152.29666666666665,-0.5184179999562256,-0.6857142857142857,0.5744354835808771,2,0.8333333333333334,36.671666666666674,0.6666666666666666,0.35,0.0,1.6666666666666667,-1.0,-0.42857142857142855,0.0,0.3333333333333333,-0.6666666666666666,0.0,0.3333333333333333,1.0,1.0,2.0,1.0,1,2.0,6,0,0,24.0,0,Platinum,2,0,13,M,Tulsa,Frozen Foods,Value,2023,112.82,174.35999999999999,Active,2024-04,1
501443,2,0.0,1.6666666666666667,2.0,-0.16666666666666663,54.5,53.46,0.019453797231574994,-0.37142857142857144,0.7752591961927338,2,0.8333333333333334,32.699999999999996,0.6666666666666666,0.36,0.0,1.3333333333333333,-1.0,-0.2857142857142857,0.0,0.0,0.0,0.3333333333333333,1.0,2.0,0.0,2.0,1.0,1,2.0,6,0,0,55.0,0,Silver,0,0,15,F,Boise,Dairy,Mainstream,2023,53.98,85.01181818181819,Active,2024-04,1
501444,7,0.0,0.0,0.0,0.0,0.0,0.0,0.0,0.0,0.0,0,0.0,0.0,0.0,0.0,0.0,0.0,0.0,0.0,0.0,0.0,0.0,0.0,0.0,0.0,0.0,0.0,0.0,0,7.0,6,0,0,54.0,0,Silver,0,1,22,M,Boise,Snacks,Value,2022,0.0,31.845714285714283,Lapsed,2024-04,1
501445,7,0.0,0.0,0.0,0.0,0.0,0.0,0.0,0.0,0.0,0,0.0,0.0,0.0,0.0,0.0,0.0,0.0,0.0,0.0,0.0,0.0,0.0,0.0,0.0,0.0,0.0,0.0,0,7.0,6,0,0,26.0,0,Gold,1,0,28,F,Tulsa,Bakery,Mainstream,2021,0.0,111.44,Lapsed,2024-04,1
501446,1,1.0,1.0,1.0,0.0,30.856666666666666,30.323333333333334,0.017588215895350052,-0.11428571428571428,0.8043450636828986,2,0.6666666666666666,30.856666666666666,0.0,0.26,2.0,1.0,1.0,0.14285714285714285,1.6666666666666667,0.6666666666666666,1.5,1.6666666666666667,0.0,0.0,0.0,0.0,0.0,0,7.0,6,0,0,22.0,0,Silver,0,1,10,F,Spokane,Beverages,Upscale,2023,30.59,50.184,Active,2024-04,0
501447,1,14.0,8.0,5.0,0.6,348.3,225.95666666666668,0.5414459999704958,1.2857142857142858,0.4909901680301142,3,1.0,43.5375,5.0,0.24333333333333332,0.6666666666666666,3.0,-0.7777777777777778,-0.4285714285714286,0.6666666666666666,0.3333333333333333,0.6666666666666666,0.0,1.0,0.0,0.0,0.0,0.0,0,7.0,6,0,0,29.0,0,Gold,1,0,14,F,Spokane,Produce,Unknown,2023,287.12833333333333,229.97000000000003,Active,2024-04,0
501449,4,0.0,0.0,0.3333333333333333,-0.6666666666666666,0.0,15.753333333333332,-1.0,-0.028571428571428577,2.23606797749979,0,0.16666666666666666,0.0,0.0,0.24,0.0,0.0,0.0,0.0,0.0,0.0,0.0,0.0,0.0,0.0,3.0,3.0,0.0,0,5.0,6,0,0,28.0,0,Platinum,2,0,9,M,Austin,Produce,Mainstream,2023,7.876666666666666,47.26,Lapsed,2024-04,1
501450,1,3.0,3.6666666666666665,7.333333333333333,-0.5,103.51666666666667,209.34,-0.5055093786822076,-0.7714285714285715,0.5299798426365036,3,1.0,28.231818181818184,3.0,0.20833333333333334,3.6666666666666665,2.0,0.8333333333333333,0.14285714285714285,1.6666666666666667,0.3333333333333333,2.666666666666667,1.0,0.0,1.0,0.0,1.0,1.0,1,3.0,6,0,0,61.0,0,Gold,1,0,12,F,Austin,Produce,Value,2023,156.4283333333333,136.44818181818184,Active,2024-04,0
501451,7,0.0,0.0,0.0,0.0,0.0,0.0,0.0,0.0,0.0,0,0.0,0.0,0.0,0.0,0.0,0.0,0.0,0.0,0.0,0.0,0.0,0.0,0.0,0.0,0.0,0.0,0.0,0,7.0,6,0,0,30.0,0,Silver,0,1,30,F,Boise,Beverages,Value,2021,0.0,52.6125,Lapsed,2024-04,1
501452,1,5.0,7.0,5.666666666666667,0.23529411764705876,224.8033333333333,198.84666666666666,0.13053609146075695,0.22857142857142854,0.22156955964248998,3,1.0,32.1147619047619,2.6666666666666665,0.3416666666666666,2.3333333333333335,1.0,1.3333333333333335,0.45714285714285713,1.3333333333333333,0.6666666666666666,1.0,0.0,0.3333333333333333,0.0,0.0,0.0,0.0,0,7.0,6,0,0,46.0,0,Gold,1,1,28,M,Raleigh,Personal Care,Mainstream,2021,211.82500000000002,203.672,Active,2024-04,0
501453,1,2.0,1.3333333333333333,2.3333333333333335,-0.42857142857142866,36.74333333333333,67.94333333333334,-0.4592062012461366,-0.08571428571428572,0.7269307133462055,2,0.8333333333333334,27.5575,2.0,0.314,1.0,0.6666666666666666,0.5000000000000001,0.08571428571428572,0.0,2.6666666666666665,-1.0,0.6666666666666666,0.6666666666666666,0.0,0.0,0.0,0.0,0,7.0,6,0,0,62.0,0,Silver,0,1,29,M,Boise,Dairy,Mainstream,2021,52.343333333333334,61.255833333333335,Active,2024-04,0
501454,7,0.0,0.0,0.0,0.0,0.0,0.0,0.0,0.0,0.0,0,0.0,0.0,0.0,0.0,0.0,0.0,0.0,0.0,0.0,0.0,0.0,0.0,0.0,0.0,0.0,0.0,0.0,0,7.0,6,0,0,55.0,0,Platinum,2,0,9,F,Spokane,Personal Care,Value,2023,0.0,70.51,Lapsed,2024-04,1
501455,6,0.0,0.0,0.3333333333333333,-0.6666666666666666,0.0,11.976666666666667,-1.0,-0.14285714285714285,2.23606797749979,0,0.16666666666666666,0.0,0.0,0.29,0.0,0.0,0.0,0.0,0.0,0.3333333333333333,-0.6666666666666666,0.0,0.0,0.0,1.0,1.0,0.0,0,5.0,6,0,0,41.0,0,Silver,0,1,8,F,Madison,Beverages,Value,2023,5.988333333333333,35.93,Lapsed,2024-04,1
501456,1,5.0,5.333333333333333,6.0,-0.11111111111111116,153.20333333333335,156.595,-0.021658843939248707,0.06976744186046512,0.3116042543114092,3,1.0,28.725625000000004,1.0,0.288,4.0,2.0,1.0,0.5465116279069767,0.3333333333333333,0.0,0.6666666666666666,0.6666666666666666,0.5,0.0,0.0,0.0,0.0,0,7.0,6,0,1,59.0,0,Silver,0,0,15,F,Austin,Bakery,Upscale,2023,154.56,166.79076923076926,Active,2024-04,0
501457,1,4.0,4.0,2.6666666666666665,0.5000000000000001,160.72666666666666,122.48666666666668,0.3121972459587436,0.17142857142857143,0.34433310216069823,3,1.0,40.181666666666665,1.0,0.33666666666666667,1.3333333333333333,3.3333333333333335,-0.6,-0.5714285714285714,2.3333333333333335,0.3333333333333333,3.0,0.6666666666666666,1.3333333333333333,2.0,1.0,3.0,1.0,1,3.0,6,0,0,19.0,0,Platinum,2,1,16,F,Nashville,Bakery,Mainstream,2022,141.60666666666668,170.41533333333334,Active,2024-04,0
501458,1,2.0,4.333333333333333,3.0,0.44444444444444436,94.66666666666667,59.06333333333333,0.6027992550369661,0.11428571428571428,0.5515231781816988,3,1.0,21.84615384615385,0.6666666666666666,0.2316666666666667,2.3333333333333335,1.3333333333333333,0.7500000000000002,0.14285714285714288,0.6666666666666666,1.6666666666666667,-0.6,1.0,0.0,0.0,0.0,0.0,0.0,0,7.0,6,0,0,52.0,0,Silver,0,1,28,F,Denver,Dairy,Upscale,2021,76.865,84.28153846153847,Active,2024-04,0
501459,4,0.0,0.0,2.0,-1.0,0.0,66.55499999999999,-1.0,-0.6216216216216217,1.4469809427233948,0,0.4,0.0,0.0,0.26,0.0,2.0,-1.0,-0.6216216216216217,0.0,0.0,0.0,0.0,1.0,0.0,1.0,1.0,0.0,0,4.0,6,0,1,46.0,1,Gold,1,0,33,F,Columbus,Dairy,Value,2021,26.621999999999996,75.68555555555555,Lapsed,2024-04,1
501460,1,4.0,4.0,5.0,-0.2,125.26333333333332,152.62,-0.17924693137640338,-0.37142857142857144,0.4494809807398498,3,1.0,31.31583333333333,1.6666666666666667,0.3466666666666667,2.0,1.0,1.0,0.2,1.0,1.0,0.0,0.6666666666666666,0.3333333333333333,0.0,0.0,0.0,0.0,0,7.0,6,0,0,29.0,0,Gold,1,1,15,M,Denver,Household,Mainstream,2023,138.94166666666666,132.37928571428571,Active,2024-04,0
501461,1,6.0,5.333333333333333,3.5,0.5238095238095237,230.50666666666666,143.695,0.6041383949801084,0.6486486486486486,0.2975581307374218,3,1.0,43.22,3.3333333333333335,0.26199999999999996,4.666666666666667,2.0,1.3333333333333335,0.8513513513513514,0.3333333333333333,1.0,-0.6666666666666667,0.3333333333333333,0.0,0.0,0.0,0.0,0.0,0,7.0,6,0,1,28.0,0,Gold,1,1,8,F,Madison,Frozen Foods,Value,2023,195.78199999999998,217.04166666666666,Active,2024-04,0
501462,1,1.0,2.3333333333333335,4.666666666666667,-0.5,119.34666666666665,238.95000000000002,-0.5005370719118366,-0.4857142857142857,0.656507328543012,3,1.0,51.148571428571415,1.0,0.33,2.3333333333333335,3.0,-0.22222222222222218,0.05714285714285714,0.0,0.0,0.0,0.6666666666666666,1.3333333333333333,0.0,0.0,0.0,0.0,0,7.0,6,0,0,57.0,0,Gold,1,0,34,M,Denver,Frozen Foods,Value,2021,179.1483333333333,181.5192857142857,Active,2024-04,0
501463,1,3.0,4.0,6.0,-0.3333333333333333,131.40333333333334,190.365,-0.30972955462751384,-0.6627906976744186,0.2712549445841043,3,1.0,32.850833333333334,1.3333333333333333,0.33599999999999997,1.3333333333333333,3.0,-0.5555555555555556,-0.17441860465116277,0.0,0.0,0.0,0.3333333333333333,0.5,1.0,0.0,1.0,0.0,0,2.0,6,0,1,72.0,0,Platinum,2,0,20,M,Austin,Dairy,Value,2022,154.988,159.43214285714288,Active,2024-04,0
501464,2,0.0,0.6666666666666666,1.0,-0.33333333333333337,23.560000000000002,33.14333333333334,-0.28914814442321235,-0.14285714285714285,1.0984637749066224,1,0.5,35.34,0.3333333333333333,0.3,0.0,0.6666666666666666,-1.0,-0.11428571428571428,1.0,2.0,-0.5,0.0,0.6666666666666666,0.0,0.0,0.0,0.0,0,7.0,6,0,0,24.0,0,Gold,1,1,35,F,Austin,Dairy,Value,2021,28.35166666666667,54.31777777777778,Active,2024-04,0
501465,1,4.0,4.5,5.666666666666667,-0.20588235294117652,166.61,167.70333333333335,-0.00651944902705174,-0.023255813953488393,0.33786735090453235,2,1.0,37.02444444444445,2.0,0.328,3.5,3.3333333333333335,0.049999999999999954,0.06976744186046512,1.5,0.3333333333333333,2.3333333333333335,0.0,0.0,0.0,0.0,0.0,0.0,0,7.0,6,0,1,35.0,0,Gold,1,0,14,F,Denver,Household,Mainstream,2023,167.26600000000002,163.0423076923077,Active,2024-04,0
501466,1,3.0,6.0,6.333333333333333,-0.052631578947368376,185.96333333333334,197.9333333333333,-0.060474907376220806,-0.4857142857142857,0.35547576632124867,3,1.0,30.99388888888889,2.3333333333333335,0.4000000000000001,2.3333333333333335,3.0,-0.22222222222222218,-0.11428571428571428,0.0,1.6666666666666667,-1.0,0.3333333333333333,1.0,0.0,2.0,2.0,1.0,0,5.0,6,0,0,33.0,0,Silver,0,1,11,F,Boise,Frozen Foods,Mainstream,2023,191.94833333333335,192.983,Active,2024-04,0
501468,1,7.0,7.0,9.5,-0.2631578947368421,281.30333333333334,426.365,-0.340228833667554,-0.8139534883720929,0.3166645772903452,3,1.0,40.186190476190475,3.0,0.312,4.0,4.5,-0.1111111111111111,-0.38372093023255804,1.6666666666666667,1.0,0.6666666666666667,0.6666666666666666,1.0,0.0,0.0,0.0,0.0,0,7.0,6,0,1,43.0,0,Silver,0,1,28,F,Raleigh,Produce,Mainstream,2021,339.328,305.05357142857144,Active,2024-04,0
501470,2,0.0,2.6666666666666665,7.333333333333333,-0.6363636363636364,80.92333333333333,222.66,-0.6365609748794875,-1.8285714285714285,0.7650064193249634,2,0.8333333333333334,30.34625,2.0,0.252,2.3333333333333335,4.666666666666667,-0.5,-0.7142857142857143,0.6666666666666666,1.3333333333333333,-0.5,0.0,0.6666666666666666,1.0,1.0,2.0,2.0,1,3.0,6,0,0,24.0,0,Silver,0,1,9,F,Boise,Beverages,Value,2023,151.79166666666666,207.0742857142857,Active,2024-04,0
501471,1,7.0,6.0,2.6666666666666665,1.2500000000000002,175.50333333333333,73.40666666666667,1.3908364362909817,0.9142857142857143,0.4702346579917937,3,1.0,29.250555555555554,2.3333333333333335,0.35999999999999993,1.6666666666666667,1.0,0.6666666666666667,0.34285714285714286,0.3333333333333333,1.6666666666666667,-0.8,0.3333333333333333,1.0,2.0,2.0,4.0,1.0,1,1.0,6,0,0,46.0,0,Silver,0,1,17,F,Nashville,Personal Care,Value,2022,124.45499999999998,170.26533333333333,Active,2024-04,0
501472,3,0.0,0.3333333333333333,0.0,0.6666666666666666,11.39,0.0,3.0,-0.1,1.7320508075688774,1,0.25,34.17,0.3333333333333333,0.33,1.6666666666666667,0.0,3.0,0.1,1.6666666666666667,0.0,3.0,0.0,0.0,0.0,0.0,0.0,0.0,0,7.0,4,0,0,24.0,0,Silver,0,1,5,M,Raleigh,Dairy,Mainstream,2023,8.5425,34.17,Active,2024-04,0
501473,7,0.0,0.0,0.0,0.0,0.0,0.0,0.0,0.0,0.0,0,0.0,0.0,0.0,0.0,0.0,0.0,0.0,0.0,0.0,0.0,0.0,0.0,0.0,0.0,0.0,0.0,0.0,0,7.0,6,0,0,63.0,0,Silver,0,0,37,F,Tulsa,Snacks,Value,2021,0.0,36.77333333333333,Lapsed,2024-04,1
501474,1,3.0,4.0,4.666666666666667,-0.1428571428571429,129.1866666666667,141.45666666666668,-0.0867403445106863,-0.22857142857142856,0.20581699441761644,3,1.0,32.296666666666674,3.0,0.205,3.3333333333333335,3.3333333333333335,0.0,0.05714285714285714,1.6666666666666667,1.3333333333333333,0.2500000000000001,0.3333333333333333,0.0,0.0,0.0,0.0,0.0,0,7.0,6,0,0,55.0,0,Silver,0,1,16,F,Portland,Personal Care,Value,2022,135.3216666666667,129.95714285714286,Active,2024-04,0
501475,4,0.0,0.0,2.0,-1.0,0.0,51.20666666666667,-1.0,-0.6857142857142857,1.4665097577633788,0,0.5,0.0,0.0,0.35666666666666663,0.0,2.3333333333333335,-1.0,-0.6,0.0,1.0,-1.0,0.0,0.3333333333333333,0.0,4.0,4.0,2.0,0,4.0,6,0,0,68.0,0,Silver,0,1,11,F,Raleigh,Dairy,Upscale,2023,25.603333333333335,76.50428571428571,Lapsed,2024-04,1
501476,3,0.0,1.6666666666666667,3.0,-0.4444444444444444,41.473333333333336,79.85333333333332,-0.4806311571213891,-0.7428571428571428,0.9226300077647067,1,0.6666666666666666,24.884,0.6666666666666666,0.3375,0.3333333333333333,2.6666666666666665,-0.8749999999999999,-0.6,0.0,0.0,0.0,0.0,0.0,2.0,0.0,2.0,0.0,0,2.0,6,0,0,60.0,0,Gold,1,0,23,F,Boise,Bakery,Mainstream,2022,60.663333333333334,115.62833333333333,Active,2024-04,1
501477,7,0.0,0.0,0.0,0.0,0.0,0.0,0.0,0.0,0.0,0,0.0,0.0,0.0,0.0,0.0,0.0,0.0,0.0,0.0,0.0,0.0,0.0,0.0,0.0,0.0,0.0,0.0,0,7.0,6,0,0,46.0,1,Silver,0,0,30,M,Madison,Dairy,Value,2021,0.0,48.73833333333334,Lapsed,2024-04,1
501478,7,0.0,0.0,0.0,0.0,0.0,0.0,0.0,0.0,0.0,0,0.0,0.0,0.0,0.0,0.0,0.0,0.0,0.0,0.0,0.0,0.0,0.0,0.0,0.0,0.0,0.0,0.0,0,7.0,6,0,0,39.0,0,Silver,0,0,35,F,Austin,Produce,Mainstream,2021,0.0,47.17,Lapsed,2024-04,1
501479,7,0.0,0.0,0.0,0.0,0.0,0.0,0.0,0.0,0.0,0,0.0,0.0,0.0,0.0,0.0,0.0,0.0,0.0,0.0,0.0,0.0,0.0,0.0,0.0,0.0,0.0,0.0,0,7.0,6,0,0,66.0,0,Silver,0,1,26,F,Tulsa,Household,Mainstream,2022,0.0,50.75,Lapsed,2024-04,1
501480,2,0.0,2.0,9.0,-0.7777777777777778,68.17,272.26,-0.7496143392345551,-2.5,0.856747856958753,2,0.75,34.085,2.3333333333333335,0.18666666666666668,2.3333333333333335,0.0,3.0,-0.1,0.6666666666666666,0.0,1.3333333333333333,0.6666666666666666,0.0,1.0,1.0,2.0,1.0,0,2.0,4,0,0,40.0,0,Gold,1,1,5,M,Portland,Snacks,Upscale,2023,119.1925,158.92333333333332,Active,2024-04,0
501481,2,0.0,2.3333333333333335,4.333333333333333,-0.46153846153846145,47.94333333333333,97.7,-0.5092801091777551,-0.6857142857142857,0.543273731994311,2,0.8333333333333334,20.547142857142852,1.3333333333333333,0.346,1.6666666666666667,3.0,-0.4444444444444444,-0.17142857142857143,1.6666666666666667,2.0,-0.16666666666666663,0.3333333333333333,0.3333333333333333,1.0,0.0,1.0,0.0,0,2.0,6,0,0,31.0,0,Silver,0,1,16,F,Boise,Personal Care,Mainstream,2022,72.82166666666666,101.84571428571428,Active,2024-04,0
501482,1,2.0,2.3333333333333335,3.6666666666666665,-0.3636363636363636,48.01333333333334,66.82666666666667,-0.2815243415802074,-0.6285714285714286,0.5276301829201384,3,1.0,20.57714285714286,4.0,0.19499999999999998,0.6666666666666666,3.0,-0.7777777777777778,-0.5428571428571428,0.6666666666666666,0.3333333333333333,0.6666666666666666,1.3333333333333333,1.0,1.0,0.0,1.0,0.0,0,3.0,6,0,0,29.0,0,Silver,0,0,27,M,Nashville,Personal Care,Value,2022,57.42000000000001,71.51333333333334,Active,2024-04,0
501483,7,0.0,0.0,0.0,0.0,0.0,0.0,0.0,0.0,0.0,0,0.0,0.0,0.0,0.0,0.0,0.0,0.0,0.0,0.0,0.0,0.0,0.0,0.0,0.0,0.0,0.0,0.0,0,7.0,6,0,0,47.0,0,Gold,1,1,31,F,Austin,Household,Value,2021,0.0,76.87,Lapsed,2024-04,1
501484,1,11.0,10.0,5.0,1.0,267.5,131.42666666666668,1.0353555848635485,1.457142857142857,0.3780768149261991,3,1.0,26.75,5.0,0.26166666666666666,4.333333333333333,3.3333333333333335,0.2999999999999999,0.5999999999999999,0.0,0.3333333333333333,-0.6666666666666666,0.3333333333333333,1.0,1.0,1.0,2.0,0.0,0,2.0,6,0,0,47.0,0,Silver,0,0,18,M,Tulsa,Household,Value,2022,199.46333333333334,204.6153846153846,Active,2024-04,0
501487,1,6.0,6.333333333333333,6.333333333333333,0.0,232.02666666666667,223.67333333333332,0.03734612977258511,0.11428571428571428,0.34300235472756185,3,1.0,36.63578947368421,4.0,0.2883333333333334,3.0,2.3333333333333335,0.28571428571428564,0.4,0.3333333333333333,0.3333333333333333,0.0,0.6666666666666666,0.6666666666666666,0.0,0.0,0.0,0.0,0,7.0,6,0,0,29.0,0,Silver,0,0,13,M,Denver,Frozen Foods,Upscale,2023,227.85000000000002,213.1158333333333,Active,2024-04,0
501488,1,4.0,4.333333333333333,3.6666666666666665,0.1818181818181818,122.32000000000001,108.67,0.12560964387595477,0.0,0.3047408022685309,3,1.0,28.227692307692312,2.0,0.3766666666666667,3.3333333333333335,3.6666666666666665,-0.09090909090909083,-0.3142857142857143,0.6666666666666666,0.6666666666666666,0.0,1.3333333333333333,1.0,0.0,0.0,0.0,0.0,0,7.0,6,0,0,71.0,0,Silver,0,0,37,F,Raleigh,Household,Value,2021,115.495,134.53,Active,2024-04,0
501489,1,2.0,1.3333333333333333,0.0,2.6666666666666665,50.25666666666666,0.0,3.0,0.4,1.123671807117257,3,0.5,37.692499999999995,0.3333333333333333,0.38999999999999996,0.0,0.6666666666666666,-1.0,-0.17142857142857146,2.0,1.3333333333333333,0.5000000000000001,0.0,0.0,1.0,1.0,2.0,2.0,1,3.0,6,0,0,19.0,0,Silver,0,1,7,M,Denver,Dairy,Value,2023,25.12833333333333,50.25666666666667,Active,2024-04,0
501490,2,0.0,0.3333333333333333,1.5,-0.7777777777777778,16.45,66.865,-0.7539819038360875,-0.4864864864864865,1.425149900116388,1,0.4,49.35,0.3333333333333333,0.275,0.3333333333333333,0.0,0.6666666666666666,0.013513513513513506,0.0,0.5,-1.0,0.0,0.0,1.0,2.0,3.0,0.0,0,3.0,6,0,1,46.0,1,Platinum,2,0,26,M,Tulsa,Bakery,Value,2022,36.616,86.286,Active,2024-04,1
501491,1,3.0,3.3333333333333335,3.0,0.11111111111111116,94.32,84.88333333333334,0.11117219713332008,0.42857142857142855,0.6215933058816957,3,0.8333333333333334,28.295999999999996,1.3333333333333333,0.32999999999999996,0.6666666666666666,1.6666666666666667,-0.6,-0.3142857142857143,1.0,2.0,-0.5,0.6666666666666666,0.3333333333333333,1.0,0.0,1.0,0.0,0,2.0,6,0,0,36.0,0,Silver,0,1,8,F,Austin,Bakery,Value,2023,89.60166666666667,93.64,Active,2024-04,0
501492,1,1.0,3.3333333333333335,3.3333333333333335,0.0,127.93666666666667,127.93666666666667,0.0,-1.5,0.49208207937247095,3,1.0,38.381,1.6666666666666667,0.21333333333333335,0.6666666666666666,0.6666666666666666,0.0,0.0,2.3333333333333335,2.3333333333333335,0.0,0.6666666666666666,0.6666666666666666,2.0,0.0,2.0,0.0,0,3.0,3,1,0,69.0,0,Platinum,2,1,4,M,Columbus,Snacks,Mainstream,2023,127.93666666666667,127.93666666666667,Active,2024-04,0
501493,2,0.0,2.0,4.0,-0.5,77.23,165.16,-0.5323928311939937,-0.9,0.5511102810816623,2,0.8,38.615,2.3333333333333335,0.21000000000000002,1.6666666666666667,1.0,0.6666666666666667,-0.1,0.0,1.5,-1.0,0.3333333333333333,1.5,0.0,1.0,1.0,0.0,0,4.0,5,0,0,30.0,0,Gold,1,0,6,F,Raleigh,Produce,Mainstream,2023,112.402,140.5025,Active,2024-04,0
501494,1,11.0,8.0,9.0,-0.1111111111111111,236.06,224.80666666666664,0.05005782746656398,0.6351351351351351,0.3184316248359383,2,1.0,29.5075,3.5,0.29799999999999993,7.0,4.0,0.75,0.9324324324324325,1.5,1.0,0.5,0.5,0.3333333333333333,0.0,0.0,0.0,0.0,0,7.0,6,0,1,74.0,0,Gold,1,1,34,F,Raleigh,Frozen Foods,Value,2021,229.308,200.32142857142858,Active,2024-04,0
501495,7,0.0,0.0,0.0,0.0,0.0,0.0,0.0,0.0,0.0,0,0.0,0.0,0.0,0.0,0.0,0.0,0.0,0.0,0.0,0.0,0.0,0.0,0.0,0.0,0.0,0.0,0.0,0,7.0,6,0,0,37.0,0,Silver,0,0,37,M,Madison,Frozen Foods,Value,2021,0.0,294.7271428571429,Lapsed,2024-04,1
501496,2,0.0,0.5,0.5,0.0,17.715,17.715,0.0,0.0,1.0,1,0.5,35.43,0.5,0.77,0.0,0.0,0.0,0.0,0.0,0.0,0.0,0.0,0.0,1.0,0.0,1.0,0.0,0,2.0,2,1,0,37.0,0,Gold,1,0,3,M,Madison,Bakery,Mainstream,2024,17.715,35.43,Active,2024-04,1
501497,1,9.0,7.666666666666667,6.333333333333333,0.21052631578947378,251.19000000000003,199.47,0.259287110843736,0.8,0.4017620105295102,3,1.0,32.76391304347826,3.3333333333333335,0.22833333333333336,1.0,3.3333333333333335,-0.7000000000000001,-0.7142857142857143,0.6666666666666666,2.3333333333333335,-0.7142857142857144,0.6666666666666666,0.3333333333333333,0.0,0.0,0.0,0.0,0,7.0,6,0,0,24.0,0,Silver,0,1,27,M,Austin,Personal Care,Unknown,2022,225.33,220.65857142857143,Active,2024-04,0
501498,1,5.0,3.5,3.5,0.0,60.55,60.55,0.0,0.0,0.3801816680429397,2,1.0,17.3,2.0,0.375,2.0,2.0,0.0,0.0,1.5,1.5,0.0,0.0,0.0,0.0,0.0,0.0,0.0,0,7.0,2,1,0,59.0,0,Silver,0,1,3,M,Nashville,Bakery,Value,2024,60.55,60.55,Active,2024-04,0
501499,1,1.0,2.0,3.3333333333333335,-0.4,70.255,116.46,-0.3967456637472094,-0.20930232558139536,0.5139310523636793,2,1.0,35.1275,2.5,0.22400000000000003,2.5,1.0,1.5,0.10465116279069771,1.0,2.6666666666666665,-0.625,1.0,0.3333333333333333,0.0,0.0,0.0,0.0,0,7.0,6,0,1,67.0,0,Silver,0,1,31,M,Spokane,Dairy,Mainstream,2021,97.97800000000001,108.87307692307694,Active,2024-04,1
501500,1,2.0,1.3333333333333333,0.3333333333333333,2.0,43.13666666666666,8.186666666666666,3.0,0.42857142857142855,1.1278236674339477,2,0.5,32.3525,1.6666666666666667,0.35333333333333333,0.6666666666666666,0.3333333333333333,0.6666666666666666,0.2,0.6666666666666666,0.0,1.3333333333333333,0.3333333333333333,0.0,1.0,1.0,2.0,0.0,0,1.0,6,0,0,65.0,0,Silver,0,0,12,Other,Boise,Dairy,Unknown,2023,25.661666666666665,72.68125,Active,2024-04,0
501502,4,0.0,0.0,3.3333333333333335,-1.0,0.0,157.11,-1.0,-1.0857142857142856,1.2930074122637856,0,0.5,0.0,0.0,0.25333333333333335,0.0,0.6666666666666666,-1.0,-0.2857142857142857,0.0,0.6666666666666666,-1.0,0.0,0.0,0.0,2.0,2.0,2.0,0,5.0,6,0,0,55.0,0,Platinum,2,0,35,F,Raleigh,Bakery,Upscale,2021,78.555,150.77333333333334,Lapsed,2024-04,1
501503,1,4.0,4.333333333333333,2.6666666666666665,0.625,94.93333333333334,58.51,0.6225146698570047,0.4857142857142857,0.3534263222651677,3,1.0,21.90769230769231,2.0,0.3516666666666666,2.0,1.6666666666666667,0.19999999999999996,-0.08571428571428572,1.6666666666666667,0.3333333333333333,2.666666666666667,0.6666666666666666,0.3333333333333333,0.0,0.0,0.0,0.0,0,7.0,6,0,0,43.0,0,Silver,0,1,35,F,Raleigh,Produce,Mainstream,2021,76.72166666666666,71.98307692307692,Active,2024-04,0
501505,3,0.0,0.3333333333333333,3.3333333333333335,-0.8999999999999999,13.06,121.15666666666665,-0.892205684100476,-0.9428571428571428,0.9586698782129104,1,0.6666666666666666,39.18000000000001,0.0,0.255,0.0,0.6666666666666666,-1.0,-0.22857142857142856,0.0,0.0,0.0,0.0,1.3333333333333333,0.0,1.0,1.0,0.0,0,4.0,6,0,0,61.0,0,Gold,1,0,14,F,Spokane,Personal Care,Mainstream,2023,67.10833333333333,131.06636363636363,Active,2024-04,1
501506,7,0.0,0.0,0.0,0.0,0.0,0.0,0.0,0.0,0.0,0,0.0,0.0,0.0,0.0,0.0,0.0,0.0,0.0,0.0,0.0,0.0,0.0,0.0,0.0,0.0,0.0,0.0,0,7.0,6,0,0,53.0,0,Silver,0,0,35,F,Tulsa,Snacks,Mainstream,2021,0.0,135.275,Lapsed,2024-04,1
501507,1,3.0,5.0,3.6666666666666665,0.3636363636363637,127.69666666666666,105.92666666666666,0.20551954182138585,0.2857142857142857,0.5535918820547181,3,1.0,25.53933333333333,4.0,0.2933333333333334,1.3333333333333333,3.3333333333333335,-0.6,-0.45714285714285713,0.3333333333333333,0.3333333333333333,0.0,1.0,0.3333333333333333,1.0,1.0,2.0,1.0,0,3.0,6,0,0,67.0,0,Silver,0,0,13,M,Portland,Beverages,Upscale,2023,116.81166666666667,131.27333333333334,Active,2024-04,0
501508,7,0.0,0.0,0.0,0.0,0.0,0.0,0.0,0.0,0.0,0,0.0,0.0,0.0,0.0,0.0,0.0,0.0,0.0,0.0,0.0,0.0,0.0,0.0,0.0,0.0,0.0,0.0,0,7.0,6,0,0,67.0,0,Silver,0,1,23,M,Austin,Beverages,Value,2022,0.0,133.195,Lapsed,2024-04,1
501509,1,4.0,4.5,2.3333333333333335,0.9285714285714285,117.91499999999999,63.68666666666667,0.8514864440489897,0.527027027027027,0.46439837823584185,2,1.0,26.203333333333333,5.0,0.33,1.0,1.6666666666666667,-0.4,0.10810810810810811,3.0,1.3333333333333333,1.2500000000000002,0.5,1.3333333333333333,0.0,1.0,1.0,0.0,0,4.0,6,0,1,66.0,0,Silver,0,1,33,M,Spokane,Beverages,Upscale,2021,85.37799999999999,92.67076923076924,Active,2024-04,0
501510,1,4.0,4.0,4.0,0.0,150.45,150.45,0.0,0.0,0.0,1,1.0,37.6125,1.0,0.11,4.0,4.0,0.0,0.0,1.0,1.0,0.0,0.0,0.0,0.0,0.0,0.0,0.0,0,7.0,1,1,0,24.0,0,Gold,1,0,2,F,Columbus,Produce,Upscale,2024,150.45,150.45,Active,2024-04,0
501511,1,9.0,8.0,6.0,0.3333333333333333,190.99666666666667,174.9,0.09203354297693918,0.6428571428571429,0.21355589317917334,3,1.0,23.874583333333334,3.0,0.2375,3.0,4.0,-0.25,0.0,0.3333333333333333,0.0,0.6666666666666666,0.6666666666666666,3.0,1.0,0.0,1.0,0.0,0,2.0,6,0,2,53.0,0,Silver,0,0,18,Unknown,Denver,Beverages,Mainstream,2022,186.9725,161.85000000000002,Active,2024-04,0
501512,1,7.0,5.0,3.0,0.6666666666666666,160.55666666666667,106.67666666666666,0.5050776489704092,0.5142857142857142,0.5765480931636213,3,0.8333333333333334,32.111333333333334,3.6666666666666665,0.28400000000000003,2.0,0.0,3.0,0.5714285714285714,1.0,1.0,0.0,1.3333333333333333,0.3333333333333333,1.0,1.0,2.0,1.0,1,3.0,6,0,0,45.0,0,Silver,0,1,21,F,Austin,Personal Care,Mainstream,2022,133.61666666666667,145.10642857142858,Active,2024-04,0
501513,1,8.0,8.0,7.666666666666667,0.043478260869565175,250.37,233.33333333333334,0.07301428571428568,0.2571428571428571,0.2459984735050591,3,1.0,31.29625,3.6666666666666665,0.25833333333333336,1.6666666666666667,2.3333333333333335,-0.28571428571428575,0.0,0.6666666666666666,0.6666666666666666,0.0,1.3333333333333333,0.6666666666666666,0.0,0.0,0.0,0.0,0,7.0,6,0,0,27.0,0,Silver,0,0,35,M,Nashville,Snacks,Value,2021,241.8516666666667,185.97933333333333,Active,2024-04,0
501514,1,5.0,5.666666666666667,2.6666666666666665,1.1250000000000002,219.32333333333335,106.95666666666666,1.0505812322747532,0.4857142857142857,0.6461922353249893,3,1.0,38.70411764705882,2.0,0.34500000000000003,1.3333333333333333,0.3333333333333333,2.0,0.0857142857142857,0.3333333333333333,0.0,0.6666666666666666,0.6666666666666666,0.3333333333333333,1.0,0.0,1.0,1.0,1,3.0,6,0,0,19.0,0,Platinum,2,0,17,F,Raleigh,Snacks,Value,2022,163.14,189.44285714285712,Active,2024-04,0
501515,7,0.0,0.0,0.0,0.0,0.0,0.0,0.0,0.0,0.0,0,0.0,0.0,0.0,0.0,0.0,0.3333333333333333,-0.6666666666666666,-0.14285714285714285,0.0,0.0,0.0,0.0,0.0,0.0,0.0,0.0,0.0,0,7.0,6,0,0,29.0,0,Silver,0,0,32,F,Columbus,Bakery,Mainstream,2021,0.0,101.43375,Lapsed,2024-04,1
501516,1,6.0,6.333333333333333,2.6666666666666665,1.375,185.04666666666665,70.27,1.6333665385892508,0.8857142857142857,0.46334554990546284,3,1.0,29.217894736842105,2.6666666666666665,0.355,1.3333333333333333,1.0,0.33333333333333326,0.02857142857142857,0.0,1.3333333333333333,-1.0,1.6666666666666667,0.3333333333333333,1.0,0.0,1.0,1.0,1,3.0,6,0,0,66.0,0,Gold,1,1,21,M,Tulsa,Produce,Mainstream,2022,127.65833333333335,121.265,Active,2024-04,0
501517,2,0.0,2.0,4.333333333333333,-0.5384615384615384,52.49666666666667,118.72666666666667,-0.5578359256555674,-1.0,0.6645297299357823,2,0.8333333333333334,26.248333333333335,2.3333333333333335,0.34199999999999997,1.3333333333333333,5.666666666666667,-0.7647058823529412,-1.1714285714285715,0.3333333333333333,1.0,-0.6666666666666667,0.0,0.6666666666666666,2.0,0.0,2.0,0.0,0,2.0,6,0,0,57.0,0,Gold,1,1,16,F,Denver,Frozen Foods,Value,2022,85.61166666666668,119.0,Active,2024-04,1
501518,1,5.0,5.0,3.3333333333333335,0.49999999999999994,175.9,108.53666666666668,0.6206504714228678,0.5405405405405405,0.28582352775752906,2,1.0,35.18,3.0,0.29,3.0,1.3333333333333333,1.2500000000000002,0.6756756756756757,4.5,1.6666666666666667,1.6999999999999997,1.0,0.6666666666666666,0.0,0.0,0.0,0.0,0,7.0,6,0,1,62.0,0,Silver,0,1,28,M,Boise,Beverages,Upscale,2021,135.482,156.99642857142857,Active,2024-04,0
501519,1,2.0,3.3333333333333335,5.0,-0.3333333333333333,141.26,207.36333333333334,-0.31878024080117034,-0.6571428571428571,0.34080805701901223,3,1.0,42.37799999999999,3.6666666666666665,0.36333333333333334,5.0,4.666666666666667,0.07142857142857136,0.37142857142857144,1.0,2.0,-0.5,0.6666666666666666,0.3333333333333333,0.0,1.0,1.0,0.0,0,5.0,6,0,0,69.0,0,Platinum,2,1,32,F,Raleigh,Personal Care,Mainstream,2021,174.31166666666664,219.83714285714288,Active,2024-04,0
501520,7,0.0,0.0,0.0,0.0,0.0,0.0,0.0,0.0,0.0,0,0.0,0.0,0.0,0.0,0.0,0.0,0.0,0.0,0.0,0.0,0.0,0.0,0.0,0.0,0.0,0.0,0.0,0,7.0,6,0,0,20.0,0,Silver,0,0,25,F,Columbus,Bakery,Unknown,2022,0.0,42.589999999999996,Lapsed,2024-04,1
501521,7,0.0,0.0,0.0,0.0,0.0,0.0,0.0,0.0,0.0,0,0.0,0.0,0.0,0.0,0.0,0.0,0.0,0.0,0.0,0.0,0.0,0.0,0.0,0.0,0.0,0.0,0.0,0,7.0,6,0,0,41.0,0,Silver,0,1,23,F,Boise,Household,Mainstream,2022,0.0,81.16571428571429,Lapsed,2024-04,1
501522,7,0.0,0.0,0.0,0.0,0.0,0.0,0.0,0.0,0.0,0,0.0,0.0,0.0,0.0,0.0,0.0,0.0,0.0,0.0,0.0,0.0,0.0,0.0,0.0,0.0,0.0,0.0,0,7.0,6,0,0,60.0,0,Silver,0,0,38,F,Portland,Bakery,Value,2021,0.0,69.185,Lapsed,2024-04,1
501523,1,3.0,5.0,7.333333333333333,-0.3181818181818182,230.27,292.4866666666667,-0.2127162491737515,-0.7702702702702701,0.27699439407208715,2,1.0,46.054,4.0,0.266,2.0,1.6666666666666667,0.19999999999999996,0.08108108108108107,0.0,2.0,-1.0,1.0,0.3333333333333333,0.0,0.0,0.0,0.0,0,7.0,6,0,1,59.0,0,Gold,1,1,23,M,Madison,Personal Care,Mainstream,2022,267.6,261.3730769230769,Active,2024-04,0
501524,1,6.0,5.666666666666667,5.0,0.1333333333333334,171.76666666666665,155.015,0.10806481093227537,0.2,0.13231098170095093,3,1.0,30.31176470588235,4.333333333333333,0.32,1.3333333333333333,0.0,2.6666666666666665,0.8,0.3333333333333333,0.5,-0.33333333333333337,0.0,0.0,0.0,1.0,1.0,1.0,0,5.0,5,0,0,57.0,0,Gold,1,0,5,F,Austin,Personal Care,Mainstream,2023,165.06599999999997,165.066,Active,2024-04,0
501525,7,0.0,0.0,0.0,0.0,0.0,0.0,0.0,0.0,0.0,0,0.0,0.0,0.0,0.0,0.0,0.0,0.0,0.0,0.0,0.0,0.0,0.0,0.0,0.0,0.0,0.0,0.0,0,7.0,6,0,0,25.0,0,Gold,1,1,35,F,Denver,Bakery,Value,2021,0.0,105.63333333333334,Lapsed,2024-04,1
501526,1,2.0,2.6666666666666665,1.6666666666666667,0.5999999999999999,87.98333333333333,51.13999999999999,0.7204406205188374,0.08571428571428572,0.690908933727645,3,0.8333333333333334,32.993750000000006,2.3333333333333335,0.278,0.0,0.0,0.0,0.0,1.0,0.3333333333333333,1.3333333333333335,0.6666666666666666,0.6666666666666666,0.0,1.0,1.0,0.0,0,6.0,6,0,0,25.0,0,Gold,1,0,31,M,Tulsa,Produce,Mainstream,2021,69.56166666666665,80.48636363636363,Active,2024-04,0
501527,1,10.0,7.0,5.0,0.4,189.13333333333333,131.2433333333333,0.44108907119091784,0.8,0.45615315487564967,3,1.0,27.01904761904762,3.6666666666666665,0.375,3.6666666666666665,3.3333333333333335,0.09999999999999991,0.42857142857142855,1.0,2.3333333333333335,-0.5714285714285715,0.6666666666666666,0.6666666666666666,1.0,0.0,1.0,0.0,0,1.0,6,0,0,42.0,0,Silver,0,1,14,F,Denver,Snacks,Mainstream,2023,160.18833333333333,165.43769230769232,Active,2024-04,0
501528,2,0.0,3.0,5.666666666666667,-0.4705882352941177,99.32,187.07000000000002,-0.4690757470465602,-1.4285714285714286,0.7595627979947087,2,0.8333333333333334,33.10666666666666,2.0,0.306,3.0,3.0,0.0,0.0,0.6666666666666666,2.3333333333333335,-0.7142857142857144,0.6666666666666666,0.0,1.0,0.0,1.0,1.0,1,3.0,6,0,0,47.0,0,Silver,0,1,15,M,Nashville,Frozen Foods,Upscale,2023,143.195,162.62769230769229,Active,2024-04,0
501529,1,4.0,2.0,1.3333333333333333,0.5000000000000001,62.620000000000005,37.88333333333333,0.652969643642763,0.5714285714285714,0.9068497530426634,2,0.6666666666666666,31.310000000000002,2.0,0.3125,2.3333333333333335,1.3333333333333333,0.7500000000000002,0.3142857142857143,1.3333333333333333,1.6666666666666667,-0.20000000000000007,0.0,0.0,0.0,0.0,0.0,0.0,0,7.0,6,0,0,36.0,0,Silver,0,1,25,M,Tulsa,Frozen Foods,Mainstream,2022,50.251666666666665,77.00333333333333,Active,2024-04,0
501530,7,0.0,0.0,0.0,0.0,0.0,0.0,0.0,0.0,0.0,0,0.0,0.0,0.0,0.0,0.0,0.0,0.0,0.0,0.0,0.0,0.0,0.0,0.0,0.0,0.0,0.0,0.0,0,7.0,6,0,0,57.0,0,Gold,1,1,30,M,Columbus,Bakery,Upscale,2021,0.0,26.61,Lapsed,2024-04,1
501531,7,0.0,0.0,0.0,0.0,0.0,0.0,0.0,0.0,0.0,0,0.0,0.0,0.0,0.0,0.0,0.0,0.0,0.0,0.0,0.0,0.0,0.0,0.0,0.0,0.0,0.0,0.0,0,7.0,6,0,0,30.0,0,Silver,0,1,27,M,Columbus,Beverages,Value,2022,0.0,111.88499999999999,Lapsed,2024-04,1
501532,1,6.0,7.0,6.0,0.16666666666666666,198.29333333333332,157.49333333333334,0.2590585844903487,0.4857142857142857,0.29634936647309656,3,1.0,28.327619047619045,2.3333333333333335,0.35000000000000003,2.6666666666666665,0.6666666666666666,3.0,0.4,0.6666666666666666,0.3333333333333333,0.6666666666666666,0.3333333333333333,0.6666666666666666,0.0,2.0,2.0,0.0,0,5.0,6,0,0,37.0,0,Silver,0,0,34,M,Columbus,Beverages,Mainstream,2021,177.89333333333332,154.81533333333334,Active,2024-04,0
501533,1,2.0,2.0,2.0,0.0,52.88,52.88,0.0,0.0,0.0,1,1.0,26.44,2.0,0.15,6.0,6.0,0.0,0.0,0.0,0.0,0.0,0.0,0.0,0.0,0.0,0.0,0.0,0,7.0,1,1,0,23.0,0,Silver,0,0,2,F,Denver,Dairy,Value,2024,52.88,52.88,Active,2024-04,0
501534,1,7.0,4.0,4.0,0.0,149.18333333333334,132.75,0.12379158819836789,0.17142857142857143,0.47375218633388155,3,1.0,37.295833333333334,1.3333333333333333,0.32666666666666666,0.3333333333333333,1.3333333333333333,-0.75,-0.08571428571428569,0.0,1.6666666666666667,-1.0,1.0,0.3333333333333333,0.0,0.0,0.0,0.0,0,7.0,6,0,0,46.0,0,Silver,0,0,38,M,Spokane,Produce,Value,2021,140.9666666666667,153.54333333333335,Active,2024-04,0
501535,3,0.0,0.3333333333333333,4.333333333333333,-0.923076923076923,10.12,160.16666666666666,-0.9368158168574401,-1.2,0.9658766754901317,1,0.6666666666666666,30.36,0.3333333333333333,0.21250000000000002,0.0,0.6666666666666666,-1.0,-0.2857142857142857,0.0,1.6666666666666667,-1.0,0.0,0.6666666666666666,1.0,1.0,2.0,1.0,0,3.0,6,0,0,60.0,0,Silver,0,1,18,F,Tulsa,Snacks,Value,2022,85.14333333333333,115.09272727272727,Active,2024-04,1
501536,4,0.0,0.0,1.0,-1.0,0.0,33.95666666666667,-1.0,-0.2571428571428571,1.003449239108929,0,0.5,0.0,0.0,0.24,0.3333333333333333,0.0,0.6666666666666666,0.02857142857142857,0.0,0.0,0.0,0.0,0.0,2.0,0.0,2.0,0.0,0,3.0,6,0,0,73.0,0,Silver,0,0,10,F,Nashville,Frozen Foods,Value,2023,16.978333333333335,37.576,Lapsed,2024-04,1
501537,1,5.0,7.333333333333333,5.333333333333333,0.375,360.74333333333334,277.16,0.30157069322172503,0.22857142857142856,0.3495179166995689,3,1.0,49.19227272727273,2.3333333333333335,0.23500000000000001,2.6666666666666665,0.6666666666666666,3.0,0.6285714285714286,0.0,0.0,0.0,0.3333333333333333,0.6666666666666666,0.0,0.0,0.0,0.0,0,7.0,6,0,0,31.0,0,Silver,0,0,8,F,Austin,Household,Value,2023,318.95166666666665,336.38,Active,2024-04,0
501538,2,0.0,1.6666666666666667,3.0,-0.4444444444444444,30.816666666666666,53.56333333333333,-0.4246686165909515,-0.6285714285714286,0.6281552887418522,2,0.8333333333333334,18.49,1.0,0.384,1.6666666666666667,2.3333333333333335,-0.28571428571428575,-0.22857142857142856,0.0,0.0,0.0,0.3333333333333333,0.6666666666666666,0.0,0.0,0.0,0.0,0,7.0,6,0,0,54.0,0,Gold,1,0,17,F,Spokane,Frozen Foods,Upscale,2022,42.190000000000005,92.30000000000001,Active,2024-04,0
501539,1,5.0,6.0,5.0,0.2,150.525,150.74666666666667,-0.0014704581638068106,-0.36486486486486486,0.4719236872177872,2,1.0,25.087500000000002,6.0,0.31399999999999995,1.5,2.6666666666666665,-0.43749999999999994,-0.28378378378378377,0.5,0.3333333333333333,0.33333333333333337,1.0,0.3333333333333333,0.0,0.0,0.0,0.0,0,7.0,6,0,1,20.0,0,Silver,0,0,11,F,Austin,Bakery,Value,2023,150.658,168.56333333333333,Active,2024-04,0
501540,1,3.0,5.0,4.333333333333333,0.15384615384615394,234.07666666666668,207.58333333333334,0.12762745885186674,-0.11428571428571431,0.34980987824045795,3,1.0,46.815333333333335,1.3333333333333333,0.3283333333333333,0.6666666666666666,3.6666666666666665,-0.8181818181818182,-0.5428571428571428,2.0,1.3333333333333333,0.5000000000000001,1.3333333333333333,0.6666666666666666,0.0,2.0,2.0,1.0,0,4.0,6,0,0,46.0,0,Gold,1,1,36,F,Portland,Household,Mainstream,2021,220.83,247.39266666666666,Active,2024-04,0
501541,1,4.0,3.0,4.333333333333333,-0.30769230769230765,78.57333333333334,113.7,-0.30894165933743767,-0.45714285714285713,0.458623805016531,3,1.0,26.191111111111113,2.0,0.21166666666666667,1.3333333333333333,1.6666666666666667,-0.20000000000000007,-0.2,1.3333333333333333,2.0,-0.33333333333333337,0.6666666666666666,1.0,0.0,1.0,1.0,0.0,0,4.0,6,0,0,68.0,0,Silver,0,1,19,M,Nashville,Personal Care,Unknown,2022,96.13666666666667,80.75857142857141,Active,2024-04,0
501542,1,7.0,6.0,4.333333333333333,0.3846153846153847,150.67999999999998,109.99000000000001,0.36994272206564205,0.42857142857142855,0.35121740464915596,3,1.0,25.11333333333333,3.0,0.36666666666666664,3.6666666666666665,2.3333333333333335,0.5714285714285713,0.22857142857142856,0.6666666666666666,1.3333333333333333,-0.5,1.3333333333333333,1.0,1.0,0.0,1.0,0.0,0,2.0,6,0,0,21.0,0,Silver,0,1,36,F,Columbus,Dairy,Value,2021,130.33499999999998,154.18400000000003,Active,2024-04,0
501544,5,0.0,0.0,1.6666666666666667,-1.0,0.0,70.65333333333332,-1.0,-0.6571428571428571,1.7058792238714684,0,0.3333333333333333,0.0,0.0,0.26,0.0,1.3333333333333333,-1.0,-0.5142857142857142,0.0,1.0,-1.0,0.0,0.6666666666666666,0.0,3.0,3.0,0.0,0,6.0,6,0,0,24.0,0,Platinum,2,1,14,F,Boise,Dairy,Mainstream,2023,35.32666666666666,148.76125,Lapsed,2024-04,1
501545,1,5.0,5.5,3.3333333333333335,0.6499999999999999,169.115,112.42999999999999,0.5041803789024284,0.38372093023255816,0.2947094427306378,2,1.0,30.74818181818182,2.0,0.21800000000000003,4.0,3.0,0.3333333333333333,0.186046511627907,0.5,0.3333333333333333,0.33333333333333337,1.0,1.3333333333333333,0.0,1.0,1.0,0.0,0,4.0,6,0,1,48.0,0,Gold,1,0,15,F,Denver,Household,Value,2023,135.10399999999998,127.98,Active,2024-04,0
501546,1,6.0,2.6666666666666665,3.6666666666666665,-0.27272727272727276,109.84666666666665,155.82666666666668,-0.29507144690681975,0.02857142857142857,0.6505853309466646,2,0.8333333333333334,41.192499999999995,1.6666666666666667,0.27399999999999997,1.3333333333333333,1.3333333333333333,0.0,-0.11428571428571428,1.0,0.6666666666666666,0.5000000000000001,0.6666666666666666,0.6666666666666666,0.0,0.0,0.0,0.0,0,7.0,6,0,0,66.0,0,Platinum,2,1,36,M,Spokane,Beverages,Value,2021,132.83666666666667,161.2707142857143,Active,2024-04,0
501547,1,5.0,7.0,6.333333333333333,0.10526315789473689,286.9866666666667,249.51333333333332,0.15018569481924823,0.22857142857142856,0.4524100542663233,3,1.0,40.99809523809524,3.6666666666666665,0.29833333333333334,5.333333333333333,5.333333333333333,0.0,-0.34285714285714286,0.6666666666666666,1.6666666666666667,-0.6,1.3333333333333333,0.6666666666666666,0.0,1.0,1.0,1.0,0,4.0,6,0,0,44.0,0,Silver,0,1,25,F,Portland,Bakery,Value,2022,268.25,250.64600000000002,Active,2024-04,0
501548,7,0.0,0.0,0.0,0.0,0.0,0.0,0.0,0.0,0.0,0,0.0,0.0,0.0,0.0,0.0,0.0,0.0,0.0,0.0,0.0,0.0,0.0,0.0,0.0,0.0,0.0,0.0,0,7.0,6,0,0,60.0,0,Platinum,2,1,15,M,Austin,Dairy,Value,2023,0.0,44.17,Lapsed,2024-04,1
501549,1,5.0,4.333333333333333,5.666666666666667,-0.2352941176470589,128.61,153.48666666666665,-0.16207705338140102,-0.34285714285714286,0.28059228941651365,3,1.0,29.679230769230774,3.3333333333333335,0.21,3.6666666666666665,2.3333333333333335,0.5714285714285713,0.7428571428571429,0.3333333333333333,0.3333333333333333,0.0,0.0,0.6666666666666666,0.0,2.0,2.0,1.0,0,4.0,6,0,0,46.0,1,Silver,0,0,28,F,Denver,Frozen Foods,Value,2021,141.04833333333332,145.8493333333333,Active,2024-04,0
501550,3,0.0,2.0,4.666666666666667,-0.5714285714285715,78.49333333333333,150.16,-0.47726869117385906,-0.9142857142857145,0.8048296598696407,1,0.6666666666666666,39.24666666666666,0.0,0.21250000000000002,1.6666666666666667,4.0,-0.5833333333333333,-0.7714285714285715,0.0,0.3333333333333333,-0.6666666666666666,0.0,0.6666666666666666,0.0,1.0,1.0,0.0,0,6.0,6,0,0,65.0,0,Gold,1,0,14,F,Madison,Beverages,Value,2023,114.32666666666667,198.6918181818182,Active,2024-04,0
501551,1,1.0,1.6666666666666667,0.6666666666666666,1.5,45.526666666666664,18.48,1.4635642135642133,0.08571428571428572,0.7782959505027233,3,0.8333333333333334,27.315999999999995,1.6666666666666667,0.32799999999999996,2.0,2.3333333333333335,-0.1428571428571429,0.14285714285714285,1.6666666666666667,2.3333333333333335,-0.28571428571428575,0.6666666666666666,0.0,0.0,0.0,0.0,0.0,0,7.0,6,0,0,31.0,0,Silver,0,1,8,M,Portland,Bakery,Mainstream,2023,32.00333333333333,36.495,Active,2024-04,0
501552,1,9.0,10.0,6.333333333333333,0.5789473684210527,299.2833333333333,209.91,0.4257697743477362,0.9428571428571428,0.20579138283971352,3,1.0,29.92833333333333,3.0,0.3033333333333333,4.333333333333333,4.666666666666667,-0.07142857142857155,0.02857142857142857,1.6666666666666667,2.6666666666666665,-0.37499999999999994,0.0,1.0,0.0,1.0,1.0,0.0,0,6.0,6,0,0,50.0,0,Gold,1,1,29,F,Raleigh,Frozen Foods,Upscale,2021,254.59666666666666,284.71714285714285,Active,2024-04,0
501553,1,6.0,8.5,8.5,0.0,297.725,297.725,0.0,0.0,0.19361827189520528,2,1.0,35.0264705882353,4.0,0.41,3.0,3.0,0.0,0.0,0.0,0.0,0.0,0.5,0.5,0.0,0.0,0.0,0.0,0,7.0,2,1,0,46.0,1,Gold,1,0,3,M,Denver,Dairy,Mainstream,2024,297.725,297.725,Active,2024-04,0
501554,1,3.0,5.333333333333333,7.333333333333333,-0.27272727272727276,188.0333333333333,261.1466666666667,-0.27997038701113064,-0.6285714285714286,0.40750101861603333,3,1.0,35.256249999999994,3.6666666666666665,0.3,1.0,4.0,-0.75,-1.0,0.6666666666666666,2.3333333333333335,-0.7142857142857144,0.6666666666666666,0.3333333333333333,1.0,2.0,3.0,0.0,0,3.0,6,0,0,46.0,1,Gold,1,1,18,F,Spokane,Bakery,Value,2022,224.59,227.2508333333333,Active,2024-04,0
501555,1,5.0,4.0,5.333333333333333,-0.24999999999999994,108.38999999999999,163.66666666666666,-0.3377393075356416,0.22857142857142856,0.6677914541291794,3,1.0,27.097499999999997,2.0,0.20999999999999996,1.6666666666666667,1.6666666666666667,0.0,0.11428571428571428,3.0,1.3333333333333333,1.2500000000000002,1.3333333333333333,0.3333333333333333,0.0,0.0,0.0,0.0,0,7.0,6,0,0,33.0,0,Silver,0,1,15,F,Madison,Bakery,Mainstream,2023,136.02833333333334,135.11857142857144,Active,2024-04,0
501556,7,0.0,0.0,0.0,0.0,0.0,0.0,0.0,0.0,0.0,0,0.0,0.0,0.0,0.0,0.0,0.0,0.0,0.0,0.0,0.0,0.0,0.0,0.0,0.0,0.0,0.0,0.0,0,7.0,6,0,0,48.0,0,Silver,0,1,17,F,Spokane,Dairy,Mainstream,2022,0.0,86.43333333333334,Lapsed,2024-04,1
501557,1,6.0,6.0,5.666666666666667,0.05882352941176465,211.37666666666667,187.71333333333337,0.12606101502290706,0.14285714285714285,0.26075361812675857,3,1.0,35.22944444444445,3.3333333333333335,0.29833333333333334,1.3333333333333333,2.3333333333333335,-0.42857142857142866,-0.2571428571428571,1.6666666666666667,2.3333333333333335,-0.28571428571428575,1.0,1.0,0.0,0.0,0.0,0.0,0,7.0,6,0,0,33.0,0,Silver,0,1,8,M,Boise,Produce,Unknown,2023,199.545,194.53142857142856,Active,2024-04,0
501558,7,0.0,0.0,0.0,0.0,0.0,0.0,0.0,0.0,0.0,0,0.0,0.0,0.0,0.0,0.0,0.0,0.0,0.0,0.0,0.0,0.0,0.0,0.0,0.0,0.0,0.0,0.0,0,7.0,6,0,0,59.0,0,Silver,0,0,14,F,Nashville,Frozen Foods,Upscale,2023,0.0,30.63,Lapsed,2024-04,1
501559,1,3.0,5.0,5.0,0.0,194.37333333333333,194.37333333333333,0.0,-1.0,0.33112324059506903,3,1.0,38.87466666666667,2.0,0.31666666666666665,1.3333333333333333,1.3333333333333333,0.0,1.0,0.6666666666666666,0.6666666666666666,0.0,0.6666666666666666,0.6666666666666666,0.0,0.0,0.0,0.0,0,7.0,3,1,0,30.0,0,Gold,1,0,4,M,Columbus,Personal Care,Value,2023,194.37333333333333,194.37333333333333,Active,2024-04,0
501561,1,3.0,4.0,3.3333333333333335,0.19999999999999996,102.27,82.27,0.24310198128114746,0.11428571428571427,0.17942175017835588,3,1.0,25.5675,2.3333333333333335,0.21,2.0,1.3333333333333333,0.5000000000000001,0.05714285714285714,1.0,1.0,0.0,1.0,0.3333333333333333,0.0,3.0,3.0,1.0,0,5.0,6,0,0,18.0,0,Silver,0,1,28,M,Nashville,Dairy,Value,2021,92.27,84.68499999999999,Active,2024-04,0
501562,2,0.0,3.0,6.0,-0.5,76.91666666666667,145.25,-0.47045324153757884,-1.7,0.5927587547866234,2,0.75,25.63888888888889,1.3333333333333333,0.22666666666666666,3.6666666666666665,5.0,-0.2666666666666667,-1.2,0.6666666666666666,1.0,-0.33333333333333337,1.0,0.0,0.0,0.0,0.0,0.0,0,7.0,4,0,0,46.0,0,Silver,0,0,5,F,Austin,Produce,Mainstream,2023,94.0,125.33333333333333,Active,2024-04,0
501564,1,4.0,4.0,4.0,0.0,144.33,144.33,0.0,0.0,0.0,1,1.0,36.0825,3.0,0.22,2.0,2.0,0.0,0.0,0.0,0.0,0.0,1.0,1.0,0.0,0.0,0.0,0.0,0,7.0,1,1,0,44.0,0,Silver,0,1,2,M,Nashville,Produce,Upscale,2024,144.33,144.33,Active,2024-04,0
501565,1,9.0,5.5,5.0,0.1,141.715,142.25,-0.0037609841827767774,0.5945945945945946,0.3790678649674069,2,1.0,25.766363636363636,5.0,0.276,2.5,0.3333333333333333,3.0,0.5270270270270271,0.5,2.0,-0.75,0.0,0.3333333333333333,0.0,0.0,0.0,0.0,0,7.0,6,0,1,66.0,0,Silver,0,1,31,M,Austin,Household,Upscale,2021,142.036,112.37846153846155,Active,2024-04,0
501568,1,7.0,6.0,4.0,0.5,245.37,152.8166666666667,0.6056494710437341,0.5714285714285714,0.38040264653286504,3,1.0,40.895,3.3333333333333335,0.27,2.0,3.0,-0.3333333333333333,-0.5428571428571428,1.3333333333333333,1.3333333333333333,0.0,0.3333333333333333,0.3333333333333333,1.0,0.0,1.0,1.0,1,3.0,6,0,0,30.0,0,Gold,1,1,21,F,Columbus,Personal Care,Mainstream,2022,199.09333333333333,208.87285714285713,Active,2024-04,0
501569,1,2.0,1.6666666666666667,1.0,0.6666666666666667,53.376666666666665,30.266666666666666,0.7635462555066079,0.2857142857142857,0.5570511364812836,3,0.8333333333333334,32.025999999999996,2.0,0.258,1.6666666666666667,0.3333333333333333,2.666666666666667,0.2857142857142857,1.6666666666666667,0.6666666666666666,1.5,0.3333333333333333,0.0,0.0,1.0,1.0,0.0,0,4.0,6,0,0,67.0,0,Silver,0,1,17,M,Madison,Bakery,Mainstream,2022,41.821666666666665,53.22,Active,2024-04,0
501570,7,0.0,0.0,0.0,0.0,0.0,0.0,0.0,0.0,0.0,0,0.0,0.0,0.0,0.0,0.0,0.0,0.0,0.0,0.0,0.0,0.0,0.0,0.0,0.0,1.0,1.0,0.0,0,6.0,6,0,0,19.0,0,Gold,1,1,25,F,Nashville,Frozen Foods,Mainstream,2022,0.0,36.983333333333334,Lapsed,2024-04,1
501571,1,4.0,2.0,2.3333333333333335,-0.1428571428571429,72.88666666666667,88.84333333333332,-0.1796045473305067,0.02857142857142857,0.4574995150679767,3,1.0,36.443333333333335,1.6666666666666667,0.24500000000000002,3.0,0.3333333333333333,3.0,0.6857142857142857,0.3333333333333333,1.3333333333333333,-0.75,0.3333333333333333,1.0,0.0,0.0,0.0,0.0,0,7.0,6,0,0,29.0,0,Gold,1,1,14,M,Columbus,Bakery,Value,2023,80.865,110.22384615384614,Active,2024-04,0
501572,1,17.0,14.5,11.0,0.3181818181818182,721.525,536.3566666666667,0.3452335821312931,1.1891891891891893,0.3014320813061033,2,1.0,49.7603448275862,5.0,0.366,4.5,5.666666666666667,-0.20588235294117652,-0.35135135135135137,1.0,3.0,-0.6666666666666666,0.0,0.3333333333333333,0.0,0.0,0.0,0.0,0,7.0,6,0,1,23.0,0,Platinum,2,1,30,M,Boise,Bakery,Upscale,2021,610.424,467.33,Active,2024-04,0
501573,1,1.0,3.0,2.6666666666666665,0.12500000000000006,113.26333333333332,99.58333333333333,0.13737238493723844,-0.2,0.4940639970849881,3,1.0,37.75444444444444,3.0,0.2333333333333333,1.3333333333333333,1.0,0.33333333333333326,-0.2,0.0,0.3333333333333333,-0.6666666666666666,0.6666666666666666,0.0,0.0,1.0,1.0,0.0,0,4.0,6,0,0,38.0,0,Gold,1,0,19,M,Tulsa,Snacks,Value,2022,106.42333333333333,141.96785714285713,Active,2024-04,1
501574,5,0.0,0.0,0.6666666666666666,-1.0,0.0,24.583333333333332,-1.0,-0.17142857142857143,2.23606797749979,0,0.16666666666666666,0.0,0.0,0.37,0.0,0.3333333333333333,-0.6666666666666666,-0.14285714285714285,0.0,0.0,0.0,0.0,0.0,0.0,2.0,2.0,1.0,0,5.0,6,0,0,28.0,0,Gold,1,0,8,F,Austin,Snacks,Mainstream,2023,12.291666666666666,165.415,Lapsed,2024-04,1
501575,1,4.0,2.3333333333333335,2.6666666666666665,-0.12499999999999989,74.26333333333334,86.34666666666668,-0.13993977764051893,0.02857142857142857,0.39926013352380685,3,1.0,31.827142857142857,2.3333333333333335,0.19666666666666668,1.3333333333333333,3.0,-0.5555555555555556,-0.4857142857142857,0.3333333333333333,3.6666666666666665,-0.9090909090909091,1.0,1.0,0.0,0.0,0.0,0.0,0,7.0,6,0,0,26.0,0,Platinum,2,1,19,F,Denver,Snacks,Mainstream,2022,80.305,83.63466666666666,Active,2024-04,0
501576,3,0.0,0.3333333333333333,3.3333333333333335,-0.8999999999999999,9.346666666666666,84.06333333333333,-0.888813989452397,-1.1142857142857143,1.3246274482077491,1,0.6666666666666666,28.04,0.3333333333333333,0.30500000000000005,1.0,3.6666666666666665,-0.7272727272727273,-0.8,0.0,0.6666666666666666,-1.0,0.0,1.3333333333333333,0.0,0.0,0.0,0.0,0,7.0,6,0,0,66.0,0,Silver,0,0,8,F,Nashville,Beverages,Value,2023,46.705000000000005,91.316,Active,2024-04,1
501577,1,6.0,5.666666666666667,5.0,0.1333333333333334,176.49333333333334,183.81333333333336,-0.03982300884955763,-2.5376526277146434e-17,0.3952786307183572,3,1.0,31.145882352941175,4.0,0.24666666666666667,3.3333333333333335,3.3333333333333335,0.0,0.05714285714285714,0.0,0.6666666666666666,-1.0,0.6666666666666666,0.3333333333333333,0.0,1.0,1.0,0.0,0,5.0,6,0,0,48.0,0,Gold,1,0,19,F,Nashville,Personal Care,Upscale,2022,180.1533333333333,199.682,Active,2024-04,0
501578,4,0.0,0.0,1.3333333333333333,-1.0,0.0,51.98666666666667,-1.0,-0.4,1.1884243677138566,0,0.5,0.0,0.0,0.27666666666666667,0.0,0.3333333333333333,-0.6666666666666666,-0.14285714285714285,0.0,1.3333333333333333,-1.0,0.0,0.3333333333333333,0.0,0.0,0.0,0.0,0,7.0,6,0,0,58.0,0,Gold,1,1,10,F,Raleigh,Personal Care,Value,2023,25.993333333333336,120.695,Lapsed,2024-04,1
501579,1,7.0,5.666666666666667,3.3333333333333335,0.7000000000000001,200.75,121.07666666666667,0.6580403601024144,0.6571428571428571,0.5248415801136879,3,1.0,35.42647058823529,4.0,0.2316666666666667,4.0,2.3333333333333335,0.7142857142857142,0.42857142857142855,0.3333333333333333,0.0,0.6666666666666666,0.0,0.6666666666666666,0.0,2.0,2.0,1.0,0,4.0,6,0,0,48.0,0,Gold,1,0,16,M,Tulsa,Frozen Foods,Mainstream,2022,160.91333333333333,184.26066666666665,Active,2024-04,0
501580,7,0.0,0.0,0.0,0.0,0.0,0.0,0.0,0.0,0.0,0,0.0,0.0,0.0,0.0,0.0,0.0,0.0,0.0,0.0,0.0,0.0,0.0,0.0,0.0,0.0,0.0,0.0,0,7.0,6,0,0,60.0,0,Silver,0,0,11,Unknown,Austin,Snacks,Value,2023,0.0,21.34,Lapsed,2024-04,1
501581,1,1.0,2.0,2.0,0.0,68.88000000000001,60.29333333333333,0.14241486068111478,-0.05714285714285714,0.6116103476658402,3,1.0,34.440000000000005,2.3333333333333335,0.285,2.6666666666666665,1.6666666666666667,0.5999999999999999,0.6,0.0,0.0,0.0,0.0,0.0,0.0,1.0,1.0,0.0,0,4.0,6,0,0,61.0,0,Silver,0,0,20,M,Tulsa,Personal Care,Upscale,2022,64.58666666666667,82.452,Active,2024-04,0
501582,7,0.0,0.0,0.0,0.0,0.0,0.0,0.0,0.0,0.0,0,0.0,0.0,0.0,0.0,0.0,0.0,0.0,0.0,0.0,0.0,0.0,0.0,0.0,0.0,0.0,0.0,0.0,0,7.0,6,0,0,43.0,0,Silver,0,0,29,F,Tulsa,Produce,Mainstream,2021,0.0,78.06333333333333,Lapsed,2024-04,1
501583,4,0.0,0.0,3.3333333333333335,-1.0,0.0,138.88666666666666,-1.0,-0.7428571428571429,1.0912835903811247,0,0.5,0.0,0.0,0.4366666666666667,0.3333333333333333,1.6666666666666667,-0.8,-0.45714285714285713,0.0,0.3333333333333333,-0.6666666666666666,0.0,1.0,3.0,2.0,5.0,1.0,1,3.0,6,0,0,66.0,0,Gold,1,1,26,F,Portland,Snacks,Value,2022,69.44333333333333,237.9125,Lapsed,2024-04,1
501584,1,2.0,2.3333333333333335,2.3333333333333335,0.0,66.6,78.73666666666666,-0.15414250031751411,0.17142857142857143,0.6033331071229827,3,0.8333333333333334,28.542857142857137,1.3333333333333333,0.36200000000000004,1.0,1.3333333333333333,-0.24999999999999994,-0.3142857142857143,0.6666666666666666,0.6666666666666666,0.0,0.0,0.3333333333333333,0.0,0.0,0.0,0.0,0,7.0,6,0,0,23.0,0,Silver,0,1,14,F,Columbus,Produce,Mainstream,2023,72.66833333333334,92.24083333333333,Active,2024-04,0
501585,3,0.0,0.3333333333333333,4.333333333333333,-0.923076923076923,14.256666666666668,226.50333333333333,-0.9370575856131624,-0.9714285714285714,0.9515408123909579,1,0.6666666666666666,42.77,1.0,0.3175,2.3333333333333335,3.3333333333333335,-0.3,-0.2571428571428571,0.0,0.0,0.0,0.3333333333333333,0.3333333333333333,0.0,0.0,0.0,0.0,0,7.0,6,0,0,71.0,0,Platinum,2,0,19,F,Madison,Household,Mainstream,2022,120.38,176.47363636363636,Active,2024-04,0
501586,1,3.0,3.0,1.0,2.0,108.23333333333335,33.31,2.2492744921445014,0.5,0.5268097493599294,3,1.0,36.07777777777778,2.0,0.27599999999999997,0.0,1.5,-1.0,-0.6,0.3333333333333333,0.0,0.6666666666666666,1.0,0.5,0.0,0.0,0.0,0.0,0,7.0,6,0,1,44.0,0,Silver,0,0,12,M,Raleigh,Beverages,Value,2023,78.26400000000001,75.775,Active,2024-04,0
501587,1,10.0,6.0,7.333333333333333,-0.1818181818181818,177.97,210.66666666666666,-0.1552056962025316,0.0,0.31613493408374554,3,1.0,29.661666666666665,3.6666666666666665,0.235,2.0,3.0,-0.3333333333333333,-0.02857142857142857,2.3333333333333335,0.6666666666666666,2.5000000000000004,0.3333333333333333,0.6666666666666666,0.0,1.0,1.0,0.0,0,4.0,6,0,0,26.0,0,Gold,1,1,11,M,Boise,Frozen Foods,Value,2023,194.3183333333333,163.06300000000002,Active,2024-04,0
501588,6,0.0,0.0,0.3333333333333333,-0.6666666666666666,0.0,12.200000000000001,-1.0,-0.14285714285714285,2.2360679774997894,0,0.16666666666666666,0.0,0.0,0.6,0.0,0.3333333333333333,-0.6666666666666666,-0.08571428571428572,0.0,1.0,-1.0,0.0,0.3333333333333333,0.0,1.0,1.0,1.0,0,6.0,6,0,0,67.0,0,Silver,0,1,24,M,Raleigh,Bakery,Mainstream,2022,6.1000000000000005,100.7675,Lapsed,2024-04,1
501589,1,3.0,5.0,6.0,-0.16666666666666666,107.21333333333332,138.5066666666667,-0.225933769734309,-0.5428571428571428,0.300966190632053,3,1.0,21.442666666666664,3.3333333333333335,0.2816666666666667,1.3333333333333333,1.0,0.33333333333333326,0.02857142857142857,0.3333333333333333,0.3333333333333333,0.0,0.0,0.0,0.0,0.0,0.0,0.0,0,7.0,6,0,0,56.0,0,Silver,0,0,30,F,Nashville,Dairy,Upscale,2021,122.86000000000001,97.97384615384615,Active,2024-04,0
501590,2,0.0,2.0,2.5,-0.2,49.89333333333334,59.84,-0.16622103386809267,-0.38372093023255804,0.6290829313950226,2,0.8,24.94666666666667,1.3333333333333333,0.2475,1.0,1.0,0.0,-0.11627906976744184,1.3333333333333333,1.5,-0.11111111111111116,0.6666666666666666,0.5,0.0,0.0,0.0,0.0,0,7.0,6,0,1,47.0,0,Silver,0,1,7,F,Boise,Beverages,Mainstream,2023,53.872,67.34,Active,2024-04,0
501591,1,1.0,1.6666666666666667,4.333333333333333,-0.6153846153846153,46.28333333333333,121.90666666666668,-0.6203379634693208,-0.9714285714285714,0.7158655033686394,3,1.0,27.769999999999996,2.0,0.2816666666666667,0.3333333333333333,1.3333333333333333,-0.75,-0.08571428571428569,1.6666666666666667,2.0,-0.16666666666666663,0.0,0.3333333333333333,0.0,0.0,0.0,0.0,0,7.0,6,0,0,33.0,0,Silver,0,1,9,M,Denver,Snacks,Upscale,2023,84.095,73.73125,Active,2024-04,0
501592,1,2.0,3.6666666666666665,3.6666666666666665,0.0,108.36333333333334,108.36333333333334,0.0,-0.5,0.5442061080512135,3,1.0,29.553636363636368,3.3333333333333335,0.29666666666666663,0.6666666666666666,0.6666666666666666,0.0,-0.5,1.6666666666666667,1.6666666666666667,0.0,0.0,0.0,1.0,0.0,1.0,0.0,0,2.0,3,1,0,54.0,0,Silver,0,1,4,M,Spokane,Beverages,Mainstream,2023,108.36333333333334,108.36333333333334,Active,2024-04,0
501593,1,5.0,3.6666666666666665,2.3333333333333335,0.5714285714285713,127.49333333333334,82.26666666666667,0.5497568881685576,0.5142857142857142,0.32501448999140603,3,1.0,34.77090909090909,2.6666666666666665,0.26333333333333336,2.0,1.6666666666666667,0.19999999999999996,0.2,1.0,0.6666666666666666,0.5000000000000001,1.0,0.6666666666666666,0.0,0.0,0.0,0.0,0,7.0,6,0,0,63.0,0,Silver,0,0,38,F,Boise,Bakery,Upscale,2021,104.88,113.22266666666668,Active,2024-04,0
501594,1,4.0,2.6666666666666665,4.666666666666667,-0.42857142857142866,70.00666666666666,108.48333333333333,-0.35467813796282077,-0.34285714285714286,0.3736202355071543,3,1.0,26.252499999999998,1.0,0.285,1.3333333333333333,2.3333333333333335,-0.42857142857142866,-0.2571428571428571,0.0,0.6666666666666666,-1.0,0.6666666666666666,0.3333333333333333,1.0,1.0,2.0,0.0,0,3.0,6,0,0,39.0,0,Silver,0,0,26,M,Spokane,Beverages,Value,2022,89.245,118.38461538461539,Active,2024-04,0
501595,1,3.0,3.3333333333333335,4.5,-0.25925925925925924,114.0,174.635,-0.34720989492369797,-0.5,0.2687490244203097,3,1.0,34.199999999999996,2.0,0.418,2.0,2.0,0.0,-0.3,1.6666666666666667,0.0,3.0,0.0,1.0,1.0,0.0,1.0,0.0,0,1.0,5,0,0,26.0,0,Platinum,2,1,6,F,Austin,Bakery,Value,2023,138.254,138.254,Active,2024-04,1
501596,3,0.0,1.3333333333333333,9.0,-0.8518518518518519,34.699999999999996,240.89,-0.8559508489351987,-2.4285714285714284,1.1464864739650897,1,0.5,26.025,1.3333333333333333,0.47,0.6666666666666666,2.0,-0.6666666666666667,-0.45714285714285713,0.0,2.0,-1.0,0.0,1.0,0.0,1.0,1.0,0.0,0,5.0,6,0,2,26.0,0,Silver,0,1,29,M,Raleigh,Beverages,Mainstream,2021,86.2475,137.69454545454545,Active,2024-04,1
501597,1,5.0,5.0,3.0,0.6666666666666666,203.01999999999998,114.68666666666667,0.770214497471371,0.45714285714285713,0.3609317793026116,3,1.0,40.604,0.6666666666666666,0.36166666666666664,2.0,1.6666666666666667,0.19999999999999996,0.2,2.0,1.3333333333333333,0.5000000000000001,1.3333333333333333,0.3333333333333333,0.0,0.0,0.0,0.0,0,7.0,6,0,0,63.0,0,Gold,1,1,11,F,Raleigh,Dairy,Mainstream,2023,158.85333333333332,158.525,Active,2024-04,0
501598,1,5.0,3.6666666666666665,4.666666666666667,-0.21428571428571436,89.60333333333334,124.67999999999999,-0.2813335472142016,-0.4857142857142857,0.40799444900880955,3,1.0,24.43727272727273,2.6666666666666665,0.24666666666666667,2.6666666666666665,2.0,0.33333333333333326,0.0,2.3333333333333335,2.0,0.16666666666666674,0.3333333333333333,0.6666666666666666,0.0,0.0,0.0,0.0,0,7.0,6,0,0,53.0,0,Gold,1,1,11,M,Columbus,Produce,Value,2023,107.14166666666665,102.602,Active,2024-04,0
501600,7,0.0,0.0,0.0,0.0,0.0,0.0,0.0,0.0,0.0,0,0.0,0.0,0.0,0.0,0.0,0.0,0.0,0.0,0.0,0.0,0.0,0.0,0.0,0.0,0.0,0.0,0.0,0,7.0,6,0,0,45.0,0,Platinum,2,1,24,F,Columbus,Household,Mainstream,2022,0.0,251.56499999999997,Lapsed,2024-04,1
501601,1,3.0,5.0,3.6666666666666665,0.3636363636363637,203.40666666666667,158.89333333333335,0.2801460099018208,0.2857142857142857,0.39420121454551366,3,1.0,40.681333333333335,2.3333333333333335,0.2816666666666667,2.0,1.3333333333333333,0.5000000000000001,0.39999999999999997,1.0,1.0,0.0,0.3333333333333333,0.6666666666666666,0.0,0.0,0.0,0.0,0,7.0,6,0,0,27.0,0,Silver,0,1,25,F,Tulsa,Household,Mainstream,2022,181.15,213.63214285714284,Active,2024-04,0
501603,1,13.0,8.666666666666666,7.333333333333333,0.1818181818181818,196.89666666666668,169.19000000000003,0.1637606635537954,0.9142857142857143,0.32620203338890885,3,1.0,22.718846153846158,2.3333333333333335,0.2866666666666667,4.666666666666667,3.3333333333333335,0.4,0.6285714285714286,0.3333333333333333,1.3333333333333333,-0.75,0.0,2.3333333333333335,1.0,0.0,1.0,0.0,0,3.0,6,0,0,63.0,0,Silver,0,0,28,F,Madison,Produce,Value,2021,183.04333333333332,185.87933333333334,Active,2024-04,0
501604,4,0.0,0.0,1.6666666666666667,-1.0,0.0,43.77,-1.0,-0.4857142857142857,1.0744613240193812,0,0.5,0.0,0.0,0.31666666666666665,0.3333333333333333,1.6666666666666667,-0.8,-0.45714285714285713,0.6666666666666666,0.0,1.3333333333333333,0.0,0.0,0.0,1.0,1.0,0.0,0,4.0,6,0,0,32.0,0,Silver,0,0,15,F,Boise,Beverages,Upscale,2023,21.885,43.04090909090909,Lapsed,2024-04,1
501605,7,0.0,0.0,0.0,0.0,0.0,0.0,0.0,0.0,0.0,0,0.0,0.0,0.0,0.0,0.0,0.0,0.0,0.0,0.0,0.0,0.0,0.0,0.0,0.0,0.0,0.0,0.0,0,7.0,6,0,0,72.0,0,Silver,0,1,35,F,Nashville,Bakery,Mainstream,2021,0.0,77.02333333333333,Lapsed,2024-04,1
501606,1,7.0,5.666666666666667,9.333333333333334,-0.39285714285714285,279.40333333333336,415.9566666666667,-0.3282874017325523,-0.3142857142857143,0.5526825946419679,3,1.0,49.3064705882353,3.0,0.295,3.3333333333333335,1.3333333333333333,1.5,0.45714285714285713,1.6666666666666667,2.6666666666666665,-0.37499999999999994,0.6666666666666666,0.6666666666666666,0.0,2.0,2.0,1.0,0,4.0,6,0,0,57.0,0,Gold,1,1,22,F,Boise,Bakery,Value,2022,347.68,274.6633333333333,Active,2024-04,0
501607,1,6.0,6.666666666666667,6.0,0.11111111111111116,162.73666666666665,147.54333333333332,0.10297539705849126,0.22857142857142854,0.2669047334604245,3,1.0,24.410499999999995,5.0,0.31,2.6666666666666665,4.0,-0.33333333333333337,-0.5142857142857142,2.0,1.6666666666666667,0.19999999999999996,0.3333333333333333,0.0,0.0,0.0,0.0,0.0,0,7.0,6,0,0,21.0,0,Silver,0,1,35,F,Raleigh,Frozen Foods,Mainstream,2021,155.14,160.81933333333333,Active,2024-04,0
501608,1,1.0,5.0,7.5,-0.3333333333333333,126.265,198.31,-0.36329484140991375,-1.1,0.5098237150980444,2,1.0,25.253,4.0,0.21500000000000002,3.0,3.0,0.0,-0.1,1.5,2.0,-0.25,1.0,1.0,0.0,0.0,0.0,0.0,0,7.0,6,0,2,36.0,0,Silver,0,1,9,F,Madison,Snacks,Mainstream,2023,162.2875,152.44333333333336,Active,2024-04,0
501609,1,5.0,6.0,3.6666666666666665,0.6363636363636365,377.4533333333333,209.16333333333333,0.8045865272753351,0.6,0.4677171212991005,3,1.0,62.90888888888889,3.0,0.26666666666666666,2.3333333333333335,1.6666666666666667,0.4,0.0,0.3333333333333333,1.3333333333333333,-0.75,0.6666666666666666,0.3333333333333333,0.0,1.0,1.0,1.0,0,5.0,6,0,0,35.0,0,Platinum,2,0,25,M,Tulsa,Dairy,Unknown,2022,293.30833333333334,389.74466666666666,Active,2024-04,0
501610,7,0.0,0.0,0.0,0.0,0.0,0.0,0.0,0.0,0.0,0,0.0,0.0,0.0,0.0,0.0,0.0,0.0,0.0,0.0,0.0,0.0,0.0,0.0,0.0,0.0,0.0,0.0,0,7.0,6,0,0,50.0,0,Gold,1,1,13,F,Raleigh,Personal Care,Unknown,2023,0.0,78.84666666666666,Lapsed,2024-04,1
501611,1,2.0,4.666666666666667,5.666666666666667,-0.1764705882352941,174.32666666666668,192.03,-0.092190456352306,-0.8857142857142857,0.49826442791847114,3,1.0,37.355714285714285,2.6666666666666665,0.36000000000000004,3.6666666666666665,1.0,2.6666666666666665,0.8,0.3333333333333333,0.0,0.6666666666666666,0.0,0.6666666666666666,1.0,0.0,1.0,1.0,1,3.0,6,0,0,74.0,0,Silver,0,0,32,M,Tulsa,Snacks,Value,2021,183.1783333333333,153.3942857142857,Active,2024-04,0
501612,7,0.0,0.0,0.0,0.0,0.0,0.0,0.0,0.0,0.0,0,0.0,0.0,0.0,0.0,0.0,0.0,0.0,0.0,0.0,0.0,0.0,0.0,0.0,0.0,0.0,0.0,0.0,0,7.0,6,0,0,32.0,0,Platinum,2,1,23,F,Madison,Personal Care,Mainstream,2022,0.0,148.72875,Lapsed,2024-04,1
501613,7,0.0,0.0,0.0,0.0,0.0,0.0,0.0,0.0,0.0,0,0.0,0.0,0.0,0.0,0.0,0.0,0.0,0.0,0.0,0.0,0.0,0.0,0.0,0.0,0.0,0.0,0.0,0,7.0,6,0,0,28.0,0,Silver,0,0,28,F,Spokane,Snacks,Value,2021,0.0,34.306666666666665,Lapsed,2024-04,1
501614,7,0.0,0.0,0.0,0.0,0.0,0.0,0.0,0.0,0.0,0,0.0,0.0,0.0,0.0,0.0,0.0,0.0,0.0,0.0,0.0,0.0,0.0,0.0,0.0,0.0,0.0,0.0,0,7.0,6,0,0,60.0,0,Silver,0,1,22,Other,Tulsa,Frozen Foods,Value,2022,0.0,91.18,Lapsed,2024-04,1
501615,7,0.0,0.0,0.0,0.0,0.0,0.0,0.0,0.0,0.0,0,0.0,0.0,0.0,0.0,0.0,0.0,0.0,0.0,0.0,0.0,0.0,0.0,0.0,0.0,0.0,0.0,0.0,0,7.0,6,0,0,53.0,0,Gold,1,0,29,F,Denver,Household,Mainstream,2021,0.0,78.56333333333333,Lapsed,2024-04,1
501616,1,8.0,7.333333333333333,7.0,0.047619047619047575,398.53999999999996,400.05,-0.0037745281839771222,0.3,0.10714682621837039,3,1.0,54.346363636363634,3.6666666666666665,0.3475,4.333333333333333,2.0,1.1666666666666665,0.5,3.0,2.0,0.5,1.0,0.0,0.0,0.0,0.0,0.0,0,7.0,4,0,0,39.0,0,Platinum,2,1,5,F,Tulsa,Household,Value,2023,398.91749999999996,398.9175,Active,2024-04,0
501617,1,3.0,4.0,5.0,-0.2,122.94333333333333,143.47333333333333,-0.14309279308582315,-0.42857142857142855,0.38428652964864696,3,1.0,30.735833333333332,2.6666666666666665,0.20833333333333334,1.3333333333333333,2.6666666666666665,-0.5,-0.2857142857142857,0.3333333333333333,1.3333333333333333,-0.75,1.0,0.3333333333333333,0.0,1.0,1.0,1.0,0,5.0,6,0,0,57.0,0,Silver,0,0,8,F,Raleigh,Beverages,Mainstream,2023,133.20833333333334,122.34285714285714,Active,2024-04,0
501618,1,8.0,4.5,7.666666666666667,-0.41304347826086957,171.585,283.49666666666667,-0.3947547884160895,-0.09459459459459461,0.4773193477154008,2,1.0,38.13,3.0,0.322,6.0,3.6666666666666665,0.6363636363636365,0.2972972972972973,0.5,0.6666666666666666,-0.24999999999999994,1.0,0.6666666666666666,1.0,0.0,1.0,0.0,0,3.0,6,0,1,45.0,0,Silver,0,1,27,M,Madison,Beverages,Upscale,2022,238.73200000000003,190.3085714285714,Active,2024-04,0
501619,1,13.0,9.0,6.333333333333333,0.42105263157894746,204.39,143.78666666666666,0.42148089762611274,1.3714285714285714,0.39387921736172926,3,1.0,22.709999999999997,3.6666666666666665,0.46666666666666673,4.666666666666667,4.333333333333333,0.07692307692307707,0.08571428571428572,1.6666666666666667,1.3333333333333333,0.2500000000000001,0.0,0.6666666666666666,0.0,1.0,1.0,1.0,0,6.0,6,0,0,68.0,0,Silver,0,1,7,F,Madison,Beverages,Mainstream,2023,174.08833333333334,174.08833333333334,Active,2024-04,0
501620,1,5.0,4.0,4.0,0.0,136.59,136.59,0.0,0.0,0.2297386338677795,2,1.0,34.1475,3.0,0.23500000000000001,4.0,4.0,0.0,0.0,1.0,1.0,0.0,0.5,0.5,0.0,0.0,0.0,0.0,0,7.0,2,1,0,70.0,0,Platinum,2,1,3,F,Tulsa,Personal Care,Mainstream,2024,136.59,136.59,Active,2024-04,0
501621,7,0.0,0.0,0.0,0.0,0.0,0.0,0.0,0.0,0.0,0,0.0,0.0,0.0,0.0,0.0,0.0,0.0,0.0,0.0,0.0,0.0,0.0,0.0,0.0,0.0,0.0,0.0,0,7.0,6,0,0,35.0,0,Silver,0,1,21,F,Columbus,Personal Care,Value,2022,0.0,63.22,Lapsed,2024-04,1
501622,7,0.0,0.0,0.0,0.0,0.0,0.0,0.0,0.0,0.0,0,0.0,0.0,0.0,0.0,0.0,0.0,0.0,0.0,0.0,0.0,0.0,0.0,0.0,0.0,0.0,0.0,0.0,0,7.0,6,0,0,58.0,0,Gold,1,0,37,F,Boise,Produce,Value,2021,0.0,102.85249999999999,Lapsed,2024-04,1
501623,5,0.0,0.0,0.3333333333333333,-0.6666666666666666,0.0,8.08,-1.0,-0.08571428571428572,2.2360679774997894,0,0.16666666666666666,0.0,0.0,0.35,0.0,0.0,0.0,0.0,0.0,1.0,-1.0,0.0,0.3333333333333333,0.0,2.0,2.0,1.0,0,4.0,6,0,0,46.0,0,Silver,0,1,11,M,Austin,Produce,Value,2023,4.04,24.24,Lapsed,2024-04,1
501624,1,4.0,3.3333333333333335,3.0,0.11111111111111116,147.57333333333332,134.04333333333332,0.1009375077711188,-0.02857142857142857,0.3432847208530445,3,1.0,44.272,3.0,0.4266666666666667,1.3333333333333333,2.0,-0.33333333333333337,-0.11428571428571428,0.3333333333333333,1.6666666666666667,-0.8,0.0,0.6666666666666666,1.0,0.0,1.0,1.0,1,2.0,6,0,0,59.0,0,Gold,1,0,7,F,Spokane,Produce,Value,2023,140.8083333333333,140.8083333333333,Active,2024-04,0
501625,1,7.0,8.666666666666666,8.5,0.019607843137254832,291.0233333333333,243.95999999999998,0.19291413892987924,0.1860465116279069,0.4913287509770531,3,1.0,33.57961538461539,4.666666666666667,0.14400000000000002,3.3333333333333335,4.5,-0.25925925925925924,0.03488372093023253,0.3333333333333333,1.0,-0.6666666666666667,0.6666666666666666,1.0,0.0,0.0,0.0,0.0,0,7.0,6,0,1,38.0,0,Gold,1,1,27,M,Columbus,Personal Care,Mainstream,2022,272.198,264.8721428571429,Active,2024-04,0
501626,1,2.0,1.3333333333333333,0.6666666666666666,1.0,25.01,15.780000000000001,0.5849176172370089,0.22857142857142856,0.7601306721151514,2,0.6666666666666666,18.757500000000004,0.0,0.21250000000000002,0.0,0.3333333333333333,-0.6666666666666666,-0.028571428571428577,1.0,1.6666666666666667,-0.4,0.0,0.6666666666666666,1.0,0.0,1.0,0.0,0,2.0,6,0,0,37.0,0,Gold,1,1,9,M,Portland,Frozen Foods,Value,2023,20.395,31.516666666666666,Active,2024-04,0
501627,2,0.0,1.0,0.0,2.0,25.80333333333333,0.0,3.0,0.14285714285714285,1.4788726325372892,2,0.3333333333333333,25.80333333333333,1.6666666666666667,0.25,0.6666666666666666,0.0,1.3333333333333333,0.17142857142857143,1.6666666666666667,1.0,0.6666666666666667,0.0,0.0,1.0,0.0,1.0,0.0,0,3.0,6,0,0,46.0,1,Silver,0,1,29,F,Raleigh,Personal Care,Value,2021,12.901666666666666,32.95142857142857,Active,2024-04,0
501628,1,4.0,4.333333333333333,5.0,-0.1333333333333334,112.32,142.835,-0.21363811390765577,-0.5,0.278773370615518,3,1.0,25.92,2.6666666666666665,0.27199999999999996,3.0,1.5,1.0,0.5,0.6666666666666666,3.0,-0.7777777777777778,0.6666666666666666,0.5,0.0,0.0,0.0,0.0,0,7.0,5,0,0,65.0,0,Silver,0,1,7,F,Boise,Household,Value,2023,124.526,124.526,Active,2024-04,0
501629,1,4.0,4.5,3.3333333333333335,0.3499999999999999,93.14500000000001,75.3,0.23698539176626846,0.48837209302325574,0.4643315578723072,2,1.0,20.69888888888889,2.5,0.41200000000000003,2.0,2.0,0.0,0.1744186046511628,3.0,1.0,2.0,0.5,0.6666666666666666,0.0,2.0,2.0,1.0,0,5.0,6,0,1,47.0,0,Silver,0,1,7,M,Denver,Beverages,Value,2023,82.438,82.438,Active,2024-04,0
501630,7,0.0,0.0,0.0,0.0,0.0,0.0,0.0,0.0,0.0,0,0.0,0.0,0.0,0.0,0.0,0.0,0.0,0.0,0.0,0.0,0.0,0.0,0.0,0.0,0.0,0.0,0.0,0,7.0,6,0,0,39.0,0,Silver,0,1,38,F,Columbus,Snacks,Value,2021,0.0,72.388,Lapsed,2024-04,1
501631,7,0.0,0.0,0.0,0.0,0.0,0.0,0.0,0.0,0.0,0,0.0,0.0,0.0,0.0,0.0,0.0,0.0,0.0,0.0,0.0,0.0,0.0,0.0,0.0,0.0,0.0,0.0,0,7.0,6,0,0,48.0,0,Silver,0,1,22,F,Nashville,Beverages,Value,2022,0.0,52.47,Lapsed,2024-04,1
501632,1,6.0,6.0,5.0,0.2,189.32000000000002,143.85333333333332,0.31606265640930603,-0.14285714285714285,0.45199045619120604,3,1.0,31.553333333333338,3.6666666666666665,0.39499999999999996,2.3333333333333335,2.3333333333333335,0.0,0.05714285714285714,0.6666666666666666,1.3333333333333333,-0.5,0.3333333333333333,1.0,0.0,0.0,0.0,0.0,0,7.0,6,0,0,74.0,0,Silver,0,1,10,F,Nashville,Dairy,Mainstream,2023,166.58666666666667,130.9377777777778,Active,2024-04,0
501633,3,0.0,0.3333333333333333,1.0,-0.6666666666666667,16.47,48.95,-0.6635342185903984,-0.16279069767441853,1.3307448504138313,1,0.4,49.41,0.6666666666666666,0.58,0.0,0.0,0.0,0.0,0.0,1.0,-1.0,0.0,0.0,1.0,0.0,1.0,0.0,0,3.0,6,0,1,65.0,0,Platinum,2,1,17,F,Nashville,Snacks,Value,2022,29.462,87.729,Active,2024-04,1
501634,1,6.0,5.666666666666667,6.666666666666667,-0.15,216.54333333333332,234.49,-0.07653489132443467,-0.20000000000000004,0.29088798989405595,3,1.0,38.2135294117647,2.6666666666666665,0.2916666666666667,2.3333333333333335,3.0,-0.22222222222222218,0.05714285714285714,0.6666666666666666,0.0,1.3333333333333333,0.6666666666666666,0.6666666666666666,0.0,0.0,0.0,0.0,0,7.0,6,0,0,69.0,0,Silver,0,0,23,M,Madison,Frozen Foods,Value,2022,225.51666666666665,215.11133333333333,Active,2024-04,0
501636,7,0.0,0.0,0.0,0.0,0.0,0.0,0.0,0.0,0.0,0,0.0,0.0,0.0,0.0,0.0,0.0,0.0,0.0,0.0,0.0,0.0,0.0,0.0,0.0,0.0,0.0,0.0,0,7.0,6,0,0,55.0,0,Silver,0,1,38,Other,Spokane,Bakery,Mainstream,2021,0.0,137.2425,Lapsed,2024-04,1
501637,1,7.0,6.333333333333333,4.333333333333333,0.46153846153846156,252.91666666666666,173.60333333333332,0.4568652675639869,0.6285714285714286,0.42036807221694367,3,1.0,39.93421052631579,3.0,0.32,3.3333333333333335,4.0,-0.16666666666666663,-0.17142857142857143,0.6666666666666666,2.3333333333333335,-0.7142857142857144,0.3333333333333333,1.3333333333333333,0.0,1.0,1.0,0.0,0,5.0,6,0,0,47.0,0,Silver,0,1,18,F,Boise,Produce,Unknown,2022,213.26,206.674,Active,2024-04,0
501639,4,0.0,0.0,1.0,-1.0,0.0,19.29,-1.0,-0.2,1.4732108703334967,0,0.3333333333333333,0.0,0.0,0.27,0.0,0.0,0.0,0.0,0.3333333333333333,0.3333333333333333,0.0,0.0,0.0,2.0,0.0,2.0,0.0,0,3.0,6,0,0,59.0,0,Gold,1,1,30,F,Tulsa,Snacks,Mainstream,2021,9.645,51.59888888888889,Lapsed,2024-04,1
501641,4,0.0,0.0,2.3333333333333335,-1.0,0.0,66.27,-1.0,-0.7714285714285715,1.3200776643439898,0,0.5,0.0,0.0,0.18666666666666668,0.0,0.3333333333333333,-0.6666666666666666,-0.08571428571428572,0.0,2.0,-1.0,0.0,0.0,0.0,0.0,0.0,0.0,0,7.0,6,0,0,45.0,0,Gold,1,1,30,F,Raleigh,Beverages,Value,2021,33.135,94.2375,Lapsed,2024-04,1
501642,1,4.0,5.333333333333333,4.0,0.33333333333333326,238.7966666666667,176.87333333333333,0.3500998831555541,0.22857142857142854,0.3395927351036355,3,1.0,44.77437500000001,2.0,0.345,1.6666666666666667,2.0,-0.16666666666666663,-0.2571428571428572,2.0,1.3333333333333333,0.5000000000000001,0.3333333333333333,0.3333333333333333,0.0,0.0,0.0,0.0,0,7.0,6,0,0,59.0,0,Platinum,2,1,19,M,Madison,Personal Care,Mainstream,2022,207.83500000000004,161.75714285714284,Active,2024-04,0
501643,7,0.0,0.0,0.0,0.0,0.0,0.0,0.0,0.0,0.0,0,0.0,0.0,0.0,0.0,0.0,0.0,0.0,0.0,0.0,0.0,0.0,0.0,0.0,0.0,0.0,0.0,0.0,0,7.0,6,0,0,46.0,0,Platinum,2,1,33,M,Columbus,Household,Mainstream,2021,0.0,133.385,Lapsed,2024-04,1
501644,6,0.0,0.0,0.6666666666666666,-1.0,0.0,23.343333333333334,-1.0,-0.2857142857142857,2.23606797749979,0,0.16666666666666666,0.0,0.0,0.56,0.0,0.6666666666666666,-1.0,-0.2857142857142857,0.0,0.3333333333333333,-0.6666666666666666,0.0,0.0,0.0,3.0,3.0,1.0,0,5.0,6,0,0,25.0,0,Gold,1,0,23,F,Madison,Personal Care,Upscale,2022,11.671666666666667,109.86,Lapsed,2024-04,1
501645,2,0.0,0.6666666666666666,4.666666666666667,-0.8571428571428571,26.566666666666663,189.0233333333333,-0.8594529775865414,-1.2571428571428571,0.8489980032918896,2,0.8333333333333334,39.849999999999994,0.6666666666666666,0.368,1.3333333333333333,3.3333333333333335,-0.6,-0.8,0.0,0.6666666666666666,-1.0,0.0,0.6666666666666666,1.0,0.0,1.0,0.0,0,2.0,6,0,0,21.0,0,Silver,0,0,10,M,Nashville,Snacks,Mainstream,2023,107.795,157.53875,Active,2024-04,1
501646,1,2.0,1.6666666666666667,2.6666666666666665,-0.37499999999999994,46.49,91.09666666666668,-0.48966299535292185,0.02857142857142857,0.7116532718454566,2,0.8333333333333334,27.894,0.3333333333333333,0.334,0.6666666666666666,0.6666666666666666,0.0,0.05714285714285714,2.0,0.6666666666666666,2.0000000000000004,0.3333333333333333,0.3333333333333333,0.0,1.0,1.0,0.0,0,4.0,6,0,0,74.0,0,Gold,1,1,26,F,Tulsa,Frozen Foods,Value,2022,68.79333333333334,85.87230769230769,Active,2024-04,0
501647,1,5.0,3.6666666666666665,2.5,0.4666666666666666,90.47666666666667,58.36,0.5503198537811288,0.3139534883720929,0.409007699230036,3,1.0,24.67545454545455,2.0,0.32999999999999996,2.0,3.5,-0.42857142857142855,-0.5116279069767441,0.0,0.5,-1.0,0.0,0.5,0.0,0.0,0.0,0.0,0,7.0,6,0,1,32.0,0,Silver,0,0,10,F,Columbus,Household,Mainstream,2023,77.63000000000001,89.2175,Active,2024-04,0
501648,1,1.0,4.333333333333333,4.666666666666667,-0.07142857142857155,129.53666666666666,157.62,-0.17817112887535427,-0.42857142857142855,0.516546152401514,3,1.0,29.893076923076922,3.0,0.26333333333333336,1.3333333333333333,3.0,-0.5555555555555556,-0.3142857142857143,0.6666666666666666,3.0,-0.7777777777777778,0.0,1.0,0.0,1.0,1.0,0.0,0,5.0,6,0,0,63.0,0,Gold,1,1,12,F,Columbus,Frozen Foods,Upscale,2023,143.57833333333335,126.1690909090909,Active,2024-04,0
501649,7,0.0,0.0,0.0,0.0,0.0,0.0,0.0,0.0,0.0,0,0.0,0.0,0.0,0.0,0.0,0.0,0.0,0.0,0.0,0.0,0.0,0.0,0.0,0.0,0.0,0.0,0.0,0,7.0,6,0,0,24.0,0,Silver,0,1,22,M,Portland,Frozen Foods,Mainstream,2022,0.0,87.85833333333333,Lapsed,2024-04,1
501650,1,5.0,5.333333333333333,5.666666666666667,-0.05882352941176481,268.81,294.15333333333336,-0.08615687963193808,-0.2571428571428571,0.2299491892380351,3,1.0,50.401875000000004,1.0,0.31666666666666665,3.3333333333333335,5.0,-0.3333333333333333,-0.37142857142857144,1.0,0.0,2.0,0.3333333333333333,1.0,0.0,0.0,0.0,0.0,0,7.0,6,0,0,26.0,0,Platinum,2,0,12,F,Denver,Snacks,Mainstream,2023,281.4816666666667,348.03363636363633,Active,2024-04,0
501651,1,8.0,6.666666666666667,5.0,0.33333333333333337,171.95666666666668,131.22333333333333,0.3104122742398457,0.3142857142857143,0.5416489860299338,3,1.0,25.7935,2.6666666666666665,0.3033333333333333,2.0,3.0,-0.3333333333333333,-0.6571428571428571,1.0,1.3333333333333333,-0.24999999999999994,0.6666666666666666,0.0,0.0,0.0,0.0,0.0,0,7.0,6,0,0,19.0,0,Silver,0,1,35,M,Madison,Household,Upscale,2021,151.59,146.59333333333333,Active,2024-04,0
501655,1,3.0,2.5,5.0,-0.5,77.305,168.71,-0.5417876830063423,-0.29069767441860467,0.682670553433593,2,1.0,30.922000000000004,2.5,0.29,3.0,2.3333333333333335,0.28571428571428564,0.1627906976744186,0.0,0.6666666666666666,-1.0,1.0,0.3333333333333333,0.0,1.0,1.0,0.0,0,6.0,6,0,1,18.0,0,Silver,0,0,27,F,Tulsa,Frozen Foods,Upscale,2022,132.14800000000002,122.71214285714287,Active,2024-04,0
501656,7,0.0,0.0,0.0,0.0,0.0,0.0,0.0,0.0,0.0,0,0.0,0.0,0.0,0.0,0.0,0.0,0.0,0.0,0.0,0.0,0.0,0.0,0.0,0.0,0.0,0.0,0.0,0,7.0,6,0,0,61.0,0,Gold,1,0,21,M,Boise,Snacks,Value,2022,0.0,192.24142857142857,Lapsed,2024-04,1
501657,1,4.0,5.333333333333333,3.0,0.7777777777777777,160.81666666666663,85.13,0.8890716159599041,0.3,0.3216029774359007,3,1.0,30.153124999999996,2.0,0.3,0.3333333333333333,0.0,0.6666666666666666,0.1,1.3333333333333333,3.0,-0.5555555555555556,0.6666666666666666,0.0,0.0,0.0,0.0,0.0,0,7.0,4,0,0,71.0,0,Gold,1,1,5,F,Portland,Beverages,Unknown,2023,141.89499999999998,141.89499999999998,Active,2024-04,0
501658,1,12.0,12.0,12.0,0.0,362.35,362.35,0.0,0.0,0.0,1,1.0,30.195833333333336,4.0,0.35,5.0,5.0,0.0,0.0,1.0,1.0,0.0,1.0,1.0,0.0,0.0,0.0,0.0,0,7.0,1,1,0,26.0,0,Gold,1,1,2,M,Raleigh,Dairy,Value,2024,362.35,362.35,Active,2024-04,0
501659,7,0.0,0.0,0.0,0.0,0.0,0.0,0.0,0.0,0.0,0,0.0,0.0,0.0,0.0,0.0,0.0,0.0,0.0,0.0,0.0,0.0,0.0,0.0,0.0,0.0,0.0,0.0,0,7.0,6,0,0,49.0,0,Platinum,2,0,28,M,Denver,Household,Mainstream,2021,0.0,38.32,Lapsed,2024-04,1
501660,1,4.0,9.0,7.666666666666667,0.17391304347826084,247.44,198.82666666666668,0.24450107296137327,-0.19767441860465118,0.4923889471155893,2,1.0,27.493333333333332,5.5,0.368,2.5,3.3333333333333335,-0.25000000000000006,-0.3488372093023256,2.5,1.0,1.5,0.0,0.3333333333333333,1.0,0.0,1.0,0.0,0,2.0,6,0,1,72.0,0,Silver,0,1,7,F,Tulsa,Beverages,Mainstream,2023,218.27200000000002,218.27200000000002,Active,2024-04,0
501661,1,2.0,1.6666666666666667,2.3333333333333335,-0.28571428571428575,63.68333333333334,101.96,-0.3754086569896691,0.11428571428571428,0.6464408141453678,2,0.8333333333333334,38.21,2.3333333333333335,0.288,3.0,2.0,0.5,0.42857142857142855,0.0,0.3333333333333333,-0.6666666666666666,0.3333333333333333,1.6666666666666667,1.0,1.0,2.0,0.0,0,1.0,6,0,0,36.0,0,Platinum,2,0,32,F,Austin,Snacks,Mainstream,2021,82.82166666666667,82.07461538461538,Active,2024-04,0
501662,3,0.0,1.0,2.0,-0.5,28.473333333333333,68.72666666666667,-0.5857018139489767,-0.42857142857142855,0.7266358577484238,1,0.6666666666666666,28.473333333333333,0.3333333333333333,0.23249999999999998,0.0,0.0,0.0,0.0,0.6666666666666666,3.0,-0.7777777777777778,0.0,0.3333333333333333,0.0,1.0,1.0,0.0,0,5.0,6,0,0,37.0,0,Silver,0,1,12,F,Boise,Frozen Foods,Value,2023,48.6,81.38111111111112,Active,2024-04,1
501663,7,0.0,0.0,0.0,0.0,0.0,0.0,0.0,0.0,0.0,0,0.0,0.0,0.0,0.0,0.0,0.0,0.0,0.0,0.0,0.0,0.0,0.0,0.0,0.0,0.0,0.0,0.0,0,7.0,6,0,0,53.0,0,Gold,1,0,21,F,Boise,Beverages,Upscale,2022,0.0,150.07333333333335,Lapsed,2024-04,1
501664,1,2.0,2.0,2.0,0.0,46.0,46.0,0.0,0.0,0.0,1,1.0,23.0,3.0,0.14,0.0,0.0,0.0,0.0,0.0,0.0,0.0,1.0,1.0,0.0,0.0,0.0,0.0,0,7.0,1,1,0,74.0,0,Gold,1,0,2,F,Raleigh,Beverages,Mainstream,2024,46.0,46.0,Active,2024-04,0
501665,1,1.0,3.3333333333333335,1.0,2.3333333333333335,128.13666666666668,38.97,2.2880848515952446,0.37142857142857144,0.7757433801897547,3,1.0,38.441,2.0,0.3516666666666666,0.6666666666666666,1.3333333333333333,-0.5,-0.34285714285714286,2.3333333333333335,1.6666666666666667,0.4,0.3333333333333333,0.0,2.0,0.0,2.0,1.0,1,2.0,6,0,0,70.0,0,Silver,0,1,19,F,Columbus,Beverages,Value,2022,83.55333333333333,86.06533333333333,Active,2024-04,1
501667,1,4.0,3.0,3.0,0.0,153.79333333333332,150.85666666666668,0.019466601851647072,0.0,0.6406694434509214,2,0.8333333333333334,51.26444444444444,3.3333333333333335,0.33199999999999996,1.0,2.0,-0.5,-0.14285714285714285,2.0,0.3333333333333333,3.0,0.3333333333333333,0.3333333333333333,0.0,0.0,0.0,0.0,0,7.0,6,0,0,34.0,0,Platinum,2,1,8,M,Columbus,Frozen Foods,Upscale,2023,152.32500000000002,182.32333333333335,Active,2024-04,0
501668,1,7.0,5.0,5.5,-0.09090909090909091,191.43666666666664,213.72,-0.10426414623494928,-0.09302325581395345,0.3664261975485525,3,1.0,38.28733333333333,4.0,0.17400000000000002,3.6666666666666665,4.5,-0.18518518518518523,-0.2325581395348837,1.6666666666666667,2.0,-0.16666666666666663,0.0,0.0,1.0,0.0,1.0,0.0,0,3.0,6,0,1,45.0,0,Silver,0,1,35,M,Columbus,Bakery,Mainstream,2021,200.34999999999997,238.28571428571428,Active,2024-04,0
501669,7,0.0,0.0,0.0,0.0,0.0,0.0,0.0,0.0,0.0,0,0.0,0.0,0.0,0.0,0.0,0.0,0.0,0.0,0.0,0.0,0.0,0.0,0.0,0.0,0.0,0.0,0.0,0,7.0,6,0,0,27.0,0,Platinum,2,1,37,F,Tulsa,Dairy,Mainstream,2021,0.0,180.76999999999998,Lapsed,2024-04,1
501670,1,3.0,4.0,7.333333333333333,-0.45454545454545453,97.16,147.02333333333334,-0.3391525154737344,-0.9459459459459459,0.24063201269738696,2,1.0,24.29,2.0,0.358,3.0,3.0,0.0,-0.33783783783783783,0.0,0.6666666666666666,-1.0,0.0,1.0,1.0,0.0,1.0,0.0,0,1.0,6,0,1,38.0,0,Silver,0,0,16,F,Raleigh,Personal Care,Upscale,2022,127.078,177.03785714285712,Active,2024-04,1
501671,1,4.0,6.666666666666667,5.333333333333333,0.2500000000000001,183.23333333333335,150.92666666666668,0.21405539113918462,0.2857142857142857,0.3489586212444488,3,1.0,27.485,3.0,0.2466666666666667,1.6666666666666667,1.3333333333333333,0.2500000000000001,0.2571428571428571,0.6666666666666666,1.6666666666666667,-0.6,0.6666666666666666,0.3333333333333333,0.0,0.0,0.0,0.0,0,7.0,6,0,0,72.0,0,Silver,0,1,34,M,Austin,Personal Care,Upscale,2021,167.08,162.61714285714285,Active,2024-04,0
501672,2,0.0,1.3333333333333333,0.6666666666666666,1.0,58.64666666666667,31.813333333333333,0.8434618608549875,0.0,0.8067705611993129,2,0.6666666666666666,43.98500000000001,0.3333333333333333,0.23249999999999998,1.0,2.6666666666666665,-0.625,-0.3714285714285715,1.6666666666666667,2.0,-0.16666666666666663,0.3333333333333333,0.6666666666666666,0.0,0.0,0.0,0.0,0,7.0,6,0,0,46.0,1,Gold,1,1,7,M,Tulsa,Household,Value,2023,45.23,67.845,Active,2024-04,0
501673,5,0.0,0.0,2.0,-1.0,0.0,42.46333333333334,-1.0,-0.7428571428571429,1.4783944144209864,0,0.3333333333333333,0.0,0.0,0.32,0.0,0.6666666666666666,-1.0,-0.22857142857142856,0.0,0.0,0.0,0.0,0.3333333333333333,0.0,2.0,2.0,0.0,0,4.0,6,0,0,25.0,0,Silver,0,0,22,M,Boise,Household,Upscale,2022,21.23166666666667,91.716,Lapsed,2024-04,1
501674,1,5.0,3.0,3.6666666666666665,-0.1818181818181818,80.93666666666667,118.59666666666665,-0.3175468675342195,-0.05714285714285714,0.3745838167834746,3,1.0,26.97888888888889,2.6666666666666665,0.24833333333333332,2.6666666666666665,3.6666666666666665,-0.27272727272727276,-0.37142857142857144,2.6666666666666665,1.3333333333333333,1.0,0.6666666666666666,0.3333333333333333,0.0,1.0,1.0,1.0,0,4.0,6,0,0,23.0,0,Silver,0,1,27,F,Raleigh,Bakery,Upscale,2022,99.76666666666667,143.26142857142858,Active,2024-04,0
501675,1,3.0,5.666666666666667,5.0,0.1333333333333334,177.35,145.66,0.21756144445970066,-0.22857142857142856,0.3147271383290553,3,1.0,31.297058823529408,3.3333333333333335,0.26333333333333336,2.3333333333333335,2.6666666666666665,-0.12499999999999989,-0.3142857142857143,0.6666666666666666,0.3333333333333333,0.6666666666666666,0.3333333333333333,0.0,0.0,0.0,0.0,0.0,0,7.0,6,0,0,46.0,1,Gold,1,0,34,Unknown,Portland,Household,Mainstream,2021,161.50499999999997,162.10733333333334,Active,2024-04,0
501677,1,5.0,6.0,6.333333333333333,-0.052631578947368376,126.60000000000001,141.14666666666668,-0.10306064613640657,0.02857142857142857,0.15008247546703954,3,1.0,21.1,3.6666666666666665,0.2916666666666667,1.6666666666666667,3.0,-0.4444444444444444,-0.45714285714285713,0.3333333333333333,0.0,0.6666666666666666,2.0,0.6666666666666666,1.0,0.0,1.0,0.0,0,1.0,6,0,0,39.0,0,Silver,0,0,22,F,Denver,Bakery,Mainstream,2022,133.87333333333333,123.886,Active,2024-04,0
501678,1,3.0,5.0,3.6666666666666665,0.3636363636363637,97.30333333333333,65.88666666666667,0.47682889810786183,0.17142857142857143,0.32571730314159797,3,1.0,19.460666666666665,3.0,0.295,2.0,1.6666666666666667,0.19999999999999996,0.14285714285714285,0.0,0.6666666666666666,-1.0,0.0,0.3333333333333333,1.0,0.0,1.0,0.0,0,2.0,6,0,0,62.0,0,Silver,0,0,9,F,Austin,Produce,Upscale,2023,81.595,78.1075,Active,2024-04,0
501679,1,7.0,8.666666666666666,6.333333333333333,0.3684210526315789,288.7,239.6,0.20492487479131885,0.6,0.3068128824297209,3,1.0,33.31153846153846,4.0,0.38666666666666666,4.666666666666667,3.6666666666666665,0.2727272727272729,0.4857142857142857,0.0,1.6666666666666667,-1.0,0.3333333333333333,0.3333333333333333,0.0,1.0,1.0,1.0,0,5.0,6,0,0,52.0,0,Gold,1,1,14,M,Madison,Beverages,Mainstream,2023,264.15000000000003,222.77769230769232,Active,2024-04,0
501681,7,0.0,0.0,0.0,0.0,0.0,0.0,0.0,0.0,0.0,0,0.0,0.0,0.0,0.0,0.0,0.0,0.0,0.0,0.0,0.0,0.0,0.0,0.0,0.0,0.0,0.0,0.0,0,7.0,6,0,0,36.0,0,Gold,1,0,25,M,Boise,Produce,Mainstream,2022,0.0,21.9,Lapsed,2024-04,1
501682,1,2.0,3.3333333333333335,4.0,-0.16666666666666663,129.32,173.65,-0.2552836164699108,-0.45714285714285713,0.3607788345215394,3,1.0,38.796,3.6666666666666665,0.21,2.6666666666666665,3.3333333333333335,-0.20000000000000007,-0.34285714285714286,0.3333333333333333,0.0,0.6666666666666666,1.0,0.6666666666666666,1.0,0.0,1.0,0.0,0,3.0,6,0,0,38.0,0,Gold,1,0,34,F,Austin,Dairy,Value,2021,151.48499999999999,172.57133333333334,Active,2024-04,0
501683,1,6.0,5.0,4.666666666666667,0.07142857142857136,133.18666666666667,130.56,0.02011846405228757,0.08571428571428572,0.23625796590246584,3,1.0,26.637333333333334,2.6666666666666665,0.15833333333333335,1.6666666666666667,1.3333333333333333,0.2500000000000001,0.2,3.0,1.6666666666666667,0.7999999999999999,0.0,0.6666666666666666,1.0,0.0,1.0,0.0,0,3.0,6,0,0,20.0,0,Silver,0,1,7,F,Tulsa,Household,Value,2023,131.87333333333333,131.87333333333333,Active,2024-04,0
501684,7,0.0,0.0,0.0,0.0,0.0,0.0,0.0,0.0,0.0,0,0.0,0.0,0.0,0.0,0.0,0.0,0.0,0.0,0.0,0.0,0.0,0.0,0.0,0.0,0.0,0.0,0.0,0,7.0,6,0,0,71.0,0,Gold,1,1,24,F,Boise,Personal Care,Value,2022,0.0,79.776,Lapsed,2024-04,1
501686,1,7.0,6.0,6.0,0.0,264.605,264.605,0.0,0.0,0.24589482436083976,2,1.0,44.100833333333334,4.5,0.27,1.5,1.5,0.0,0.0,0.5,0.5,0.0,1.0,1.0,0.0,0.0,0.0,0.0,0,7.0,2,1,0,34.0,0,Silver,0,1,3,F,Austin,Beverages,Mainstream,2024,264.605,264.605,Active,2024-04,0
501687,7,0.0,0.0,0.0,0.0,0.0,0.0,0.0,0.0,0.0,0,0.0,0.0,0.0,0.0,0.0,0.3333333333333333,-0.6666666666666666,-0.14285714285714285,0.0,0.0,0.0,0.0,0.0,0.0,1.0,1.0,0.0,0,5.0,6,0,0,46.0,1,Silver,0,1,33,M,Tulsa,Household,Unknown,2021,0.0,85.2475,Lapsed,2024-04,1
501688,3,0.0,0.3333333333333333,3.3333333333333335,-0.8999999999999999,10.726666666666667,109.58,-0.9021110908316602,-1.0571428571428572,1.0971712802973257,1,0.6666666666666666,32.18,1.3333333333333333,0.16,0.0,1.6666666666666667,-1.0,-0.3142857142857143,0.0,0.3333333333333333,-0.6666666666666666,0.0,0.0,1.0,0.0,1.0,0.0,0,2.0,6,0,0,71.0,0,Gold,1,0,12,F,Boise,Household,Upscale,2023,60.153333333333336,137.89444444444445,Active,2024-04,1
501689,1,2.0,2.3333333333333335,7.666666666666667,-0.6956521739130436,100.67,307.43666666666667,-0.6725504439938849,-1.6,0.561565751491556,3,1.0,43.144285714285715,2.0,0.27,3.0,3.0,0.0,0.11428571428571428,1.0,1.6666666666666667,-0.4,0.3333333333333333,2.0,1.0,1.0,2.0,1.0,0,3.0,6,0,0,47.0,0,Platinum,2,1,16,M,Spokane,Household,Value,2022,204.0533333333333,193.09666666666666,Active,2024-04,0
501691,7,0.0,0.0,0.0,0.0,0.0,0.0,0.0,0.0,0.0,0,0.0,0.0,0.0,0.0,0.0,0.0,0.0,0.0,0.0,0.0,0.0,0.0,0.0,0.0,0.0,0.0,0.0,0,7.0,6,0,0,36.0,0,Silver,0,1,32,F,Columbus,Bakery,Upscale,2021,0.0,89.9075,Lapsed,2024-04,1
501692,1,5.0,4.0,2.3333333333333335,0.7142857142857142,98.30666666666666,70.08999999999999,0.4025776382745994,0.14285714285714285,0.7545809919430573,3,0.8333333333333334,24.576666666666664,2.3333333333333335,0.346,0.6666666666666666,2.3333333333333335,-0.7142857142857144,-0.3142857142857143,0.6666666666666666,2.3333333333333335,-0.7142857142857144,0.0,0.3333333333333333,1.0,0.0,1.0,1.0,1,1.0,6,0,0,26.0,0,Gold,1,1,8,F,Spokane,Frozen Foods,Mainstream,2023,84.19833333333332,91.765,Active,2024-04,0
501695,2,0.0,1.6666666666666667,1.6666666666666667,0.0,81.77666666666666,81.77666666666666,0.0,-1.0,0.7134867929811737,2,0.6666666666666666,49.06599999999999,1.3333333333333333,0.345,0.6666666666666666,0.6666666666666666,0.0,1.0,2.0,2.0,0.0,0.0,0.0,2.0,0.0,2.0,0.0,0,2.0,3,1,0,23.0,0,Gold,1,1,4,M,Denver,Bakery,Value,2023,81.77666666666666,122.66499999999999,Active,2024-04,0
501696,1,1.0,2.6666666666666665,2.6666666666666665,0.0,76.64,76.64,0.0,-1.5,0.4277873149164592,3,1.0,28.740000000000002,2.0,0.32,2.3333333333333335,2.3333333333333335,0.0,-1.0,0.3333333333333333,0.3333333333333333,0.0,1.0,1.0,0.0,0.0,0.0,0.0,0,7.0,3,1,0,58.0,0,Gold,1,0,4,F,Austin,Snacks,Mainstream,2023,76.64,76.64,Active,2024-04,0
501697,1,6.0,8.333333333333334,9.666666666666666,-0.1379310344827585,304.49666666666667,370.74666666666667,-0.1786934474573833,-0.5142857142857142,0.43871604614380133,3,1.0,36.5396,6.666666666666667,0.24833333333333332,4.0,5.0,-0.2,-0.3142857142857143,2.0,1.0,1.0,1.0,1.0,0.0,1.0,1.0,0.0,0,5.0,6,0,0,20.0,0,Gold,1,1,25,M,Spokane,Produce,Value,2022,337.62166666666667,298.54846153846154,Active,2024-04,0
501698,1,4.0,3.6666666666666665,3.3333333333333335,0.09999999999999991,148.51333333333335,134.62333333333333,0.10317676480055474,0.02857142857142857,0.47742384422713807,3,1.0,40.50363636363637,2.3333333333333335,0.35833333333333334,0.3333333333333333,1.3333333333333333,-0.75,-0.3714285714285715,0.3333333333333333,0.3333333333333333,0.0,0.0,0.0,2.0,0.0,2.0,0.0,0,1.0,6,0,0,58.0,0,Silver,0,0,24,Other,Tulsa,Beverages,Value,2022,141.56833333333336,143.64214285714286,Active,2024-04,0
501699,1,5.0,4.333333333333333,2.3333333333333335,0.8571428571428569,108.61666666666666,54.52666666666667,0.9919916860251862,0.7428571428571429,0.5479348273797294,3,1.0,25.065384615384616,5.0,0.33499999999999996,0.6666666666666666,1.0,-0.33333333333333337,0.028571428571428543,2.0,1.0,1.0,0.0,1.0,0.0,0.0,0.0,0.0,0,7.0,6,0,0,68.0,0,Gold,1,1,7,F,Boise,Snacks,Value,2023,81.57166666666664,81.57166666666667,Active,2024-04,0
501700,1,10.0,10.5,10.5,0.0,162.105,162.105,0.0,0.0,0.082323185589587,2,1.0,15.438571428571427,3.0,0.305,3.0,3.0,0.0,0.0,1.5,1.5,0.0,0.5,0.5,0.0,0.0,0.0,0.0,0,7.0,2,1,0,65.0,0,Silver,0,1,3,F,Boise,Produce,Mainstream,2024,162.105,162.105,Active,2024-04,0
501701,2,0.0,2.3333333333333335,0.6666666666666666,2.5000000000000004,106.10666666666667,31.326666666666664,2.3871036390721434,0.37142857142857144,1.1585186145917827,2,0.6666666666666666,45.47428571428571,2.0,0.4625,1.3333333333333333,1.3333333333333333,0.0,-0.34285714285714286,0.3333333333333333,0.3333333333333333,0.0,0.6666666666666666,0.0,1.0,0.0,1.0,1.0,1,2.0,6,0,0,52.0,0,Gold,1,0,9,M,Raleigh,Personal Care,Mainstream,2023,68.71666666666667,138.6042857142857,Active,2024-04,0
501702,1,4.0,4.666666666666667,7.0,-0.3333333333333333,170.22,214.62,-0.20687727145652784,-0.9,0.15750455734141885,3,1.0,36.47571428571428,1.6666666666666667,0.20500000000000002,2.3333333333333335,4.0,-0.41666666666666663,-1.1,1.3333333333333333,1.0,0.33333333333333326,0.6666666666666666,0.0,0.0,0.0,0.0,0.0,0,7.0,4,0,0,48.0,0,Gold,1,1,5,M,Portland,Produce,Mainstream,2023,181.32,181.32,Active,2024-04,0
501703,6,0.0,0.0,0.3333333333333333,-0.6666666666666666,0.0,14.466666666666667,-1.0,-0.14285714285714285,2.23606797749979,0,0.16666666666666666,0.0,0.0,0.35,0.0,0.0,0.0,0.0,0.0,0.6666666666666666,-1.0,0.0,0.0,0.0,0.0,0.0,0.0,0,7.0,6,0,0,25.0,0,Gold,1,1,27,M,Columbus,Dairy,Mainstream,2022,7.233333333333333,162.4477777777778,Lapsed,2024-04,1
501704,1,4.0,3.5,7.666666666666667,-0.5434782608695652,98.3,204.0566666666667,-0.5182710684940459,-0.9302325581395349,0.39264269827488035,2,1.0,28.085714285714285,2.0,0.23800000000000004,4.0,2.3333333333333335,0.7142857142857142,0.29069767441860467,1.0,2.6666666666666665,-0.625,0.0,0.6666666666666666,1.0,1.0,2.0,2.0,1,2.0,6,0,1,46.0,0,Gold,1,1,34,F,Nashville,Snacks,Mainstream,2021,161.754,158.88642857142855,Active,2024-04,0
501705,1,9.0,5.666666666666667,6.0,-0.055555555555555504,161.34333333333333,163.13,-0.010952410143239513,0.4,0.4240801167459332,3,1.0,28.47235294117647,5.333333333333333,0.16999999999999998,3.0,1.5,1.0,0.5,2.0,2.5,-0.2,0.6666666666666666,0.5,0.0,1.0,1.0,0.0,0,4.0,6,0,1,70.0,0,Silver,0,1,16,M,Boise,Personal Care,Mainstream,2022,162.05800000000002,128.81214285714287,Active,2024-04,0
501706,7,0.0,0.0,0.0,0.0,0.0,0.0,0.0,0.0,0.0,0,0.0,0.0,0.0,0.0,0.0,0.0,0.0,0.0,0.0,0.0,0.0,0.0,0.0,0.0,0.0,0.0,0.0,0,7.0,6,0,0,38.0,0,Silver,0,0,12,F,Tulsa,Dairy,Upscale,2023,0.0,92.9225,Lapsed,2024-04,1
501707,1,11.0,9.0,7.0,0.2857142857142857,345.26,235.07000000000002,0.4687539881737353,0.8,0.3214312801402831,3,1.0,38.36222222222222,2.3333333333333335,0.38000000000000006,2.6666666666666665,2.0,0.33333333333333326,-1.2688263138573217e-17,1.0,2.3333333333333335,-0.5714285714285715,1.0,0.3333333333333333,0.0,1.0,1.0,1.0,0,5.0,6,0,0,33.0,0,Gold,1,1,20,F,Nashville,Personal Care,Value,2022,290.165,253.2757142857143,Active,2024-04,0
501708,7,0.0,0.0,0.0,0.0,0.0,0.0,0.0,0.0,0.0,0,0.0,0.0,0.0,0.0,0.0,0.0,0.0,0.0,0.0,0.0,0.0,0.0,0.0,0.0,0.0,0.0,0.0,0,7.0,6,0,0,67.0,0,Silver,0,1,12,M,Columbus,Beverages,Mainstream,2023,0.0,76.645,Lapsed,2024-04,1
501709,1,1.0,5.333333333333333,3.5,0.5238095238095237,197.17999999999998,126.17,0.562812078941111,0.3,0.7168552047981972,3,1.0,36.97125,3.6666666666666665,0.22000000000000003,2.3333333333333335,3.5,-0.3333333333333333,-0.1,0.3333333333333333,0.5,-0.33333333333333337,0.3333333333333333,0.0,2.0,0.0,2.0,1.0,1,1.0,5,0,0,48.0,0,Platinum,2,0,6,F,Madison,Beverages,Upscale,2023,168.77599999999998,168.776,Active,2024-04,0
501710,1,2.0,3.0,3.0,0.0,134.04000000000002,134.04000000000002,0.0,0.0,0.38712324679200233,2,1.0,44.68000000000001,2.0,0.14,2.5,2.5,0.0,0.0,0.5,0.5,0.0,1.0,1.0,0.0,0.0,0.0,0.0,0,7.0,2,1,0,69.0,0,Gold,1,1,3,F,Portland,Produce,Value,2024,134.04000000000002,134.04000000000002,Active,2024-04,0
501711,1,3.0,4.666666666666667,2.0,1.3333333333333335,151.03333333333333,63.85,1.3654398329417907,0.45714285714285713,0.5220076917228543,3,1.0,32.364285714285714,3.3333333333333335,0.245,3.3333333333333335,2.3333333333333335,0.42857142857142855,-0.02857142857142857,1.3333333333333333,1.6666666666666667,-0.20000000000000007,0.3333333333333333,1.0,1.0,0.0,1.0,0.0,0,1.0,6,0,0,20.0,0,Silver,0,1,24,F,Austin,Personal Care,Value,2022,107.44166666666666,91.73933333333333,Active,2024-04,0
501712,1,3.0,2.3333333333333335,2.3333333333333335,0.0,66.74333333333333,66.27333333333333,0.007091841867015374,0.05714285714285713,0.6203875648557199,3,0.8333333333333334,28.60428571428571,0.6666666666666666,0.22400000000000003,1.6666666666666667,1.0,0.6666666666666667,0.45714285714285724,2.0,2.0,0.0,0.6666666666666666,0.6666666666666666,0.0,0.0,0.0,0.0,0,7.0,6,0,0,27.0,0,Gold,1,1,30,F,Raleigh,Frozen Foods,Mainstream,2021,66.50833333333333,75.3876923076923,Active,2024-04,0
501713,1,1.0,2.0,4.0,-0.5,48.54,107.95333333333333,-0.5503612672142284,-0.7428571428571429,0.5821592160889565,3,1.0,24.27,2.0,0.2733333333333334,1.3333333333333333,1.0,0.33333333333333326,0.2,0.3333333333333333,1.3333333333333333,-0.75,0.0,0.3333333333333333,0.0,0.0,0.0,0.0,0,7.0,6,0,0,56.0,0,Silver,0,1,19,F,Austin,Snacks,Upscale,2022,78.24666666666667,91.03,Active,2024-04,0
501714,1,5.0,6.666666666666667,7.0,-0.047619047619047575,201.62333333333333,221.17999999999998,-0.08841968833830656,-0.7142857142857143,0.40706186390818644,3,1.0,30.243499999999997,4.666666666666667,0.23833333333333337,3.3333333333333335,3.3333333333333335,0.0,-0.22857142857142856,0.0,0.3333333333333333,-0.6666666666666666,0.3333333333333333,0.0,0.0,0.0,0.0,0.0,0,7.0,6,0,0,62.0,0,Gold,1,0,25,M,Portland,Snacks,Upscale,2022,211.40166666666664,199.47066666666666,Active,2024-04,0
501715,1,1.0,0.6666666666666666,0.6666666666666666,0.0,29.006666666666664,29.006666666666664,0.0,0.5,0.7110303980937692,2,0.6666666666666666,43.51,0.6666666666666666,0.5249999999999999,0.6666666666666666,0.6666666666666666,0.0,-0.5,0.0,0.0,0.0,0.3333333333333333,0.3333333333333333,0.0,0.0,0.0,0.0,0,7.0,3,1,0,73.0,0,Platinum,2,0,4,F,Columbus,Snacks,Mainstream,2023,29.006666666666664,43.51,Active,2024-04,1
501716,1,2.0,2.6666666666666665,1.6666666666666667,0.5999999999999999,80.46666666666667,49.78333333333333,0.6163374623367929,0.2,0.2871610086793963,3,1.0,30.175,2.0,0.27,1.3333333333333333,1.0,0.33333333333333326,0.2,2.0,2.3333333333333335,-0.1428571428571429,0.3333333333333333,0.0,0.0,1.0,1.0,1.0,0,5.0,6,0,0,33.0,0,Silver,0,1,20,Other,Austin,Bakery,Upscale,2022,65.125,55.73642857142857,Active,2024-04,0
501717,1,3.0,3.3333333333333335,2.3333333333333335,0.42857142857142855,163.36666666666667,124.21,0.3152456860692914,0.14285714285714285,0.534693176825412,3,1.0,49.01,0.3333333333333333,0.19333333333333336,2.0,4.333333333333333,-0.5384615384615384,-0.5428571428571428,0.0,0.6666666666666666,-1.0,0.3333333333333333,1.0,0.0,1.0,1.0,0.0,0,6.0,6,0,0,32.0,0,Platinum,2,0,25,M,Tulsa,Beverages,Value,2022,143.78833333333333,180.49333333333334,Active,2024-04,0
501718,1,4.0,3.3333333333333335,4.666666666666667,-0.28571428571428575,105.93666666666667,139.20000000000002,-0.23896072796934875,-0.17142857142857143,0.35863397282436515,3,1.0,31.781,1.6666666666666667,0.27166666666666667,1.6666666666666667,2.3333333333333335,-0.28571428571428575,-0.11428571428571428,1.3333333333333333,2.0,-0.33333333333333337,0.3333333333333333,0.6666666666666666,0.0,1.0,1.0,0.0,0,4.0,6,0,0,28.0,0,Silver,0,1,23,Other,Spokane,Household,Unknown,2022,122.56833333333334,115.60846153846154,Active,2024-04,0
501720,1,4.0,6.0,6.0,0.0,274.68,274.68,0.0,0.0,0.2992573176059415,2,1.0,45.78,3.0,0.265,4.5,4.5,0.0,0.0,0.5,0.5,0.0,0.5,0.5,0.0,0.0,0.0,0.0,0,7.0,2,1,0,29.0,0,Platinum,2,1,3,F,Austin,Beverages,Mainstream,2024,274.68,274.68,Active,2024-04,0
501721,1,8.0,6.333333333333333,8.0,-0.20833333333333337,155.89,195.36666666666665,-0.20206449411363248,0.02857142857142857,0.26082030312670357,3,1.0,24.614210526315787,3.6666666666666665,0.25999999999999995,3.3333333333333335,3.6666666666666665,-0.09090909090909083,-0.2571428571428571,1.6666666666666667,2.0,-0.16666666666666663,0.0,0.3333333333333333,0.0,0.0,0.0,0.0,0,7.0,6,0,0,69.0,0,Gold,1,1,37,F,Portland,Dairy,Mainstream,2021,175.62833333333333,159.40466666666669,Active,2024-04,0
501722,2,0.0,2.3333333333333335,4.0,-0.41666666666666663,65.62333333333333,116.25666666666666,-0.43553057889153307,-0.7714285714285715,0.4994626429159147,2,0.8333333333333334,28.124285714285712,2.0,0.25800000000000006,0.0,1.0,-1.0,-0.08571428571428572,1.3333333333333333,1.3333333333333333,0.0,0.0,1.3333333333333333,0.0,0.0,0.0,0.0,0,7.0,6,0,0,50.0,0,Silver,0,1,9,F,Spokane,Household,Value,2023,90.94,90.61714285714287,Active,2024-04,1
501723,1,4.0,4.0,5.0,-0.2,162.18666666666667,212.57999999999998,-0.2370558534826104,-0.24418604651162787,0.15584599991065484,3,1.0,40.54666666666667,2.3333333333333335,0.346,1.6666666666666667,1.0,0.6666666666666667,0.10465116279069764,1.3333333333333333,2.0,-0.33333333333333337,0.3333333333333333,0.5,1.0,1.0,2.0,1.0,1,1.0,6,0,1,56.0,0,Platinum,2,1,8,F,Madison,Produce,Mainstream,2023,182.344,164.42166666666665,Active,2024-04,0
501724,7,0.0,0.0,0.0,0.0,0.0,0.0,0.0,0.0,0.0,0,0.0,0.0,0.0,0.0,0.0,0.0,0.0,0.0,0.0,0.0,0.0,0.0,0.0,0.0,0.0,0.0,0.0,0,7.0,6,0,0,33.0,0,Silver,0,1,22,F,Madison,Frozen Foods,Mainstream,2022,0.0,107.52000000000001,Lapsed,2024-04,1
501725,1,5.0,4.333333333333333,3.6666666666666665,0.1818181818181818,107.79,100.38333333333333,0.07378382865681568,0.5142857142857142,0.38688543161105593,3,1.0,24.87461538461539,1.6666666666666667,0.2966666666666667,1.0,0.3333333333333333,1.3333333333333335,0.2857142857142857,2.0,1.6666666666666667,0.19999999999999996,1.3333333333333333,0.0,0.0,0.0,0.0,0.0,0,7.0,6,0,0,59.0,0,Gold,1,1,28,M,Columbus,Bakery,Mainstream,2021,104.08666666666666,103.63000000000001,Active,2024-04,0
501726,1,7.0,5.0,6.0,-0.16666666666666666,212.48,295.6666666666667,-0.2813528748590756,-0.2,0.3737510492795796,3,1.0,42.495999999999995,2.6666666666666665,0.2916666666666667,0.6666666666666666,2.0,-0.6666666666666667,-0.34285714285714286,1.0,0.6666666666666666,0.5000000000000001,1.0,1.0,0.0,0.0,0.0,0.0,0,7.0,6,0,0,31.0,0,Silver,0,0,36,M,Nashville,Snacks,Value,2021,254.07333333333335,241.75733333333335,Active,2024-04,0
501727,1,5.0,4.333333333333333,4.666666666666667,-0.07142857142857155,98.07000000000001,109.59666666666665,-0.10517351500958037,-0.14285714285714285,0.3273645143109035,3,1.0,22.631538461538465,2.6666666666666665,0.285,2.3333333333333335,1.6666666666666667,0.4,0.45714285714285713,1.6666666666666667,2.0,-0.16666666666666663,0.0,1.3333333333333333,0.0,1.0,1.0,0.0,0,6.0,6,0,0,27.0,0,Gold,1,1,28,M,Austin,Produce,Upscale,2021,103.83333333333333,123.78928571428571,Active,2024-04,0
501728,1,4.0,4.0,3.6666666666666665,0.09090909090909095,123.0,124.72333333333334,-0.013817248844108372,-0.2571428571428571,0.4462126282035755,3,1.0,30.75,4.333333333333333,0.18666666666666668,0.3333333333333333,1.6666666666666667,-0.8,-0.5142857142857142,0.3333333333333333,0.0,0.6666666666666666,1.0,1.3333333333333333,0.0,0.0,0.0,0.0,0,7.0,6,0,0,23.0,0,Silver,0,0,31,F,Madison,Produce,Upscale,2021,123.86166666666668,138.5692857142857,Active,2024-04,0
501729,1,5.0,6.0,7.333333333333333,-0.1818181818181818,193.4466666666667,208.34,-0.07148571245720128,-0.8571428571428571,0.31999708993985687,3,1.0,32.24111111111112,2.0,0.18166666666666664,4.333333333333333,3.0,0.44444444444444436,0.2857142857142857,2.0,1.3333333333333333,0.5000000000000001,0.6666666666666666,0.0,0.0,2.0,2.0,0.0,0,4.0,6,0,0,26.0,0,Silver,0,1,35,M,Tulsa,Snacks,Mainstream,2021,200.89333333333335,219.30357142857142,Active,2024-04,0
501730,4,0.0,0.0,0.6666666666666666,-1.0,0.0,19.626666666666665,-1.0,-0.17142857142857146,1.418954952476737,0,0.3333333333333333,0.0,0.0,0.355,0.0,0.0,0.0,0.0,0.0,1.0,-1.0,0.0,0.0,0.0,2.0,2.0,0.0,0,5.0,6,0,0,36.0,0,Silver,0,1,24,M,Denver,Bakery,Mainstream,2022,9.813333333333333,126.55199999999999,Lapsed,2024-04,1
501731,1,4.0,3.3333333333333335,3.0,0.11111111111111116,88.51333333333332,79.86,0.10835629017447185,0.3142857142857143,0.28545832638890567,3,1.0,26.553999999999995,1.6666666666666667,0.2966666666666667,3.3333333333333335,1.6666666666666667,1.0,0.5428571428571428,0.6666666666666666,1.6666666666666667,-0.6,0.0,0.3333333333333333,0.0,0.0,0.0,0.0,0,7.0,6,0,0,23.0,0,Silver,0,1,23,F,Boise,Frozen Foods,Upscale,2022,84.18666666666665,95.76384615384616,Active,2024-04,0
501732,3,0.0,0.3333333333333333,4.666666666666667,-0.9285714285714286,13.256666666666668,176.45000000000002,-0.9248701237366582,-1.3428571428571427,1.0462883340749065,1,0.6666666666666666,39.77,0.3333333333333333,0.19,0.3333333333333333,2.6666666666666665,-0.8749999999999999,-0.5428571428571428,0.0,0.3333333333333333,-0.6666666666666666,0.0,0.0,0.0,0.0,0.0,0.0,0,7.0,6,0,0,62.0,0,Gold,1,0,19,F,Raleigh,Snacks,Value,2022,94.85333333333335,169.12333333333333,Active,2024-04,1
501733,1,14.0,11.333333333333334,8.666666666666666,0.3076923076923079,456.36666666666673,423.43,0.07778538758866099,0.9142857142857143,0.33491399174688313,3,1.0,40.267647058823535,5.0,0.3333333333333333,6.666666666666667,3.6666666666666665,0.8181818181818183,1.0,1.0,0.3333333333333333,1.3333333333333335,1.3333333333333333,1.6666666666666667,1.0,1.0,2.0,1.0,0,1.0,6,0,0,37.0,0,Gold,1,1,7,F,Denver,Snacks,Upscale,2023,439.8983333333333,439.8983333333333,Active,2024-04,0
501735,2,0.0,1.3333333333333333,1.3333333333333333,0.0,34.5,34.5,0.0,-1.0,0.7109763052227913,2,0.6666666666666666,25.875,1.3333333333333333,0.22999999999999998,0.6666666666666666,0.6666666666666666,0.0,-0.5,1.0,1.0,0.0,0.3333333333333333,0.3333333333333333,2.0,0.0,2.0,1.0,1,2.0,3,1,0,68.0,0,Silver,0,1,4,M,Tulsa,Household,Mainstream,2023,34.5,51.75,Active,2024-04,0
501736,1,10.0,9.0,11.0,-0.18181818181818182,229.84,292.03333333333336,-0.21296655632918624,-0.05714285714285714,0.26256537313460915,3,1.0,25.537777777777777,4.0,0.39166666666666666,2.6666666666666665,5.0,-0.4666666666666667,-0.5999999999999999,1.0,1.6666666666666667,-0.4,0.0,0.3333333333333333,2.0,2.0,4.0,1.0,0,1.0,6,0,0,45.0,0,Silver,0,1,34,F,Portland,Snacks,Value,2021,260.93666666666667,261.8666666666667,Active,2024-04,0
501737,6,0.0,0.0,0.6666666666666666,-1.0,0.0,33.303333333333335,-1.0,-0.2857142857142857,2.23606797749979,0,0.16666666666666666,0.0,0.0,0.23,0.0,0.3333333333333333,-0.6666666666666666,-0.14285714285714285,0.0,0.6666666666666666,-1.0,0.0,0.0,0.0,2.0,2.0,0.0,0,5.0,6,0,0,55.0,0,Platinum,2,1,11,F,Austin,Beverages,Upscale,2023,16.651666666666667,196.43,Lapsed,2024-04,1
501738,1,4.0,4.0,4.0,0.0,112.91,112.91,0.0,0.0,0.0,1,1.0,28.2275,1.0,0.31,2.0,2.0,0.0,0.0,0.0,0.0,0.0,2.0,2.0,0.0,0.0,0.0,0.0,0,7.0,1,1,0,52.0,0,Silver,0,0,2,F,Madison,Household,Mainstream,2024,112.91,112.91,Active,2024-04,0
501739,1,8.0,6.0,4.0,0.5,172.95666666666668,136.88,0.26356419248003127,1.0,0.22786179454118913,3,1.0,28.826111111111114,4.0,0.2025,2.3333333333333335,0.0,3.0,0.1,1.6666666666666667,1.0,0.6666666666666667,0.3333333333333333,1.0,0.0,0.0,0.0,0.0,0,7.0,4,0,0,63.0,0,Gold,1,1,5,M,Spokane,Household,Mainstream,2023,163.9375,163.9375,Active,2024-04,0
501740,3,0.0,0.3333333333333333,0.3333333333333333,0.0,8.626666666666667,8.626666666666667,0.0,-0.5,1.414213562373095,1,0.3333333333333333,25.880000000000003,0.0,0.41,0.0,0.0,0.0,0.0,0.0,0.0,0.0,0.0,0.0,0.0,0.0,0.0,0.0,0,7.0,3,1,0,20.0,0,Silver,0,1,4,F,Denver,Beverages,Mainstream,2023,8.626666666666667,25.88,Active,2024-04,1
501741,1,3.0,1.6666666666666667,3.3333333333333335,-0.5,75.13,180.21,-0.5830974973641863,-0.5428571428571428,0.7352827467685622,2,0.8333333333333334,45.077999999999996,0.0,0.22400000000000003,2.0,2.6666666666666665,-0.24999999999999994,-0.5714285714285714,2.3333333333333335,0.3333333333333333,3.0,0.6666666666666666,0.0,0.0,0.0,0.0,0.0,0,7.0,6,0,0,38.0,0,Platinum,2,1,14,M,Denver,Household,Mainstream,2023,127.67,180.57454545454544,Active,2024-04,0
501742,1,4.0,3.0,7.0,-0.5714285714285714,116.36000000000001,271.6066666666666,-0.5715863626322377,-0.4534883720930232,0.5611964048399436,2,1.0,38.78666666666667,2.0,0.252,1.0,1.3333333333333333,-0.24999999999999994,-0.08139534883720928,2.0,1.3333333333333333,0.5000000000000001,1.0,0.6666666666666666,0.0,0.0,0.0,0.0,0,7.0,6,0,1,34.0,0,Gold,1,1,26,F,Madison,Produce,Value,2022,209.50799999999998,198.79500000000002,Active,2024-04,0
501743,1,2.0,2.6666666666666665,3.5,-0.23809523809523814,59.07333333333333,90.195,-0.3450486907995639,-0.5405405405405405,0.6791136652759757,3,1.0,22.1525,2.3333333333333335,0.354,2.0,2.5,-0.2,-0.3918918918918919,2.3333333333333335,1.5,0.5555555555555557,0.6666666666666666,1.5,1.0,0.0,1.0,0.0,0,2.0,6,0,1,50.0,0,Gold,1,1,30,M,Columbus,Produce,Mainstream,2021,71.522,83.16785714285713,Active,2024-04,0
501744,7,0.0,0.0,0.0,0.0,0.0,0.0,0.0,0.0,0.0,0,0.0,0.0,0.0,0.0,0.0,0.0,0.0,0.0,0.0,0.0,0.0,0.0,0.0,0.0,0.0,0.0,0.0,0,7.0,6,0,0,69.0,0,Silver,0,1,31,M,Denver,Produce,Value,2021,0.0,61.422000000000004,Lapsed,2024-04,1
501745,1,9.0,9.5,5.0,0.9,346.065,183.6833333333333,0.8840304872516108,1.0697674418604652,0.3254575248216906,2,1.0,36.427894736842106,5.0,0.392,2.5,2.6666666666666665,-0.062499999999999944,-0.011627906976744184,1.5,2.0,-0.25,0.0,0.6666666666666666,0.0,0.0,0.0,0.0,0,7.0,6,0,1,18.0,0,Gold,1,1,36,M,Nashville,Produce,Mainstream,2021,248.63600000000002,252.56928571428574,Active,2024-04,0
501746,1,1.0,1.3333333333333333,1.6666666666666667,-0.20000000000000007,52.30666666666667,66.38333333333334,-0.21205121767511925,0.14285714285714285,0.8196681846149666,2,0.6666666666666666,39.230000000000004,0.3333333333333333,0.4175,0.3333333333333333,0.0,0.6666666666666666,0.02857142857142857,0.3333333333333333,0.6666666666666666,-0.5,0.3333333333333333,0.3333333333333333,1.0,0.0,1.0,1.0,1,1.0,6,0,0,74.0,0,Silver,0,0,30,M,Tulsa,Produce,Upscale,2021,59.345000000000006,56.99545454545455,Active,2024-04,1
501748,5,0.0,0.0,2.3333333333333335,-1.0,0.0,36.60666666666666,-1.0,-0.8285714285714286,1.4404738367612668,0,0.3333333333333333,0.0,0.0,0.22999999999999998,0.0,3.0,-1.0,-0.9428571428571428,0.0,0.3333333333333333,-0.6666666666666666,0.0,0.3333333333333333,0.0,2.0,2.0,0.0,0,5.0,6,0,0,66.0,0,Silver,0,1,17,F,Columbus,Household,Mainstream,2022,18.30333333333333,102.93800000000002,Lapsed,2024-04,1
501749,7,0.0,0.0,0.0,0.0,0.0,0.0,0.0,0.0,0.0,0,0.0,0.0,0.0,0.0,0.0,0.0,0.0,0.0,0.0,0.0,0.0,0.0,0.0,0.0,0.0,0.0,0.0,0,7.0,6,0,0,72.0,0,Gold,1,0,24,F,Portland,Frozen Foods,Value,2022,0.0,83.12571428571428,Lapsed,2024-04,1
501750,1,3.0,3.0,6.5,-0.5384615384615384,86.16000000000001,195.27,-0.5587647872176985,-1.2,0.45343751785699277,3,1.0,28.720000000000002,3.0,0.33199999999999996,2.0,1.5,0.3333333333333333,-0.10000000000000005,2.3333333333333335,1.0,1.3333333333333335,0.0,1.5,0.0,0.0,0.0,0.0,0,7.0,5,0,0,27.0,0,Gold,1,1,6,F,Raleigh,Snacks,Value,2023,129.80400000000003,129.804,Active,2024-04,0
501751,1,5.0,5.666666666666667,5.333333333333333,0.06250000000000011,147.55666666666664,134.64000000000001,0.09593483858189711,-0.42857142857142855,0.49741553118532467,3,1.0,26.03941176470588,2.3333333333333335,0.24833333333333338,3.0,1.0,2.0,0.5142857142857142,0.6666666666666666,0.3333333333333333,0.6666666666666666,0.3333333333333333,0.0,0.0,1.0,1.0,0.0,0,4.0,6,0,0,31.0,0,Gold,1,0,26,F,Portland,Bakery,Upscale,2022,141.09833333333333,133.19066666666666,Active,2024-04,0
501753,1,16.0,12.0,8.666666666666666,0.3846153846153847,277.65333333333336,205.67,0.349994327482537,1.3714285714285714,0.3871046789870667,3,1.0,23.13777777777778,4.666666666666667,0.28833333333333333,4.333333333333333,4.0,0.08333333333333326,-0.19999999999999998,1.0,2.3333333333333335,-0.5714285714285715,1.0,0.3333333333333333,0.0,0.0,0.0,0.0,0,7.0,6,0,0,41.0,0,Silver,0,1,8,F,Boise,Beverages,Mainstream,2023,241.66166666666663,228.40142857142857,Active,2024-04,0
501754,4,0.0,0.0,2.0,-1.0,0.0,65.21666666666667,-1.0,-0.6857142857142857,1.4722035022088642,0,0.5,0.0,0.0,0.35000000000000003,0.0,0.0,0.0,0.0,0.0,0.0,0.0,0.0,0.0,0.0,0.0,0.0,0.0,0,7.0,6,0,0,43.0,0,Silver,0,0,32,F,Boise,Snacks,Mainstream,2021,32.608333333333334,93.96363636363635,Lapsed,2024-04,1
501755,4,0.0,0.0,2.0,-1.0,0.0,106.71,-1.0,-0.6285714285714286,1.1290900888316513,0,0.5,0.0,0.0,0.3,0.0,1.3333333333333333,-1.0,-0.34285714285714286,0.0,0.3333333333333333,-0.6666666666666666,0.0,0.3333333333333333,0.0,1.0,1.0,1.0,0,4.0,6,0,0,35.0,0,Platinum,2,0,12,M,Columbus,Household,Mainstream,2023,53.355,140.006,Lapsed,2024-04,1
501756,2,0.0,0.3333333333333333,0.3333333333333333,0.0,12.92,13.886666666666665,-0.06961113778204502,0.05714285714285714,1.4155921440280645,1,0.3333333333333333,38.760000000000005,0.0,0.305,0.3333333333333333,2.6666666666666665,-0.8749999999999999,-0.4857142857142857,0.6666666666666666,2.3333333333333335,-0.7142857142857144,0.0,0.3333333333333333,4.0,0.0,4.0,0.0,0,1.0,6,0,0,27.0,0,Gold,1,1,37,M,Denver,Household,Upscale,2021,13.40333333333333,50.85125,Active,2024-04,1
501757,1,3.0,4.333333333333333,2.0,1.1666666666666665,105.32333333333334,48.873333333333335,1.1550265993725277,0.6,0.5634000820919162,3,1.0,24.305384615384618,2.0,0.32,1.0,1.6666666666666667,-0.4,-0.05714285714285714,0.6666666666666666,0.3333333333333333,0.6666666666666666,1.3333333333333333,0.6666666666666666,0.0,0.0,0.0,0.0,0,7.0,6,0,0,65.0,0,Silver,0,0,32,Other,Spokane,Beverages,Mainstream,2021,77.09833333333334,88.84642857142856,Active,2024-04,0
501758,2,0.0,3.6666666666666665,4.333333333333333,-0.15384615384615383,79.46333333333332,112.26666666666667,-0.29219121140142523,-0.45714285714285713,0.7090765376806691,2,0.8333333333333334,21.671818181818182,1.6666666666666667,0.25,1.0,2.3333333333333335,-0.5714285714285715,-0.28571428571428575,0.6666666666666666,1.3333333333333333,-0.5,0.0,0.0,0.0,0.0,0.0,0.0,0,7.0,6,0,0,45.0,0,Silver,0,1,9,F,Portland,Frozen Foods,Value,2023,95.86500000000001,103.85857142857142,Active,2024-04,0
501759,7,0.0,0.0,0.0,0.0,0.0,0.0,0.0,0.0,0.0,0,0.0,0.0,0.0,0.0,0.0,0.0,0.0,0.0,0.0,0.0,0.0,0.0,0.0,0.0,0.0,0.0,0.0,0,7.0,6,0,0,18.0,0,Silver,0,1,35,F,Raleigh,Snacks,Value,2021,0.0,39.72666666666667,Lapsed,2024-04,1
501760,1,5.0,2.6666666666666665,2.6666666666666665,0.0,98.78333333333335,112.15333333333332,-0.11921179337811309,0.4,0.6321951655491801,3,1.0,37.04375000000001,2.3333333333333335,0.21333333333333335,1.3333333333333333,2.6666666666666665,-0.5,-0.5142857142857142,1.0,2.0,-0.5,1.6666666666666667,1.0,0.0,0.0,0.0,0.0,0,7.0,6,0,0,70.0,0,Silver,0,1,33,M,Nashville,Beverages,Value,2021,105.46833333333335,171.85399999999998,Active,2024-04,0
501761,1,6.0,6.0,1.3333333333333333,3.0,154.78,36.416666666666664,3.0,0.8571428571428571,0.8081294931605584,3,0.8333333333333334,25.796666666666667,2.0,0.262,0.6666666666666666,1.3333333333333333,-0.5,-0.17142857142857143,1.6666666666666667,2.6666666666666665,-0.37499999999999994,1.0,0.0,1.0,0.0,1.0,0.0,0,1.0,6,0,0,24.0,0,Silver,0,1,37,F,Tulsa,Produce,Mainstream,2021,95.59833333333334,112.60785714285714,Active,2024-04,0
501762,7,0.0,0.0,0.0,0.0,0.0,0.0,0.0,0.0,0.0,0,0.0,0.0,0.0,0.0,0.0,0.0,0.0,0.0,0.0,0.0,0.0,0.0,0.0,0.0,0.0,0.0,0.0,0,7.0,6,0,0,68.0,0,Platinum,2,0,15,M,Boise,Bakery,Mainstream,2023,0.0,86.82499999999999,Lapsed,2024-04,1
501763,1,4.0,2.6666666666666665,4.666666666666667,-0.42857142857142866,85.55666666666667,137.4933333333333,-0.37773952676493394,-0.4,0.37972802454621646,3,1.0,32.08375,2.6666666666666665,0.3383333333333333,0.0,0.3333333333333333,-0.6666666666666666,-0.14285714285714285,1.3333333333333333,1.6666666666666667,-0.20000000000000007,0.3333333333333333,0.3333333333333333,2.0,1.0,3.0,1.0,1,1.0,6,0,0,58.0,0,Silver,0,1,34,F,Austin,Dairy,Mainstream,2021,111.52499999999999,126.96666666666667,Active,2024-04,0
501764,1,1.0,2.0,2.6666666666666665,-0.24999999999999994,41.74,52.74666666666667,-0.20867037411526795,-0.17142857142857143,0.7462748657985423,2,0.8333333333333334,20.87,2.3333333333333335,0.256,1.0,2.0,-0.5,-0.02857142857142857,0.6666666666666666,0.6666666666666666,0.0,0.0,0.3333333333333333,1.0,0.0,1.0,1.0,1,3.0,6,0,0,40.0,0,Silver,0,0,11,Unknown,Denver,Household,Value,2023,47.24333333333333,79.75222222222222,Active,2024-04,0
501765,7,0.0,0.0,0.0,0.0,0.0,0.0,0.0,0.0,0.0,0,0.0,0.0,0.0,0.0,0.0,0.0,0.0,0.0,0.0,0.0,0.0,0.0,0.0,0.0,0.0,0.0,0.0,0,7.0,6,0,0,40.0,0,Silver,0,1,13,M,Boise,Dairy,Mainstream,2023,0.0,86.38,Lapsed,2024-04,1
501766,1,5.0,3.6666666666666665,3.0,0.22222222222222218,183.20333333333335,138.15,0.3261189528290506,0.33720930232558133,0.3286940097691649,3,1.0,49.96454545454546,1.6666666666666667,0.196,0.3333333333333333,2.5,-0.8666666666666666,-0.44186046511627897,0.0,0.5,-1.0,0.3333333333333333,1.0,0.0,1.0,1.0,0.0,0,5.0,6,0,1,21.0,0,Platinum,2,1,19,M,Madison,Bakery,Value,2022,165.18200000000002,129.75714285714284,Active,2024-04,0
501767,1,6.0,4.666666666666667,7.5,-0.3777777777777777,194.0,265.47,-0.2692206275662034,-0.3720930232558139,0.30135807242647794,3,1.0,41.57142857142857,1.3333333333333333,0.236,2.3333333333333335,5.0,-0.5333333333333333,-0.7093023255813952,1.6666666666666667,1.5,0.11111111111111116,0.6666666666666666,0.0,0.0,0.0,0.0,0.0,0,7.0,6,0,1,40.0,0,Silver,0,1,13,M,Madison,Frozen Foods,Value,2023,222.58800000000002,196.64,Active,2024-04,0
501769,1,1.0,2.3333333333333335,6.333333333333333,-0.631578947368421,102.08,277.86333333333334,-0.6326251514533524,-1.1428571428571428,0.5434586678194735,3,1.0,43.748571428571424,1.0,0.4016666666666666,1.0,2.0,-0.5,-0.08571428571428572,2.0,1.0,1.0,2.3333333333333335,1.0,0.0,0.0,0.0,0.0,0,7.0,6,0,0,68.0,0,Platinum,2,1,27,M,Denver,Produce,Unknown,2022,189.97166666666666,186.4442857142857,Active,2024-04,0
501770,1,5.0,5.666666666666667,4.0,0.41666666666666674,159.73666666666668,106.75999999999999,0.49622205570126166,0.4857142857142857,0.24676435070973,3,1.0,28.188823529411767,3.3333333333333335,0.32666666666666666,2.6666666666666665,2.6666666666666665,0.0,-0.17142857142857143,0.0,0.3333333333333333,-0.6666666666666666,1.3333333333333333,1.3333333333333333,0.0,1.0,1.0,0.0,0,5.0,6,0,0,74.0,0,Gold,1,0,16,F,Spokane,Beverages,Value,2022,133.24833333333333,157.15733333333336,Active,2024-04,0
501771,4,0.0,0.0,3.6666666666666665,-1.0,0.0,99.13,-1.0,-1.1142857142857143,1.0764545084956147,0,0.5,0.0,0.0,0.2866666666666666,0.3333333333333333,1.6666666666666667,-0.8,-0.5142857142857142,0.0,0.3333333333333333,-0.6666666666666666,0.0,0.0,0.0,2.0,2.0,0.0,0,4.0,6,0,0,56.0,0,Silver,0,0,31,F,Columbus,Dairy,Value,2021,49.565,124.70333333333333,Lapsed,2024-04,1
501772,1,2.0,2.0,1.0,1.0,73.995,33.61333333333334,1.2013585878619595,0.31081081081081074,0.5749508170049322,2,0.8,36.9975,1.5,0.3775,0.5,1.0,-0.5,0.013513513513513509,0.0,0.3333333333333333,-0.6666666666666666,0.5,0.3333333333333333,1.0,0.0,1.0,0.0,0,3.0,6,0,1,47.0,0,Silver,0,1,7,F,Columbus,Produce,Upscale,2023,49.766000000000005,62.207499999999996,Active,2024-04,0
501773,1,5.0,3.6666666666666665,6.666666666666667,-0.45000000000000007,125.95666666666665,237.3133333333333,-0.46923898081298987,-0.5428571428571428,0.4132693676533107,3,1.0,34.35181818181818,2.3333333333333335,0.39166666666666666,0.6666666666666666,2.0,-0.6666666666666667,-0.45714285714285713,0.3333333333333333,1.3333333333333333,-0.75,0.6666666666666666,1.3333333333333333,0.0,0.0,0.0,0.0,0,7.0,6,0,0,63.0,0,Silver,0,1,8,M,Boise,Bakery,Mainstream,2023,181.635,160.91571428571427,Active,2024-04,0
501774,1,10.0,10.333333333333334,10.0,0.033333333333333395,336.0933333333333,278.7133333333333,0.20587461429904083,-0.4857142857142857,0.26592560961336487,3,1.0,32.52516129032258,4.333333333333333,0.25666666666666665,2.6666666666666665,3.0,-0.11111111111111116,-0.3142857142857143,1.0,0.0,2.0,0.3333333333333333,1.0,0.0,0.0,0.0,0.0,0,7.0,6,0,0,30.0,0,Silver,0,0,27,F,Columbus,Bakery,Value,2022,307.4033333333333,313.22999999999996,Active,2024-04,0
501775,1,6.0,2.6666666666666665,2.6666666666666665,0.0,90.57,84.37666666666667,0.07340101923912608,0.22857142857142856,0.6580531440367496,3,1.0,33.96375,2.6666666666666665,0.405,2.6666666666666665,2.3333333333333335,0.1428571428571427,0.02857142857142857,0.3333333333333333,0.3333333333333333,0.0,0.6666666666666666,0.3333333333333333,0.0,0.0,0.0,0.0,0,7.0,6,0,0,69.0,0,Gold,1,0,26,F,Raleigh,Snacks,Mainstream,2022,87.47333333333331,98.63133333333333,Active,2024-04,0
501776,2,0.0,0.3333333333333333,5.333333333333333,-0.9375,6.483333333333333,118.89666666666666,-0.9454708570467353,-1.4,0.960266380350652,1,0.6666666666666666,19.450000000000003,0.3333333333333333,0.445,1.0,1.3333333333333333,-0.24999999999999994,-0.37142857142857144,0.0,1.0,-1.0,0.0,1.3333333333333333,0.0,2.0,2.0,0.0,0,4.0,6,0,0,48.0,0,Silver,0,0,19,F,Madison,Bakery,Mainstream,2022,62.69,120.69846153846153,Active,2024-04,1
501777,1,1.0,1.3333333333333333,1.3333333333333333,0.0,62.879999999999995,61.49666666666667,0.022494444143313877,0.05714285714285714,0.5743655159641418,3,0.8333333333333334,47.16,0.3333333333333333,0.44600000000000006,1.3333333333333333,0.6666666666666666,1.0,0.4,1.0,1.0,0.0,0.0,0.3333333333333333,0.0,1.0,1.0,0.0,0,5.0,6,0,0,43.0,0,Platinum,2,1,23,F,Madison,Personal Care,Mainstream,2022,62.18833333333333,88.77090909090909,Active,2024-04,0
501778,1,1.0,0.6666666666666666,1.3333333333333333,-0.5,27.2,58.79333333333333,-0.5373625127565483,-0.22857142857142856,0.6074438762180655,2,0.8333333333333334,40.800000000000004,0.6666666666666666,0.366,0.3333333333333333,0.0,0.6666666666666666,0.02857142857142857,2.0,1.0,1.0,1.0,0.6666666666666666,1.0,0.0,1.0,0.0,0,3.0,6,0,0,57.0,0,Platinum,2,1,33,F,Raleigh,Snacks,Mainstream,2021,42.99666666666667,69.95181818181818,Active,2024-04,0
501779,1,2.0,2.0,2.6666666666666665,-0.24999999999999994,66.21,96.10666666666667,-0.3110779689234185,-0.11428571428571427,0.5099578446727449,2,0.8333333333333334,33.105,0.0,0.304,1.3333333333333333,2.0,-0.33333333333333337,-0.11428571428571428,2.3333333333333335,2.6666666666666665,-0.12499999999999989,1.0,0.6666666666666666,0.0,0.0,0.0,0.0,0,7.0,6,0,0,51.0,0,Gold,1,1,33,M,Nashville,Dairy,Value,2021,81.15833333333333,100.63153846153847,Active,2024-04,0
501780,1,8.0,5.666666666666667,5.5,0.030303030303030356,280.64,221.55,0.26671180320469406,0.3,0.3199777117291149,3,1.0,49.52470588235293,2.0,0.42000000000000004,3.0,2.5,0.2,0.4,3.0,0.5,3.0,0.3333333333333333,1.0,0.0,1.0,1.0,0.0,0,5.0,6,0,1,45.0,0,Silver,0,1,34,M,Columbus,Frozen Foods,Value,2021,257.004,230.52642857142857,Active,2024-04,0
501781,7,0.0,0.0,0.0,0.0,0.0,0.0,0.0,0.0,0.0,0,0.0,0.0,0.0,0.0,0.0,0.0,0.0,0.0,0.0,0.0,0.0,0.0,0.0,0.0,0.0,0.0,0.0,0,7.0,6,0,0,69.0,0,Silver,0,1,38,F,Columbus,Dairy,Value,2021,0.0,98.99333333333334,Lapsed,2024-04,1
501782,1,3.0,2.0,3.6666666666666665,-0.45454545454545453,75.62333333333332,136.22,-0.4448441247002399,-0.42857142857142855,0.4503895519889911,3,1.0,37.81166666666666,2.0,0.26999999999999996,2.0,1.0,1.0,0.2571428571428571,1.6666666666666667,2.0,-0.16666666666666663,1.0,0.6666666666666666,0.0,2.0,2.0,1.0,0,4.0,6,0,0,38.0,0,Silver,0,1,12,F,Denver,Household,Value,2023,105.92166666666667,102.32900000000001,Active,2024-04,0
501783,7,0.0,0.0,0.0,0.0,0.0,0.0,0.0,0.0,0.0,0,0.0,0.0,0.0,0.0,0.0,0.0,0.0,0.0,0.0,0.0,0.0,0.0,0.0,0.0,0.0,0.0,0.0,0,7.0,6,0,0,66.0,0,Gold,1,1,30,F,Nashville,Household,Value,2021,0.0,165.30714285714288,Lapsed,2024-04,1
501784,7,0.0,0.0,0.0,0.0,0.0,0.0,0.0,0.0,0.0,0,0.0,0.0,0.0,0.0,0.0,0.0,0.0,0.0,0.0,0.0,0.0,0.0,0.0,0.0,0.0,0.0,0.0,0,7.0,6,0,0,32.0,0,Gold,1,1,10,F,Columbus,Snacks,Upscale,2023,0.0,45.89,Lapsed,2024-04,1
501785,1,7.0,6.0,5.666666666666667,0.05882352941176465,187.36666666666667,159.3033333333333,0.17616287585528675,0.37142857142857144,0.22545719987357235,3,1.0,31.227777777777778,2.0,0.2966666666666667,2.6666666666666665,3.0,-0.11111111111111116,-0.08571428571428572,0.6666666666666666,1.3333333333333333,-0.5,1.0,0.6666666666666666,0.0,0.0,0.0,0.0,0,7.0,6,0,0,41.0,0,Gold,1,1,33,F,Tulsa,Dairy,Value,2021,173.335,152.66785714285714,Active,2024-04,0
501786,1,11.0,6.666666666666667,3.5,0.9047619047619049,229.01999999999998,114.08500000000001,1.0074505850900641,1.5,0.5852438157304111,3,1.0,34.352999999999994,2.6666666666666665,0.27999999999999997,1.6666666666666667,2.0,-0.16666666666666663,0.30000000000000004,0.3333333333333333,0.5,-0.33333333333333337,0.6666666666666666,0.5,0.0,0.0,0.0,0.0,0,7.0,6,0,1,34.0,0,Silver,0,0,36,F,Tulsa,Snacks,Mainstream,2021,183.046,166.79384615384618,Active,2024-04,0
501787,1,3.0,5.0,2.3333333333333335,1.1428571428571428,177.40333333333334,68.18333333333334,1.6018577364947444,0.5714285714285714,0.5948775152079337,3,1.0,35.480666666666664,2.6666666666666665,0.18166666666666667,2.6666666666666665,2.0,0.33333333333333326,0.05714285714285713,0.3333333333333333,0.6666666666666666,-0.5,0.6666666666666666,0.3333333333333333,0.0,1.0,1.0,0.0,0,5.0,6,0,0,28.0,0,Gold,1,0,16,F,Portland,Produce,Mainstream,2022,122.79333333333334,139.85733333333334,Active,2024-04,0
501788,1,3.0,4.333333333333333,4.0,0.08333333333333326,104.84333333333332,92.64,0.13172855497985017,-0.09302325581395347,0.22974076564944804,3,1.0,24.194615384615382,2.6666666666666665,0.32999999999999996,1.0,1.0,0.0,-0.11627906976744184,1.0,0.5,1.0,0.3333333333333333,0.5,0.0,0.0,0.0,0.0,0,7.0,6,0,1,20.0,0,Silver,0,0,19,F,Boise,Produce,Upscale,2022,99.96199999999999,92.5276923076923,Active,2024-04,1
501789,1,3.0,3.0,3.0,0.0,99.94333333333333,99.94333333333333,0.0,0.5,0.3712312652624117,3,1.0,33.31444444444444,1.6666666666666667,0.3333333333333333,2.6666666666666665,2.6666666666666665,0.0,1.0,1.3333333333333333,1.3333333333333333,0.0,1.0,1.0,2.0,0.0,2.0,1.0,1,1.0,3,1,0,50.0,0,Gold,1,1,4,M,Spokane,Snacks,Upscale,2023,99.94333333333333,99.94333333333334,Active,2024-04,0
501790,1,2.0,1.5,1.5,0.0,56.459999999999994,56.459999999999994,0.0,0.0,0.3744243712362735,2,1.0,37.63999999999999,2.0,0.185,1.0,1.0,0.0,0.0,1.0,1.0,0.0,0.0,0.0,1.0,0.0,1.0,0.0,0,2.0,2,1,0,32.0,0,Silver,0,1,3,F,Portland,Bakery,Value,2024,56.459999999999994,56.459999999999994,Active,2024-04,1
501791,2,0.0,1.3333333333333333,5.333333333333333,-0.75,43.64000000000001,154.0666666666667,-0.7167459974037212,-1.1428571428571428,0.6503645615253929,2,0.8333333333333334,32.73000000000001,1.6666666666666667,0.27599999999999997,0.0,3.0,-1.0,-0.7714285714285715,0.0,0.6666666666666666,-1.0,0.3333333333333333,0.0,1.0,3.0,4.0,2.0,1,3.0,6,0,0,74.0,0,Gold,1,1,7,M,Raleigh,Frozen Foods,Mainstream,2023,98.85333333333334,118.624,Active,2024-04,1
501793,1,7.0,4.0,1.6666666666666667,1.3999999999999997,79.61,28.34,1.8091037402964008,0.9428571428571428,0.7723651460992961,3,1.0,19.9025,3.3333333333333335,0.3633333333333333,1.0,1.0,0.0,0.22857142857142856,0.0,0.3333333333333333,-0.6666666666666666,2.0,0.3333333333333333,0.0,0.0,0.0,0.0,0,7.0,6,0,0,36.0,0,Silver,0,0,15,F,Austin,Household,Value,2023,53.974999999999994,49.46071428571429,Active,2024-04,0
501794,7,0.0,0.0,0.0,0.0,0.0,0.0,0.0,0.0,0.0,0,0.0,0.0,0.0,0.0,0.0,0.0,0.0,0.0,0.0,0.0,0.0,0.0,0.0,0.0,0.0,0.0,0.0,0,7.0,6,0,0,18.0,0,Silver,0,1,37,M,Raleigh,Snacks,Mainstream,2021,0.0,20.335,Lapsed,2024-04,1
501796,1,10.0,5.666666666666667,4.0,0.41666666666666674,109.25,77.11666666666666,0.4166846768964773,0.8285714285714286,0.6331405120313077,3,1.0,19.27941176470588,3.0,0.21833333333333335,2.0,1.0,1.0,0.2,2.3333333333333335,1.3333333333333333,0.7500000000000002,0.6666666666666666,1.0,1.0,0.0,1.0,0.0,0,3.0,6,0,0,59.0,0,Silver,0,1,22,F,Raleigh,Dairy,Upscale,2022,93.18333333333334,91.54733333333334,Active,2024-04,0
501797,1,5.0,6.0,5.333333333333333,0.12500000000000006,216.51666666666665,188.03666666666666,0.1514598216659871,0.11428571428571431,0.24423017301283018,3,1.0,36.08611111111111,3.3333333333333335,0.315,1.0,2.3333333333333335,-0.5714285714285715,-0.22857142857142856,0.3333333333333333,0.0,0.6666666666666666,0.0,0.3333333333333333,0.0,1.0,1.0,0.0,0,4.0,6,0,0,38.0,0,Platinum,2,0,28,M,Columbus,Beverages,Mainstream,2021,202.27666666666667,184.42214285714286,Active,2024-04,0
501798,1,6.0,6.0,6.0,0.0,274.22,274.22,0.0,0.0,0.0,1,1.0,45.70333333333334,4.0,0.27,2.0,2.0,0.0,0.0,0.0,0.0,0.0,0.0,0.0,0.0,0.0,0.0,0.0,0,7.0,1,1,0,46.0,1,Platinum,2,0,2,F,Portland,Frozen Foods,Value,2024,274.22,274.22,Active,2024-04,0
501799,1,3.0,5.333333333333333,5.333333333333333,0.0,195.7966666666667,206.7266666666667,-0.05287174691218668,-0.17142857142857143,0.33404734562984517,3,1.0,36.71187500000001,2.0,0.27499999999999997,4.333333333333333,4.666666666666667,-0.07142857142857155,-0.02857142857142857,0.0,0.0,0.0,0.6666666666666666,0.6666666666666666,0.0,1.0,1.0,0.0,0,5.0,6,0,0,24.0,0,Gold,1,0,25,F,Austin,Snacks,Value,2022,201.26166666666668,180.7323076923077,Active,2024-04,0
501800,1,3.0,3.3333333333333335,4.333333333333333,-0.23076923076923067,75.74,109.06333333333332,-0.30554112289495394,-0.5428571428571428,0.48972631737677835,2,0.8333333333333334,22.721999999999998,1.0,0.276,3.6666666666666665,2.0,0.8333333333333333,0.5428571428571428,0.6666666666666666,0.3333333333333333,0.6666666666666666,1.0,3.6666666666666665,0.0,0.0,0.0,0.0,0,7.0,6,0,0,41.0,0,Silver,0,0,19,F,Nashville,Bakery,Mainstream,2022,92.40166666666666,111.44999999999999,Active,2024-04,0
501801,1,5.0,3.6666666666666665,3.6666666666666665,0.0,177.20333333333335,177.20333333333335,0.0,1.0,0.2647489397286836,3,1.0,48.328181818181825,2.3333333333333335,0.11333333333333334,2.0,2.0,0.0,-1.0,0.6666666666666666,0.6666666666666666,0.0,0.3333333333333333,0.3333333333333333,1.0,0.0,1.0,1.0,1,2.0,3,1,0,29.0,0,Platinum,2,1,4,F,Boise,Dairy,Value,2023,177.20333333333335,177.20333333333335,Active,2024-04,0
501802,7,0.0,0.0,0.0,0.0,0.0,0.0,0.0,0.0,0.0,0,0.0,0.0,0.0,0.0,0.0,0.0,0.0,0.0,0.0,0.0,0.0,0.0,0.0,0.0,0.0,0.0,0.0,0,7.0,6,0,0,51.0,0,Platinum,2,0,19,M,Portland,Personal Care,Mainstream,2022,0.0,58.03,Lapsed,2024-04,1
501803,1,6.0,5.666666666666667,6.5,-0.12820512820512817,131.73666666666668,164.435,-0.19885263680684356,-0.11627906976744184,0.20073524564678147,3,1.0,23.24764705882353,1.6666666666666667,0.192,4.0,3.5,0.14285714285714285,-0.02325581395348836,1.0,1.0,0.0,0.6666666666666666,0.5,0.0,0.0,0.0,0.0,0,7.0,6,0,1,21.0,0,Silver,0,1,25,F,Austin,Frozen Foods,Upscale,2022,144.816,132.91571428571427,Active,2024-04,0
501804,3,0.0,1.3333333333333333,1.0,0.33333333333333326,46.446666666666665,39.86666666666667,0.16505016722408022,-0.14285714285714285,1.0798784661981486,1,0.6666666666666666,34.835,2.0,0.255,0.0,1.0,-1.0,-0.42857142857142855,0.0,1.0,-1.0,0.0,0.3333333333333333,1.0,1.0,2.0,1.0,1,3.0,6,0,0,30.0,0,Gold,1,0,16,Unknown,Madison,Snacks,Mainstream,2022,43.156666666666666,97.1776923076923,Active,2024-04,1
501805,1,6.0,5.0,7.0,-0.2857142857142857,167.14333333333335,255.32666666666663,-0.3453745528603879,-0.34285714285714286,0.2940554884501825,3,1.0,33.42866666666667,5.666666666666667,0.32,6.333333333333333,3.6666666666666665,0.7272727272727273,0.7428571428571429,1.6666666666666667,0.6666666666666666,1.5,1.3333333333333333,0.3333333333333333,0.0,0.0,0.0,0.0,0,7.0,6,0,0,27.0,0,Gold,1,1,35,M,Austin,Produce,Mainstream,2021,211.235,184.18466666666666,Active,2024-04,0
501806,7,0.0,0.0,0.0,0.0,0.0,0.0,0.0,0.0,0.0,0,0.0,0.0,0.0,0.0,0.0,0.0,0.0,0.0,0.0,0.0,0.0,0.0,0.0,0.0,0.0,0.0,0.0,0,7.0,6,0,0,56.0,0,Gold,1,1,36,F,Nashville,Dairy,Value,2021,0.0,45.56,Lapsed,2024-04,1
501807,4,0.0,0.0,3.0,-1.0,0.0,69.14666666666666,-1.0,-1.0,1.2094441483224838,0,0.5,0.0,0.0,0.5366666666666666,0.0,1.3333333333333333,-1.0,-0.5142857142857142,0.0,0.3333333333333333,-0.6666666666666666,0.0,0.0,0.0,2.0,2.0,1.0,0,4.0,6,0,0,41.0,0,Gold,1,1,13,F,Columbus,Personal Care,Mainstream,2023,34.57333333333333,136.07444444444445,Lapsed,2024-04,1
501808,7,0.0,0.0,0.0,0.0,0.0,0.0,0.0,0.0,0.0,0,0.0,0.0,0.0,0.0,0.0,0.0,0.0,0.0,0.0,0.0,0.0,0.0,0.0,0.0,0.0,0.0,0.0,0,7.0,6,0,0,58.0,0,Silver,0,1,36,M,Columbus,Dairy,Mainstream,2021,0.0,28.37,Lapsed,2024-04,1
501809,1,2.0,5.0,5.0,0.0,176.805,177.63333333333335,-0.004663163820604319,0.11627906976744186,0.5650217775014122,2,1.0,35.361000000000004,3.0,0.28200000000000003,2.5,2.3333333333333335,0.07142857142857136,0.3023255813953489,0.0,0.6666666666666666,-1.0,1.0,0.6666666666666666,0.0,0.0,0.0,0.0,0,7.0,6,0,1,25.0,0,Silver,0,0,9,M,Madison,Bakery,Upscale,2023,177.302,182.15714285714287,Active,2024-04,0
501810,1,4.0,6.0,6.0,0.0,148.46666666666667,148.46666666666667,0.0,-0.5,0.3589013392123842,3,1.0,24.744444444444444,4.0,0.24333333333333337,1.3333333333333333,1.3333333333333333,0.0,0.5,2.6666666666666665,2.6666666666666665,0.0,1.0,1.0,0.0,0.0,0.0,0.0,0,7.0,3,1,0,59.0,0,Silver,0,1,4,M,Nashville,Dairy,Value,2023,148.46666666666667,148.46666666666667,Active,2024-04,0
501811,7,0.0,0.0,0.0,0.0,0.0,0.0,0.0,0.0,0.0,0,0.0,0.0,0.0,0.0,0.0,0.0,0.0,0.0,0.0,0.0,0.0,0.0,0.0,0.0,0.0,0.0,0.0,0,7.0,6,0,0,50.0,0,Gold,1,0,24,F,Madison,Dairy,Mainstream,2022,0.0,37.91,Lapsed,2024-04,1
501812,1,1.0,1.0,2.0,-0.5,20.43,35.56,-0.42547806524184484,-0.28571428571428575,0.29176893298270895,2,1.0,20.43,1.0,0.24000000000000002,0.0,3.0,-1.0,-0.8571428571428572,0.5,1.0,-0.5,0.0,1.0,0.0,0.0,0.0,0.0,0,7.0,4,0,1,46.0,0,Silver,0,1,5,M,Spokane,Dairy,Mainstream,2023,25.473333333333333,25.473333333333333,Active,2024-04,1
501813,7,0.0,0.0,0.0,0.0,0.0,0.0,0.0,0.0,0.0,0,0.0,0.0,0.0,0.0,0.0,0.0,0.0,0.0,0.0,0.0,0.0,0.0,0.0,0.0,0.0,0.0,0.0,0,7.0,6,0,0,39.0,0,Silver,0,1,12,F,Tulsa,Household,Mainstream,2023,0.0,87.94,Lapsed,2024-04,1
501814,1,2.0,3.0,3.3333333333333335,-0.10000000000000003,79.48666666666666,91.72333333333334,-0.133408438419886,-0.02857142857142857,0.34447624895560525,3,1.0,26.495555555555555,0.3333333333333333,0.21333333333333335,1.0,1.0,0.0,-0.05714285714285714,1.3333333333333333,2.3333333333333335,-0.42857142857142866,1.6666666666666667,0.3333333333333333,1.0,1.0,2.0,0.0,0,3.0,6,0,0,73.0,0,Silver,0,1,15,M,Tulsa,Dairy,Mainstream,2023,85.605,104.36999999999999,Active,2024-04,0
501815,1,7.0,6.333333333333333,8.666666666666666,-0.2692307692307692,221.25,287.67333333333335,-0.23089847280480177,-0.6571428571428571,0.30113117316719956,3,1.0,34.93421052631579,1.3333333333333333,0.26166666666666666,2.0,4.0,-0.5,-0.6285714285714286,1.0,1.3333333333333333,-0.24999999999999994,0.6666666666666666,1.0,0.0,0.0,0.0,0.0,0,7.0,6,0,0,54.0,0,Silver,0,1,26,F,Boise,Produce,Upscale,2022,254.46166666666667,186.86200000000002,Active,2024-04,0
501816,1,4.0,6.333333333333333,7.0,-0.09523809523809527,187.81000000000003,246.865,-0.23921981649889607,-0.36486486486486486,0.3079190099350656,3,1.0,29.654210526315797,5.0,0.27999999999999997,5.333333333333333,4.0,0.33333333333333326,0.054054054054054036,2.6666666666666665,1.0,1.6666666666666665,0.3333333333333333,1.0,0.0,0.0,0.0,0.0,0,7.0,6,0,1,67.0,0,Silver,0,1,32,F,Austin,Snacks,Mainstream,2021,211.43200000000002,226.6957142857143,Active,2024-04,0
501817,4,0.0,0.0,5.0,-1.0,0.0,119.38666666666666,-1.0,-1.5142857142857142,1.0927368044816128,0,0.5,0.0,0.0,0.2833333333333334,0.0,0.6666666666666666,-1.0,-0.2857142857142857,0.0,0.3333333333333333,-0.6666666666666666,0.0,0.0,0.0,2.0,2.0,1.0,0,5.0,6,0,0,32.0,0,Silver,0,0,34,M,Tulsa,Frozen Foods,Value,2021,59.69333333333333,118.89916666666666,Lapsed,2024-04,1
501818,1,2.0,5.666666666666667,3.6666666666666665,0.5454545454545456,93.80333333333333,59.66,0.572298580847022,0.11428571428571425,0.5811647808534767,3,1.0,16.553529411764703,2.0,0.33,4.333333333333333,3.3333333333333335,0.2999999999999999,0.37142857142857144,1.3333333333333333,0.3333333333333333,2.0,1.0,0.6666666666666666,0.0,1.0,1.0,1.0,0,5.0,6,0,0,50.0,0,Silver,0,0,23,M,Nashville,Snacks,Value,2022,76.73166666666667,83.895,Active,2024-04,0
501819,1,1.0,1.3333333333333333,3.0,-0.5555555555555556,35.406666666666666,78.43333333333332,-0.5485762855928601,-0.37142857142857144,0.5032064671556143,3,1.0,26.555,1.6666666666666667,0.22833333333333336,1.3333333333333333,2.0,-0.33333333333333337,0.2285714285714285,1.3333333333333333,0.3333333333333333,2.0,1.0,1.0,0.0,0.0,0.0,0.0,0,7.0,6,0,0,57.0,0,Silver,0,0,36,M,Raleigh,Personal Care,Mainstream,2021,56.919999999999995,71.92,Active,2024-04,0
501820,1,3.0,4.666666666666667,2.6666666666666665,0.7500000000000002,179.70000000000002,89.43666666666667,1.0092430397674335,0.4,0.5421658317588717,3,1.0,38.50714285714286,3.3333333333333335,0.39833333333333326,1.3333333333333333,3.3333333333333335,-0.6,-0.5142857142857142,1.3333333333333333,0.3333333333333333,2.0,0.6666666666666666,0.0,0.0,0.0,0.0,0.0,0,7.0,6,0,0,56.0,0,Gold,1,1,28,F,Nashville,Produce,Mainstream,2021,134.56833333333333,143.04866666666666,Active,2024-04,0
501822,1,3.0,2.0,3.0,-0.3333333333333333,46.095,81.9,-0.43717948717948724,0.2857142857142857,0.989849404237997,2,0.75,23.0475,2.0,0.31333333333333335,1.0,0.0,2.0,0.05714285714285714,0.5,0.5,0.0,0.5,0.0,1.0,0.0,1.0,0.0,0,3.0,6,0,2,33.0,0,Gold,1,0,22,F,Denver,Snacks,Mainstream,2022,63.9975,82.75272727272727,Active,2024-04,0
501823,1,8.0,10.0,10.0,0.0,327.5866666666667,327.5866666666667,0.0,-2.0,0.12283020011077102,3,1.0,32.75866666666667,3.0,0.23666666666666666,3.6666666666666665,3.6666666666666665,0.0,-1.0,1.6666666666666667,1.6666666666666667,0.0,0.6666666666666666,0.6666666666666666,0.0,0.0,0.0,0.0,0,7.0,3,1,0,36.0,0,Gold,1,1,4,F,Boise,Beverages,Upscale,2023,327.5866666666667,327.58666666666664,Active,2024-04,0
501824,7,0.0,0.0,0.0,0.0,0.0,0.0,0.0,0.0,0.0,0,0.0,0.0,0.0,0.0,0.0,0.0,0.0,0.0,0.0,0.0,0.0,0.0,0.0,0.0,0.0,0.0,0.0,0,7.0,6,0,0,71.0,0,Silver,0,0,8,F,Spokane,Personal Care,Upscale,2023,0.0,38.58,Lapsed,2024-04,1
501825,1,4.0,8.0,4.0,1.0,210.82000000000002,86.59333333333332,1.4345985064285172,0.5142857142857142,0.6228143917585387,3,1.0,26.352500000000003,3.6666666666666665,0.24333333333333337,3.0,4.666666666666667,-0.3571428571428572,-0.7142857142857143,2.6666666666666665,1.6666666666666667,0.5999999999999999,0.3333333333333333,1.0,0.0,0.0,0.0,0.0,0,7.0,6,0,0,46.0,1,Silver,0,1,15,F,Madison,Personal Care,Value,2023,148.70666666666668,150.94,Active,2024-04,0
501826,1,2.0,4.0,3.5,0.14285714285714285,148.845,120.57499999999999,0.23445987974289872,-0.11538461538461539,0.4879001096673858,2,1.0,37.21125,1.0,0.19,1.0,2.0,-0.5,-0.23076923076923078,1.5,1.0,0.5,0.5,1.0,0.0,0.0,0.0,0.0,0,7.0,6,0,2,54.0,0,Silver,0,1,31,F,Spokane,Personal Care,Mainstream,2021,134.70999999999998,102.05846153846154,Active,2024-04,0
501827,1,4.0,2.5,6.666666666666667,-0.625,54.855000000000004,139.33,-0.6062944089571521,-1.1046511627906976,0.4674127278867729,2,1.0,21.942,1.5,0.262,2.0,3.3333333333333335,-0.4,-0.5,1.0,0.3333333333333333,1.3333333333333335,0.0,0.3333333333333333,0.0,1.0,1.0,0.0,0,6.0,6,0,1,57.0,0,Silver,0,0,15,F,Austin,Bakery,Mainstream,2023,105.54,93.99384615384616,Active,2024-04,0
501829,7,0.0,0.0,0.0,0.0,0.0,0.0,0.0,0.0,0.0,0,0.0,0.0,0.0,0.0,0.0,0.0,0.0,0.0,0.0,0.0,0.0,0.0,0.0,0.0,0.0,0.0,0.0,0,7.0,6,0,0,41.0,0,Silver,0,1,16,F,Columbus,Frozen Foods,Mainstream,2022,0.0,37.79,Lapsed,2024-04,1
501830,1,2.0,1.0,2.3333333333333335,-0.5714285714285715,36.125,92.68666666666667,-0.6102459900740848,-0.39189189189189194,0.7194598063846065,1,0.8,36.125,0.5,0.5275,0.5,1.3333333333333333,-0.625,-0.13513513513513511,1.0,0.0,2.0,0.0,1.3333333333333333,1.0,1.0,2.0,0.0,0,3.0,6,0,1,34.0,0,Silver,0,0,26,M,Raleigh,Bakery,Mainstream,2022,70.062,90.981,Active,2024-04,0
501831,4,0.0,0.0,3.3333333333333335,-1.0,0.0,85.56,-1.0,-1.0857142857142856,1.2477266622629932,0,0.5,0.0,0.0,0.47666666666666674,0.0,0.3333333333333333,-0.6666666666666666,-0.14285714285714285,0.0,0.3333333333333333,-0.6666666666666666,0.0,0.3333333333333333,1.0,2.0,3.0,1.0,0,3.0,6,0,0,22.0,0,Gold,1,0,37,F,Denver,Household,Value,2021,42.78,105.30583333333334,Lapsed,2024-04,1
501832,1,2.0,4.666666666666667,5.0,-0.06666666666666661,158.8033333333333,159.99666666666667,-0.007458488718515114,-0.3142857142857143,0.29685754070912207,3,1.0,34.029285714285706,1.0,0.32833333333333337,4.0,2.6666666666666665,0.5000000000000001,0.34285714285714286,2.0,1.0,1.0,0.0,0.3333333333333333,0.0,1.0,1.0,0.0,0,4.0,6,0,0,73.0,0,Silver,0,1,7,F,Portland,Household,Mainstream,2023,159.4,159.4,Active,2024-04,0
501834,2,0.0,1.6666666666666667,1.3333333333333333,0.2500000000000001,59.583333333333336,46.27333333333333,0.2876386687797148,-0.08571428571428572,0.6350292076758229,2,0.8333333333333334,35.75,0.3333333333333333,0.324,2.0,3.0,-0.3333333333333333,-0.42857142857142855,1.3333333333333333,0.6666666666666666,1.0,0.6666666666666666,0.0,2.0,0.0,2.0,1.0,1,1.0,6,0,0,24.0,0,Silver,0,0,18,F,Columbus,Household,Value,2022,52.928333333333335,86.37461538461538,Active,2024-04,0
501835,1,10.0,10.333333333333334,10.0,0.033333333333333395,242.9266666666667,238.92666666666665,0.016741538547392746,-0.5428571428571428,0.5074094234285543,3,1.0,23.50903225806452,2.3333333333333335,0.355,3.3333333333333335,5.666666666666667,-0.4117647058823529,-0.6571428571428571,0.6666666666666666,0.0,1.3333333333333333,0.6666666666666666,0.3333333333333333,0.0,1.0,1.0,0.0,0,6.0,6,0,0,21.0,0,Silver,0,0,18,F,Raleigh,Produce,Upscale,2022,240.92666666666665,252.73533333333336,Active,2024-04,0
501837,6,0.0,0.0,0.6666666666666666,-1.0,0.0,16.116666666666667,-1.0,-0.2857142857142857,2.23606797749979,0,0.16666666666666666,0.0,0.0,0.51,0.0,0.0,0.0,0.0,0.0,0.0,0.0,0.0,0.0,0.0,2.0,2.0,1.0,0,5.0,6,0,0,44.0,0,Silver,0,1,15,F,Raleigh,Snacks,Mainstream,2023,8.058333333333334,74.33285714285715,Lapsed,2024-04,1
501838,7,0.0,0.0,0.0,0.0,0.0,0.0,0.0,0.0,0.0,0,0.0,0.0,0.0,0.0,0.0,0.0,0.0,0.0,0.0,0.0,0.0,0.0,0.0,0.0,0.0,0.0,0.0,0,7.0,6,0,0,24.0,0,Platinum,2,1,20,F,Denver,Dairy,Mainstream,2022,0.0,183.366,Lapsed,2024-04,1
501839,3,0.0,0.6666666666666666,1.0,-0.33333333333333337,36.913333333333334,48.72,-0.24233716475095782,-0.21621621621621623,0.9827202944661946,1,0.6,55.370000000000005,0.6666666666666666,0.3033333333333333,0.0,0.0,0.0,0.0,0.0,1.0,-1.0,0.0,0.0,0.0,1.0,1.0,0.0,0,4.0,6,0,1,68.0,0,Platinum,2,1,9,M,Boise,Bakery,Value,2023,41.635999999999996,107.5925,Active,2024-04,1
501840,1,2.0,2.0,2.0,0.0,77.3,77.3,0.0,0.0,0.0,1,1.0,38.65,1.0,0.16,2.0,2.0,0.0,0.0,0.0,0.0,0.0,0.0,0.0,0.0,0.0,0.0,0.0,0,7.0,1,1,0,28.0,0,Gold,1,0,2,M,Tulsa,Beverages,Mainstream,2024,77.3,77.3,Active,2024-04,0
501841,2,0.0,3.0,4.5,-0.3333333333333333,84.47333333333334,146.12,-0.4218906834565197,-0.6860465116279069,0.7384903267577143,2,0.8,28.15777777777778,2.6666666666666665,0.245,0.6666666666666666,2.0,-0.6666666666666667,-0.38372093023255804,0.3333333333333333,2.5,-0.8666666666666666,1.0,1.5,0.0,2.0,2.0,0.0,0,5.0,6,0,1,39.0,0,Gold,1,1,15,F,Tulsa,Bakery,Value,2023,109.13200000000002,141.19916666666666,Active,2024-04,0
501842,4,0.0,0.0,1.3333333333333333,-1.0,0.0,30.823333333333334,-1.0,-0.45714285714285713,1.7128318538585021,0,0.3333333333333333,0.0,0.0,0.385,0.0,0.3333333333333333,-0.6666666666666666,-0.14285714285714285,0.0,0.0,0.0,0.0,0.3333333333333333,0.0,4.0,4.0,0.0,0,4.0,6,0,0,61.0,0,Silver,0,0,16,M,Portland,Household,Upscale,2022,15.411666666666667,87.58545454545455,Lapsed,2024-04,1
501843,1,4.0,4.0,4.0,0.0,98.35666666666667,111.015,-0.11402363044033087,0.3,0.4271846095404239,3,1.0,24.589166666666667,2.6666666666666665,0.3,2.3333333333333335,0.5,3.0,0.4,0.3333333333333333,0.0,0.6666666666666666,1.3333333333333333,0.0,1.0,0.0,1.0,0.0,0,1.0,5,0,0,43.0,0,Silver,0,0,6,F,Madison,Dairy,Mainstream,2023,103.42,103.42,Active,2024-04,0
501844,7,0.0,0.0,0.0,0.0,0.0,0.0,0.0,0.0,0.0,0,0.0,0.0,0.0,0.0,0.0,0.0,0.0,0.0,0.0,0.0,0.0,0.0,0.0,0.0,0.0,0.0,0.0,0,7.0,6,0,0,21.0,0,Silver,0,1,25,M,Tulsa,Beverages,Unknown,2022,0.0,43.61333333333334,Lapsed,2024-04,1
501845,1,2.0,3.3333333333333335,0.5,3.0,77.30333333333334,12.29,3.0,0.5465116279069767,0.7484487849346904,3,0.8,23.191000000000003,1.3333333333333333,0.27249999999999996,0.6666666666666666,1.0,-0.33333333333333337,-0.1395348837209302,1.0,2.0,-0.5,0.0,0.5,0.0,0.0,0.0,0.0,0,7.0,6,0,1,56.0,0,Silver,0,1,12,F,Portland,Dairy,Value,2023,51.298,51.38,Active,2024-04,0
501846,1,12.0,12.0,12.0,0.0,264.53,264.53,0.0,0.0,0.0,1,1.0,22.044166666666666,7.0,0.22,2.0,2.0,0.0,0.0,0.0,0.0,0.0,0.0,0.0,0.0,0.0,0.0,0.0,0,7.0,1,1,0,39.0,0,Silver,0,0,2,F,Madison,Household,Value,2024,264.53,264.53,Active,2024-04,0
501847,7,0.0,0.0,0.0,0.0,0.0,0.0,0.0,0.0,0.0,0,0.0,0.0,0.0,0.0,0.0,0.0,0.0,0.0,0.0,0.0,0.0,0.0,0.0,0.0,0.0,0.0,0.0,0,7.0,6,0,0,59.0,0,Gold,1,0,20,M,Spokane,Bakery,Value,2022,0.0,94.60666666666667,Lapsed,2024-04,1
501848,1,7.0,4.666666666666667,3.0,0.5555555555555557,132.96666666666667,77.33666666666666,0.7193224429981468,0.42857142857142855,0.5316704741176655,3,0.8333333333333334,28.49285714285714,2.6666666666666665,0.442,2.0,1.6666666666666667,0.19999999999999996,0.2571428571428571,0.0,0.0,0.0,1.0,0.3333333333333333,0.0,0.0,0.0,0.0,0,7.0,6,0,0,46.0,1,Gold,1,0,9,F,Raleigh,Frozen Foods,Mainstream,2023,105.15166666666669,122.7242857142857,Active,2024-04,0
501849,1,7.0,5.333333333333333,8.666666666666666,-0.3846153846153846,188.02666666666667,300.36333333333334,-0.37400259685492016,-0.45714285714285713,0.36339918439014846,3,1.0,35.255,4.666666666666667,0.21500000000000005,3.6666666666666665,2.6666666666666665,0.375,0.028571428571428584,2.3333333333333335,1.0,1.3333333333333335,2.3333333333333335,1.3333333333333333,0.0,0.0,0.0,0.0,0,7.0,6,0,0,52.0,0,Gold,1,1,27,M,Nashville,Snacks,Mainstream,2022,244.19500000000002,215.32153846153844,Active,2024-04,0
501851,1,4.0,3.6666666666666665,4.333333333333333,-0.15384615384615383,107.72333333333334,123.53666666666668,-0.12800518064812064,0.17142857142857143,0.320982241549393,3,1.0,29.379090909090912,2.6666666666666665,0.2316666666666667,1.3333333333333333,1.3333333333333333,0.0,-0.05714285714285714,0.6666666666666666,0.3333333333333333,0.6666666666666666,0.6666666666666666,0.3333333333333333,0.0,0.0,0.0,0.0,0,7.0,6,0,0,31.0,0,Gold,1,0,29,F,Portland,Dairy,Value,2021,115.63,127.89214285714286,Active,2024-04,0
501852,7,0.0,0.0,0.0,0.0,0.0,0.0,0.0,0.0,0.0,0,0.0,0.0,0.0,0.0,0.0,0.0,0.0,0.0,0.0,0.0,0.0,0.0,0.0,0.0,1.0,1.0,0.0,0,6.0,6,0,0,22.0,0,Gold,1,1,20,M,Austin,Bakery,Mainstream,2022,0.0,86.9388888888889,Lapsed,2024-04,1
501853,7,0.0,0.0,0.0,0.0,0.0,0.0,0.0,0.0,0.0,0,0.0,0.0,0.0,0.0,0.0,0.0,0.0,0.0,0.0,0.0,0.0,0.0,0.0,0.0,0.0,0.0,0.0,0,7.0,6,0,0,45.0,0,Silver,0,0,28,F,Denver,Bakery,Value,2021,0.0,68.8775,Lapsed,2024-04,1
501854,1,5.0,6.333333333333333,5.666666666666667,0.1176470588235293,169.63666666666666,128.59666666666666,0.31913735451929803,0.05714285714285714,0.17761283511145617,3,1.0,26.784736842105264,2.3333333333333335,0.265,1.6666666666666667,3.3333333333333335,-0.5,-0.42857142857142855,2.6666666666666665,1.6666666666666667,0.5999999999999999,0.6666666666666666,0.6666666666666666,0.0,0.0,0.0,0.0,0,7.0,6,0,0,37.0,0,Silver,0,1,14,M,Tulsa,Personal Care,Value,2023,149.11666666666667,135.71666666666667,Active,2024-04,0
501855,1,1.0,1.6666666666666667,4.666666666666667,-0.6428571428571428,45.39333333333334,134.23666666666665,-0.6618410270417917,-0.5428571428571428,0.7453838372609031,3,1.0,27.236,1.6666666666666667,0.285,1.3333333333333333,2.0,-0.33333333333333337,-0.17142857142857143,0.0,0.3333333333333333,-0.6666666666666666,0.6666666666666666,0.3333333333333333,0.0,1.0,1.0,0.0,0,4.0,6,0,0,46.0,1,Silver,0,0,33,F,Tulsa,Personal Care,Value,2021,89.815,106.864,Active,2024-04,0
501856,1,6.0,4.333333333333333,3.3333333333333335,0.2999999999999999,177.23333333333335,126.85666666666667,0.39711485403473745,0.2,0.44024486858567463,3,1.0,40.900000000000006,2.3333333333333335,0.25333333333333335,2.3333333333333335,2.3333333333333335,0.0,0.0,1.0,1.3333333333333333,-0.24999999999999994,0.3333333333333333,0.0,0.0,0.0,0.0,0.0,0,7.0,6,0,0,66.0,0,Gold,1,1,19,F,Tulsa,Bakery,Mainstream,2022,152.04500000000002,132.74428571428572,Active,2024-04,0
501857,1,3.0,2.0,0.6666666666666666,2.0000000000000004,62.20666666666667,18.923333333333332,2.2872996300863138,0.2857142857142857,0.9714448434819855,2,0.6666666666666666,31.103333333333335,1.6666666666666667,0.3825,1.0,2.3333333333333335,-0.5714285714285715,-0.4571428571428571,1.0,2.3333333333333335,-0.5714285714285715,0.6666666666666666,1.0,2.0,0.0,2.0,1.0,1,1.0,6,0,0,70.0,0,Silver,0,1,38,F,Madison,Household,Value,2021,40.565,50.33833333333333,Active,2024-04,0
501858,1,5.0,4.666666666666667,6.333333333333333,-0.26315789473684204,139.00333333333333,228.84,-0.3925741420497582,-0.4857142857142857,0.3292108463119098,3,1.0,29.78642857142857,2.3333333333333335,0.24000000000000002,1.3333333333333333,4.0,-0.6666666666666667,-0.45714285714285713,0.0,0.0,0.0,0.6666666666666666,0.6666666666666666,0.0,0.0,0.0,0.0,0,7.0,6,0,0,57.0,0,Silver,0,0,11,F,Boise,Produce,Value,2023,183.92166666666665,197.27444444444444,Active,2024-04,0
501859,7,0.0,0.0,0.0,0.0,0.0,0.0,0.0,0.0,0.0,0,0.0,0.0,0.0,0.0,0.0,0.0,0.0,0.0,0.0,0.0,0.0,0.0,0.0,0.0,0.0,0.0,0.0,0,7.0,6,0,0,71.0,0,Silver,0,1,32,F,Columbus,Bakery,Value,2021,0.0,28.64,Lapsed,2024-04,1
501860,4,0.0,0.0,1.5,-1.0,0.0,52.864999999999995,-1.0,-0.4324324324324324,1.375929386095733,0,0.4,0.0,0.0,0.265,0.0,0.5,-1.0,-0.18918918918918917,0.0,0.0,0.0,0.0,0.5,0.0,2.0,2.0,0.0,0,4.0,6,0,1,58.0,0,Silver,0,0,25,Other,Austin,Personal Care,Unknown,2022,21.145999999999997,108.78636363636365,Lapsed,2024-04,1
501861,1,2.0,2.6666666666666665,2.6666666666666665,0.0,108.14,105.52333333333335,0.024797043307956963,0.0,0.18768775954695321,3,1.0,40.5525,2.0,0.21,1.3333333333333333,2.0,-0.33333333333333337,0.05714285714285714,0.0,0.6666666666666666,-1.0,0.0,0.6666666666666666,0.0,0.0,0.0,0.0,0,7.0,6,0,0,71.0,0,Gold,1,0,35,M,Nashville,Household,Mainstream,2021,106.83166666666666,108.054,Active,2024-04,0
501862,3,0.0,0.3333333333333333,0.5,-0.33333333333333337,13.113333333333335,16.135,-0.1872740419378163,-0.2,1.2346532513365636,1,0.4,39.34000000000001,1.0,0.275,1.0,0.5,1.0,-0.2,0.0,0.0,0.0,0.0,0.0,0.0,0.0,0.0,0.0,0,7.0,5,0,0,74.0,0,Silver,0,0,6,M,Denver,Frozen Foods,Value,2023,14.322000000000003,35.80500000000001,Active,2024-04,1
501863,1,6.0,6.333333333333333,5.333333333333333,0.1875,209.39333333333335,177.35666666666665,0.18063412708854112,0.2,0.19541349415111187,3,1.0,33.062105263157896,2.6666666666666665,0.2516666666666667,2.6666666666666665,2.0,0.33333333333333326,0.2857142857142857,1.3333333333333333,1.6666666666666667,-0.20000000000000007,0.3333333333333333,0.6666666666666666,0.0,0.0,0.0,0.0,0,7.0,6,0,0,28.0,0,Gold,1,1,19,M,Tulsa,Household,Mainstream,2022,193.375,175.95615384615382,Active,2024-04,0
501864,1,5.0,5.0,4.0,0.25,202.00333333333333,171.38666666666668,0.17864088999533206,0.6571428571428571,0.420771416054078,3,1.0,40.400666666666666,2.6666666666666665,0.27666666666666667,2.3333333333333335,2.6666666666666665,-0.12499999999999989,-0.08571428571428572,3.0,0.6666666666666666,3.0,0.3333333333333333,0.3333333333333333,0.0,1.0,1.0,0.0,0,4.0,6,0,0,19.0,0,Platinum,2,1,34,F,Madison,Produce,Mainstream,2021,186.69500000000002,170.3814285714286,Active,2024-04,0
501865,1,2.0,3.0,3.6666666666666665,-0.1818181818181818,96.12333333333333,128.51,-0.25201670427722866,0.0,0.46447228292998605,3,1.0,32.041111111111114,0.3333333333333333,0.3033333333333333,4.333333333333333,1.3333333333333333,2.25,0.7714285714285715,2.6666666666666665,2.0,0.33333333333333326,0.3333333333333333,0.0,0.0,0.0,0.0,0.0,0,7.0,6,0,0,18.0,0,Gold,1,1,9,M,Boise,Bakery,Mainstream,2023,112.31666666666666,103.67571428571429,Active,2024-04,0
501866,7,0.0,0.0,0.0,0.0,0.0,0.0,0.0,0.0,0.0,0,0.0,0.0,0.0,0.0,0.0,0.0,0.0,0.0,0.0,0.0,0.0,0.0,0.0,0.0,0.0,0.0,0.0,0,7.0,6,0,0,55.0,0,Platinum,2,1,36,M,Tulsa,Personal Care,Value,2021,0.0,97.0,Lapsed,2024-04,1
501867,1,4.0,5.666666666666667,5.666666666666667,0.0,184.92999999999998,214.57000000000002,-0.1381367385934662,-0.2857142857142857,0.32854563649780083,3,1.0,32.63470588235293,2.6666666666666665,0.19333333333333333,1.3333333333333333,2.0,-0.33333333333333337,-0.17142857142857143,1.0,1.3333333333333333,-0.24999999999999994,0.6666666666666666,0.6666666666666666,1.0,1.0,2.0,0.0,0,2.0,6,0,0,38.0,0,Silver,0,1,37,F,Madison,Household,Upscale,2021,199.75,219.66785714285714,Active,2024-04,0
501868,7,0.0,0.0,0.0,0.0,0.0,0.0,0.0,0.0,0.0,0,0.0,0.0,0.0,0.0,0.0,0.0,0.0,0.0,0.0,0.0,0.0,0.0,0.0,0.0,0.0,0.0,0.0,0,7.0,6,0,0,60.0,0,Silver,0,1,18,F,Denver,Produce,Value,2022,0.0,113.715,Lapsed,2024-04,1
501869,1,2.0,1.0,3.0,-0.6666666666666666,19.315,60.50666666666667,-0.6807789775231379,-0.19767441860465115,0.9363043045574967,1,0.6,19.315,0.5,0.35333333333333333,0.0,1.6666666666666667,-1.0,-0.5232558139534884,0.5,0.3333333333333333,0.33333333333333337,0.0,0.3333333333333333,1.0,0.0,1.0,0.0,0,2.0,6,0,1,67.0,0,Silver,0,0,27,F,Nashville,Frozen Foods,Mainstream,2022,44.03,74.56181818181818,Active,2024-04,1
501870,1,9.0,8.666666666666666,6.333333333333333,0.3684210526315789,353.49333333333334,232.91666666666666,0.5176815742397138,0.5428571428571428,0.27820533355129784,3,1.0,40.78769230769231,3.6666666666666665,0.27166666666666667,4.333333333333333,4.333333333333333,0.0,-0.4,1.0,1.6666666666666667,-0.4,1.0,0.6666666666666666,0.0,1.0,1.0,0.0,0,5.0,6,0,0,60.0,0,Silver,0,1,17,F,Boise,Frozen Foods,Upscale,2022,293.205,265.38615384615383,Active,2024-04,0
501871,7,0.0,0.0,0.0,0.0,0.0,0.0,0.0,0.0,0.0,0,0.0,0.0,0.0,0.0,0.0,0.0,0.0,0.0,0.0,0.0,0.0,0.0,0.0,0.0,0.0,0.0,0.0,0,7.0,6,0,0,41.0,0,Platinum,2,1,25,F,Spokane,Frozen Foods,Mainstream,2022,0.0,42.425,Lapsed,2024-04,1
501872,7,0.0,0.0,0.0,0.0,0.0,0.0,0.0,0.0,0.0,0,0.0,0.0,0.0,0.0,0.0,0.0,0.0,0.0,0.0,0.0,0.0,0.0,0.0,0.0,0.0,0.0,0.0,0,7.0,6,0,0,58.0,0,Silver,0,1,32,F,Denver,Snacks,Value,2021,0.0,118.8,Lapsed,2024-04,1
501874,1,2.0,2.5,1.6666666666666667,0.49999999999999994,69.08500000000001,45.35666666666666,0.5231498493422506,0.33783783783783783,0.5739777332348847,2,0.8,27.634000000000004,0.5,0.35250000000000004,1.0,0.6666666666666666,0.5000000000000001,-0.1216216216216216,2.0,2.6666666666666665,-0.24999999999999994,2.0,0.3333333333333333,0.0,0.0,0.0,0.0,0,7.0,6,0,1,22.0,0,Silver,0,1,11,F,Tulsa,Snacks,Mainstream,2023,54.848,69.6175,Active,2024-04,0
501875,7,0.0,0.0,0.0,0.0,0.0,0.0,0.0,0.0,0.0,0,0.0,0.0,0.0,0.0,0.0,0.0,0.0,0.0,0.0,0.0,0.0,0.0,0.0,0.0,0.0,0.0,0.0,0,7.0,6,0,0,20.0,0,Silver,0,1,22,Unknown,Tulsa,Snacks,Mainstream,2022,0.0,29.04,Lapsed,2024-04,1
501876,1,11.0,8.0,5.0,0.6,178.36666666666667,127.09666666666665,0.40339374229589053,1.4,0.522485636083512,3,1.0,22.295833333333334,3.0,0.215,1.0,3.0,-0.6666666666666666,-0.45714285714285713,1.0,1.0,0.0,0.3333333333333333,1.0,1.0,0.0,1.0,0.0,0,3.0,6,0,0,22.0,0,Silver,0,0,30,F,Raleigh,Frozen Foods,Value,2021,152.73166666666665,146.225,Active,2024-04,0
501877,7,0.0,0.0,0.0,0.0,0.0,0.0,0.0,0.0,0.0,0,0.0,0.0,0.0,0.0,0.0,0.0,0.0,0.0,0.0,0.0,0.0,0.0,0.0,0.0,0.0,0.0,0.0,0,7.0,6,0,0,48.0,0,Gold,1,0,22,M,Denver,Household,Value,2022,0.0,106.78,Lapsed,2024-04,1
501878,3,0.0,0.6666666666666666,4.333333333333333,-0.8461538461538461,25.656666666666666,157.56333333333333,-0.837166007319808,-1.1714285714285715,0.8639889325483664,1,0.6666666666666666,38.485,0.0,0.3125,0.0,0.0,0.0,0.0,0.3333333333333333,0.3333333333333333,0.0,0.0,0.0,0.0,1.0,1.0,1.0,0,6.0,6,0,0,62.0,0,Silver,0,0,10,M,Boise,Dairy,Mainstream,2023,91.61,135.33375,Active,2024-04,1
501879,2,0.0,1.3333333333333333,2.3333333333333335,-0.42857142857142866,36.01,59.52,-0.39499327956989255,-0.4285714285714286,0.631763362293875,2,0.8333333333333334,27.0075,1.3333333333333333,0.454,0.0,2.0,-1.0,-0.6857142857142857,0.0,1.0,-1.0,0.6666666666666666,1.0,2.0,0.0,2.0,1.0,1,2.0,6,0,0,65.0,0,Silver,0,1,28,F,Raleigh,Personal Care,Mainstream,2021,47.76499999999999,61.8975,Active,2024-04,1
501880,1,2.0,1.3333333333333333,0.6666666666666666,1.0,51.1,25.093333333333334,1.0363974495217854,0.17142857142857143,0.5753979154809559,3,0.8333333333333334,38.325,0.3333333333333333,0.24,0.6666666666666666,1.3333333333333333,-0.5,-0.22857142857142856,1.3333333333333333,1.3333333333333333,0.0,0.6666666666666666,0.0,0.0,0.0,0.0,0.0,0,7.0,6,0,0,52.0,0,Silver,0,1,27,Other,Denver,Beverages,Mainstream,2022,38.09666666666667,64.53076923076922,Active,2024-04,0
501881,7,0.0,0.0,0.0,0.0,0.0,0.0,0.0,0.0,0.0,0,0.0,0.0,0.0,0.0,0.0,0.0,0.0,0.0,0.0,0.0,0.0,0.0,0.0,0.0,0.0,0.0,0.0,0,7.0,6,0,0,72.0,0,Silver,0,1,24,F,Denver,Bakery,Mainstream,2022,0.0,121.43666666666667,Lapsed,2024-04,1
501882,1,1.0,2.6666666666666665,3.0,-0.11111111111111116,74.97666666666667,72.49666666666666,0.034208469354913125,-0.2,0.434027403601129,3,1.0,28.116250000000004,2.6666666666666665,0.2466666666666667,0.3333333333333333,1.3333333333333333,-0.75,-0.42857142857142855,1.3333333333333333,0.6666666666666666,1.0,0.3333333333333333,0.3333333333333333,1.0,1.0,2.0,1.0,1,2.0,6,0,0,32.0,0,Gold,1,1,12,F,Spokane,Produce,Mainstream,2023,73.73666666666666,73.955,Active,2024-04,0
501883,1,2.0,1.6666666666666667,1.6666666666666667,0.0,56.0,61.73333333333333,-0.09287257019438436,-0.11428571428571428,0.6242998718078075,3,0.8333333333333334,33.6,0.6666666666666666,0.352,2.0,1.0,1.0,0.37142857142857144,0.6666666666666666,1.0,-0.33333333333333337,1.3333333333333333,1.3333333333333333,0.0,0.0,0.0,0.0,0,7.0,6,0,0,31.0,0,Platinum,2,1,21,M,Madison,Snacks,Mainstream,2022,58.86666666666667,99.50214285714286,Active,2024-04,0
501885,6,0.0,0.0,0.6666666666666666,-1.0,0.0,24.900000000000002,-1.0,-0.2857142857142857,2.2360679774997894,0,0.16666666666666666,0.0,0.0,0.06,0.0,0.0,0.0,0.0,0.6666666666666666,0.6666666666666666,0.0,0.0,0.0,0.0,2.0,2.0,0.0,0,4.0,6,0,0,25.0,0,Gold,1,1,8,M,Austin,Snacks,Upscale,2023,12.450000000000001,74.7,Lapsed,2024-04,1
501886,1,2.0,2.6666666666666665,4.0,-0.33333333333333337,91.45,128.58333333333334,-0.28878807517822425,-0.34285714285714286,0.5016855332149645,3,1.0,34.29375,1.6666666666666667,0.36833333333333335,1.3333333333333333,1.6666666666666667,-0.20000000000000007,-0.2571428571428571,1.3333333333333333,0.3333333333333333,2.0,0.6666666666666666,0.6666666666666666,0.0,0.0,0.0,0.0,0,7.0,6,0,0,48.0,0,Gold,1,1,35,F,Spokane,Beverages,Value,2021,110.01666666666667,96.36071428571428,Active,2024-04,0
501887,4,0.0,0.0,5.333333333333333,-1.0,0.0,174.17333333333332,-1.0,-1.6571428571428573,1.1376834109639842,0,0.5,0.0,0.0,0.32,0.0,1.3333333333333333,-1.0,-0.4,0.0,0.3333333333333333,-0.6666666666666666,0.0,0.3333333333333333,0.0,3.0,3.0,0.0,0,5.0,6,0,0,62.0,0,Silver,0,0,22,Unknown,Raleigh,Dairy,Upscale,2022,87.08666666666666,171.32416666666666,Lapsed,2024-04,1
501888,1,4.0,4.0,4.0,0.0,141.56,141.56,0.0,0.0,0.0,1,1.0,35.39,3.0,0.18,3.0,3.0,0.0,0.0,2.0,2.0,0.0,0.0,0.0,1.0,0.0,1.0,1.0,1,1.0,1,1,0,23.0,0,Silver,0,1,2,M,Boise,Personal Care,Value,2024,141.56,141.56,Active,2024-04,0
501889,1,1.0,5.333333333333333,5.666666666666667,-0.05882352941176481,226.08666666666667,254.64999999999998,-0.11216702663786887,-0.5428571428571428,0.4034630264940982,3,1.0,42.39125000000001,2.0,0.3433333333333333,1.3333333333333333,2.3333333333333335,-0.42857142857142866,-0.37142857142857144,2.0,2.0,0.0,0.3333333333333333,0.6666666666666666,0.0,1.0,1.0,1.0,0,4.0,6,0,0,65.0,0,Gold,1,1,10,M,Tulsa,Snacks,Value,2023,240.36833333333334,253.40888888888887,Active,2024-04,0
501890,1,2.0,1.3333333333333333,0.6666666666666666,1.0,57.79999999999999,28.146666666666665,1.053529133112269,0.34285714285714286,0.8286727674869997,2,0.6666666666666666,43.349999999999994,0.3333333333333333,0.21750000000000003,1.0,0.6666666666666666,0.5000000000000001,0.14285714285714282,0.0,0.6666666666666666,-1.0,0.0,1.0,0.0,0.0,0.0,0.0,0,7.0,6,0,0,60.0,0,Silver,0,0,30,M,Portland,Dairy,Value,2021,42.97333333333333,65.41272727272727,Active,2024-04,0
501891,7,0.0,0.0,0.0,0.0,0.0,0.0,0.0,0.0,0.0,0,0.0,0.0,0.0,0.0,0.0,0.0,0.0,0.0,0.0,0.0,0.0,0.0,0.0,0.0,0.0,0.0,0.0,0,7.0,6,0,0,25.0,0,Platinum,2,1,26,F,Portland,Household,Mainstream,2022,0.0,54.55,Lapsed,2024-04,1
501892,7,0.0,0.0,0.0,0.0,0.0,0.0,0.0,0.0,0.0,0,0.0,0.0,0.0,0.0,0.0,0.0,0.0,0.0,0.0,0.0,0.0,0.0,0.0,0.0,0.0,0.0,0.0,0,7.0,6,0,0,37.0,0,Silver,0,1,20,M,Spokane,Produce,Mainstream,2022,0.0,59.70333333333334,Lapsed,2024-04,1
501893,2,0.0,1.0,2.6666666666666665,-0.625,44.23666666666667,120.04,-0.6314839497945129,-0.4285714285714286,0.7310794981990906,2,0.8333333333333334,44.23666666666667,0.3333333333333333,0.392,0.0,0.0,0.0,0.0,0.0,0.0,0.0,0.0,0.3333333333333333,0.0,0.0,0.0,0.0,0,7.0,6,0,0,54.0,0,Platinum,2,1,18,F,Spokane,Beverages,Mainstream,2022,82.13833333333334,114.39923076923077,Active,2024-04,1
501894,7,0.0,0.0,0.0,0.0,0.0,0.0,0.0,0.0,0.0,0,0.0,0.0,0.0,0.0,0.0,0.0,0.0,0.0,0.0,0.0,0.0,0.0,0.0,0.0,0.0,0.0,0.0,0,7.0,6,0,0,64.0,0,Silver,0,0,14,M,Tulsa,Bakery,Mainstream,2023,0.0,73.5325,Lapsed,2024-04,1
501895,7,0.0,0.0,0.0,0.0,0.0,0.0,0.0,0.0,0.0,0,0.0,0.0,0.0,0.0,0.0,0.0,0.0,0.0,0.0,0.0,0.0,0.0,0.0,0.0,1.0,1.0,0.0,0,6.0,6,0,0,64.0,0,Silver,0,0,36,F,Raleigh,Dairy,Mainstream,2021,0.0,93.66000000000001,Lapsed,2024-04,1
501896,1,6.0,6.333333333333333,7.666666666666667,-0.17391304347826095,190.08333333333334,269.67333333333335,-0.29513485451533955,-0.45714285714285713,0.21915849861777925,3,1.0,30.013157894736846,3.0,0.24,1.6666666666666667,3.0,-0.4444444444444444,-0.34285714285714286,0.3333333333333333,1.0,-0.6666666666666667,0.3333333333333333,0.0,1.0,1.0,2.0,0.0,0,2.0,6,0,0,23.0,0,Gold,1,0,13,M,Boise,Snacks,Value,2023,229.87833333333333,192.60916666666665,Active,2024-04,0
501897,2,0.0,1.6666666666666667,1.3333333333333333,0.2500000000000001,58.48666666666666,43.56999999999999,0.34236095172519315,-0.02857142857142857,0.6250320135447769,2,0.8333333333333334,35.09199999999999,1.3333333333333333,0.37,0.3333333333333333,1.0,-0.6666666666666667,-0.22857142857142856,1.3333333333333333,2.0,-0.33333333333333337,0.0,0.6666666666666666,0.0,0.0,0.0,0.0,0,7.0,6,0,0,21.0,0,Silver,0,1,31,M,Madison,Snacks,Mainstream,2021,51.02833333333333,54.4275,Active,2024-04,0
501898,1,5.0,5.0,5.0,0.0,161.08,161.08,0.0,0.0,0.0,1,1.0,32.216,1.0,0.38,0.0,0.0,0.0,0.0,1.0,1.0,0.0,1.0,1.0,0.0,0.0,0.0,0.0,0,7.0,1,1,0,46.0,0,Silver,0,1,2,F,Tulsa,Produce,Value,2024,161.08,161.08,Active,2024-04,0
501899,1,6.0,8.0,5.333333333333333,0.5000000000000001,257.3233333333333,167.58333333333334,0.5354947787170561,0.6857142857142857,0.3286870386718073,3,1.0,32.165416666666665,3.3333333333333335,0.37166666666666665,3.0,3.6666666666666665,-0.1818181818181818,0.22857142857142856,0.3333333333333333,0.6666666666666666,-0.5,0.6666666666666666,0.3333333333333333,0.0,1.0,1.0,0.0,0,6.0,6,0,0,31.0,0,Gold,1,0,20,F,Columbus,Frozen Foods,Value,2022,212.45333333333335,208.62066666666666,Active,2024-04,0
501900,2,0.0,1.0,0.6666666666666666,0.5000000000000001,44.74,29.686666666666667,0.5070738827756569,-0.14285714285714282,1.103415324838319,2,0.5,44.74,1.3333333333333333,0.18333333333333335,0.0,0.0,0.0,0.0,2.3333333333333335,0.6666666666666666,2.5000000000000004,0.0,0.6666666666666666,4.0,1.0,5.0,0.0,0,1.0,6,0,0,23.0,0,Gold,1,1,9,F,Columbus,Bakery,Upscale,2023,37.21333333333333,74.42666666666666,Active,2024-04,1
501901,2,0.0,4.666666666666667,5.0,-0.06666666666666661,216.0533333333333,231.33,-0.06603841553912894,-0.37142857142857144,0.6023244678428301,2,0.8333333333333334,46.29714285714285,3.0,0.34199999999999997,1.0,1.6666666666666667,-0.4,-0.17142857142857143,0.6666666666666666,1.3333333333333333,-0.5,0.6666666666666666,0.3333333333333333,0.0,0.0,0.0,0.0,0,7.0,6,0,0,43.0,0,Platinum,2,1,16,M,Spokane,Dairy,Upscale,2022,223.69166666666663,269.78846153846155,Active,2024-04,0
501902,7,0.0,0.0,0.0,0.0,0.0,0.0,0.0,0.0,0.0,0,0.0,0.0,0.0,0.0,0.0,0.0,0.0,0.0,0.0,0.0,0.0,0.0,0.0,0.0,0.0,0.0,0.0,0,7.0,6,0,0,62.0,0,Gold,1,0,23,F,Madison,Bakery,Unknown,2022,0.0,169.0175,Lapsed,2024-04,1
501903,1,4.0,4.0,4.0,0.0,153.04,153.04,0.0,0.0,0.0,1,1.0,38.26,1.0,0.21,1.0,1.0,0.0,0.0,0.0,0.0,0.0,0.0,0.0,0.0,0.0,0.0,0.0,0,7.0,1,1,0,48.0,0,Gold,1,1,2,Unknown,Austin,Snacks,Mainstream,2024,153.04,153.04,Active,2024-04,0
501905,7,0.0,0.0,0.0,0.0,0.0,0.0,0.0,0.0,0.0,0,0.0,0.0,0.0,0.0,0.0,0.0,0.0,0.0,0.0,0.0,0.0,0.0,0.0,0.0,0.0,0.0,0.0,0,7.0,6,0,0,52.0,0,Platinum,2,0,22,F,Nashville,Personal Care,Mainstream,2022,0.0,98.076,Lapsed,2024-04,1
501906,7,0.0,0.0,0.0,0.0,0.0,0.0,0.0,0.0,0.0,0,0.0,0.0,0.0,0.0,0.0,0.0,0.0,0.0,0.0,0.0,0.0,0.0,0.0,0.0,0.0,0.0,0.0,0,7.0,6,0,0,31.0,0,Gold,1,1,25,M,Columbus,Snacks,Mainstream,2022,0.0,135.4,Lapsed,2024-04,1
501907,1,8.0,8.0,8.0,0.0,184.69,184.69,0.0,0.0,0.0,1,1.0,23.08625,4.0,0.19,1.0,1.0,0.0,0.0,1.0,1.0,0.0,1.0,1.0,0.0,0.0,0.0,0.0,0,7.0,1,1,0,55.0,0,Gold,1,1,2,F,Raleigh,Beverages,Mainstream,2024,184.69,184.69,Active,2024-04,0
501908,7,0.0,0.0,0.0,0.0,0.0,0.0,0.0,0.0,0.0,0,0.0,0.0,0.0,0.0,0.0,0.0,0.0,0.0,0.0,0.0,0.0,0.0,0.0,0.0,1.0,1.0,0.0,0,6.0,6,0,0,72.0,0,Gold,1,1,36,F,Portland,Bakery,Value,2021,0.0,51.76142857142857,Lapsed,2024-04,1
501909,1,3.0,3.3333333333333335,5.0,-0.3333333333333333,105.7,140.60666666666668,-0.24825755061400603,-0.6,0.4483360844021932,3,1.0,31.71,1.3333333333333333,0.18833333333333332,2.0,1.6666666666666667,0.19999999999999996,0.02857142857142857,0.6666666666666666,0.3333333333333333,0.6666666666666666,1.0,0.3333333333333333,0.0,0.0,0.0,0.0,0,7.0,6,0,0,23.0,0,Gold,1,0,16,F,Madison,Household,Value,2022,123.15333333333332,170.75285714285715,Active,2024-04,0
501910,7,0.0,0.0,0.0,0.0,0.0,0.0,0.0,0.0,0.0,0,0.0,0.0,0.0,0.0,0.0,0.0,0.0,0.0,0.0,0.0,0.0,0.0,0.0,0.0,0.0,0.0,0.0,0,7.0,6,0,0,56.0,0,Silver,0,1,37,M,Austin,Beverages,Value,2021,0.0,54.125,Lapsed,2024-04,1
501911,2,0.0,2.0,4.0,-0.5,52.22666666666667,96.54,-0.4590152613769768,-1.2,0.5946233486293546,2,0.75,26.113333333333333,1.0,0.42333333333333334,1.0,2.0,-0.5,-0.3,2.3333333333333335,2.0,0.16666666666666674,0.0,1.0,1.0,1.0,2.0,2.0,1,2.0,4,0,0,41.0,0,Silver,0,1,5,F,Boise,Dairy,Upscale,2023,63.30500000000001,84.40666666666668,Active,2024-04,0
501912,1,3.0,3.5,5.0,-0.3,128.835,156.25666666666666,-0.1754911790430274,-0.2790697674418604,0.30957605109657194,2,1.0,36.81,2.5,0.286,1.0,2.6666666666666665,-0.625,-0.3488372093023256,1.0,1.6666666666666667,-0.4,1.0,0.6666666666666666,0.0,0.0,0.0,0.0,0,7.0,6,0,1,37.0,0,Platinum,2,1,34,M,Nashville,Beverages,Value,2021,145.288,135.82785714285714,Active,2024-04,0
501913,7,0.0,0.0,0.0,0.0,0.0,0.0,0.0,0.0,0.0,0,0.0,0.0,0.0,0.0,0.0,0.0,0.0,0.0,0.0,0.0,0.0,0.0,0.0,0.0,0.0,0.0,0.0,0,7.0,6,0,0,26.0,0,Silver,0,0,24,M,Spokane,Personal Care,Value,2022,0.0,158.948,Lapsed,2024-04,1
501914,1,8.0,7.333333333333333,6.0,0.22222222222222218,286.1433333333334,208.23666666666668,0.37412559427574404,0.6285714285714286,0.4577411078405794,3,1.0,39.01954545454546,2.6666666666666665,0.335,5.333333333333333,1.3333333333333333,3.0,0.9714285714285714,2.6666666666666665,1.3333333333333333,1.0,0.3333333333333333,1.6666666666666667,0.0,1.0,1.0,0.0,0,5.0,6,0,0,66.0,0,Silver,0,1,30,M,Spokane,Beverages,Mainstream,2021,247.19000000000003,211.10285714285715,Active,2024-04,0
501915,1,8.0,7.666666666666667,7.666666666666667,0.0,224.4366666666667,228.15,-0.016275841916867456,-0.17142857142857143,0.26837452712025567,3,1.0,29.27434782608696,3.0,0.255,3.0,5.666666666666667,-0.4705882352941177,-0.9714285714285714,2.0,2.0,0.0,0.3333333333333333,0.0,0.0,0.0,0.0,0.0,0,7.0,6,0,0,42.0,0,Silver,0,1,31,F,Raleigh,Produce,Mainstream,2021,226.29333333333338,202.67000000000002,Active,2024-04,0
501916,2,0.0,3.0,4.0,-0.25,73.61333333333333,91.45,-0.19504282850373617,-0.8,0.8575236262379801,2,0.8,24.537777777777777,2.0,0.17250000000000001,1.6666666666666667,0.5,2.3333333333333335,0.3,0.3333333333333333,0.0,0.6666666666666666,1.3333333333333333,0.5,0.0,0.0,0.0,0.0,0,7.0,5,0,0,39.0,0,Silver,0,0,6,M,Portland,Household,Mainstream,2023,80.748,100.935,Active,2024-04,0
501917,1,3.0,4.333333333333333,0.5,3.0,108.50333333333333,11.385,3.0,1.1,0.9031124533484006,3,0.8,25.03923076923077,3.3333333333333335,0.345,0.0,1.0,-1.0,-0.4,1.6666666666666667,1.0,0.6666666666666667,0.0,0.5,0.0,0.0,0.0,0.0,0,7.0,5,0,0,73.0,0,Silver,0,1,6,M,Boise,Frozen Foods,Mainstream,2023,69.65599999999999,87.07,Active,2024-04,0
501918,3,0.0,1.3333333333333333,1.5,-0.11111111111111116,65.7,59.455,0.10503742326129013,-0.5,1.14964418587552,1,0.6,49.275000000000006,0.3333333333333333,0.29,0.0,0.5,-1.0,-0.1,0.0,0.0,0.0,0.0,0.0,0.0,0.0,0.0,0.0,0,7.0,6,0,1,71.0,0,Gold,1,0,37,F,Portland,Beverages,Mainstream,2021,63.202,150.65454545454546,Active,2024-04,1
501919,6,0.0,0.0,0.3333333333333333,-0.6666666666666666,0.0,11.79,-1.0,-0.14285714285714285,2.23606797749979,0,0.16666666666666666,0.0,0.0,0.15,0.0,1.0,-1.0,-0.37142857142857144,0.0,0.3333333333333333,-0.6666666666666666,0.0,0.0,0.0,0.0,0.0,0.0,0,7.0,6,0,0,23.0,0,Gold,1,0,16,Unknown,Nashville,Dairy,Value,2022,5.895,66.17,Lapsed,2024-04,1
501921,1,7.0,7.666666666666667,8.333333333333334,-0.08000000000000003,154.66666666666666,175.1,-0.11669522177803163,-0.2857142857142857,0.4218504781109037,3,1.0,20.173913043478258,5.0,0.33,2.3333333333333335,2.6666666666666665,-0.12499999999999989,-0.02857142857142857,2.3333333333333335,1.6666666666666667,0.4,1.0,1.3333333333333333,1.0,0.0,1.0,0.0,0,3.0,6,0,0,34.0,0,Silver,0,1,24,M,Denver,Beverages,Mainstream,2022,164.88333333333333,127.556,Active,2024-04,0
501922,1,6.0,7.5,8.666666666666666,-0.13461538461538455,241.985,284.40000000000003,-0.1491385372714487,-0.4864864864864864,0.3769472359585372,2,1.0,32.26466666666667,3.5,0.16799999999999998,3.0,2.0,0.5,0.2432432432432432,0.5,0.3333333333333333,0.33333333333333337,1.0,1.3333333333333333,0.0,0.0,0.0,0.0,0,7.0,6,0,1,74.0,0,Silver,0,0,33,F,Denver,Beverages,Mainstream,2021,267.434,258.83153846153846,Active,2024-04,0
501923,1,6.0,5.333333333333333,5.0,0.06666666666666661,215.12666666666667,203.70666666666668,0.05606100274905086,0.3142857142857143,0.3742653044309377,3,1.0,40.33625,2.6666666666666665,0.33666666666666667,2.0,4.333333333333333,-0.5384615384615384,-1.0,0.0,0.0,0.0,0.3333333333333333,0.6666666666666666,3.0,1.0,4.0,1.0,1,1.0,6,0,0,19.0,0,Silver,0,0,10,F,Columbus,Beverages,Value,2023,209.41666666666666,197.76555555555558,Active,2024-04,0
501925,1,5.0,5.0,5.0,0.0,190.99,190.99,0.0,0.0,0.0,1,1.0,38.198,3.0,0.61,5.0,5.0,0.0,0.0,0.0,0.0,0.0,1.0,1.0,0.0,0.0,0.0,0.0,0,7.0,1,1,0,65.0,0,Silver,0,1,2,F,Denver,Frozen Foods,Mainstream,2024,190.99,190.99,Active,2024-04,0
501926,7,0.0,0.0,0.0,0.0,0.0,0.0,0.0,0.0,0.0,0,0.0,0.0,0.0,0.0,0.0,0.0,0.0,0.0,0.0,0.0,0.0,0.0,0.0,0.0,0.0,0.0,0.0,0,7.0,6,0,0,59.0,0,Silver,0,1,23,Other,Boise,Beverages,Value,2022,0.0,68.42,Lapsed,2024-04,1
501927,1,4.0,4.666666666666667,3.5,0.3333333333333334,163.93333333333334,122.64,0.3367036312241792,0.5,0.7256286361505987,3,1.0,35.128571428571426,4.0,0.29000000000000004,2.6666666666666665,0.5,3.0,0.3,0.0,0.5,-1.0,1.0,1.0,1.0,0.0,1.0,0.0,0,1.0,6,0,1,41.0,0,Silver,0,0,14,M,Denver,Snacks,Value,2023,147.416,164.35999999999999,Active,2024-04,0
501928,1,4.0,4.0,2.0,1.0,138.74,71.695,0.935141920636028,0.14864864864864866,0.5551676960994367,3,0.8,34.685,2.3333333333333335,0.215,3.0,2.0,0.5,0.10810810810810811,2.0,0.0,3.0,0.3333333333333333,0.0,1.0,1.0,2.0,1.0,1,1.0,6,0,1,34.0,0,Gold,1,1,19,F,Austin,Bakery,Value,2022,111.922,195.58166666666668,Active,2024-04,0
501930,1,1.0,2.6666666666666665,3.6666666666666665,-0.27272727272727276,111.93666666666667,147.15666666666667,-0.2393367612748318,-0.42857142857142855,0.4413913189151556,3,1.0,41.97625,1.6666666666666667,0.37666666666666665,1.6666666666666667,1.3333333333333333,0.2500000000000001,0.14285714285714285,2.3333333333333335,1.3333333333333333,0.7500000000000002,0.3333333333333333,0.3333333333333333,0.0,0.0,0.0,0.0,0,7.0,6,0,0,42.0,0,Platinum,2,1,7,M,Tulsa,Bakery,Value,2023,129.54666666666665,129.54666666666668,Active,2024-04,1
501933,1,7.0,5.333333333333333,5.333333333333333,0.0,81.85666666666667,85.62,-0.04395390485089156,0.2857142857142857,0.3256347550953166,3,1.0,15.348125000000001,2.6666666666666665,0.3,4.333333333333333,4.333333333333333,0.0,-0.22857142857142856,1.3333333333333333,1.3333333333333333,0.0,0.3333333333333333,0.6666666666666666,0.0,0.0,0.0,0.0,0,7.0,6,0,0,37.0,0,Silver,0,1,36,M,Tulsa,Produce,Mainstream,2021,83.73833333333333,88.26,Active,2024-04,0
501934,1,6.0,9.0,6.666666666666667,0.3499999999999999,246.30999999999997,179.97333333333333,0.3685916432064008,-0.08571428571428572,0.30265053632691324,3,1.0,27.367777777777775,4.0,0.20500000000000004,3.3333333333333335,3.0,0.11111111111111116,0.2571428571428571,0.3333333333333333,0.3333333333333333,0.0,0.6666666666666666,0.6666666666666666,1.0,0.0,1.0,0.0,0,3.0,6,0,0,20.0,0,Gold,1,0,11,M,Raleigh,Personal Care,Value,2023,213.14166666666665,205.836,Active,2024-04,0
501935,2,0.0,0.3333333333333333,0.6666666666666666,-0.5,7.803333333333334,13.683333333333332,-0.4297198538367843,0.02857142857142857,1.4915315076809301,1,0.3333333333333333,23.410000000000004,1.0,0.175,0.3333333333333333,0.0,0.6666666666666666,0.02857142857142857,2.6666666666666665,2.3333333333333335,0.1428571428571427,0.3333333333333333,0.0,0.0,0.0,0.0,0.0,0,7.0,6,0,0,32.0,0,Silver,0,1,21,F,Austin,Frozen Foods,Mainstream,2022,10.743333333333332,29.28142857142857,Active,2024-04,0
501936,1,1.0,1.3333333333333333,1.3333333333333333,0.0,36.53333333333333,36.53333333333333,0.0,-0.5,0.5021901125656689,3,1.0,27.4,1.3333333333333333,0.45,1.3333333333333333,1.3333333333333333,0.0,0.0,2.0,2.0,0.0,0.6666666666666666,0.6666666666666666,0.0,0.0,0.0,0.0,0,7.0,3,1,0,30.0,0,Gold,1,1,4,F,Denver,Produce,Mainstream,2023,36.53333333333333,36.53333333333333,Active,2024-04,0
501937,1,1.0,3.3333333333333335,3.6666666666666665,-0.09090909090909083,90.55000000000001,122.67666666666666,-0.26188082493274994,-0.2571428571428571,0.43999093526719274,3,1.0,27.165000000000003,3.3333333333333335,0.1416666666666667,0.6666666666666666,1.0,-0.33333333333333337,-0.19999999999999998,0.6666666666666666,0.0,1.3333333333333333,0.6666666666666666,0.6666666666666666,0.0,1.0,1.0,0.0,0,5.0,6,0,0,73.0,0,Gold,1,0,13,M,Spokane,Frozen Foods,Value,2023,106.61333333333334,121.21909090909092,Active,2024-04,0
501938,1,6.0,6.0,6.0,0.0,227.355,227.355,0.0,0.0,0.0842515009566537,2,1.0,37.8925,3.0,0.265,3.0,3.0,0.0,0.0,0.5,0.5,0.0,0.0,0.0,0.0,0.0,0.0,0.0,0,7.0,3,1,1,23.0,0,Silver,0,1,4,F,Columbus,Personal Care,Mainstream,2023,227.355,227.355,Active,2024-04,0
501939,1,1.0,2.6666666666666665,2.6666666666666665,0.0,74.58333333333333,74.58333333333333,0.0,-1.5,0.5052747387243489,3,1.0,27.96875,1.6666666666666667,0.3266666666666667,1.3333333333333333,1.3333333333333333,0.0,-0.5,0.6666666666666666,0.6666666666666666,0.0,0.6666666666666666,0.6666666666666666,0.0,0.0,0.0,0.0,0,7.0,3,1,0,64.0,0,Silver,0,1,4,M,Nashville,Frozen Foods,Upscale,2023,74.58333333333333,74.58333333333333,Active,2024-04,0
501940,1,3.0,5.333333333333333,5.5,-0.030303030303030356,61.626666666666665,63.4,-0.027970557308096743,-0.3604651162790697,0.2559741378257474,3,1.0,11.555,2.6666666666666665,0.23400000000000004,3.0,2.5,0.2,0.09302325581395347,0.3333333333333333,0.0,0.6666666666666666,0.0,0.0,0.0,0.0,0.0,0.0,0,7.0,6,0,1,60.0,0,Silver,0,0,30,M,Raleigh,Snacks,Value,2021,62.336,75.01307692307692,Active,2024-04,0
501941,7,0.0,0.0,0.0,0.0,0.0,0.0,0.0,0.0,0.0,0,0.0,0.0,0.0,0.0,0.0,0.0,0.0,0.0,0.0,0.0,0.0,0.0,0.0,0.0,0.0,0.0,0.0,0,7.0,6,0,0,44.0,0,Silver,0,0,34,M,Raleigh,Frozen Foods,Value,2021,0.0,38.33,Lapsed,2024-04,1
501942,1,5.0,4.666666666666667,6.666666666666667,-0.3,130.22,215.95666666666668,-0.3970086591445815,-0.34285714285714286,0.3076973001820545,3,1.0,27.904285714285713,2.3333333333333335,0.25,2.3333333333333335,1.3333333333333333,0.7500000000000002,0.2,1.0,1.3333333333333333,-0.24999999999999994,0.0,0.6666666666666666,1.0,0.0,1.0,0.0,0,1.0,6,0,0,30.0,0,Gold,1,1,35,M,Spokane,Household,Value,2021,173.08833333333334,164.38214285714284,Active,2024-04,0
501943,1,4.0,4.333333333333333,3.5,0.238095238095238,123.23333333333335,108.27000000000001,0.13820387303346576,0.27027027027027023,0.41271517896737037,3,1.0,28.438461538461542,4.0,0.176,3.6666666666666665,1.5,1.4444444444444444,0.527027027027027,1.0,1.5,-0.3333333333333333,1.0,0.0,0.0,0.0,0.0,0.0,0,7.0,6,0,1,23.0,0,Silver,0,1,28,M,Austin,Personal Care,Upscale,2021,117.24800000000002,113.14538461538463,Active,2024-04,0
501944,1,9.0,5.0,3.0,0.6666666666666666,194.95333333333335,112.93,0.7263201393193424,1.6,0.503306678458743,3,1.0,38.99066666666667,2.3333333333333335,0.2925,2.0,2.0,0.0,0.4,0.6666666666666666,0.0,1.3333333333333333,1.0,0.0,0.0,0.0,0.0,0.0,0,7.0,4,0,0,46.0,0,Platinum,2,0,5,M,Tulsa,Personal Care,Mainstream,2023,174.4475,174.4475,Active,2024-04,0
501945,2,0.0,2.0,3.3333333333333335,-0.4,57.089999999999996,87.40666666666668,-0.346846159713218,-0.6285714285714286,0.6148464587257084,2,0.8333333333333334,28.544999999999998,1.6666666666666667,0.19,1.3333333333333333,0.6666666666666666,1.0,0.2857142857142857,2.0,1.0,1.0,0.0,0.3333333333333333,0.0,0.0,0.0,0.0,0,7.0,6,0,0,62.0,0,Silver,0,1,35,M,Tulsa,Snacks,Value,2021,72.24833333333333,104.73785714285714,Active,2024-04,0
501947,5,0.0,0.0,2.0,-1.0,0.0,49.336666666666666,-1.0,-0.8,1.8591652929561675,0,0.3333333333333333,0.0,0.0,0.44,0.0,2.6666666666666665,-1.0,-0.9714285714285714,0.0,0.0,0.0,0.0,0.0,0.0,1.0,1.0,1.0,0,4.0,6,0,0,62.0,0,Silver,0,1,10,F,Spokane,Snacks,Value,2023,24.668333333333333,144.625,Lapsed,2024-04,1
501948,4,0.0,0.0,0.3333333333333333,-0.6666666666666666,0.0,12.409999999999998,-1.0,-0.028571428571428577,2.23606797749979,0,0.16666666666666666,0.0,0.0,0.41,0.0,0.0,0.0,0.0,0.0,2.0,-1.0,0.0,0.0,0.0,0.0,0.0,0.0,0,7.0,6,0,0,31.0,0,Platinum,2,1,10,F,Raleigh,Household,Value,2023,6.204999999999999,32.71,Lapsed,2024-04,1
501949,2,0.0,2.6666666666666665,3.6666666666666665,-0.27272727272727276,88.81,136.16666666666666,-0.3477845777233782,-0.6,0.598735366447106,2,0.8333333333333334,33.30375,2.3333333333333335,0.182,2.0,2.6666666666666665,-0.24999999999999994,-0.11428571428571428,1.6666666666666667,1.3333333333333333,0.2500000000000001,0.3333333333333333,0.3333333333333333,1.0,1.0,2.0,2.0,1,1.0,6,0,0,34.0,0,Silver,0,1,28,M,Madison,Beverages,Mainstream,2021,112.48833333333334,163.44615384615386,Active,2024-04,0
501950,1,2.0,3.3333333333333335,3.0,0.11111111111111116,159.1,140.54,0.13206204639248614,-0.5,0.3563804448085101,3,1.0,47.73,1.6666666666666667,0.3125,1.6666666666666667,1.0,0.6666666666666667,0.6,2.0,4.0,-0.5,1.6666666666666667,0.0,0.0,0.0,0.0,0.0,0,7.0,4,0,0,71.0,0,Platinum,2,1,5,Unknown,Portland,Household,Upscale,2023,154.45999999999998,154.46,Active,2024-04,0
501951,7,0.0,0.0,0.0,0.0,0.0,0.0,0.0,0.0,0.0,0,0.0,0.0,0.0,0.0,0.0,0.0,0.0,0.0,0.0,0.0,0.0,0.0,0.0,0.0,0.0,0.0,0.0,0,7.0,6,0,0,51.0,0,Silver,0,1,37,M,Columbus,Produce,Mainstream,2021,0.0,29.313333333333333,Lapsed,2024-04,1
501952,1,4.0,3.6666666666666665,3.3333333333333335,0.09999999999999991,70.49333333333333,73.24666666666666,-0.03758987894784742,0.3142857142857143,0.3017316067287762,3,1.0,19.225454545454543,0.6666666666666666,0.165,2.3333333333333335,2.6666666666666665,-0.12499999999999989,0.02857142857142857,0.0,0.6666666666666666,-1.0,0.6666666666666666,0.6666666666666666,1.0,2.0,3.0,2.0,1,3.0,6,0,0,46.0,0,Silver,0,0,7,F,Tulsa,Snacks,Upscale,2023,71.87,71.87,Active,2024-04,0
501953,7,0.0,0.0,0.0,0.0,0.0,0.0,0.0,0.0,0.0,0,0.0,0.0,0.0,0.0,0.0,0.0,0.0,0.0,0.0,0.0,0.0,0.0,0.0,0.0,0.0,0.0,0.0,0,7.0,6,0,0,49.0,0,Silver,0,1,33,M,Nashville,Personal Care,Mainstream,2021,0.0,106.64666666666666,Lapsed,2024-04,1
501954,1,6.0,6.333333333333333,5.0,0.2666666666666666,221.59,172.90333333333334,0.281583158219429,0.0,0.30892952564785253,3,1.0,34.98789473684211,2.6666666666666665,0.21166666666666667,3.0,4.666666666666667,-0.3571428571428572,-0.6571428571428571,0.3333333333333333,2.3333333333333335,-0.8571428571428571,0.3333333333333333,0.6666666666666666,0.0,0.0,0.0,0.0,0,7.0,6,0,0,55.0,0,Silver,0,1,22,F,Denver,Dairy,Value,2022,197.24666666666667,153.62285714285716,Active,2024-04,0
501955,1,4.0,4.333333333333333,6.0,-0.27777777777777785,109.88666666666666,164.67,-0.33268557316653513,-0.4857142857142857,0.3507669280593576,3,1.0,25.358461538461537,2.3333333333333335,0.3933333333333333,1.6666666666666667,1.3333333333333333,0.2500000000000001,0.2571428571428571,1.6666666666666667,1.0,0.6666666666666667,1.3333333333333333,0.0,0.0,0.0,0.0,0.0,0,7.0,6,0,0,50.0,0,Silver,0,1,9,M,Nashville,Snacks,Value,2023,137.27833333333334,157.13857142857142,Active,2024-04,0
501956,1,7.0,6.0,4.333333333333333,0.3846153846153847,283.75333333333333,204.3033333333333,0.3888825439297777,0.7714285714285715,0.351331959412662,3,1.0,47.29222222222222,2.0,0.27999999999999997,4.333333333333333,2.3333333333333335,0.8571428571428569,0.7428571428571429,1.6666666666666667,1.3333333333333333,0.2500000000000001,1.3333333333333333,0.6666666666666666,1.0,0.0,1.0,0.0,0,3.0,6,0,0,58.0,0,Platinum,2,1,16,M,Nashville,Beverages,Value,2022,244.0283333333333,296.78785714285715,Active,2024-04,0
501957,1,1.0,1.6666666666666667,1.6666666666666667,0.0,68.03333333333335,68.03333333333335,0.0,-1.0,0.45425318270638226,3,1.0,40.82000000000001,2.6666666666666665,0.38999999999999996,2.0,2.0,0.0,-0.5,3.0,3.0,0.0,0.6666666666666666,0.6666666666666666,0.0,0.0,0.0,0.0,0,7.0,3,1,0,31.0,0,Platinum,2,1,4,M,Boise,Snacks,Upscale,2023,68.03333333333335,68.03333333333333,Active,2024-04,0
501958,1,4.0,5.666666666666667,3.0,0.888888888888889,176.54999999999998,90.32333333333334,0.9546444255821674,0.7428571428571429,0.5552630195993972,3,1.0,31.155882352941173,3.0,0.27,1.0,3.3333333333333335,-0.7000000000000001,-0.37142857142857144,0.3333333333333333,1.0,-0.6666666666666667,1.0,1.0,1.0,0.0,1.0,0.0,0,2.0,6,0,0,64.0,0,Silver,0,0,16,F,Madison,Beverages,Mainstream,2022,133.43666666666667,139.37571428571428,Active,2024-04,0
501959,4,0.0,0.0,3.0,-1.0,0.0,97.10000000000001,-1.0,-1.1142857142857143,1.708433972720925,0,0.5,0.0,0.0,0.4033333333333333,0.0,1.3333333333333333,-1.0,-0.4,0.0,0.3333333333333333,-0.6666666666666666,0.0,0.6666666666666666,1.0,1.0,2.0,0.0,0,3.0,6,0,0,18.0,0,Silver,0,1,26,F,Tulsa,Produce,Mainstream,2022,48.550000000000004,129.66416666666666,Lapsed,2024-04,1
501960,1,1.0,3.0,4.333333333333333,-0.30769230769230765,87.09333333333332,138.15666666666667,-0.36960455521509405,-0.4,0.36544527841928365,3,1.0,29.031111111111105,2.3333333333333335,0.31,2.0,1.6666666666666667,0.19999999999999996,-0.2571428571428571,0.3333333333333333,0.6666666666666666,-0.5,0.6666666666666666,0.3333333333333333,0.0,1.0,1.0,0.0,0,6.0,6,0,0,33.0,0,Silver,0,0,7,M,Columbus,Snacks,Mainstream,2023,112.625,112.625,Active,2024-04,0
501961,7,0.0,0.0,0.0,0.0,0.0,0.0,0.0,0.0,0.0,0,0.0,0.0,0.0,0.0,0.0,0.0,0.0,0.0,0.0,0.0,0.0,0.0,0.0,0.0,0.0,0.0,0.0,0,7.0,6,0,0,35.0,0,Silver,0,0,36,F,Raleigh,Snacks,Value,2021,0.0,133.794,Lapsed,2024-04,1
501962,7,0.0,0.0,0.0,0.0,0.0,0.0,0.0,0.0,0.0,0,0.0,0.0,0.0,0.0,0.0,0.0,0.0,0.0,0.0,0.0,0.0,0.0,0.0,0.0,0.0,0.0,0.0,0,7.0,6,0,0,22.0,0,Gold,1,0,25,F,Tulsa,Beverages,Value,2022,0.0,125.03599999999999,Lapsed,2024-04,1
501963,1,4.0,3.3333333333333335,3.3333333333333335,0.0,114.07000000000001,114.41333333333334,-0.0030008157557394276,-0.05714285714285714,0.4866227216426136,3,1.0,34.221000000000004,2.3333333333333335,0.21333333333333335,3.6666666666666665,3.0,0.22222222222222218,-0.05714285714285714,0.0,0.3333333333333333,-0.6666666666666666,0.3333333333333333,0.3333333333333333,0.0,0.0,0.0,0.0,0,7.0,6,0,0,64.0,0,Silver,0,0,14,Other,Denver,Dairy,Upscale,2023,114.24166666666667,123.0476923076923,Active,2024-04,0
501964,1,8.0,5.0,5.333333333333333,-0.062499999999999944,157.64333333333335,178.46,-0.11664612051253313,-0.02857142857142857,0.37913134913672314,3,1.0,31.52866666666667,1.6666666666666667,0.29000000000000004,1.0,3.0,-0.6666666666666666,-0.6285714285714286,0.6666666666666666,1.6666666666666667,-0.6,0.0,0.6666666666666666,0.0,0.0,0.0,0.0,0,7.0,6,0,0,44.0,0,Platinum,2,1,11,M,Boise,Household,Upscale,2023,168.05166666666668,137.099,Active,2024-04,0
501965,7,0.0,0.0,0.0,0.0,0.0,0.0,0.0,0.0,0.0,0,0.0,0.0,0.0,0.0,0.0,0.0,0.0,0.0,0.0,0.0,0.0,0.0,0.0,0.0,0.0,0.0,0.0,0,7.0,6,0,0,58.0,0,Platinum,2,0,29,F,Nashville,Personal Care,Value,2021,0.0,112.60666666666667,Lapsed,2024-04,1
501966,1,3.0,1.6666666666666667,3.6666666666666665,-0.5454545454545454,60.53,129.26666666666668,-0.5317431665807117,-0.2857142857142857,0.5006337634329541,3,1.0,36.318,2.0,0.225,2.0,2.0,0.0,-0.05714285714285714,0.3333333333333333,1.0,-0.6666666666666667,1.3333333333333333,1.0,0.0,0.0,0.0,0.0,0,7.0,6,0,0,27.0,0,Silver,0,1,15,Unknown,Austin,Personal Care,Upscale,2023,94.89833333333335,145.85538461538462,Active,2024-04,0
501967,1,2.0,2.5,1.6666666666666667,0.49999999999999994,64.455,43.656666666666666,0.4764068107200122,0.11627906976744186,0.28706991869220105,2,1.0,25.782,2.0,0.26399999999999996,1.0,1.6666666666666667,-0.4,-0.27906976744186046,2.0,1.6666666666666667,0.19999999999999996,0.5,0.0,0.0,0.0,0.0,0.0,0,7.0,6,0,1,74.0,0,Gold,1,1,36,M,Portland,Beverages,Value,2021,51.976,80.7953846153846,Active,2024-04,0
501968,7,0.0,0.0,0.0,0.0,0.0,0.0,0.0,0.0,0.0,0,0.0,0.0,0.0,0.0,0.0,0.0,0.0,0.0,0.0,0.0,0.0,0.0,0.0,0.0,0.0,0.0,0.0,0,7.0,6,0,0,19.0,0,Gold,1,0,17,F,Madison,Frozen Foods,Value,2022,0.0,49.885,Lapsed,2024-04,1
501969,1,5.0,3.5,6.0,-0.4166666666666667,184.13,292.70666666666665,-0.3709401904067781,-0.813953488372093,0.45151234924503514,2,1.0,52.60857142857143,5.0,0.306,1.5,3.6666666666666665,-0.5909090909090909,-0.558139534883721,0.0,1.6666666666666667,-1.0,0.5,0.6666666666666666,1.0,0.0,1.0,0.0,0,1.0,6,0,1,54.0,0,Gold,1,1,26,M,Columbus,Snacks,Value,2022,249.276,240.80857142857144,Active,2024-04,0
501971,7,0.0,0.0,0.0,0.0,0.0,0.0,0.0,0.0,0.0,0,0.0,0.0,0.0,0.0,0.0,0.0,0.0,0.0,0.0,0.0,0.0,0.0,0.0,0.0,0.0,0.0,0.0,0,7.0,6,0,0,67.0,0,Silver,0,0,36,M,Madison,Produce,Upscale,2021,0.0,90.05111111111111,Lapsed,2024-04,1
501972,7,0.0,0.0,0.0,0.0,0.0,0.0,0.0,0.0,0.0,0,0.0,0.0,0.0,0.0,0.0,0.0,0.0,0.0,0.0,0.0,0.0,0.0,0.0,0.0,0.0,0.0,0.0,0,7.0,6,0,0,53.0,0,Silver,0,0,9,F,Spokane,Produce,Mainstream,2023,0.0,72.47,Lapsed,2024-04,1
501973,7,0.0,0.0,0.0,0.0,0.0,0.0,0.0,0.0,0.0,0,0.0,0.0,0.0,0.0,0.0,0.0,0.0,0.0,0.0,0.0,0.0,0.0,0.0,0.0,0.0,0.0,0.0,0,7.0,6,0,0,73.0,0,Silver,0,1,16,M,Portland,Frozen Foods,Value,2022,0.0,114.24000000000001,Lapsed,2024-04,1
501974,7,0.0,0.0,0.0,0.0,0.0,0.0,0.0,0.0,0.0,0,0.0,0.0,0.0,0.0,0.0,0.0,0.0,0.0,0.0,0.0,0.0,0.0,0.0,0.0,0.0,0.0,0.0,0,7.0,6,0,0,41.0,0,Silver,0,0,27,Other,Portland,Frozen Foods,Mainstream,2022,0.0,43.382,Lapsed,2024-04,1
501975,1,2.0,1.6666666666666667,0.3333333333333333,2.666666666666667,35.97333333333333,7.093333333333334,3.0,0.45714285714285713,0.8115531436214942,3,0.6666666666666666,21.583999999999996,2.3333333333333335,0.3725,2.3333333333333335,0.6666666666666666,2.5000000000000004,0.42857142857142855,2.0,2.3333333333333335,-0.1428571428571429,0.6666666666666666,0.0,1.0,0.0,1.0,0.0,0,2.0,6,0,0,38.0,0,Gold,1,1,15,F,Columbus,Personal Care,Unknown,2023,21.53333333333333,36.20777777777778,Active,2024-04,0
501976,2,0.0,1.0,3.3333333333333335,-0.7000000000000001,33.585,113.16666666666667,-0.7032253313696614,-0.2790697674418604,1.0667122351886422,1,0.8,33.585,0.5,0.35500000000000004,1.0,2.6666666666666665,-0.625,-0.5813953488372093,1.5,1.3333333333333333,0.12500000000000006,0.5,0.3333333333333333,0.0,1.0,1.0,0.0,0,6.0,6,0,1,25.0,0,Silver,0,1,11,M,Tulsa,Frozen Foods,Mainstream,2023,81.334,104.4,Active,2024-04,0
501977,1,6.0,4.666666666666667,3.6666666666666665,0.2727272727272729,140.33,111.57333333333332,0.2577378107074572,0.5428571428571428,0.5003169393578757,3,1.0,30.070714285714285,2.6666666666666665,0.295,2.6666666666666665,3.6666666666666665,-0.27272727272727276,-0.5428571428571428,0.3333333333333333,0.6666666666666666,-0.5,1.0,0.3333333333333333,0.0,0.0,0.0,0.0,0,7.0,6,0,0,57.0,0,Silver,0,0,23,F,Denver,Dairy,Mainstream,2022,125.95166666666667,184.3046666666667,Active,2024-04,0
501978,6,0.0,0.0,1.6666666666666667,-1.0,0.0,66.07666666666667,-1.0,-0.7142857142857144,2.2360679774997894,0,0.16666666666666666,0.0,0.0,0.39,0.0,0.3333333333333333,-0.6666666666666666,-0.14285714285714285,0.0,0.0,0.0,0.0,0.0,0.0,2.0,2.0,1.0,0,5.0,6,0,0,61.0,0,Silver,0,0,34,M,Spokane,Frozen Foods,Mainstream,2021,33.038333333333334,334.7255555555555,Lapsed,2024-04,1
501979,1,6.0,4.666666666666667,6.0,-0.22222222222222218,159.52666666666667,171.2733333333333,-0.06858432914250112,-0.6285714285714286,0.43192541026467,3,1.0,34.184285714285714,1.3333333333333333,0.31666666666666665,2.0,6.333333333333333,-0.6842105263157895,-1.2857142857142858,2.0,1.6666666666666667,0.19999999999999996,0.3333333333333333,0.6666666666666666,0.0,0.0,0.0,0.0,0,7.0,6,0,0,21.0,0,Gold,1,1,17,M,Austin,Household,Upscale,2022,165.4,169.22666666666666,Active,2024-04,0
501981,7,0.0,0.0,0.0,0.0,0.0,0.0,0.0,0.0,0.0,0,0.0,0.0,0.0,0.0,0.0,0.0,0.0,0.0,0.0,0.0,0.0,0.0,0.0,0.0,0.0,0.0,0.0,0,7.0,6,0,0,53.0,0,Silver,0,0,29,M,Madison,Dairy,Mainstream,2021,0.0,118.93199999999999,Lapsed,2024-04,1
501982,1,3.0,6.0,8.333333333333334,-0.28,168.73666666666668,230.19333333333336,-0.26697848185583134,-0.7142857142857143,0.373915009330509,3,1.0,28.12277777777778,3.6666666666666665,0.3366666666666666,2.0,2.6666666666666665,-0.24999999999999994,-0.05714285714285714,1.6666666666666667,1.6666666666666667,0.0,0.6666666666666666,0.6666666666666666,1.0,1.0,2.0,1.0,1,1.0,6,0,0,27.0,0,Gold,1,1,19,F,Nashville,Frozen Foods,Mainstream,2022,199.465,192.64285714285714,Active,2024-04,0
501983,7,0.0,0.0,0.0,0.0,0.0,0.0,0.0,0.0,0.0,0,0.0,0.0,0.0,0.0,0.0,0.0,0.0,0.0,0.0,0.0,0.0,0.0,0.0,0.0,0.0,0.0,0.0,0,7.0,6,0,0,46.0,0,Silver,0,1,11,F,Raleigh,Household,Value,2023,0.0,53.78666666666666,Lapsed,2024-04,1
501984,7,0.0,0.0,0.0,0.0,0.0,0.0,0.0,0.0,0.0,0,0.0,0.0,0.0,0.0,0.0,0.0,0.0,0.0,0.0,0.0,0.0,0.0,0.0,0.0,0.0,0.0,0.0,0,7.0,6,0,0,73.0,0,Gold,1,1,33,M,Austin,Frozen Foods,Mainstream,2021,0.0,27.64,Lapsed,2024-04,1
501985,7,0.0,0.0,0.0,0.0,0.0,0.0,0.0,0.0,0.0,0,0.0,0.0,0.0,0.0,0.0,0.0,0.0,0.0,0.0,0.0,0.0,0.0,0.0,0.0,0.0,0.0,0.0,0,7.0,6,0,0,63.0,0,Silver,0,0,23,F,Raleigh,Frozen Foods,Value,2022,0.0,76.645,Lapsed,2024-04,1
501986,1,1.0,3.6666666666666665,6.333333333333333,-0.42105263157894735,95.51333333333334,166.13000000000002,-0.4250687212825298,-1.1428571428571428,0.5546765411532324,3,1.0,26.04909090909091,3.6666666666666665,0.3566666666666667,1.6666666666666667,2.6666666666666665,-0.37499999999999994,-0.3142857142857143,0.3333333333333333,0.0,0.6666666666666666,0.0,1.3333333333333333,2.0,0.0,2.0,1.0,1,1.0,6,0,0,72.0,0,Silver,0,0,25,F,Tulsa,Bakery,Unknown,2022,130.8216666666667,173.1885714285714,Active,2024-04,1
501987,1,1.0,4.0,7.333333333333333,-0.45454545454545453,97.62,160.58333333333334,-0.3920913336792943,-0.6857142857142857,0.45778040111339213,3,1.0,24.405,1.0,0.33,0.3333333333333333,1.6666666666666667,-0.8,-0.2857142857142857,1.0,1.6666666666666667,-0.4,0.3333333333333333,0.3333333333333333,2.0,0.0,2.0,0.0,0,2.0,6,0,0,48.0,0,Silver,0,1,31,F,Tulsa,Personal Care,Value,2021,129.10166666666666,121.485,Active,2024-04,0
501988,1,1.0,1.5,1.5,0.0,58.86,58.86,0.0,0.0,0.2940876656472987,2,1.0,39.24,2.0,0.405,3.5,3.5,0.0,0.0,1.0,1.0,0.0,0.5,0.5,0.0,0.0,0.0,0.0,0,7.0,2,1,0,46.0,1,Silver,0,1,3,M,Raleigh,Produce,Value,2024,58.86,58.86,Active,2024-04,0
501989,7,0.0,0.0,0.0,0.0,0.0,0.0,0.0,0.0,0.0,0,0.0,0.0,0.0,0.0,0.0,0.0,0.0,0.0,0.0,0.0,0.0,0.0,0.0,0.0,0.0,0.0,0.0,0,7.0,6,0,0,72.0,0,Silver,0,0,32,F,Tulsa,Personal Care,Mainstream,2021,0.0,53.575,Lapsed,2024-04,1
501990,1,1.0,1.6666666666666667,3.0,-0.4444444444444444,25.886666666666667,52.45,-0.5064505878614554,-0.4,0.5301832663995304,3,1.0,15.532,3.0,0.28,2.0,1.0,1.0,0.7,0.6666666666666666,2.0,-0.6666666666666667,1.3333333333333333,0.0,0.0,1.0,1.0,0.0,0,4.0,4,0,0,65.0,0,Silver,0,1,5,M,Denver,Beverages,Value,2023,32.5275,32.5275,Active,2024-04,1
501992,1,6.0,5.0,4.5,0.1111111111111111,212.45499999999998,194.595,0.0917803643464631,0.029411764705882353,0.4277534009482668,2,1.0,42.491,4.0,0.385,1.0,2.5,-0.6,-0.2647058823529412,2.0,0.5,3.0,1.5,0.5,1.0,1.0,2.0,0.0,0,2.0,6,0,2,48.0,0,Gold,1,1,38,M,Portland,Frozen Foods,Mainstream,2021,203.52499999999998,162.3525,Active,2024-04,0
501993,4,0.0,0.0,1.3333333333333333,-1.0,0.0,47.70666666666667,-1.0,-0.4,1.086645963646047,0,0.5,0.0,0.0,0.2866666666666666,0.0,0.0,0.0,0.0,0.0,0.6666666666666666,-1.0,0.0,0.6666666666666666,0.0,1.0,1.0,1.0,0,6.0,6,0,0,44.0,0,Gold,1,1,10,M,Austin,Bakery,Mainstream,2023,23.853333333333335,90.98,Lapsed,2024-04,1
501995,5,0.0,0.0,3.0,-1.0,0.0,87.93,-1.0,-1.1142857142857143,1.5381603792045349,0,0.3333333333333333,0.0,0.0,0.19,0.6666666666666666,1.0,-0.33333333333333337,-0.2,0.0,0.0,0.0,0.0,0.0,1.0,2.0,3.0,2.0,0,3.0,6,0,0,50.0,0,Gold,1,1,26,F,Tulsa,Dairy,Value,2022,43.965,144.251,Lapsed,2024-04,1
501996,1,7.0,5.333333333333333,5.0,0.06666666666666661,171.87666666666667,152.83,0.12462649130842539,0.14285714285714282,0.2540101593938944,3,1.0,32.226875,3.0,0.18666666666666668,3.0,3.6666666666666665,-0.1818181818181818,-0.34285714285714286,2.0,0.6666666666666666,2.0000000000000004,1.3333333333333333,0.3333333333333333,0.0,1.0,1.0,1.0,0,6.0,6,0,0,55.0,0,Gold,1,1,11,F,Raleigh,Beverages,Value,2023,162.35333333333332,160.69400000000002,Active,2024-04,0
501997,1,3.0,2.0,5.333333333333333,-0.625,86.09666666666665,231.1966666666667,-0.6276042042128636,-0.6857142857142857,0.7016208070578257,3,1.0,43.048333333333325,1.6666666666666667,0.26333333333333336,0.6666666666666666,1.0,-0.33333333333333337,-0.3142857142857143,1.3333333333333333,0.0,2.6666666666666665,0.0,0.0,0.0,0.0,0.0,0.0,0,7.0,6,0,0,65.0,0,Platinum,2,0,16,M,Tulsa,Household,Mainstream,2022,158.64666666666665,145.26214285714286,Active,2024-04,0
501998,1,1.0,1.0,0.6666666666666666,0.5000000000000001,27.036666666666665,19.986666666666668,0.3527351567711806,0.2571428571428571,1.0685148014410228,2,0.5,27.036666666666665,0.6666666666666666,0.19666666666666668,3.3333333333333335,2.0,0.6666666666666667,0.5714285714285714,0.6666666666666666,1.6666666666666667,-0.6,0.3333333333333333,0.0,1.0,1.0,2.0,1.0,0,3.0,6,0,0,26.0,0,Silver,0,1,36,M,Austin,Personal Care,Unknown,2021,23.511666666666667,64.329,Active,2024-04,0
501999,7,0.0,0.0,0.0,0.0,0.0,0.0,0.0,0.0,0.0,0,0.0,0.0,0.0,0.0,0.0,0.0,0.0,0.0,0.0,0.0,0.0,0.0,0.0,0.0,0.0,0.0,0.0,0,7.0,6,0,0,47.0,0,Gold,1,1,21,M,Boise,Snacks,Value,2022,0.0,57.58,Lapsed,2024-04,1
502001,7,0.0,0.0,0.0,0.0,0.0,0.0,0.0,0.0,0.0,0,0.0,0.0,0.0,0.0,0.0,0.0,0.0,0.0,0.0,0.0,0.0,0.0,0.0,0.0,0.0,0.0,0.0,0,7.0,6,0,0,52.0,0,Silver,0,1,25,F,Madison,Frozen Foods,Mainstream,2022,0.0,28.616666666666664,Lapsed,2024-04,1
502002,1,7.0,4.0,6.5,-0.38461538461538464,127.92999999999999,264.735,-0.5167620450639319,-0.3,0.5581276003307518,3,1.0,31.982499999999998,2.6666666666666665,0.26799999999999996,4.333333333333333,4.0,0.08333333333333326,0.0,1.0,0.5,1.0,1.3333333333333333,0.0,0.0,0.0,0.0,0.0,0,7.0,5,0,0,21.0,0,Gold,1,0,6,F,Nashville,Personal Care,Value,2023,182.652,182.652,Active,2024-04,0
502003,2,0.0,0.6666666666666666,0.3333333333333333,0.6666666666666666,18.086666666666666,9.446666666666667,0.914608327452364,0.02857142857142857,1.515062393206628,1,0.3333333333333333,27.13,0.0,0.23,0.0,1.3333333333333333,-1.0,-0.34285714285714286,2.0,1.3333333333333333,0.5000000000000001,0.0,0.3333333333333333,1.0,0.0,1.0,0.0,0,2.0,6,0,0,59.0,0,Silver,0,1,12,M,Tulsa,Bakery,Value,2023,13.766666666666666,45.366,Active,2024-04,1
502004,1,3.0,2.0,4.333333333333333,-0.5384615384615384,119.19666666666667,234.48666666666668,-0.4916697466806926,-0.2571428571428571,0.6406083748221442,3,1.0,59.598333333333336,1.0,0.49666666666666665,3.3333333333333335,4.0,-0.16666666666666663,-0.5142857142857142,0.6666666666666666,0.0,1.3333333333333333,0.6666666666666666,0.6666666666666666,0.0,1.0,1.0,1.0,0,4.0,6,0,0,18.0,0,Platinum,2,0,8,M,Spokane,Beverages,Mainstream,2023,176.84166666666667,195.66000000000003,Active,2024-04,0
502005,1,2.0,2.3333333333333335,3.6666666666666665,-0.3636363636363636,126.96666666666665,232.31000000000003,-0.4534601753404217,-0.5142857142857142,0.411596762058917,3,1.0,54.414285714285704,3.0,0.3383333333333334,1.3333333333333333,1.6666666666666667,-0.20000000000000007,0.02857142857142857,2.0,2.6666666666666665,-0.24999999999999994,1.0,0.6666666666666666,2.0,0.0,2.0,1.0,1,2.0,6,0,0,54.0,0,Platinum,2,1,35,F,Portland,Beverages,Mainstream,2021,179.63833333333332,164.89733333333334,Active,2024-04,0
502007,4,0.0,0.0,1.0,-1.0,0.0,36.49333333333333,-1.0,-0.18604651162790697,1.3404349164094396,0,0.4,0.0,0.0,0.44,0.0,0.0,0.0,0.0,0.0,0.3333333333333333,-0.6666666666666666,0.0,0.6666666666666666,2.0,0.0,2.0,0.0,0,1.0,6,0,1,35.0,0,Gold,1,0,20,F,Tulsa,Produce,Value,2022,21.895999999999997,45.931666666666665,Lapsed,2024-04,1
502008,1,2.0,3.6666666666666665,6.5,-0.4358974358974359,114.83333333333333,189.60500000000002,-0.3943549308650441,-0.7209302325581395,0.41570255611518364,3,1.0,31.318181818181817,3.0,0.386,1.6666666666666667,4.0,-0.5833333333333333,-0.511627906976744,0.6666666666666666,1.5,-0.5555555555555556,0.0,0.0,2.0,0.0,2.0,0.0,0,2.0,6,0,1,37.0,0,Platinum,2,0,18,F,Denver,Snacks,Mainstream,2022,144.74200000000002,171.30615384615385,Active,2024-04,0
502009,7,0.0,0.0,0.0,0.0,0.0,0.0,0.0,0.0,0.0,0,0.0,0.0,0.0,0.0,0.0,0.0,0.0,0.0,0.0,0.0,0.0,0.0,0.0,0.0,0.0,0.0,0.0,0,7.0,6,0,0,33.0,0,Silver,0,1,21,F,Raleigh,Bakery,Mainstream,2022,0.0,148.08166666666668,Lapsed,2024-04,1
502010,7,0.0,0.0,0.0,0.0,0.0,0.0,0.0,0.0,0.0,0,0.0,0.0,0.0,0.0,0.0,0.0,0.0,0.0,0.0,0.0,0.0,0.0,0.0,0.0,0.0,0.0,0.0,0,7.0,6,0,0,57.0,0,Silver,0,0,22,F,Austin,Personal Care,Value,2022,0.0,38.653333333333336,Lapsed,2024-04,1
502011,1,4.0,4.5,4.5,0.0,148.215,148.215,0.0,0.0,0.10704044799784103,2,1.0,32.93666666666667,0.5,0.25,5.5,5.5,0.0,0.0,0.5,0.5,0.0,0.5,0.5,0.0,0.0,0.0,0.0,0,7.0,2,1,0,30.0,0,Gold,1,0,3,F,Tulsa,Produce,Mainstream,2024,148.215,148.215,Active,2024-04,0
502012,1,2.0,2.6666666666666665,4.0,-0.33333333333333337,45.343333333333334,74.81333333333333,-0.39391374086615577,-0.5714285714285714,0.35115914565842565,3,1.0,17.00375,1.3333333333333333,0.3383333333333333,1.0,1.3333333333333333,-0.24999999999999994,-0.14285714285714285,0.0,0.0,0.0,0.6666666666666666,1.0,2.0,0.0,2.0,0.0,0,1.0,6,0,0,62.0,0,Silver,0,0,12,F,Austin,Produce,Mainstream,2023,60.07833333333334,62.127272727272725,Active,2024-04,1
502013,7,0.0,0.0,0.0,0.0,0.0,0.0,0.0,0.0,0.0,0,0.0,0.0,0.0,0.0,0.0,0.0,0.0,0.0,0.0,0.0,0.0,0.0,0.0,0.0,0.0,0.0,0.0,0,7.0,6,0,0,34.0,0,Gold,1,0,21,F,Denver,Frozen Foods,Value,2022,0.0,68.36800000000001,Lapsed,2024-04,1
502015,1,6.0,5.0,9.333333333333334,-0.4642857142857143,281.57,566.1066666666667,-0.5026202364689811,-1.0,0.45639455817592595,2,1.0,56.314,3.0,0.28200000000000003,6.0,3.3333333333333335,0.7999999999999999,0.8255813953488372,0.0,0.3333333333333333,-0.6666666666666666,0.0,1.0,0.0,1.0,1.0,1.0,0,6.0,6,0,1,72.0,0,Platinum,2,0,31,F,Columbus,Frozen Foods,Unknown,2021,452.29200000000003,365.2885714285714,Active,2024-04,0
502016,1,4.0,2.6666666666666665,3.3333333333333335,-0.20000000000000007,77.49,103.06,-0.2481078983116632,-0.34285714285714286,0.5438544643589329,2,0.8333333333333334,29.05875,0.6666666666666666,0.258,1.6666666666666667,2.0,-0.16666666666666663,0.028571428571428577,2.3333333333333335,1.6666666666666667,0.4,0.3333333333333333,1.0,0.0,0.0,0.0,0.0,0,7.0,6,0,0,53.0,0,Silver,0,1,31,Unknown,Portland,Produce,Mainstream,2021,90.27499999999999,119.86307692307693,Active,2024-04,0
502017,1,4.0,4.333333333333333,3.6666666666666665,0.1818181818181818,104.64666666666666,109.33999999999999,-0.0429242119382964,0.11428571428571428,0.47707002509538454,3,1.0,24.14923076923077,1.6666666666666667,0.32166666666666666,0.6666666666666666,1.0,-0.33333333333333337,0.02857142857142856,1.3333333333333333,2.6666666666666665,-0.5,1.6666666666666667,0.6666666666666666,0.0,1.0,1.0,0.0,0,6.0,6,0,0,19.0,0,Silver,0,1,20,M,Raleigh,Personal Care,Unknown,2022,106.99333333333334,121.73866666666666,Active,2024-04,0
502018,7,0.0,0.0,0.0,0.0,0.0,0.0,0.0,0.0,0.0,0,0.0,0.0,0.0,0.0,0.0,0.0,0.0,0.0,0.0,0.0,0.0,0.0,0.0,0.0,0.0,0.0,0.0,0,7.0,6,0,0,66.0,0,Silver,0,1,30,M,Portland,Household,Mainstream,2021,0.0,81.5257142857143,Lapsed,2024-04,1
502019,1,2.0,4.0,5.0,-0.2,144.10666666666665,160.075,-0.09975532302566506,-0.5930232558139533,0.4034003871579241,3,1.0,36.026666666666664,2.0,0.362,1.3333333333333333,0.5,1.6666666666666665,0.17441860465116277,2.3333333333333335,1.5,0.5555555555555557,0.3333333333333333,1.0,0.0,0.0,0.0,0.0,0,7.0,6,0,1,61.0,0,Silver,0,1,16,F,Raleigh,Frozen Foods,Mainstream,2022,150.494,146.57357142857146,Active,2024-04,0
502020,1,3.0,4.666666666666667,4.666666666666667,0.0,151.5,156.03,-0.02903287829263604,-0.5142857142857142,0.45488327645716436,3,1.0,32.464285714285715,1.6666666666666667,0.21333333333333335,1.0,1.3333333333333333,-0.24999999999999994,-0.028571428571428577,1.3333333333333333,1.0,0.33333333333333326,0.3333333333333333,0.3333333333333333,0.0,1.0,1.0,0.0,0,6.0,6,0,0,55.0,0,Silver,0,1,21,F,Spokane,Snacks,Mainstream,2022,153.765,142.76066666666665,Active,2024-04,0
502021,1,4.0,4.666666666666667,6.0,-0.22222222222222218,208.66666666666666,271.86333333333334,-0.23245748476562986,-0.34285714285714286,0.4883351335773037,3,1.0,44.71428571428571,3.0,0.2833333333333334,1.6666666666666667,1.6666666666666667,0.0,0.1714285714285714,0.3333333333333333,0.0,0.6666666666666666,0.3333333333333333,0.6666666666666666,0.0,0.0,0.0,0.0,0,7.0,6,0,0,69.0,0,Platinum,2,0,17,F,Denver,Personal Care,Unknown,2022,240.265,293.8073333333333,Active,2024-04,0
502022,1,4.0,2.6666666666666665,0.0,3.0,54.84,0.0,3.0,1.4,0.8223519183314455,3,0.75,20.565,2.6666666666666665,0.2933333333333334,0.6666666666666666,0.0,1.3333333333333333,0.4,1.0,2.0,-0.5,0.3333333333333333,0.0,1.0,1.0,2.0,0.0,0,1.0,4,0,0,70.0,0,Silver,0,1,5,M,Columbus,Frozen Foods,Value,2023,41.13,54.84,Active,2024-04,0
502023,1,1.0,1.6666666666666667,3.0,-0.4444444444444444,60.050000000000004,102.29,-0.41294359174894907,-0.3,0.6667113986015238,3,1.0,36.03,1.3333333333333333,0.188,1.0,2.5,-0.6,-0.4,1.3333333333333333,0.5,1.6666666666666665,0.6666666666666666,3.0,0.0,0.0,0.0,0.0,0,7.0,5,0,0,43.0,0,Gold,1,1,6,F,Portland,Snacks,Upscale,2023,76.946,76.946,Active,2024-04,0
502024,1,1.0,3.3333333333333335,1.0,2.3333333333333335,109.83333333333333,35.55,2.0895452414439757,0.2790697674418604,0.752043628131055,3,0.8,32.949999999999996,2.6666666666666665,0.305,1.6666666666666667,2.5,-0.3333333333333333,-0.11627906976744184,1.0,1.0,0.0,0.6666666666666666,0.0,0.0,0.0,0.0,0.0,0,7.0,6,0,1,69.0,0,Silver,0,1,20,M,Tulsa,Dairy,Mainstream,2022,80.12,114.09307692307692,Active,2024-04,0
502025,1,9.0,9.0,9.0,0.0,379.15,379.15,0.0,0.0,0.0970855861796123,2,1.0,42.12777777777777,4.0,0.345,2.5,2.5,0.0,0.0,3.0,3.0,0.0,1.0,1.0,0.0,0.0,0.0,0.0,0,7.0,2,1,0,47.0,0,Platinum,2,1,2,M,Raleigh,Household,Unknown,2024,379.15,379.15,Active,2024-04,0
502026,7,0.0,0.0,0.0,0.0,0.0,0.0,0.0,0.0,0.0,0,0.0,0.0,0.0,0.0,0.0,0.0,0.0,0.0,0.0,0.0,0.0,0.0,0.0,0.0,0.0,0.0,0.0,0,7.0,6,0,0,20.0,0,Silver,0,1,24,M,Spokane,Frozen Foods,Mainstream,2022,0.0,56.480000000000004,Lapsed,2024-04,1
502027,7,0.0,0.0,0.0,0.0,0.0,0.0,0.0,0.0,0.0,0,0.0,0.0,0.0,0.0,0.0,0.0,0.0,0.0,0.0,0.6666666666666666,-1.0,0.0,0.0,0.0,0.0,0.0,0.0,0,7.0,6,0,0,47.0,0,Silver,0,1,12,M,Austin,Personal Care,Mainstream,2023,0.0,29.76,Lapsed,2024-04,1
502028,1,6.0,5.666666666666667,5.0,0.1333333333333334,138.90333333333334,126.58,0.09735608574287674,0.22857142857142856,0.06507612093570618,3,1.0,24.51235294117647,2.3333333333333335,0.38000000000000006,2.0,3.3333333333333335,-0.4,-0.4,1.6666666666666667,1.6666666666666667,0.0,0.6666666666666666,1.0,0.0,0.0,0.0,0.0,0,7.0,6,0,0,33.0,0,Silver,0,1,16,F,Spokane,Dairy,Upscale,2022,132.74166666666667,123.77,Active,2024-04,0
502029,2,0.0,2.0,2.3333333333333335,-0.1428571428571429,52.873333333333335,56.01,-0.056001904421829375,-0.08571428571428572,0.8009191028454904,2,0.8333333333333334,26.436666666666667,1.0,0.4,2.6666666666666665,1.0,1.6666666666666665,0.2571428571428571,2.0,0.3333333333333333,3.0,0.0,0.3333333333333333,0.0,0.0,0.0,0.0,0,7.0,6,0,0,59.0,0,Silver,0,1,34,F,Denver,Bakery,Mainstream,2021,54.44166666666666,52.79384615384616,Active,2024-04,0
502030,7,0.0,0.0,0.0,0.0,0.0,0.0,0.0,0.0,0.0,0,0.0,0.0,0.0,0.0,1.0,0.5,1.0,0.034883720930232565,1.6666666666666667,2.5,-0.3333333333333333,0.0,0.0,1.0,0.0,1.0,0.0,0,1.0,6,0,1,40.0,0,Silver,0,1,33,F,Austin,Frozen Foods,Mainstream,2021,0.0,28.439999999999998,Lapsed,2024-04,0
502031,1,4.0,6.333333333333333,5.666666666666667,0.1176470588235293,150.38666666666668,154.72,-0.02800758359186475,-0.22857142857142856,0.29165770807289043,3,1.0,23.74526315789474,1.3333333333333333,0.30833333333333335,3.3333333333333335,3.3333333333333335,0.0,0.0,0.0,2.0,-1.0,1.0,0.6666666666666666,0.0,0.0,0.0,0.0,0,7.0,6,0,0,59.0,0,Silver,0,1,18,M,Nashville,Frozen Foods,Value,2022,152.5533333333333,183.37533333333334,Active,2024-04,0
502032,7,0.0,0.0,0.0,0.0,0.0,0.0,0.0,0.0,0.0,0,0.0,0.0,0.0,0.0,0.0,0.0,0.0,0.0,0.0,0.0,0.0,0.0,0.0,0.0,0.0,0.0,0.0,0,7.0,6,0,0,32.0,0,Silver,0,0,14,M,Nashville,Frozen Foods,Mainstream,2023,0.0,54.763999999999996,Lapsed,2024-04,1
502033,2,0.0,1.6666666666666667,3.3333333333333335,-0.5,47.63333333333333,120.42,-0.604440015501301,-0.7142857142857143,0.6621188458832817,2,0.8333333333333334,28.58,2.0,0.308,0.0,0.6666666666666666,-1.0,-0.2857142857142857,0.3333333333333333,0.3333333333333333,0.0,0.6666666666666666,0.3333333333333333,1.0,0.0,1.0,0.0,0,2.0,6,0,0,66.0,0,Silver,0,0,31,F,Spokane,Frozen Foods,Unknown,2021,84.02666666666666,80.90076923076923,Active,2024-04,1
502034,1,2.0,2.6666666666666665,3.0,-0.11111111111111116,116.39333333333332,120.65333333333332,-0.03530776881423366,-0.028571428571428584,0.2834621731394249,3,1.0,43.647499999999994,3.3333333333333335,0.36333333333333334,0.3333333333333333,1.3333333333333333,-0.75,-0.14285714285714285,1.6666666666666667,1.0,0.6666666666666667,0.6666666666666666,1.0,0.0,0.0,0.0,0.0,0,7.0,6,0,0,28.0,0,Gold,1,1,19,F,Columbus,Dairy,Mainstream,2022,118.52333333333333,113.28307692307693,Active,2024-04,0
502035,1,1.0,1.3333333333333333,1.3333333333333333,0.0,35.96333333333333,35.20333333333333,0.021588864690843614,-0.057142857142857134,0.7317152565205213,3,0.8333333333333334,26.9725,1.6666666666666667,0.438,2.6666666666666665,1.6666666666666667,0.5999999999999999,0.08571428571428572,1.6666666666666667,1.0,0.6666666666666667,0.6666666666666666,0.3333333333333333,2.0,1.0,3.0,1.0,0,1.0,6,0,0,29.0,0,Silver,0,1,28,F,Nashville,Snacks,Upscale,2021,35.583333333333336,72.52230769230769,Active,2024-04,0
502036,1,3.0,3.3333333333333335,3.3333333333333335,0.0,86.20666666666666,86.20666666666666,0.0,0.5,0.40234867776699573,3,1.0,25.862,1.6666666666666667,0.1366666666666667,1.6666666666666667,1.6666666666666667,0.0,0.0,0.3333333333333333,0.3333333333333333,0.0,0.0,0.0,0.0,0.0,0.0,0.0,0,7.0,3,1,0,67.0,0,Silver,0,0,4,F,Tulsa,Beverages,Mainstream,2023,86.20666666666666,86.20666666666666,Active,2024-04,0
502037,7,0.0,0.0,0.0,0.0,0.0,0.0,0.0,0.0,0.0,0,0.0,0.0,0.0,0.0,0.0,0.0,0.0,0.0,0.0,0.0,0.0,0.0,0.0,0.0,0.0,0.0,0.0,0,7.0,6,0,0,59.0,0,Gold,1,1,27,F,Tulsa,Dairy,Mainstream,2022,0.0,37.48,Lapsed,2024-04,1
502038,1,6.0,5.333333333333333,7.5,-0.2888888888888889,132.20666666666668,190.93,-0.30756472703783233,-0.45945945945945943,0.21120193862810582,3,1.0,24.788750000000004,3.3333333333333335,0.386,2.6666666666666665,2.5,0.06666666666666661,-0.2972972972972973,1.6666666666666667,3.5,-0.5238095238095238,0.6666666666666666,0.5,0.0,0.0,0.0,0.0,0,7.0,6,0,1,19.0,0,Silver,0,1,21,F,Columbus,Produce,Upscale,2022,155.696,169.87923076923076,Active,2024-04,0
502039,7,0.0,0.0,0.0,0.0,0.0,0.0,0.0,0.0,0.0,0,0.0,0.0,0.0,0.0,0.0,0.0,0.0,0.0,0.0,0.0,0.0,0.0,0.0,0.0,0.0,0.0,0.0,0,7.0,6,0,0,43.0,0,Gold,1,0,8,M,Austin,Snacks,Value,2023,0.0,31.71,Lapsed,2024-04,1
502040,1,12.0,8.666666666666666,6.666666666666667,0.2999999999999999,218.25666666666666,175.46333333333334,0.24388761184672955,0.9142857142857143,0.28409547346139447,3,1.0,25.18346153846154,3.6666666666666665,0.30666666666666664,4.0,2.0,1.0,0.4,1.3333333333333333,2.3333333333333335,-0.42857142857142866,1.0,0.3333333333333333,0.0,0.0,0.0,0.0,0,7.0,6,0,0,28.0,0,Silver,0,1,29,F,Austin,Beverages,Value,2021,196.86,174.02857142857144,Active,2024-04,0
502041,6,0.0,0.0,0.3333333333333333,-0.6666666666666666,0.0,6.829999999999999,-1.0,-0.14285714285714285,2.23606797749979,0,0.16666666666666666,0.0,0.0,0.2,0.0,0.0,0.0,0.0,0.0,0.0,0.0,0.0,0.0,0.0,0.0,0.0,0.0,0,7.0,6,0,0,68.0,0,Silver,0,1,20,M,Nashville,Bakery,Value,2022,3.4149999999999996,79.16499999999999,Lapsed,2024-04,1
502042,1,6.0,4.333333333333333,5.0,-0.1333333333333334,158.6966666666667,176.21,-0.09938898662580625,-0.17142857142857143,0.5248720380372384,3,1.0,36.6223076923077,2.3333333333333335,0.26333333333333336,1.3333333333333333,0.3333333333333333,2.0,0.14285714285714285,0.6666666666666666,1.0,-0.33333333333333337,1.0,0.3333333333333333,0.0,0.0,0.0,0.0,0,7.0,6,0,0,61.0,0,Gold,1,1,28,F,Columbus,Household,Value,2021,167.45333333333335,156.7686666666667,Active,2024-04,0
502043,1,4.0,4.0,8.333333333333334,-0.52,141.07666666666668,248.29666666666665,-0.43182214823665227,-0.9428571428571428,0.3126124997810742,3,1.0,35.26916666666667,1.6666666666666667,0.19666666666666666,0.6666666666666666,3.3333333333333335,-0.8,-0.7428571428571429,0.0,0.3333333333333333,-0.6666666666666666,0.3333333333333333,0.6666666666666666,0.0,0.0,0.0,0.0,0,7.0,6,0,0,61.0,0,Silver,0,0,31,F,Raleigh,Snacks,Mainstream,2021,194.68666666666664,189.00571428571428,Active,2024-04,0
502044,1,3.0,1.3333333333333333,1.0,0.33333333333333326,55.81,37.20666666666667,0.4999999999999999,0.2,0.9486476703243736,2,0.6666666666666666,41.8575,1.0,0.2225,0.3333333333333333,1.6666666666666667,-0.8,-0.2857142857142857,1.6666666666666667,0.6666666666666666,1.5,0.0,0.6666666666666666,0.0,0.0,0.0,0.0,0,7.0,6,0,0,30.0,0,Gold,1,1,9,F,Austin,Snacks,Mainstream,2023,46.50833333333333,87.136,Active,2024-04,0
502045,1,4.0,6.0,5.333333333333333,0.12500000000000006,93.92666666666668,93.75999999999999,0.0017775881683733535,0.22857142857142856,0.2574133944299518,3,1.0,15.654444444444445,2.6666666666666665,0.22666666666666668,2.3333333333333335,2.0,0.16666666666666674,0.2,0.0,0.0,0.0,0.0,1.3333333333333333,0.0,0.0,0.0,0.0,0,7.0,6,0,0,59.0,0,Silver,0,0,31,F,Denver,Frozen Foods,Value,2021,93.84333333333335,85.375,Active,2024-04,0
502046,1,4.0,4.0,4.333333333333333,-0.07692307692307686,120.68,134.42,-0.10221693200416591,-0.02857142857142857,0.1312118918097504,3,1.0,30.17,1.6666666666666667,0.19499999999999998,6.333333333333333,3.6666666666666665,0.7272727272727273,1.0285714285714285,1.6666666666666667,1.3333333333333333,0.2500000000000001,2.0,0.3333333333333333,1.0,0.0,1.0,0.0,0,1.0,6,0,0,32.0,0,Silver,0,1,38,M,Boise,Snacks,Value,2021,127.55,157.99066666666667,Active,2024-04,0
502047,1,2.0,1.3333333333333333,0.6666666666666666,1.0,31.236666666666668,15.926666666666668,0.9612808706571787,0.17142857142857143,1.0019195420054572,2,0.5,23.427500000000002,1.6666666666666667,0.16,2.0,2.0,0.0,0.17142857142857143,1.3333333333333333,0.3333333333333333,2.0,0.3333333333333333,0.0,0.0,0.0,0.0,0.0,0,7.0,6,0,0,46.0,1,Silver,0,0,19,F,Tulsa,Bakery,Value,2022,23.581666666666667,76.15666666666667,Active,2024-04,0
502048,1,4.0,3.0,5.666666666666667,-0.4705882352941177,114.58999999999999,254.28666666666666,-0.5493668563039089,-0.5714285714285714,0.5284541987043535,3,1.0,38.196666666666665,2.0,0.38833333333333336,2.6666666666666665,2.3333333333333335,0.1428571428571427,0.14285714285714285,0.6666666666666666,1.0,-0.33333333333333337,1.0,0.6666666666666666,0.0,0.0,0.0,0.0,0,7.0,6,0,0,73.0,0,Silver,0,1,27,F,Columbus,Snacks,Upscale,2022,184.43833333333336,196.94642857142858,Active,2024-04,0
502049,1,2.0,2.6666666666666665,1.0,1.6666666666666665,55.51,24.55666666666667,1.2604859508619517,0.37142857142857144,0.7575541712103069,3,0.8333333333333334,20.81625,1.3333333333333333,0.47400000000000003,1.0,1.0,0.0,-0.2857142857142857,0.6666666666666666,0.0,1.3333333333333333,0.3333333333333333,0.0,0.0,1.0,1.0,0.0,0,4.0,6,0,0,63.0,0,Silver,0,0,29,Other,Nashville,Bakery,Mainstream,2021,40.03333333333333,46.83076923076923,Active,2024-04,0
502050,1,1.0,1.0,2.6666666666666665,-0.625,19.856666666666666,53.776666666666664,-0.6307568338188806,-0.2,0.7202072881301148,2,0.8333333333333334,19.856666666666666,1.3333333333333333,0.32999999999999996,1.0,3.0,-0.6666666666666666,-0.5714285714285714,0.0,0.0,0.0,0.0,0.6666666666666666,1.0,0.0,1.0,0.0,0,3.0,6,0,0,61.0,0,Silver,0,0,16,M,Nashville,Personal Care,Value,2022,36.81666666666666,38.417692307692306,Active,2024-04,1
502051,1,2.0,4.0,6.333333333333333,-0.3684210526315789,105.35000000000001,160.26999999999998,-0.34267174143632606,-0.8857142857142857,0.3272097864454902,3,1.0,26.337500000000002,3.6666666666666665,0.29000000000000004,3.0,2.6666666666666665,0.12500000000000006,0.08571428571428572,0.6666666666666666,2.0,-0.6666666666666667,1.0,0.3333333333333333,0.0,1.0,1.0,0.0,0,5.0,6,0,0,26.0,0,Silver,0,1,30,F,Denver,Snacks,Value,2021,132.80999999999997,123.48071428571428,Active,2024-04,0
502053,1,1.0,1.0,2.0,-0.5,23.363333333333333,42.37,-0.4485878373062701,-0.14285714285714285,0.8138330750943739,2,0.6666666666666666,23.363333333333333,1.0,0.18999999999999997,0.3333333333333333,2.6666666666666665,-0.8749999999999999,-0.8285714285714286,0.6666666666666666,2.3333333333333335,-0.7142857142857144,0.0,0.6666666666666666,3.0,1.0,4.0,1.0,1,2.0,6,0,0,50.0,0,Silver,0,1,33,M,Columbus,Dairy,Mainstream,2021,32.86666666666667,47.97818181818182,Active,2024-04,1
502054,7,0.0,0.0,0.0,0.0,0.0,0.0,0.0,0.0,0.0,0,0.0,0.0,0.0,0.0,0.0,0.0,0.0,0.0,0.0,0.0,0.0,0.0,0.0,0.0,0.0,0.0,0.0,0,7.0,6,0,0,25.0,0,Platinum,2,1,29,F,Portland,Personal Care,Value,2021,0.0,49.06,Lapsed,2024-04,1
502055,7,0.0,0.0,0.0,0.0,0.0,0.0,0.0,0.0,0.0,0,0.0,0.0,0.0,0.0,0.0,0.0,0.0,0.0,0.0,0.0,0.0,0.0,0.0,0.0,0.0,0.0,0.0,0,7.0,6,0,0,53.0,0,Silver,0,1,20,F,Tulsa,Beverages,Value,2022,0.0,55.992,Lapsed,2024-04,1
502056,1,1.0,2.0,2.0,0.0,67.16666666666667,66.97,0.0029366382957544054,0.0,0.4607249206723502,3,1.0,33.583333333333336,1.6666666666666667,0.39,0.6666666666666666,0.5,0.33333333333333326,0.10000000000000002,1.6666666666666667,3.0,-0.4444444444444444,0.6666666666666666,0.0,0.0,0.0,0.0,0.0,0,7.0,5,0,0,33.0,0,Silver,0,1,6,F,Portland,Household,Upscale,2023,67.088,67.088,Active,2024-04,0
502057,1,1.0,4.0,6.333333333333333,-0.3684210526315789,221.46333333333334,360.6033333333333,-0.38585333838659275,-1.5714285714285714,0.790218537791049,3,1.0,55.365833333333335,2.3333333333333335,0.35333333333333333,3.3333333333333335,1.6666666666666667,1.0,-0.02857142857142857,0.3333333333333333,0.0,0.6666666666666666,0.6666666666666666,0.3333333333333333,0.0,0.0,0.0,0.0,0,7.0,6,0,0,74.0,0,Platinum,2,0,31,M,Raleigh,Beverages,Unknown,2021,291.03333333333336,278.82466666666664,Active,2024-04,0
502058,6,0.0,0.0,0.3333333333333333,-0.6666666666666666,0.0,10.776666666666666,-1.0,-0.14285714285714285,2.2360679774997902,0,0.16666666666666666,0.0,0.0,0.78,0.0,0.6666666666666666,-1.0,-0.2857142857142857,0.0,0.0,0.0,0.0,0.0,0.0,0.0,0.0,0.0,0,7.0,6,0,0,73.0,0,Gold,1,1,24,F,Portland,Snacks,Mainstream,2022,5.388333333333333,92.9275,Lapsed,2024-04,1
502059,7,0.0,0.0,0.0,0.0,0.0,0.0,0.0,0.0,0.0,0,0.0,0.0,0.0,0.0,0.0,0.3333333333333333,-0.6666666666666666,-0.14285714285714285,0.0,0.3333333333333333,-0.6666666666666666,0.0,0.0,1.0,1.0,2.0,1.0,0,3.0,6,0,0,47.0,0,Platinum,2,1,21,Other,Raleigh,Bakery,Mainstream,2022,0.0,171.32,Lapsed,2024-04,1
502060,7,0.0,0.0,0.0,0.0,0.0,0.0,0.0,0.0,0.0,0,0.0,0.0,0.0,0.0,0.0,0.0,0.0,0.0,0.0,0.0,0.0,0.0,0.0,0.0,0.0,0.0,0.0,0,7.0,6,0,0,63.0,0,Silver,0,1,27,F,Boise,Frozen Foods,Mainstream,2022,0.0,37.38,Lapsed,2024-04,1
502061,1,3.0,3.5,3.0,0.16666666666666666,126.75999999999999,107.53333333333335,0.17879727216366997,-0.08108108108108109,0.43721226428879867,2,1.0,36.21714285714285,1.0,0.20800000000000002,3.0,1.3333333333333333,1.2500000000000002,0.33783783783783783,2.5,1.6666666666666667,0.49999999999999994,1.0,0.3333333333333333,0.0,1.0,1.0,0.0,0,4.0,6,0,1,72.0,0,Silver,0,1,38,F,Raleigh,Produce,Mainstream,2021,115.224,117.08071428571428,Active,2024-04,0
502062,6,0.0,0.0,0.3333333333333333,-0.6666666666666666,0.0,13.936666666666667,-1.0,-0.14285714285714285,2.2360679774997894,0,0.16666666666666666,0.0,0.0,0.68,0.0,0.0,0.0,0.0,0.0,0.0,0.0,0.0,0.3333333333333333,0.0,1.0,1.0,0.0,0,5.0,6,0,0,21.0,0,Gold,1,1,19,F,Austin,Beverages,Mainstream,2022,6.968333333333334,62.07899999999999,Lapsed,2024-04,1
502063,7,0.0,0.0,0.0,0.0,0.0,0.0,0.0,0.0,0.0,0,0.0,0.0,0.0,0.0,0.0,1.0,-1.0,-0.42857142857142855,0.0,0.0,0.0,0.0,0.0,0.0,0.0,0.0,0.0,0,7.0,6,0,0,29.0,0,Gold,1,0,14,M,Spokane,Bakery,Mainstream,2023,0.0,64.37166666666667,Lapsed,2024-04,1
502064,1,10.0,6.333333333333333,7.0,-0.09523809523809527,270.7633333333333,286.8533333333333,-0.0560913823556753,0.11428571428571428,0.35967846526823427,3,1.0,42.752105263157894,2.3333333333333335,0.3133333333333333,3.6666666666666665,4.0,-0.08333333333333337,-0.08571428571428572,1.0,1.3333333333333333,-0.24999999999999994,0.6666666666666666,1.6666666666666667,0.0,1.0,1.0,1.0,0,6.0,6,0,0,58.0,0,Silver,0,1,33,M,Tulsa,Beverages,Mainstream,2021,278.80833333333334,252.94333333333333,Active,2024-04,0
502065,1,3.0,4.333333333333333,2.3333333333333335,0.8571428571428569,102.04,59.303333333333335,0.7206452700803778,0.5142857142857142,0.62366071437134,3,1.0,23.547692307692312,2.3333333333333335,0.4333333333333333,3.6666666666666665,2.3333333333333335,0.5714285714285713,0.5142857142857142,2.0,1.3333333333333333,0.5000000000000001,0.6666666666666666,0.6666666666666666,0.0,0.0,0.0,0.0,0,7.0,6,0,0,28.0,0,Silver,0,1,24,F,Tulsa,Frozen Foods,Mainstream,2022,80.67166666666667,90.20785714285714,Active,2024-04,0
502066,6,0.0,0.0,0.6666666666666666,-1.0,0.0,35.88,-1.0,-0.2857142857142857,2.23606797749979,0,0.16666666666666666,0.0,0.0,0.44,0.0,0.0,0.0,0.0,0.0,0.0,0.0,0.0,0.0,0.0,0.0,0.0,0.0,0,7.0,6,0,0,39.0,0,Platinum,2,0,17,M,Portland,Beverages,Mainstream,2022,17.94,76.2025,Lapsed,2024-04,1
502067,1,2.0,2.0,1.5,0.3333333333333333,73.70666666666666,54.63,0.34919763255842323,0.2,0.25440861291657574,3,1.0,36.85333333333333,2.6666666666666665,0.394,1.6666666666666667,1.0,0.6666666666666667,0.2,1.3333333333333333,0.5,1.6666666666666665,0.0,0.0,0.0,0.0,0.0,0.0,0,7.0,5,0,0,68.0,0,Gold,1,0,6,F,Portland,Personal Care,Value,2023,66.076,66.076,Active,2024-04,0
502068,7,0.0,0.0,0.0,0.0,0.0,0.0,0.0,0.0,0.0,0,0.0,0.0,0.0,0.0,0.0,0.0,0.0,0.0,0.0,0.0,0.0,0.0,0.0,0.0,0.0,0.0,0.0,0,7.0,6,0,0,59.0,0,Gold,1,0,17,M,Denver,Dairy,Mainstream,2022,0.0,67.06,Lapsed,2024-04,1
502069,1,3.0,4.5,7.333333333333333,-0.38636363636363635,79.045,141.01000000000002,-0.4394369193674208,-0.5465116279069767,0.3757430086476946,2,1.0,17.565555555555555,2.5,0.306,0.5,1.3333333333333333,-0.625,-0.1744186046511628,1.0,1.6666666666666667,-0.4,1.0,0.3333333333333333,0.0,0.0,0.0,0.0,0,7.0,6,0,1,43.0,0,Silver,0,1,35,F,Nashville,Bakery,Upscale,2021,116.22400000000002,113.99428571428572,Active,2024-04,0
502070,4,0.0,0.0,3.0,-1.0,0.0,146.44333333333336,-1.0,-0.7142857142857143,1.0872970135611422,0,0.5,0.0,0.0,0.31666666666666665,0.0,2.0,-1.0,-0.6857142857142857,0.0,1.3333333333333333,-1.0,0.0,0.6666666666666666,1.0,1.0,2.0,0.0,0,2.0,6,0,0,34.0,0,Platinum,2,1,10,M,Austin,Beverages,Value,2023,73.22166666666668,192.81000000000003,Lapsed,2024-04,1
502071,1,11.0,6.666666666666667,6.0,0.11111111111111116,252.23333333333335,198.265,0.2722030279339942,1.0,0.4946711509938113,3,1.0,37.835,3.3333333333333335,0.362,2.6666666666666665,2.0,0.33333333333333326,0.2,1.3333333333333333,1.5,-0.11111111111111116,0.3333333333333333,0.5,0.0,1.0,1.0,0.0,0,4.0,6,0,1,41.0,0,Silver,0,1,36,F,Nashville,Snacks,Upscale,2021,230.64600000000002,248.18714285714285,Active,2024-04,0
502072,1,6.0,5.0,4.333333333333333,0.15384615384615394,110.93,103.83999999999999,0.06827812018490002,0.17142857142857143,0.24194996202954197,3,1.0,22.186,3.3333333333333335,0.23500000000000001,1.3333333333333333,3.0,-0.5555555555555556,-0.5428571428571428,1.6666666666666667,1.0,0.6666666666666667,0.3333333333333333,0.0,1.0,0.0,1.0,1.0,1,1.0,6,0,0,25.0,0,Silver,0,1,35,M,Spokane,Produce,Mainstream,2021,107.38499999999999,88.32642857142856,Active,2024-04,0
502073,7,0.0,0.0,0.0,0.0,0.0,0.0,0.0,0.0,0.0,0,0.0,0.0,0.0,0.0,0.0,0.0,0.0,0.0,0.0,0.0,0.0,0.0,0.0,0.0,0.0,0.0,0.0,0,7.0,6,0,0,66.0,0,Silver,0,1,32,F,Spokane,Dairy,Value,2021,0.0,76.0775,Lapsed,2024-04,1
502074,1,4.0,5.0,4.333333333333333,0.15384615384615394,183.30999999999997,152.89000000000001,0.19896657727778114,0.4,0.3801065632104752,3,1.0,36.66199999999999,5.333333333333333,0.215,3.0,3.3333333333333335,-0.10000000000000003,-0.2,2.0,2.6666666666666665,-0.24999999999999994,0.3333333333333333,0.3333333333333333,1.0,0.0,1.0,1.0,1,2.0,6,0,0,19.0,0,Silver,0,1,12,M,Denver,Beverages,Mainstream,2023,168.1,179.453,Active,2024-04,0
502075,1,10.0,9.333333333333334,6.333333333333333,0.47368421052631593,292.49,182.74333333333334,0.6005508636885979,1.2285714285714286,0.4035803662201785,3,1.0,31.338214285714283,6.666666666666667,0.2733333333333334,3.0,3.0,0.0,0.05714285714285714,0.3333333333333333,0.3333333333333333,0.0,0.0,1.0,0.0,1.0,1.0,0.0,0,5.0,6,0,0,25.0,0,Silver,0,0,30,F,Raleigh,Beverages,Value,2021,237.61666666666667,203.49200000000002,Active,2024-04,0
502076,3,0.0,0.3333333333333333,3.0,-0.8888888888888888,9.586666666666668,76.45333333333333,-0.8746076037670037,-0.9142857142857143,0.964909939518251,1,0.6666666666666666,28.760000000000005,0.0,0.3275,0.0,0.3333333333333333,-0.6666666666666666,-0.14285714285714285,0.0,1.3333333333333333,-1.0,0.0,0.6666666666666666,0.0,1.0,1.0,0.0,0,5.0,6,0,0,34.0,0,Gold,1,1,26,M,Columbus,Dairy,Upscale,2022,43.02,121.90076923076923,Active,2024-04,1
502077,1,8.0,3.6666666666666665,4.666666666666667,-0.21428571428571436,138.91333333333333,165.32666666666668,-0.1597645066333321,0.08571428571428572,0.647352175622408,2,0.8333333333333334,37.88545454545454,2.0,0.258,3.3333333333333335,2.3333333333333335,0.42857142857142855,0.2571428571428571,2.3333333333333335,2.0,0.16666666666666674,0.0,1.3333333333333333,1.0,0.0,1.0,0.0,0,3.0,6,0,0,40.0,0,Gold,1,1,34,M,Austin,Bakery,Mainstream,2021,152.12,175.75750000000002,Active,2024-04,0
502078,1,1.0,1.0,1.3333333333333333,-0.24999999999999994,18.04,27.333333333333332,-0.34,-0.08108108108108107,0.6697753731518358,2,0.8,18.04,2.0,0.2325,0.5,1.0,-0.5,-0.25675675675675674,0.0,1.0,-1.0,0.5,0.3333333333333333,0.0,1.0,1.0,0.0,0,6.0,6,0,1,67.0,0,Silver,0,1,15,M,Madison,Household,Mainstream,2023,23.616,48.09166666666667,Active,2024-04,1
502080,1,6.0,5.0,3.3333333333333335,0.49999999999999994,167.33333333333334,130.43666666666667,0.2828703585392656,0.9428571428571428,0.5486587684177441,3,0.8333333333333334,33.46666666666667,4.333333333333333,0.312,1.6666666666666667,2.0,-0.16666666666666663,0.028571428571428577,0.0,0.0,0.0,0.3333333333333333,0.3333333333333333,0.0,0.0,0.0,0.0,0,7.0,6,0,0,68.0,0,Gold,1,0,35,F,Denver,Beverages,Value,2021,148.88500000000002,158.65571428571428,Active,2024-04,0
502081,1,8.0,6.666666666666667,5.666666666666667,0.1764705882352941,166.32333333333335,142.46666666666667,0.16745437529246618,0.4857142857142857,0.16649941585057945,3,1.0,24.948500000000003,3.3333333333333335,0.2683333333333333,2.3333333333333335,2.6666666666666665,-0.12499999999999989,-0.02857142857142857,0.3333333333333333,1.6666666666666667,-0.8,0.3333333333333333,0.3333333333333333,2.0,0.0,2.0,0.0,0,1.0,6,0,0,57.0,0,Silver,0,1,35,Other,Denver,Bakery,Mainstream,2021,154.395,190.54799999999997,Active,2024-04,0
502082,1,11.0,8.0,4.666666666666667,0.7142857142857142,208.39000000000001,116.29333333333334,0.7919341894060996,1.3714285714285714,0.488880838339132,3,1.0,26.048750000000002,5.0,0.37833333333333324,3.3333333333333335,2.3333333333333335,0.42857142857142855,0.42857142857142855,2.3333333333333335,2.0,0.16666666666666674,1.3333333333333333,0.3333333333333333,0.0,0.0,0.0,0.0,0,7.0,6,0,0,56.0,0,Silver,0,1,36,F,Columbus,Frozen Foods,Mainstream,2021,162.34166666666667,176.95933333333332,Active,2024-04,0
502083,1,3.0,3.0,3.0,0.0,89.22999999999999,89.22999999999999,0.0,0.0,0.03776756696178413,2,1.0,29.74333333333333,0.0,0.395,2.0,2.0,0.0,0.0,1.5,1.5,0.0,1.0,1.0,0.0,0.0,0.0,0.0,0,7.0,2,1,0,30.0,0,Silver,0,1,3,F,Columbus,Personal Care,Mainstream,2024,89.22999999999999,89.22999999999999,Active,2024-04,0
502085,1,2.0,2.0,2.0,0.0,101.86500000000001,101.86500000000001,0.0,0.0,0.020370097678299667,2,1.0,50.932500000000005,3.0,0.185,2.5,2.5,0.0,0.0,1.5,1.5,0.0,1.0,1.0,1.0,0.0,1.0,1.0,1,1.0,2,1,0,46.0,1,Silver,0,1,3,Unknown,Columbus,Personal Care,Upscale,2024,101.86500000000001,101.86500000000001,Active,2024-04,0
502086,3,0.0,1.3333333333333333,5.0,-0.7333333333333334,35.39333333333334,117.69666666666667,-0.6992834688039877,-1.3428571428571427,0.7877989539363718,1,0.6666666666666666,26.545000000000005,0.6666666666666666,0.3075,1.6666666666666667,2.6666666666666665,-0.37499999999999994,-0.2571428571428571,0.0,1.0,-1.0,0.0,0.6666666666666666,1.0,0.0,1.0,0.0,0,1.0,6,0,0,29.0,0,Gold,1,0,38,Other,Madison,Produce,Value,2021,76.545,101.66454545454545,Active,2024-04,1
502088,7,0.0,0.0,0.0,0.0,0.0,0.0,0.0,0.0,0.0,0,0.0,0.0,0.0,0.0,0.0,0.0,0.0,0.0,0.0,0.0,0.0,0.0,0.0,0.0,0.0,0.0,0.0,0,7.0,6,0,0,38.0,0,Silver,0,0,23,F,Austin,Produce,Mainstream,2022,0.0,24.0,Lapsed,2024-04,1
502089,1,7.0,7.666666666666667,6.666666666666667,0.15,388.6666666666667,302.05,0.2867626772609391,0.6,0.3412549791062685,3,1.0,50.69565217391305,2.6666666666666665,0.26499999999999996,3.0,2.6666666666666665,0.12500000000000006,-0.14285714285714285,2.0,2.0,0.0,0.6666666666666666,1.6666666666666667,0.0,1.0,1.0,1.0,0,4.0,6,0,0,73.0,0,Platinum,2,1,15,F,Austin,Snacks,Value,2023,345.35833333333335,289.4769230769231,Active,2024-04,0
502090,1,3.0,3.0,3.0,0.0,78.24,78.24,0.0,0.0,0.0,1,1.0,26.08,3.0,0.16,3.0,3.0,0.0,0.0,1.0,1.0,0.0,0.0,0.0,0.0,0.0,0.0,0.0,0,7.0,1,1,0,69.0,0,Silver,0,1,2,F,Spokane,Snacks,Mainstream,2024,78.24,78.24,Active,2024-04,0
502091,7,0.0,0.0,0.0,0.0,0.0,0.0,0.0,0.0,0.0,0,0.0,0.0,0.0,0.0,0.0,0.0,0.0,0.0,0.0,0.0,0.0,0.0,0.0,0.0,0.0,0.0,0.0,0,7.0,6,0,0,64.0,0,Silver,0,0,34,F,Boise,Household,Mainstream,2021,0.0,88.80499999999999,Lapsed,2024-04,1
502092,3,0.0,0.6666666666666666,5.333333333333333,-0.8749999999999999,27.37,216.38666666666668,-0.8735134635528992,-1.4857142857142858,0.8854300437347674,1,0.6666666666666666,41.05500000000001,1.3333333333333333,0.2625,0.0,2.6666666666666665,-1.0,-0.5142857142857142,0.0,0.0,0.0,0.0,0.0,0.0,0.0,0.0,0.0,0,7.0,6,0,0,74.0,0,Gold,1,0,19,F,Austin,Beverages,Value,2022,121.87833333333333,273.4853846153846,Active,2024-04,1
502093,7,0.0,0.0,0.0,0.0,0.0,0.0,0.0,0.0,0.0,0,0.0,0.0,0.0,0.0,0.0,0.0,0.0,0.0,0.0,0.0,0.0,0.0,0.0,0.0,0.0,0.0,0.0,0,7.0,6,0,0,34.0,0,Silver,0,1,11,F,Austin,Dairy,Mainstream,2023,0.0,96.58,Lapsed,2024-04,1
502096,1,7.0,3.6666666666666665,2.0,0.8333333333333333,86.68333333333332,46.050000000000004,0.8823742309084325,0.7714285714285714,0.7139822056292088,3,1.0,23.64090909090909,3.3333333333333335,0.2966666666666667,3.0,1.6666666666666667,0.7999999999999999,0.2857142857142857,1.6666666666666667,2.0,-0.16666666666666663,1.0,0.3333333333333333,0.0,0.0,0.0,0.0,0,7.0,6,0,0,62.0,0,Silver,0,1,21,M,Boise,Household,Mainstream,2022,66.36666666666666,81.11666666666666,Active,2024-04,0
502097,7,0.0,0.0,0.0,0.0,0.0,0.0,0.0,0.0,0.0,0,0.0,0.0,0.0,0.0,0.0,0.0,0.0,0.0,0.0,0.0,0.0,0.0,0.0,0.0,0.0,0.0,0.0,0,7.0,6,0,0,40.0,0,Silver,0,1,29,F,Spokane,Household,Mainstream,2021,0.0,100.5525,Lapsed,2024-04,1
502098,1,4.0,3.6666666666666665,4.666666666666667,-0.21428571428571436,153.08666666666667,195.69666666666663,-0.21773492990853174,-0.2571428571428571,0.2892237767600904,3,1.0,41.7509090909091,2.3333333333333335,0.215,2.0,2.0,0.0,-0.11428571428571428,3.0,1.0,2.0,0.6666666666666666,1.0,0.0,0.0,0.0,0.0,0,7.0,6,0,0,46.0,1,Gold,1,1,7,F,Raleigh,Frozen Foods,Mainstream,2023,174.39166666666668,174.39166666666665,Active,2024-04,0
502099,1,4.0,4.0,5.333333333333333,-0.24999999999999994,77.515,109.47999999999998,-0.291971136280599,-0.03488372093023254,0.4396578306266565,2,1.0,19.37875,1.5,0.198,3.0,3.6666666666666665,-0.1818181818181818,-0.45348837209302334,3.0,2.0,0.5,1.0,0.0,0.0,0.0,0.0,0.0,0,7.0,6,0,1,26.0,0,Silver,0,1,20,M,Madison,Beverages,Mainstream,2022,96.69399999999999,120.96833333333332,Active,2024-04,0
502100,5,0.0,0.0,0.6666666666666666,-1.0,0.0,15.896666666666667,-1.0,-0.22857142857142856,1.4157070389684348,0,0.3333333333333333,0.0,0.0,0.215,0.0,1.6666666666666667,-1.0,-0.6,0.0,0.6666666666666666,-1.0,0.0,0.3333333333333333,2.0,2.0,4.0,1.0,0,3.0,6,0,0,74.0,0,Gold,1,0,14,F,Raleigh,Produce,Upscale,2023,7.948333333333333,54.21875,Lapsed,2024-04,1
502101,1,1.0,2.0,3.6666666666666665,-0.45454545454545453,78.69666666666667,138.11333333333334,-0.4302022493604286,-0.7142857142857143,0.4702752869063122,3,1.0,39.348333333333336,1.6666666666666667,0.30333333333333334,1.0,0.3333333333333333,1.3333333333333335,0.11428571428571428,0.0,0.6666666666666666,-1.0,0.6666666666666666,0.3333333333333333,0.0,1.0,1.0,0.0,0,5.0,6,0,0,28.0,0,Silver,0,0,25,F,Madison,Frozen Foods,Value,2022,108.40500000000002,111.275,Active,2024-04,0
502102,2,0.0,0.3333333333333333,1.0,-0.6666666666666667,11.656666666666666,33.94,-0.6565507758790021,-0.09999999999999998,1.3251297625793452,1,0.4,34.97,0.0,0.125,3.0,1.5,1.0,0.6,2.3333333333333335,1.0,1.3333333333333335,0.0,0.0,0.0,0.0,0.0,0.0,0,7.0,6,0,1,34.0,0,Platinum,2,1,11,M,Nashville,Household,Value,2023,20.57,68.854,Active,2024-04,0
502103,7,0.0,0.0,0.0,0.0,0.0,0.0,0.0,0.0,0.0,0,0.0,0.0,0.0,0.0,0.0,0.0,0.0,0.0,0.0,0.0,0.0,0.0,0.0,0.0,0.0,0.0,0.0,0,7.0,6,0,0,72.0,0,Silver,0,1,33,F,Columbus,Personal Care,Value,2021,0.0,32.57,Lapsed,2024-04,1
502104,7,0.0,0.0,0.0,0.0,0.0,0.0,0.0,0.0,0.0,0,0.0,0.0,0.0,0.0,0.0,0.0,0.0,0.0,0.0,0.0,0.0,0.0,0.0,0.0,0.0,0.0,0.0,0,7.0,6,0,0,55.0,0,Gold,1,1,23,F,Columbus,Dairy,Value,2022,0.0,221.25,Lapsed,2024-04,1
502106,1,7.0,9.0,8.0,0.125,232.58,216.5333333333333,0.07410714285714307,-0.2,0.24956245858034162,3,1.0,25.842222222222222,6.666666666666667,0.16333333333333336,3.6666666666666665,4.0,-0.08333333333333337,0.02857142857142857,0.3333333333333333,0.3333333333333333,0.0,0.0,0.3333333333333333,0.0,1.0,1.0,0.0,0,5.0,6,0,0,46.0,1,Gold,1,0,31,F,Spokane,Snacks,Upscale,2021,224.55666666666664,228.29399999999998,Active,2024-04,0
502107,7,0.0,0.0,0.0,0.0,0.0,0.0,0.0,0.0,0.0,0,0.0,0.0,0.0,0.0,0.0,0.0,0.0,0.0,0.0,0.0,0.0,0.0,0.0,0.0,0.0,0.0,0.0,0,7.0,6,0,0,34.0,0,Silver,0,0,24,M,Denver,Personal Care,Upscale,2022,0.0,74.8125,Lapsed,2024-04,1
502108,7,0.0,0.0,0.0,0.0,0.0,0.0,0.0,0.0,0.0,0,0.0,0.0,0.0,0.0,0.0,0.0,0.0,0.0,0.0,0.0,0.0,0.0,0.0,0.0,0.0,0.0,0.0,0,7.0,6,0,0,44.0,0,Platinum,2,0,35,F,Nashville,Frozen Foods,Mainstream,2021,0.0,216.49125,Lapsed,2024-04,1
502109,1,2.0,5.333333333333333,7.0,-0.23809523809523814,187.26,209.01,-0.10406200660255491,-0.13513513513513511,0.5468182093925664,3,1.0,35.11125,4.333333333333333,0.322,3.6666666666666665,2.5,0.4666666666666666,0.28378378378378377,2.6666666666666665,1.0,1.6666666666666665,1.3333333333333333,1.0,1.0,0.0,1.0,1.0,1,3.0,6,0,1,30.0,0,Gold,1,1,35,M,Portland,Frozen Foods,Value,2021,195.95999999999998,207.88642857142855,Active,2024-04,0
502110,7,0.0,0.0,0.0,0.0,0.0,0.0,0.0,0.0,0.0,0,0.0,0.0,0.0,0.0,0.0,0.0,0.0,0.0,0.0,0.0,0.0,0.0,0.0,0.0,0.0,0.0,0.0,0,7.0,6,0,0,44.0,0,Silver,0,1,12,F,Tulsa,Produce,Mainstream,2023,0.0,93.79,Lapsed,2024-04,1
502111,7,0.0,0.0,0.0,0.0,0.0,0.0,0.0,0.0,0.0,0,0.0,0.0,0.0,0.0,0.0,0.0,0.0,0.0,0.0,0.0,0.0,0.0,0.0,0.0,0.0,0.0,0.0,0,7.0,6,0,0,50.0,0,Platinum,2,1,26,Unknown,Boise,Produce,Mainstream,2022,0.0,152.205,Lapsed,2024-04,1
502112,1,8.0,7.333333333333333,8.0,-0.08333333333333337,276.18666666666667,282.80333333333334,-0.023396706780919627,-0.22857142857142856,0.21350220529945796,3,1.0,37.661818181818184,6.666666666666667,0.3483333333333334,2.0,2.0,0.0,0.2857142857142857,0.3333333333333333,1.3333333333333333,-0.75,0.6666666666666666,0.6666666666666666,1.0,0.0,1.0,0.0,0,2.0,6,0,0,33.0,0,Silver,0,1,21,M,Raleigh,Bakery,Upscale,2022,279.49499999999995,255.27333333333334,Active,2024-04,0
502113,7,0.0,0.0,0.0,0.0,0.0,0.0,0.0,0.0,0.0,0,0.0,0.0,0.0,0.0,0.0,0.0,0.0,0.0,0.0,0.0,0.0,0.0,0.0,0.0,0.0,0.0,0.0,0,7.0,6,0,0,38.0,0,Silver,0,0,16,M,Denver,Household,Upscale,2022,0.0,148.25428571428571,Lapsed,2024-04,1
502115,1,12.0,11.0,6.666666666666667,0.6499999999999999,279.8233333333333,189.48999999999998,0.4767182085246364,0.8285714285714286,0.35769647521023346,3,1.0,25.438484848484848,4.666666666666667,0.21,6.0,3.6666666666666665,0.6363636363636365,0.8857142857142857,0.0,0.0,0.0,1.0,1.0,0.0,0.0,0.0,0.0,0,7.0,6,0,0,68.0,0,Gold,1,0,31,M,Madison,Beverages,Mainstream,2021,234.65666666666667,242.38714285714286,Active,2024-04,0
502116,1,1.0,1.6666666666666667,2.0,-0.16666666666666663,50.27,46.265,0.08656651896682163,-0.14864864864864866,0.2166682400796528,3,1.0,30.162,0.3333333333333333,0.24,2.6666666666666665,2.0,0.33333333333333326,-0.10810810810810811,0.3333333333333333,0.5,-0.33333333333333337,0.6666666666666666,0.5,0.0,0.0,0.0,0.0,0,7.0,6,0,1,61.0,0,Silver,0,0,14,F,Columbus,Household,Mainstream,2023,48.668,99.84083333333332,Active,2024-04,0
502118,1,4.0,6.333333333333333,4.0,0.5833333333333333,163.41666666666666,87.19,0.8742592804985281,0.5428571428571428,0.5237942140023109,3,1.0,25.802631578947366,4.0,0.25666666666666665,1.6666666666666667,1.6666666666666667,0.0,-6.3441315692866086e-18,2.3333333333333335,0.3333333333333333,3.0,0.3333333333333333,0.3333333333333333,0.0,0.0,0.0,0.0,0,7.0,6,0,0,57.0,0,Silver,0,1,36,F,Austin,Frozen Foods,Upscale,2021,125.30333333333334,160.87733333333333,Active,2024-04,0
502119,1,5.0,3.5,3.5,0.0,108.995,99.065,0.10023721798818964,0.2857142857142857,0.3460769789025743,2,1.0,31.141428571428573,2.5,0.27749999999999997,2.0,2.0,0.0,0.5714285714285714,1.5,1.5,0.0,0.5,1.0,0.0,0.0,0.0,0.0,0,7.0,6,0,2,74.0,0,Gold,1,1,15,M,Raleigh,Household,Mainstream,2023,104.03,109.39999999999999,Active,2024-04,0
502120,1,3.0,5.666666666666667,5.666666666666667,0.0,147.09666666666666,147.09666666666666,0.0,-1.5,0.3688138485834689,3,1.0,25.958235294117646,2.6666666666666665,0.43,2.0,2.0,0.0,-1.0,1.6666666666666667,1.6666666666666667,0.0,0.6666666666666666,0.6666666666666666,1.0,0.0,1.0,1.0,1,2.0,3,1,0,65.0,0,Silver,0,1,4,M,Madison,Frozen Foods,Mainstream,2023,147.09666666666666,147.09666666666666,Active,2024-04,0
502121,1,6.0,6.5,5.5,0.18181818181818182,219.535,181.27,0.21109394825398567,-0.07692307692307693,0.2259741380077417,2,1.0,33.77461538461539,2.0,0.29,2.5,4.0,-0.375,-0.2692307692307692,0.5,3.0,-0.8333333333333334,1.0,0.5,0.0,0.0,0.0,0.0,0,7.0,6,0,2,28.0,0,Gold,1,1,16,M,Madison,Bakery,Value,2022,200.4025,229.62153846153845,Active,2024-04,0
502122,1,8.0,6.0,8.333333333333334,-0.28,208.24333333333334,304.6233333333333,-0.3163907339118254,-0.5428571428571428,0.21912617720708633,3,1.0,34.70722222222222,2.6666666666666665,0.33166666666666667,3.3333333333333335,4.666666666666667,-0.28571428571428575,-0.2857142857142857,2.6666666666666665,1.6666666666666667,0.5999999999999999,1.0,0.3333333333333333,0.0,1.0,1.0,1.0,0,4.0,6,0,0,26.0,0,Silver,0,1,33,M,Raleigh,Frozen Foods,Mainstream,2021,256.43333333333334,278.19142857142856,Active,2024-04,0
502123,1,5.0,8.0,3.3333333333333335,1.3999999999999997,160.22666666666666,78.36,1.0447507231580737,1.1428571428571428,0.49368749255914474,3,1.0,20.028333333333332,2.3333333333333335,0.34166666666666673,3.3333333333333335,2.6666666666666665,0.2500000000000001,0.22857142857142856,2.0,0.3333333333333333,3.0,0.0,0.3333333333333333,0.0,1.0,1.0,1.0,0,5.0,6,0,0,55.0,0,Silver,0,1,28,F,Nashville,Beverages,Mainstream,2021,119.29333333333331,122.72142857142856,Active,2024-04,0
502124,1,5.0,9.666666666666666,10.333333333333334,-0.06451612903225817,293.42,310.55,-0.05516019964578971,-0.5714285714285714,0.23655115985480074,3,1.0,30.35379310344828,3.6666666666666665,0.315,3.0,3.3333333333333335,-0.10000000000000003,0.02857142857142857,3.0,1.3333333333333333,1.2500000000000002,0.6666666666666666,0.0,0.0,1.0,1.0,0.0,0,6.0,6,0,0,31.0,0,Silver,0,1,25,F,Tulsa,Personal Care,Mainstream,2022,301.98499999999996,305.316,Active,2024-04,0
502125,4,0.0,0.0,2.3333333333333335,-1.0,0.0,47.92666666666667,-1.0,-0.8285714285714286,1.5528154063542101,0,0.5,0.0,0.0,0.42333333333333334,0.0,2.0,-1.0,-0.6857142857142857,0.0,0.0,0.0,0.0,0.0,0.0,5.0,5.0,1.0,0,4.0,6,0,0,60.0,0,Silver,0,1,11,F,Raleigh,Dairy,Value,2023,23.963333333333335,85.94428571428571,Lapsed,2024-04,1
502126,1,1.0,0.6666666666666666,3.3333333333333335,-0.8,18.096666666666668,84.31666666666666,-0.7853726032812809,-0.6857142857142857,0.6720494646775734,2,0.8333333333333334,27.145000000000003,0.0,0.288,2.0,2.0,0.0,0.22857142857142856,1.6666666666666667,2.6666666666666665,-0.37499999999999994,0.3333333333333333,0.6666666666666666,0.0,1.0,1.0,0.0,0,4.0,6,0,0,51.0,0,Silver,0,1,11,F,Tulsa,Snacks,Value,2023,51.20666666666667,44.89666666666667,Active,2024-04,0
502127,1,3.0,4.0,5.5,-0.2727272727272727,83.55666666666667,126.59,-0.3399425968349264,-0.7027027027027025,0.44371145269577866,3,1.0,20.889166666666668,3.6666666666666665,0.328,2.3333333333333335,1.5,0.5555555555555557,0.33783783783783783,1.3333333333333333,0.0,2.6666666666666665,1.6666666666666667,0.0,0.0,0.0,0.0,0.0,0,7.0,6,0,1,73.0,0,Silver,0,1,10,M,Spokane,Household,Value,2023,100.77000000000001,106.66625,Active,2024-04,0
502128,7,0.0,0.0,0.0,0.0,0.0,0.0,0.0,0.0,0.0,0,0.0,0.0,0.0,0.0,0.0,0.0,0.0,0.0,0.0,0.0,0.0,0.0,0.0,0.0,0.0,0.0,0.0,0,7.0,6,0,0,71.0,0,Silver,0,1,29,F,Boise,Dairy,Mainstream,2021,0.0,114.14,Lapsed,2024-04,1
502129,1,4.0,3.6666666666666665,6.0,-0.3888888888888889,150.7266666666667,234.88000000000002,-0.3582822434150772,-0.02857142857142857,0.5577602097519323,3,1.0,41.107272727272736,2.3333333333333335,0.3,4.0,1.6666666666666667,1.3999999999999997,0.6571428571428571,3.0,1.3333333333333333,1.2500000000000002,0.3333333333333333,0.6666666666666666,2.0,0.0,2.0,0.0,0,1.0,6,0,0,65.0,0,Gold,1,1,30,M,Boise,Personal Care,Mainstream,2021,192.8033333333333,156.52133333333333,Active,2024-04,0
502130,1,4.0,3.3333333333333335,3.0,0.11111111111111116,113.60666666666664,125.73666666666668,-0.09647146152010845,0.08571428571428572,0.4277893959636053,3,1.0,34.081999999999994,1.0,0.26166666666666666,2.3333333333333335,3.3333333333333335,-0.3,0.028571428571428584,0.0,0.3333333333333333,-0.6666666666666666,1.3333333333333333,0.3333333333333333,0.0,0.0,0.0,0.0,0,7.0,6,0,0,44.0,0,Silver,0,0,11,M,Madison,Personal Care,Unknown,2023,119.67166666666667,108.98800000000001,Active,2024-04,0
502131,5,0.0,0.0,1.6666666666666667,-1.0,0.0,68.89999999999999,-1.0,-0.6571428571428571,1.7154829777913685,0,0.3333333333333333,0.0,0.0,0.56,0.0,0.0,0.0,0.0,0.0,0.0,0.0,0.0,0.0,0.0,1.0,1.0,0.0,0,5.0,6,0,0,57.0,0,Platinum,2,0,11,M,Denver,Produce,Upscale,2023,34.449999999999996,151.635,Lapsed,2024-04,1
502132,3,0.0,1.3333333333333333,2.6666666666666665,-0.5,15.426666666666668,32.23666666666667,-0.5214558990797229,-0.5714285714285714,0.7720359123826196,1,0.6666666666666666,11.570000000000002,0.3333333333333333,0.395,1.0,0.6666666666666666,0.5000000000000001,0.08571428571428572,2.6666666666666665,0.0,3.0,0.3333333333333333,0.6666666666666666,1.0,0.0,1.0,0.0,0,2.0,6,0,0,29.0,0,Silver,0,1,34,M,Boise,Household,Value,2021,23.831666666666667,34.905,Active,2024-04,0
502133,5,0.0,0.0,3.3333333333333335,-1.0,0.0,108.95,-1.0,-1.1428571428571428,1.424822599285531,0,0.3333333333333333,0.0,0.0,0.29,0.0,0.6666666666666666,-1.0,-0.22857142857142856,0.0,1.0,-1.0,0.0,0.3333333333333333,1.0,0.0,1.0,0.0,0,3.0,6,0,0,70.0,0,Silver,0,1,37,M,Columbus,Beverages,Upscale,2021,54.475,128.56,Lapsed,2024-04,1
502134,1,3.0,5.5,5.5,0.0,156.51,156.51,0.0,0.0,0.4020190403169127,2,1.0,28.456363636363633,2.5,0.305,0.5,0.5,0.0,0.0,0.0,0.0,0.0,1.0,1.0,2.0,0.0,2.0,1.0,1,1.0,2,1,0,51.0,0,Gold,1,0,3,F,Denver,Household,Mainstream,2024,156.51,156.51,Active,2024-04,0
502135,1,4.0,4.0,4.666666666666667,-0.1428571428571429,127.18,141.26,-0.09967435933739194,-0.34285714285714286,0.5198320677602104,3,1.0,31.795,2.6666666666666665,0.22833333333333336,2.6666666666666665,2.3333333333333335,0.1428571428571427,0.37142857142857144,1.6666666666666667,1.6666666666666667,0.0,1.0,0.6666666666666666,0.0,0.0,0.0,0.0,0,7.0,6,0,0,52.0,0,Silver,0,1,9,M,Denver,Frozen Foods,Unknown,2023,134.22,150.44875,Active,2024-04,0
502136,1,5.0,3.3333333333333335,3.3333333333333335,0.0,104.63333333333333,104.63333333333333,0.0,1.0,0.34702928301629515,3,1.0,31.389999999999997,1.6666666666666667,0.2866666666666667,2.6666666666666665,2.6666666666666665,0.0,0.5,0.3333333333333333,0.3333333333333333,0.0,0.3333333333333333,0.3333333333333333,0.0,0.0,0.0,0.0,0,7.0,3,1,0,72.0,0,Silver,0,1,4,F,Madison,Personal Care,Value,2023,104.63333333333333,104.63333333333333,Active,2024-04,0
502137,1,15.0,9.0,11.666666666666666,-0.22857142857142854,203.04999999999998,233.53333333333333,-0.1305309734513275,-0.6285714285714286,0.47711079375777227,3,1.0,22.56111111111111,4.666666666666667,0.365,3.0,4.666666666666667,-0.3571428571428572,-0.4857142857142857,0.0,0.0,0.0,0.3333333333333333,0.0,3.0,0.0,3.0,0.0,0,2.0,6,0,0,44.0,0,Silver,0,0,13,M,Tulsa,Bakery,Value,2023,218.29166666666666,228.62,Active,2024-04,0
502138,1,7.0,6.0,4.0,0.5,166.07333333333332,109.8,0.5125075895567698,0.6046511627906976,0.4265847548259318,3,1.0,27.67888888888889,2.3333333333333335,0.17600000000000002,3.3333333333333335,2.0,0.6666666666666667,0.20930232558139533,0.3333333333333333,1.0,-0.6666666666666667,1.3333333333333333,0.5,0.0,0.0,0.0,0.0,0,7.0,6,0,1,67.0,0,Gold,1,0,28,F,Denver,Frozen Foods,Mainstream,2021,143.564,125.19142857142857,Active,2024-04,0
502139,2,0.0,2.6666666666666665,3.6666666666666665,-0.27272727272727276,75.20333333333333,103.35333333333334,-0.27236663871508743,-0.5428571428571428,0.5016102525824986,2,0.8333333333333334,28.20125,2.0,0.336,1.0,0.3333333333333333,1.3333333333333335,-0.05714285714285714,1.3333333333333333,2.6666666666666665,-0.5,0.3333333333333333,0.0,0.0,0.0,0.0,0.0,0,7.0,6,0,0,46.0,1,Gold,1,1,22,M,Raleigh,Snacks,Upscale,2022,89.27833333333332,83.535,Active,2024-04,0
502140,1,2.0,4.333333333333333,4.333333333333333,0.0,64.49333333333333,59.54333333333333,0.08313273246375183,-0.34285714285714286,0.9105429051646017,3,0.8333333333333334,14.883076923076922,2.6666666666666665,0.35400000000000004,1.6666666666666667,2.0,-0.16666666666666663,-0.08571428571428572,1.0,2.0,-0.5,0.6666666666666666,0.6666666666666666,0.0,0.0,0.0,0.0,0,7.0,6,0,0,69.0,0,Silver,0,1,17,F,Madison,Beverages,Mainstream,2022,62.01833333333334,71.95357142857142,Active,2024-04,0
502141,1,6.0,6.333333333333333,3.6666666666666665,0.7272727272727273,215.20666666666668,144.48333333333332,0.4894912908063216,0.6285714285714286,0.23139203663128033,3,1.0,33.980000000000004,1.6666666666666667,0.3,1.0,2.3333333333333335,-0.5714285714285715,-0.34285714285714286,0.6666666666666666,0.6666666666666666,0.0,0.3333333333333333,0.0,0.0,1.0,1.0,0.0,0,4.0,6,0,0,25.0,0,Gold,1,0,7,M,Spokane,Produce,Upscale,2023,179.84500000000003,179.845,Active,2024-04,0
502142,1,5.0,4.666666666666667,6.0,-0.22222222222222218,153.69,170.97,-0.10107036322161783,0.0,0.23772060646375198,3,1.0,32.933571428571426,4.0,0.115,1.0,0.0,2.0,0.9,1.6666666666666667,1.0,0.6666666666666667,0.3333333333333333,0.0,0.0,0.0,0.0,0.0,0,7.0,4,0,0,41.0,0,Silver,0,1,5,M,Denver,Dairy,Mainstream,2023,158.01,158.01,Active,2024-04,0
502143,1,3.0,4.0,6.0,-0.3333333333333333,104.0,171.99,-0.39531368102796677,-0.2857142857142857,0.559849706885062,3,1.0,26.0,3.0,0.4516666666666667,3.0,1.3333333333333333,1.2500000000000002,0.2,1.3333333333333333,2.0,-0.33333333333333337,0.6666666666666666,0.3333333333333333,0.0,0.0,0.0,0.0,0,7.0,6,0,0,52.0,0,Gold,1,1,29,F,Columbus,Snacks,Mainstream,2021,137.995,143.1786666666667,Active,2024-04,0
502144,6,0.0,0.0,1.6666666666666667,-1.0,0.0,57.24,-1.0,-0.7142857142857144,2.2360679774997894,0,0.16666666666666666,0.0,0.0,0.33,0.0,0.6666666666666666,-1.0,-0.2857142857142857,0.0,0.3333333333333333,-0.6666666666666666,0.0,0.3333333333333333,0.0,0.0,0.0,0.0,0,7.0,6,0,0,32.0,0,Gold,1,1,19,M,Boise,Produce,Value,2022,28.62,130.486,Lapsed,2024-04,1
502146,1,6.0,6.333333333333333,2.3333333333333335,1.714285714285714,187.51666666666665,72.87333333333333,1.5731863507455857,1.2571428571428571,0.7385217407679809,3,1.0,29.607894736842105,2.6666666666666665,0.32833333333333337,2.3333333333333335,2.6666666666666665,-0.12499999999999989,-0.08571428571428572,0.0,1.3333333333333333,-1.0,1.6666666666666667,0.6666666666666666,0.0,0.0,0.0,0.0,0,7.0,6,0,0,67.0,0,Silver,0,0,11,M,Tulsa,Bakery,Mainstream,2023,130.195,148.91199999999998,Active,2024-04,0
502147,7,0.0,0.0,0.0,0.0,0.0,0.0,0.0,0.0,0.0,0,0.0,0.0,0.0,0.0,0.0,0.0,0.0,0.0,0.0,0.0,0.0,0.0,0.0,0.0,0.0,0.0,0.0,0,7.0,6,0,0,68.0,0,Silver,0,1,26,F,Tulsa,Personal Care,Value,2022,0.0,37.245000000000005,Lapsed,2024-04,1
502148,1,4.0,3.0,4.666666666666667,-0.3571428571428572,53.71666666666667,91.96,-0.4158692185007974,-0.3142857142857143,0.4790872966457281,3,1.0,17.905555555555555,2.0,0.19499999999999998,0.6666666666666666,1.3333333333333333,-0.5,0.05714285714285714,2.0,1.0,1.0,0.6666666666666666,0.3333333333333333,1.0,0.0,1.0,0.0,0,3.0,6,0,0,62.0,0,Gold,1,1,21,F,Denver,Household,Value,2022,72.83833333333332,62.73466666666666,Active,2024-04,0
502149,1,2.0,2.3333333333333335,2.0,0.16666666666666674,49.906666666666666,43.416666666666664,0.1494817658349329,0.2,0.4478714883281049,3,1.0,21.388571428571428,1.6666666666666667,0.285,0.3333333333333333,1.6666666666666667,-0.8,-0.2857142857142857,0.0,0.3333333333333333,-0.6666666666666666,0.3333333333333333,1.0,0.0,0.0,0.0,0.0,0,7.0,6,0,0,31.0,0,Silver,0,0,27,F,Austin,Household,Mainstream,2022,46.66166666666667,51.74307692307692,Active,2024-04,0
502150,6,0.0,0.0,0.3333333333333333,-0.6666666666666666,0.0,6.996666666666666,-1.0,-0.14285714285714285,2.23606797749979,0,0.16666666666666666,0.0,0.0,0.67,0.0,0.0,0.0,0.0,0.0,0.6666666666666666,-1.0,0.0,0.0,0.0,0.0,0.0,0.0,0,7.0,6,0,0,66.0,0,Gold,1,1,28,F,Boise,Dairy,Value,2021,3.498333333333333,30.074285714285715,Lapsed,2024-04,1
502151,1,1.0,3.6666666666666665,3.6666666666666665,0.0,131.9933333333333,131.9933333333333,0.0,-1.5,0.5749432568398062,3,1.0,35.99818181818181,1.6666666666666667,0.33666666666666667,1.6666666666666667,1.6666666666666667,0.0,-1.0,0.3333333333333333,0.3333333333333333,0.0,0.6666666666666666,0.6666666666666666,0.0,0.0,0.0,0.0,0,7.0,3,1,0,22.0,0,Gold,1,0,4,M,Madison,Household,Mainstream,2023,131.9933333333333,131.9933333333333,Active,2024-04,0
502152,1,3.0,1.6666666666666667,1.3333333333333333,0.2500000000000001,45.446666666666665,36.46666666666667,0.24625228519195602,0.2,0.5170726649515657,3,1.0,27.267999999999997,0.3333333333333333,0.245,2.3333333333333335,2.0,0.16666666666666674,-0.2,0.6666666666666666,1.3333333333333333,-0.5,0.3333333333333333,0.6666666666666666,1.0,0.0,1.0,1.0,1,1.0,6,0,0,40.0,0,Gold,1,1,32,M,Raleigh,Bakery,Mainstream,2021,40.95666666666667,57.41133333333333,Active,2024-04,0
502153,1,2.0,2.0,3.6666666666666665,-0.45454545454545453,63.75999999999999,103.87333333333333,-0.38617547012386894,-0.6,0.3386179648265577,3,1.0,31.879999999999995,1.3333333333333333,0.20833333333333334,1.6666666666666667,1.0,0.6666666666666667,-0.05714285714285714,0.6666666666666666,2.0,-0.6666666666666667,0.3333333333333333,0.3333333333333333,1.0,2.0,3.0,0.0,0,2.0,6,0,0,23.0,0,Silver,0,1,22,M,Madison,Household,Mainstream,2022,83.81666666666666,86.4342857142857,Active,2024-04,0
502154,1,1.0,1.0,1.0,0.0,40.47,40.47,0.0,0.0,0.0,1,1.0,40.47,1.0,0.58,5.0,5.0,0.0,0.0,0.0,0.0,0.0,2.0,2.0,2.0,0.0,2.0,0.0,0,1.0,1,1,0,34.0,0,Gold,1,0,2,F,Austin,Bakery,Value,2024,40.47,40.47,Active,2024-04,0
502155,1,17.0,8.666666666666666,5.333333333333333,0.625,209.49,131.46,0.5935645823824738,2.0,0.7140229404741079,3,1.0,24.17192307692308,4.0,0.31833333333333336,2.6666666666666665,2.6666666666666665,0.0,0.05714285714285714,2.3333333333333335,1.3333333333333333,0.7500000000000002,0.6666666666666666,0.3333333333333333,1.0,0.0,1.0,1.0,1,2.0,6,0,0,62.0,0,Silver,0,1,36,F,Columbus,Bakery,Mainstream,2021,170.475,218.98846153846154,Active,2024-04,0
502156,7,0.0,0.0,0.0,0.0,0.0,0.0,0.0,0.0,0.0,0,0.0,0.0,0.0,0.0,0.0,0.0,0.0,0.0,0.0,0.0,0.0,0.0,0.0,0.0,0.0,0.0,0.0,0,7.0,6,0,0,31.0,0,Silver,0,0,22,M,Madison,Produce,Upscale,2022,0.0,82.6025,Lapsed,2024-04,1
502157,1,4.0,3.0,3.3333333333333335,-0.10000000000000003,80.61333333333333,83.73333333333333,-0.03726114649681534,0.02857142857142857,0.29424663817229585,3,1.0,26.87111111111111,1.0,0.26166666666666666,0.6666666666666666,1.0,-0.33333333333333337,0.028571428571428567,0.6666666666666666,0.3333333333333333,0.6666666666666666,1.6666666666666667,0.6666666666666666,0.0,0.0,0.0,0.0,0,7.0,6,0,0,45.0,0,Silver,0,0,9,Other,Denver,Household,Upscale,2023,82.17333333333333,74.12142857142858,Active,2024-04,0
502158,1,4.0,2.5,4.5,-0.4444444444444444,75.89,136.085,-0.44233383547047805,-0.3050847457627119,0.4356757286700343,2,1.0,30.356,1.5,0.35250000000000004,2.5,0.5,3.0,0.3728813559322034,0.5,2.0,-0.75,0.5,0.5,0.0,0.0,0.0,0.0,0,7.0,6,0,2,67.0,0,Gold,1,1,37,F,Raleigh,Beverages,Value,2021,105.9875,129.3,Active,2024-04,0
502160,1,7.0,4.666666666666667,9.666666666666666,-0.5172413793103448,123.55,284.95,-0.5664151605544832,-1.2857142857142858,0.5432166380886561,3,1.0,26.474999999999998,3.0,0.33166666666666667,4.0,3.3333333333333335,0.19999999999999996,0.17142857142857143,0.6666666666666666,0.3333333333333333,0.6666666666666666,1.0,0.3333333333333333,0.0,1.0,1.0,0.0,0,6.0,6,0,0,70.0,0,Silver,0,1,17,F,Nashville,Household,Value,2022,204.25,176.02266666666668,Active,2024-04,0
502162,1,9.0,7.5,6.0,0.25,319.145,229.71,0.3893387314439945,0.16216216216216217,0.38451892214471683,2,1.0,42.55266666666667,3.0,0.22999999999999998,3.0,2.6666666666666665,0.12500000000000006,0.08108108108108109,1.5,1.3333333333333333,0.12500000000000006,0.5,1.3333333333333333,1.0,0.0,1.0,0.0,0,3.0,6,0,1,38.0,0,Gold,1,1,29,F,Spokane,Frozen Foods,Upscale,2021,265.48400000000004,212.83142857142857,Active,2024-04,0
502163,7,0.0,0.0,0.0,0.0,0.0,0.0,0.0,0.0,0.0,0,0.0,0.0,0.0,0.0,0.0,0.0,0.0,0.0,0.0,0.0,0.0,0.0,0.0,0.0,0.0,0.0,0.0,0,7.0,6,0,0,46.0,1,Silver,0,0,29,M,Madison,Produce,Upscale,2021,0.0,96.46000000000001,Lapsed,2024-04,1
502164,1,13.0,10.0,10.0,0.0,192.765,192.765,0.0,0.0,0.35143827977070524,2,1.0,19.2765,2.5,0.32,3.5,3.5,0.0,0.0,1.0,1.0,0.0,0.0,0.0,0.0,0.0,0.0,0.0,0,7.0,2,1,0,67.0,0,Silver,0,1,3,M,Columbus,Personal Care,Mainstream,2024,192.765,192.765,Active,2024-04,0
502165,1,10.0,11.666666666666666,9.0,0.2962962962962962,257.3633333333333,183.96333333333334,0.39899255286379504,1.0857142857142856,0.330265624567788,3,1.0,22.059714285714282,4.333333333333333,0.20833333333333334,3.3333333333333335,5.666666666666667,-0.4117647058823529,-0.9428571428571428,1.3333333333333333,3.0,-0.5555555555555556,0.3333333333333333,0.3333333333333333,3.0,0.0,3.0,0.0,0,1.0,6,0,0,36.0,0,Gold,1,1,11,F,Tulsa,Personal Care,Value,2023,220.66333333333333,206.26500000000001,Active,2024-04,0
502166,7,0.0,0.0,0.0,0.0,0.0,0.0,0.0,0.0,0.0,0,0.0,0.0,0.0,0.0,0.0,0.0,0.0,0.0,0.0,0.0,0.0,0.0,0.0,0.0,0.0,0.0,0.0,0,7.0,6,0,0,39.0,0,Gold,1,0,33,M,Austin,Bakery,Mainstream,2021,0.0,78.8175,Lapsed,2024-04,1
502167,7,0.0,0.0,0.0,0.0,0.0,0.0,0.0,0.0,0.0,0,0.0,0.0,0.0,0.0,0.0,0.0,0.0,0.0,0.0,0.0,0.0,0.0,0.0,0.0,0.0,0.0,0.0,0,7.0,6,0,0,22.0,0,Gold,1,1,9,F,Austin,Beverages,Mainstream,2023,0.0,73.18,Lapsed,2024-04,1
502168,7,0.0,0.0,0.0,0.0,0.0,0.0,0.0,0.0,0.0,0,0.0,0.0,0.0,0.0,0.0,0.0,0.0,0.0,0.0,0.0,0.0,0.0,0.0,0.0,0.0,0.0,0.0,0,7.0,6,0,0,43.0,0,Platinum,2,1,22,M,Madison,Bakery,Value,2022,0.0,191.954,Lapsed,2024-04,1
502169,1,8.0,7.333333333333333,5.333333333333333,0.375,238.30000000000004,179.12666666666667,0.3303435185529795,1.0857142857142856,0.43963363089365126,3,1.0,32.49545454545455,3.3333333333333335,0.3033333333333333,4.333333333333333,4.666666666666667,-0.07142857142857155,0.2,2.0,2.0,0.0,1.3333333333333333,0.3333333333333333,0.0,0.0,0.0,0.0,0,7.0,6,0,0,36.0,0,Silver,0,1,20,F,Tulsa,Frozen Foods,Mainstream,2022,208.71333333333337,202.814,Active,2024-04,0
502170,2,0.0,0.6666666666666666,1.0,-0.33333333333333337,17.92,27.14,-0.3397199705232129,-0.1,0.9431080370924783,2,0.6,26.880000000000003,0.6666666666666666,0.3433333333333333,0.6666666666666666,0.5,0.33333333333333326,0.1,0.0,1.0,-1.0,0.3333333333333333,0.0,1.0,0.0,1.0,1.0,1,3.0,6,0,1,50.0,0,Silver,0,0,34,M,Austin,Frozen Foods,Value,2021,21.608,48.403333333333336,Active,2024-04,1
502171,2,0.0,1.0,5.666666666666667,-0.8235294117647058,20.94,116.28333333333335,-0.819922602837896,-1.4285714285714286,0.7233804560558331,2,0.8333333333333334,20.94,0.3333333333333333,0.25999999999999995,2.0,2.0,0.0,0.17142857142857143,0.3333333333333333,0.0,0.6666666666666666,0.6666666666666666,1.0,1.0,0.0,1.0,1.0,1,1.0,6,0,0,53.0,0,Silver,0,0,28,F,Columbus,Household,Value,2021,68.61166666666666,94.01142857142858,Active,2024-04,0
502172,2,0.0,3.3333333333333335,4.666666666666667,-0.28571428571428575,76.01666666666667,109.99333333333334,-0.3088975089399358,-0.2857142857142857,0.6036567971834473,2,0.8333333333333334,22.805,1.6666666666666667,0.356,1.0,2.3333333333333335,-0.5714285714285715,-0.4,0.3333333333333333,0.6666666666666666,-0.5,0.0,0.0,1.0,1.0,2.0,1.0,1,2.0,6,0,0,30.0,0,Silver,0,1,30,M,Madison,Dairy,Mainstream,2021,93.005,147.4892857142857,Active,2024-04,0
502173,1,2.0,3.5,3.5,0.0,105.485,105.485,0.0,0.0,0.5232497511494526,2,1.0,30.138571428571428,1.0,0.21,1.0,1.0,0.0,0.0,1.5,1.5,0.0,0.5,0.5,0.0,0.0,0.0,0.0,0,7.0,2,1,0,37.0,0,Silver,0,1,3,M,Madison,Beverages,Upscale,2024,105.485,105.485,Active,2024-04,0
502174,7,0.0,0.0,0.0,0.0,0.0,0.0,0.0,0.0,0.0,0,0.0,0.0,0.0,0.0,0.0,0.0,0.0,0.0,0.0,0.0,0.0,0.0,0.0,0.0,0.0,0.0,0.0,0,7.0,6,0,0,33.0,0,Gold,1,0,33,F,Columbus,Beverages,Unknown,2021,0.0,31.265,Lapsed,2024-04,1
502176,1,5.0,5.0,5.0,0.0,113.4,113.4,0.0,0.0,0.0,1,1.0,22.68,4.0,0.29,2.0,2.0,0.0,0.0,3.0,3.0,0.0,1.0,1.0,0.0,0.0,0.0,0.0,0,7.0,1,1,0,33.0,0,Silver,0,1,2,F,Madison,Personal Care,Upscale,2024,113.4,113.4,Active,2024-04,0
502177,1,12.0,7.0,7.0,0.0,190.57,190.57,0.0,0.0,0.654142834653933,2,1.0,27.224285714285713,3.0,0.375,4.5,4.5,0.0,0.0,0.0,0.0,0.0,0.5,0.5,0.0,0.0,0.0,0.0,0,7.0,2,1,0,56.0,0,Silver,0,0,3,M,Spokane,Snacks,Mainstream,2024,190.57,190.57,Active,2024-04,0
502178,1,1.0,2.3333333333333335,3.0,-0.22222222222222218,89.44333333333334,125.12333333333333,-0.28515864347177444,0.0,0.5220981214460736,3,1.0,38.332857142857144,1.3333333333333333,0.37333333333333335,2.3333333333333335,1.0,1.3333333333333335,0.4,1.0,0.6666666666666666,0.5000000000000001,0.3333333333333333,0.6666666666666666,0.0,1.0,1.0,0.0,0,5.0,6,0,0,32.0,0,Platinum,2,0,27,Other,Nashville,Household,Mainstream,2022,107.28333333333335,88.93357142857143,Active,2024-04,0
502179,2,0.0,2.0,2.0,0.0,35.27,34.38333333333333,0.02578768783325265,-0.22857142857142856,0.6012196938465342,2,0.8333333333333334,17.635,0.6666666666666666,0.32999999999999996,0.0,0.6666666666666666,-1.0,-0.17142857142857146,0.0,0.3333333333333333,-0.6666666666666666,0.3333333333333333,0.3333333333333333,1.0,0.0,1.0,1.0,1,1.0,6,0,0,41.0,0,Silver,0,0,34,M,Spokane,Bakery,Value,2021,34.82666666666666,37.80076923076923,Active,2024-04,0
502180,1,4.0,5.666666666666667,2.3333333333333335,1.4285714285714286,210.46,83.66,1.5156586182165912,0.6857142857142857,0.5662024210785779,3,1.0,37.14,4.333333333333333,0.37833333333333335,3.0,2.6666666666666665,0.12500000000000006,0.14285714285714285,1.3333333333333333,1.0,0.33333333333333326,0.3333333333333333,0.0,0.0,0.0,0.0,0.0,0,7.0,6,0,0,47.0,0,Gold,1,1,7,M,Tulsa,Produce,Mainstream,2023,147.05999999999997,147.06,Active,2024-04,0
502181,1,4.0,4.666666666666667,7.666666666666667,-0.3913043478260869,105.65333333333335,173.13,-0.3897456631818093,-0.42857142857142855,0.44388194076881865,3,1.0,22.64,3.0,0.21333333333333335,1.6666666666666667,2.6666666666666665,-0.37499999999999994,-0.3142857142857143,4.0,0.6666666666666666,3.0,0.6666666666666666,1.3333333333333333,0.0,0.0,0.0,0.0,0,7.0,6,0,0,18.0,0,Silver,0,1,11,M,Spokane,Beverages,Upscale,2023,139.39166666666668,120.995,Active,2024-04,0
502182,1,9.0,6.333333333333333,4.666666666666667,0.357142857142857,285.73333333333335,219.8166666666667,0.2998711047084691,0.4857142857142857,0.27891135175061493,3,1.0,45.11578947368422,2.3333333333333335,0.215,3.3333333333333335,4.0,-0.16666666666666663,0.0,1.0,0.3333333333333333,1.3333333333333335,1.0,0.3333333333333333,0.0,1.0,1.0,1.0,0,4.0,6,0,0,23.0,0,Gold,1,0,10,M,Tulsa,Snacks,Mainstream,2023,252.775,240.4888888888889,Active,2024-04,0
502183,3,0.0,1.0,2.0,-0.5,17.666666666666668,43.75666666666667,-0.5962519996952845,-0.4857142857142857,0.8219013850872144,1,0.6666666666666666,17.666666666666668,1.3333333333333333,0.215,0.0,0.6666666666666666,-1.0,-0.11428571428571428,0.0,1.3333333333333333,-1.0,0.0,0.0,0.0,0.0,0.0,0.0,0,7.0,6,0,0,20.0,0,Silver,0,1,34,F,Raleigh,Frozen Foods,Mainstream,2021,30.71166666666667,84.52499999999999,Active,2024-04,1
502184,3,0.0,1.0,5.0,-0.8,34.013333333333335,173.05000000000004,-0.8034479437542136,-1.2571428571428571,0.8245452566223063,1,0.6666666666666666,34.013333333333335,0.3333333333333333,0.34750000000000003,0.6666666666666666,5.666666666666667,-0.8823529411764706,-1.5142857142857142,0.0,0.6666666666666666,-1.0,0.0,0.0,0.0,2.0,2.0,0.0,0,5.0,6,0,0,62.0,0,Silver,0,1,12,M,Portland,Beverages,Upscale,2023,103.53166666666668,167.39111111111112,Active,2024-04,1
502185,7,0.0,0.0,0.0,0.0,0.0,0.0,0.0,0.0,0.0,0,0.0,0.0,0.0,0.0,0.0,0.0,0.0,0.0,0.0,0.0,0.0,0.0,0.0,0.0,0.0,0.0,0.0,0,7.0,6,0,0,34.0,0,Silver,0,1,24,M,Spokane,Personal Care,Mainstream,2022,0.0,99.47833333333334,Lapsed,2024-04,1
502186,7,0.0,0.0,0.0,0.0,0.0,0.0,0.0,0.0,0.0,0,0.0,0.0,0.0,0.0,0.0,0.0,0.0,0.0,0.0,0.0,0.0,0.0,0.0,0.0,0.0,0.0,0.0,0,7.0,6,0,0,27.0,0,Silver,0,0,22,M,Raleigh,Beverages,Upscale,2022,0.0,38.27,Lapsed,2024-04,1
502187,6,0.0,0.0,1.6666666666666667,-1.0,0.0,56.11000000000001,-1.0,-0.7142857142857144,2.2360679774997894,0,0.16666666666666666,0.0,0.0,0.22,0.0,1.3333333333333333,-1.0,-0.45714285714285713,0.0,0.0,0.0,0.0,0.3333333333333333,0.0,1.0,1.0,0.0,0,5.0,6,0,0,27.0,0,Silver,0,0,15,F,Austin,Dairy,Value,2023,28.055000000000003,205.94111111111113,Lapsed,2024-04,1
502188,1,8.0,10.0,6.666666666666667,0.49999999999999994,405.045,243.78666666666663,0.6614731459199303,0.6395348837209303,0.3368497961531486,2,1.0,40.5045,6.0,0.17,5.5,3.6666666666666665,0.5000000000000001,0.7093023255813954,3.5,1.6666666666666667,1.0999999999999999,0.5,0.3333333333333333,0.0,0.0,0.0,0.0,0,7.0,6,0,1,43.0,0,Silver,0,1,24,M,Tulsa,Produce,Value,2022,308.29,238.26,Active,2024-04,0
502189,1,6.0,4.666666666666667,3.6666666666666665,0.2727272727272729,135.96333333333334,103.19666666666666,0.3175167156561906,0.2571428571428571,0.29438230638826235,3,1.0,29.134999999999998,1.0,0.24,0.3333333333333333,1.6666666666666667,-0.8,-0.17142857142857143,2.3333333333333335,1.6666666666666667,0.4,0.6666666666666666,1.0,0.0,1.0,1.0,0.0,0,6.0,6,0,0,23.0,0,Silver,0,1,7,F,Columbus,Household,Value,2023,119.58,119.58,Active,2024-04,0
502190,7,0.0,0.0,0.0,0.0,0.0,0.0,0.0,0.0,0.0,0,0.0,0.0,0.0,0.0,0.0,0.0,0.0,0.0,0.0,0.0,0.0,0.0,0.0,0.0,0.0,0.0,0.0,0,7.0,6,0,0,54.0,0,Gold,1,1,35,F,Austin,Frozen Foods,Mainstream,2021,0.0,166.04285714285714,Lapsed,2024-04,1
502191,7,0.0,0.0,0.0,0.0,0.0,0.0,0.0,0.0,0.0,0,0.0,0.0,0.0,0.0,0.0,0.0,0.0,0.0,0.0,0.0,0.0,0.0,0.0,0.0,0.0,0.0,0.0,0,7.0,6,0,0,58.0,0,Silver,0,1,35,F,Denver,Beverages,Value,2021,0.0,59.675000000000004,Lapsed,2024-04,1
502193,7,0.0,0.0,0.0,0.0,0.0,0.0,0.0,0.0,0.0,0,0.0,0.0,0.0,0.0,0.0,0.0,0.0,0.0,0.0,0.0,0.0,0.0,0.0,0.0,0.0,0.0,0.0,0,7.0,6,0,0,74.0,0,Silver,0,1,18,F,Austin,Produce,Mainstream,2022,0.0,27.115000000000002,Lapsed,2024-04,1
502194,1,2.0,2.0,1.0,1.0,34.70666666666667,13.94,1.4897178383548546,0.12790697674418602,0.9153502317866948,2,0.8,17.353333333333335,2.6666666666666665,0.4675,2.0,3.5,-0.42857142857142855,-0.2790697674418604,1.6666666666666667,0.5,2.3333333333333335,1.0,0.5,0.0,0.0,0.0,0.0,0,7.0,6,0,1,41.0,0,Silver,0,1,7,M,Madison,Household,Value,2023,26.4,33.0,Active,2024-04,0
502195,1,2.0,1.3333333333333333,3.0,-0.5555555555555556,25.16333333333333,52.605000000000004,-0.521655102493426,-0.4,0.43457298942078687,3,1.0,18.8725,2.0,0.262,0.3333333333333333,1.5,-0.7777777777777778,-0.20000000000000004,1.0,1.0,0.0,0.0,0.0,1.0,0.0,1.0,0.0,0,1.0,6,0,1,65.0,0,Silver,0,1,17,F,Madison,Household,Value,2022,36.14,55.74461538461538,Active,2024-04,0
502196,1,1.0,2.0,3.3333333333333335,-0.4,69.55666666666667,115.37666666666665,-0.3971340247883742,-0.34285714285714286,0.4110267639618016,3,1.0,34.778333333333336,2.0,0.38166666666666665,0.6666666666666666,2.6666666666666665,-0.75,-0.5714285714285715,0.3333333333333333,0.0,0.6666666666666666,0.6666666666666666,0.3333333333333333,0.0,1.0,1.0,0.0,0,6.0,6,0,0,50.0,0,Silver,0,0,13,F,Columbus,Personal Care,Value,2023,92.46666666666668,109.58333333333333,Active,2024-04,0
502197,4,0.0,0.0,4.0,-1.0,0.0,194.95666666666668,-1.0,-1.0857142857142856,1.0234527418918116,0,0.5,0.0,0.0,0.47333333333333333,0.0,0.3333333333333333,-0.6666666666666666,-0.028571428571428577,0.0,0.0,0.0,0.0,1.0,2.0,1.0,3.0,1.0,0,3.0,6,0,0,67.0,0,Platinum,2,0,33,M,Raleigh,Personal Care,Unknown,2021,97.47833333333334,213.3881818181818,Lapsed,2024-04,1
502198,1,6.0,4.0,5.666666666666667,-0.29411764705882354,73.59,104.97666666666665,-0.2989870764931888,-0.02857142857142857,0.39765159322857196,3,1.0,18.3975,2.0,0.26333333333333336,2.0,0.3333333333333333,3.0,0.5428571428571427,1.0,2.0,-0.5,0.3333333333333333,1.3333333333333333,0.0,1.0,1.0,0.0,0,5.0,6,0,0,49.0,0,Silver,0,1,31,F,Columbus,Dairy,Mainstream,2021,89.28333333333335,86.25733333333334,Active,2024-04,0
502199,7,0.0,0.0,0.0,0.0,0.0,0.0,0.0,0.0,0.0,0,0.0,0.0,0.0,0.0,0.0,0.0,0.0,0.0,0.0,0.0,0.0,0.0,0.0,0.0,0.0,0.0,0.0,0,7.0,6,0,0,36.0,0,Silver,0,0,10,F,Tulsa,Snacks,Upscale,2023,0.0,32.3675,Lapsed,2024-04,1
502200,7,0.0,0.0,0.0,0.0,0.0,0.0,0.0,0.0,0.0,0,0.0,0.0,0.0,0.0,0.0,0.0,0.0,0.0,0.0,0.0,0.0,0.0,0.0,0.0,0.0,0.0,0.0,0,7.0,6,0,0,68.0,0,Silver,0,1,21,M,Portland,Produce,Mainstream,2022,0.0,26.794,Lapsed,2024-04,1
502201,1,1.0,2.6666666666666665,3.5,-0.23809523809523814,112.27333333333335,138.505,-0.18939147804531709,-0.4,0.4102242701306081,3,1.0,42.10250000000001,1.6666666666666667,0.244,1.6666666666666667,1.0,0.6666666666666667,0.1,3.0,0.5,3.0,0.3333333333333333,0.5,1.0,0.0,1.0,0.0,0,1.0,6,0,1,69.0,0,Silver,0,1,15,F,Madison,Frozen Foods,Mainstream,2023,122.766,98.66833333333334,Active,2024-04,0
502202,7,0.0,0.0,0.0,0.0,0.0,0.0,0.0,0.0,0.0,0,0.0,0.0,0.0,0.0,0.0,0.0,0.0,0.0,0.0,0.0,0.0,0.0,0.0,0.0,0.0,0.0,0.0,0,7.0,6,0,0,62.0,0,Silver,0,1,19,Other,Boise,Beverages,Upscale,2022,0.0,66.94000000000001,Lapsed,2024-04,1
502203,1,5.0,7.0,6.0,0.16666666666666666,216.3066666666667,203.92333333333332,0.06072543602988076,-0.3142857142857143,0.49811742872844034,3,1.0,30.900952380952386,5.0,0.1466666666666667,2.0,1.6666666666666667,0.19999999999999996,0.08571428571428572,1.0,0.3333333333333333,1.3333333333333335,1.6666666666666667,0.6666666666666666,0.0,0.0,0.0,0.0,0,7.0,6,0,0,56.0,0,Gold,1,0,34,F,Raleigh,Personal Care,Mainstream,2021,210.115,179.80133333333333,Active,2024-04,0
502204,1,1.0,1.6666666666666667,1.3333333333333333,0.2500000000000001,55.74,44.05666666666667,0.2651887720360141,0.02857142857142857,0.32909826417991683,3,1.0,33.444,1.0,0.32666666666666666,0.6666666666666666,0.3333333333333333,0.6666666666666666,0.02857142857142857,1.0,0.3333333333333333,1.3333333333333335,0.6666666666666666,1.0,0.0,0.0,0.0,0.0,0,7.0,6,0,0,24.0,0,Gold,1,0,29,M,Raleigh,Frozen Foods,Mainstream,2021,49.89833333333333,68.97,Active,2024-04,0
502206,1,1.0,1.0,0.6666666666666666,0.5000000000000001,26.545,20.38,0.3025024533856724,0.14864864864864866,0.5129918411354868,2,0.8,26.545,0.0,0.375,1.5,0.0,3.0,0.4324324324324324,2.5,3.0,-0.16666666666666666,0.5,0.3333333333333333,0.0,0.0,0.0,0.0,0,7.0,6,0,1,65.0,0,Silver,0,1,25,M,Portland,Frozen Foods,Mainstream,2022,22.846,39.36857142857143,Active,2024-04,0
502207,6,0.0,0.0,1.3333333333333333,-1.0,0.0,35.86666666666667,-1.0,-0.5714285714285714,2.23606797749979,0,0.16666666666666666,0.0,0.0,0.28,0.0,0.0,0.0,0.0,0.0,0.3333333333333333,-0.6666666666666666,0.0,0.3333333333333333,0.0,0.0,0.0,0.0,0,7.0,6,0,0,54.0,0,Silver,0,1,29,F,Tulsa,Produce,Value,2021,17.933333333333334,92.26111111111112,Lapsed,2024-04,1
502208,3,0.0,0.3333333333333333,4.333333333333333,-0.923076923076923,11.42,150.03666666666666,-0.9238852724889473,-1.4857142857142858,1.3070281147267182,1,0.6666666666666666,34.260000000000005,0.3333333333333333,0.2525,0.3333333333333333,2.3333333333333335,-0.8571428571428571,-0.7428571428571429,0.0,3.0,-1.0,0.0,0.3333333333333333,0.0,0.0,0.0,0.0,0,7.0,6,0,0,49.0,0,Silver,0,1,11,M,Boise,Frozen Foods,Mainstream,2023,80.72833333333334,159.55749999999998,Active,2024-04,1
502209,1,12.0,7.5,6.666666666666667,0.12499999999999994,260.93,218.01,0.1968717031328839,1.0135135135135134,0.49999251784694726,2,1.0,34.79066666666667,4.0,0.236,3.5,2.3333333333333335,0.4999999999999999,0.14864864864864866,0.5,0.0,1.0,0.0,0.6666666666666666,0.0,0.0,0.0,0.0,0,7.0,6,0,1,55.0,0,Silver,0,0,28,F,Portland,Beverages,Upscale,2021,235.17800000000003,232.85214285714287,Active,2024-04,0
502210,1,1.0,1.0,1.0,0.0,43.66,43.66,0.0,0.0,0.007329363261566577,2,1.0,43.66,1.0,0.325,3.0,3.0,0.0,0.0,0.5,0.5,0.0,0.0,0.0,0.0,0.0,0.0,0.0,0,7.0,2,1,0,56.0,0,Gold,1,0,3,F,Austin,Bakery,Value,2024,43.66,43.66,Active,2024-04,0
502211,1,1.0,1.5,1.5,0.0,67.145,67.145,0.0,0.0,0.3382977139027478,2,1.0,44.76333333333333,1.5,0.42000000000000004,2.0,2.0,0.0,0.0,1.0,1.0,0.0,0.5,0.5,0.0,0.0,0.0,0.0,0,7.0,2,1,0,24.0,0,Gold,1,1,3,M,Portland,Beverages,Mainstream,2024,67.145,67.145,Active,2024-04,0
502212,1,1.0,1.6666666666666667,1.0,0.6666666666666667,59.50666666666666,33.126666666666665,0.7963372912054738,0.11428571428571428,0.40479966673701717,3,1.0,35.70399999999999,2.6666666666666665,0.16666666666666666,0.3333333333333333,0.0,0.6666666666666666,0.14285714285714285,0.6666666666666666,2.3333333333333335,-0.7142857142857144,0.3333333333333333,1.0,0.0,0.0,0.0,0.0,0,7.0,6,0,0,27.0,0,Silver,0,1,17,M,Boise,Frozen Foods,Value,2022,46.31666666666666,75.18066666666667,Active,2024-04,0
502213,5,0.0,0.0,1.3333333333333333,-1.0,0.0,44.35333333333333,-1.0,-0.5142857142857142,1.6494711985935318,0,0.3333333333333333,0.0,0.0,0.33999999999999997,0.0,1.0,-1.0,-0.37142857142857144,0.0,0.3333333333333333,-0.6666666666666666,0.0,0.0,0.0,1.0,1.0,1.0,0,6.0,6,0,0,33.0,0,Silver,0,1,15,M,Nashville,Bakery,Mainstream,2023,22.176666666666666,207.68555555555557,Lapsed,2024-04,1
502214,1,1.0,4.333333333333333,5.5,-0.21212121212121218,119.46,148.345,-0.1947150224139675,-1.2,0.5764936014841582,3,1.0,27.567692307692308,2.3333333333333335,0.152,1.3333333333333333,2.5,-0.4666666666666667,-0.3,2.0,2.0,0.0,1.0,1.0,0.0,1.0,1.0,0.0,0,5.0,6,0,1,44.0,0,Silver,0,1,33,M,Boise,Produce,Mainstream,2021,131.014,103.51461538461538,Active,2024-04,0
502215,7,0.0,0.0,0.0,0.0,0.0,0.0,0.0,0.0,0.0,0,0.0,0.0,0.0,0.0,0.0,0.0,0.0,0.0,0.0,0.0,0.0,0.0,0.0,0.0,0.0,0.0,0.0,0,7.0,6,0,0,40.0,0,Gold,1,1,31,F,Austin,Personal Care,Mainstream,2021,0.0,84.3325,Lapsed,2024-04,1
502216,1,2.0,3.0,5.666666666666667,-0.4705882352941177,66.64666666666666,111.98,-0.4048341965827232,-0.6285714285714286,0.5477919496089794,3,1.0,22.215555555555554,1.6666666666666667,0.3033333333333333,2.3333333333333335,1.0,1.3333333333333335,0.17142857142857143,0.6666666666666666,0.3333333333333333,0.6666666666666666,1.3333333333333333,0.3333333333333333,0.0,1.0,1.0,1.0,0,5.0,6,0,0,57.0,0,Silver,0,0,22,F,Austin,Dairy,Value,2022,89.31333333333333,87.59200000000001,Active,2024-04,0
502217,1,6.0,6.333333333333333,3.5,0.8095238095238094,190.23333333333335,96.14500000000001,0.978608698666944,0.6,0.3641660337138143,3,1.0,30.036842105263162,3.3333333333333335,0.396,2.3333333333333335,3.5,-0.3333333333333333,-0.6,0.0,0.0,0.0,0.6666666666666666,1.0,0.0,0.0,0.0,0.0,0,7.0,6,0,1,52.0,0,Silver,0,0,20,M,Tulsa,Produce,Value,2022,152.598,151.8553846153846,Active,2024-04,0
502219,1,4.0,6.333333333333333,6.0,0.055555555555555504,219.72333333333333,165.49,0.32771365842850514,0.5428571428571428,0.5263735151082783,3,1.0,34.69315789473684,3.0,0.41,2.3333333333333335,1.6666666666666667,0.4,0.11428571428571428,1.3333333333333333,1.3333333333333333,0.0,0.3333333333333333,0.3333333333333333,0.0,0.0,0.0,0.0,0,7.0,6,0,0,30.0,0,Silver,0,1,7,M,Raleigh,Dairy,Value,2023,192.60666666666668,192.60666666666665,Active,2024-04,0
502220,7,0.0,0.0,0.0,0.0,0.0,0.0,0.0,0.0,0.0,0,0.0,0.0,0.0,0.0,0.0,0.0,0.0,0.0,0.0,0.0,0.0,0.0,0.0,0.0,0.0,0.0,0.0,0,7.0,6,0,0,63.0,0,Silver,0,1,16,F,Raleigh,Produce,Upscale,2022,0.0,60.61,Lapsed,2024-04,1
502221,7,0.0,0.0,0.0,0.0,0.0,0.0,0.0,0.0,0.0,0,0.0,0.0,0.0,0.0,0.0,0.0,0.0,0.0,0.0,0.0,0.0,0.0,0.0,0.0,0.0,0.0,0.0,0,7.0,6,0,0,30.0,0,Gold,1,1,16,M,Tulsa,Personal Care,Mainstream,2022,0.0,37.69,Lapsed,2024-04,1
502222,7,0.0,0.0,0.0,0.0,0.0,0.0,0.0,0.0,0.0,0,0.0,0.0,0.0,0.0,0.0,0.0,0.0,0.0,0.0,0.0,0.0,0.0,0.0,0.0,0.0,0.0,0.0,0,7.0,6,0,0,30.0,0,Silver,0,0,14,F,Spokane,Personal Care,Upscale,2023,0.0,36.84,Lapsed,2024-04,1
502223,1,6.0,5.666666666666667,2.6666666666666665,1.1250000000000002,220.2833333333333,104.37,1.1106001085880357,0.7714285714285715,0.42283408955134705,3,1.0,38.8735294117647,3.6666666666666665,0.3283333333333333,3.3333333333333335,1.0,2.3333333333333335,0.37142857142857144,1.0,0.6666666666666666,0.5000000000000001,1.0,0.6666666666666666,2.0,0.0,2.0,0.0,0,1.0,6,0,0,70.0,0,Platinum,2,1,19,M,Portland,Frozen Foods,Mainstream,2022,162.32666666666665,178.58692307692309,Active,2024-04,0
502224,7,0.0,0.0,0.0,0.0,0.0,0.0,0.0,0.0,0.0,0,0.0,0.0,0.0,0.0,0.0,0.0,0.0,0.0,0.0,0.0,0.0,0.0,0.0,0.0,0.0,0.0,0.0,0,7.0,6,0,0,65.0,0,Platinum,2,1,22,F,Columbus,Personal Care,Value,2022,0.0,39.99,Lapsed,2024-04,1
502225,1,6.0,6.0,6.0,0.0,227.57666666666668,207.37333333333333,0.09742493409631589,0.0,0.18595049570032093,3,1.0,37.92944444444445,2.3333333333333335,0.35000000000000003,3.0,3.6666666666666665,-0.1818181818181818,-0.17142857142857143,2.0,1.3333333333333333,0.5000000000000001,0.6666666666666666,0.3333333333333333,1.0,1.0,2.0,0.0,0,2.0,6,0,0,23.0,0,Gold,1,1,14,M,Columbus,Household,Mainstream,2023,217.47500000000002,187.54714285714286,Active,2024-04,0
502226,1,8.0,4.666666666666667,5.333333333333333,-0.12499999999999989,125.82,137.09666666666666,-0.08225339784580227,0.45714285714285713,0.6901968991852743,3,1.0,26.96142857142857,4.0,0.3,3.0,2.0,0.5,0.3142857142857143,0.3333333333333333,0.3333333333333333,0.0,0.3333333333333333,0.3333333333333333,0.0,0.0,0.0,0.0,0,7.0,6,0,0,50.0,0,Silver,0,0,22,M,Nashville,Frozen Foods,Value,2022,131.45833333333331,118.54071428571429,Active,2024-04,0
502227,1,6.0,5.333333333333333,5.333333333333333,0.0,207.12333333333333,207.12333333333333,0.0,0.5,0.06743710071434811,3,1.0,38.835625,3.0,0.20666666666666667,1.0,1.0,0.0,0.0,1.6666666666666667,1.6666666666666667,0.0,0.3333333333333333,0.3333333333333333,0.0,0.0,0.0,0.0,0,7.0,3,1,0,72.0,0,Platinum,2,1,4,F,Nashville,Produce,Upscale,2023,207.12333333333333,207.12333333333333,Active,2024-04,0
502228,2,0.0,0.3333333333333333,0.3333333333333333,0.0,6.853333333333333,5.133333333333334,0.33506493506493484,-0.057142857142857155,1.43588666854545,1,0.3333333333333333,20.56,0.3333333333333333,0.33,0.3333333333333333,0.3333333333333333,0.0,0.0,0.0,1.0,-1.0,0.0,0.0,0.0,0.0,0.0,0.0,0,7.0,6,0,0,56.0,0,Silver,0,0,36,M,Spokane,Personal Care,Value,2021,5.993333333333333,26.535,Active,2024-04,1
502229,7,0.0,0.0,0.0,0.0,0.0,0.0,0.0,0.0,0.0,0,0.0,0.0,0.0,0.0,0.0,0.0,0.0,0.0,0.0,0.0,0.0,0.0,0.0,0.0,0.0,0.0,0.0,0,7.0,6,0,0,49.0,0,Gold,1,1,19,F,Austin,Household,Mainstream,2022,0.0,115.4542857142857,Lapsed,2024-04,1
502230,6,0.0,0.0,0.3333333333333333,-0.6666666666666666,0.0,6.3933333333333335,-1.0,-0.14285714285714285,2.2360679774997894,0,0.16666666666666666,0.0,0.0,0.53,0.0,0.0,0.0,0.0,0.0,0.0,0.0,0.0,0.0,0.0,0.0,0.0,0.0,0,7.0,6,0,0,66.0,0,Silver,0,1,12,F,Austin,Household,Unknown,2023,3.1966666666666668,53.464,Lapsed,2024-04,1
502231,1,10.0,6.0,7.0,-0.14285714285714285,161.51333333333335,200.92,-0.19613113013471353,0.2,0.53807748805517,3,1.0,26.91888888888889,4.666666666666667,0.23666666666666666,3.0,1.6666666666666667,0.7999999999999999,0.5142857142857142,1.6666666666666667,2.6666666666666665,-0.37499999999999994,1.3333333333333333,0.0,0.0,1.0,1.0,0.0,0,6.0,6,0,0,51.0,0,Gold,1,1,17,F,Madison,Personal Care,Mainstream,2022,181.21666666666667,153.31199999999998,Active,2024-04,0
502232,7,0.0,0.0,0.0,0.0,0.0,0.0,0.0,0.0,0.0,0,0.0,0.0,0.0,0.0,0.0,0.0,0.0,0.0,0.0,0.0,0.0,0.0,0.0,0.0,0.0,0.0,0.0,0,7.0,6,0,0,41.0,0,Silver,0,0,15,M,Madison,Bakery,Value,2023,0.0,58.41,Lapsed,2024-04,1
502233,1,7.0,3.3333333333333335,1.5,1.2222222222222223,94.32000000000001,42.620000000000005,1.2130455185358986,0.9864864864864865,0.872925814244972,2,0.8,28.296,3.6666666666666665,0.4,2.3333333333333335,0.5,3.0,0.4459459459459459,0.6666666666666666,1.5,-0.5555555555555556,0.3333333333333333,0.5,0.0,0.0,0.0,0.0,0,7.0,6,0,1,70.0,0,Silver,0,0,10,F,Denver,Personal Care,Mainstream,2023,73.64000000000001,85.38571428571429,Active,2024-04,0
502234,1,8.0,6.0,6.666666666666667,-0.10000000000000003,157.76333333333335,188.39999999999998,-0.16261500353857022,-0.34285714285714286,0.38109924238408394,3,1.0,26.29388888888889,3.0,0.3333333333333333,2.3333333333333335,2.0,0.16666666666666674,0.02857142857142857,0.6666666666666666,1.0,-0.33333333333333337,0.3333333333333333,0.0,1.0,0.0,1.0,0.0,0,1.0,6,0,0,70.0,0,Silver,0,1,23,M,Portland,Produce,Upscale,2022,173.08166666666668,169.53866666666667,Active,2024-04,0
502235,7,0.0,0.0,0.0,0.0,0.0,0.0,0.0,0.0,0.0,0,0.0,0.0,0.0,0.0,0.0,0.0,0.0,0.0,0.0,0.0,0.0,0.0,0.0,0.0,0.0,0.0,0.0,0,7.0,6,0,0,70.0,0,Silver,0,0,34,F,Raleigh,Snacks,Value,2021,0.0,35.6175,Lapsed,2024-04,1
502236,1,7.0,10.0,7.666666666666667,0.3043478260869565,128.54666666666665,103.46999999999998,0.24235688283238302,0.37142857142857144,0.26535221857905755,3,1.0,12.854666666666665,3.3333333333333335,0.25166666666666665,4.666666666666667,4.0,0.16666666666666674,0.4,1.0,0.3333333333333333,1.3333333333333335,1.0,0.3333333333333333,0.0,0.0,0.0,0.0,0,7.0,6,0,0,68.0,0,Silver,0,1,34,F,Portland,Produce,Unknown,2021,116.00833333333334,107.748,Active,2024-04,0
502237,1,1.0,1.5,1.0,0.5,54.17,34.495000000000005,0.5703725177561964,0.02857142857142857,0.33142426557785076,2,1.0,36.11333333333334,0.0,0.2975,1.0,1.0,0.0,0.11428571428571428,1.5,2.0,-0.25,2.0,1.5,0.0,0.0,0.0,0.0,0,7.0,5,0,1,32.0,0,Silver,0,1,6,F,Austin,Snacks,Upscale,2023,44.3325,44.332499999999996,Active,2024-04,0
502238,1,7.0,4.666666666666667,2.0,1.3333333333333335,132.62,57.38666666666668,1.3109897769516723,0.9714285714285714,0.6410374551780902,3,1.0,28.41857142857143,3.3333333333333335,0.285,1.0,1.3333333333333333,-0.24999999999999994,0.08571428571428572,0.6666666666666666,0.3333333333333333,0.6666666666666666,0.0,0.6666666666666666,0.0,0.0,0.0,0.0,0,7.0,6,0,0,64.0,0,Gold,1,0,27,F,Spokane,Dairy,Mainstream,2022,95.00333333333333,71.40533333333333,Active,2024-04,0
502239,1,1.0,3.3333333333333335,5.333333333333333,-0.37499999999999994,97.53666666666668,180.73333333333335,-0.4603282921431206,-0.5142857142857142,0.6765428158464932,3,1.0,29.261000000000003,0.6666666666666666,0.3,2.6666666666666665,4.333333333333333,-0.3846153846153846,-0.14285714285714285,0.3333333333333333,2.0,-0.8333333333333334,0.0,0.6666666666666666,1.0,0.0,1.0,0.0,0,1.0,6,0,0,36.0,0,Silver,0,1,28,F,Austin,Beverages,Mainstream,2021,139.13500000000002,115.63785714285714,Active,2024-04,0
502240,1,8.0,5.666666666666667,8.0,-0.29166666666666663,192.61333333333332,252.77999999999997,-0.23801988553946776,-0.6860465116279069,0.5259222925839758,3,1.0,33.99058823529411,2.0,0.22600000000000003,3.3333333333333335,2.5,0.33333333333333337,0.17441860465116274,0.3333333333333333,0.0,0.6666666666666666,1.3333333333333333,0.5,0.0,0.0,0.0,0.0,0,7.0,6,0,1,39.0,0,Silver,0,0,18,F,Portland,Dairy,Value,2022,216.67999999999998,215.38357142857143,Active,2024-04,0
502241,1,4.0,3.6666666666666665,7.333333333333333,-0.5,124.43666666666667,227.01999999999998,-0.4518691451560802,-0.8857142857142857,0.43850623004474004,3,1.0,33.93727272727273,3.3333333333333335,0.3416666666666666,4.0,4.0,0.0,0.2857142857142857,0.6666666666666666,2.0,-0.6666666666666667,0.3333333333333333,0.6666666666666666,1.0,0.0,1.0,1.0,1,2.0,6,0,0,51.0,0,Silver,0,1,26,F,Tulsa,Bakery,Upscale,2022,175.72833333333332,230.79,Active,2024-04,0
502242,1,6.0,5.666666666666667,8.0,-0.29166666666666663,238.48999999999998,325.28999999999996,-0.2668388207445664,-0.5116279069767441,0.18400697627045323,3,1.0,42.08647058823529,1.3333333333333333,0.15399999999999997,3.3333333333333335,1.5,1.2222222222222223,0.3604651162790698,0.3333333333333333,1.0,-0.6666666666666667,0.6666666666666666,1.0,0.0,0.0,0.0,0.0,0,7.0,6,0,1,48.0,0,Silver,0,0,31,F,Columbus,Frozen Foods,Mainstream,2021,273.2099999999999,289.8953846153846,Active,2024-04,0
502243,1,3.0,3.0,3.0,0.0,58.63999999999999,58.63999999999999,0.0,1.0,0.5157482902125453,3,1.0,19.546666666666663,1.0,0.43333333333333335,1.3333333333333333,1.3333333333333333,0.0,-1.0,1.0,1.0,0.0,0.3333333333333333,0.3333333333333333,0.0,0.0,0.0,0.0,0,7.0,3,1,0,68.0,0,Silver,0,1,3,M,Boise,Snacks,Upscale,2024,58.63999999999999,58.63999999999999,Active,2024-04,0
502244,1,3.0,4.666666666666667,3.0,0.5555555555555557,164.17666666666668,92.99666666666667,0.7654037779131869,0.028571428571428546,0.6716892212966091,3,1.0,35.18071428571429,3.3333333333333335,0.2316666666666667,0.3333333333333333,3.0,-0.8888888888888888,-0.8,0.3333333333333333,0.0,0.6666666666666666,0.6666666666666666,1.6666666666666667,0.0,0.0,0.0,0.0,0,7.0,6,0,0,27.0,0,Gold,1,0,18,F,Columbus,Personal Care,Mainstream,2022,128.58666666666667,128.81714285714287,Active,2024-04,0
502246,7,0.0,0.0,0.0,0.0,0.0,0.0,0.0,0.0,0.0,0,0.0,0.0,0.0,0.0,0.0,0.0,0.0,0.0,0.0,0.0,0.0,0.0,0.0,0.0,0.0,0.0,0.0,0,7.0,6,0,0,61.0,0,Platinum,2,0,36,F,Tulsa,Produce,Value,2021,0.0,151.22166666666666,Lapsed,2024-04,1
502247,7,0.0,0.0,0.0,0.0,0.0,0.0,0.0,0.0,0.0,0,0.0,0.0,0.0,0.0,0.0,0.0,0.0,0.0,0.0,0.0,0.0,0.0,0.0,0.0,0.0,0.0,0.0,0,7.0,6,0,0,43.0,0,Platinum,2,0,20,F,Spokane,Produce,Mainstream,2022,0.0,175.875,Lapsed,2024-04,1
502248,1,6.0,6.0,9.333333333333334,-0.3571428571428572,222.96,351.87000000000006,-0.3663568931707734,-0.8,0.3339486172109885,3,1.0,37.160000000000004,4.666666666666667,0.29166666666666663,2.6666666666666665,4.0,-0.33333333333333337,-0.11428571428571428,0.0,0.6666666666666666,-1.0,0.3333333333333333,0.3333333333333333,0.0,0.0,0.0,0.0,0,7.0,6,0,0,68.0,0,Silver,0,0,10,F,Tulsa,Snacks,Upscale,2023,287.41499999999996,269.4322222222222,Active,2024-04,0
502249,1,4.0,4.0,4.0,0.0,94.83,94.83,0.0,0.0,0.0,1,1.0,23.7075,2.0,0.15,3.0,3.0,0.0,0.0,2.0,2.0,0.0,1.0,1.0,0.0,0.0,0.0,0.0,0,7.0,1,1,0,60.0,0,Gold,1,1,2,F,Columbus,Beverages,Upscale,2024,94.83,94.83,Active,2024-04,0
502250,2,0.0,2.6666666666666665,2.6666666666666665,0.0,85.48666666666666,85.48666666666666,0.0,-3.0,0.92687005123788,2,0.6666666666666666,32.057500000000005,1.3333333333333333,0.395,0.6666666666666666,0.6666666666666666,0.0,0.0,1.0,1.0,0.0,0.3333333333333333,0.3333333333333333,0.0,0.0,0.0,0.0,0,7.0,3,1,0,27.0,0,Gold,1,1,4,M,Columbus,Personal Care,Upscale,2023,85.48666666666666,128.23,Active,2024-04,0
502251,2,0.0,1.0,0.3333333333333333,1.3333333333333335,33.51,10.386666666666667,2.226251604621309,0.11428571428571428,1.1676154759505473,2,0.5,33.51,0.6666666666666666,0.49666666666666665,1.0,1.0,0.0,0.05714285714285714,1.0,0.3333333333333333,1.3333333333333335,0.6666666666666666,0.0,0.0,1.0,1.0,1.0,0,5.0,6,0,0,26.0,0,Silver,0,0,10,F,Raleigh,Household,Upscale,2023,21.948333333333334,41.699999999999996,Active,2024-04,0
502252,7,0.0,0.0,0.0,0.0,0.0,0.0,0.0,0.0,0.0,0,0.0,0.0,0.0,0.0,0.0,0.0,0.0,0.0,0.0,0.0,0.0,0.0,0.0,0.0,0.0,0.0,0.0,0,7.0,6,0,0,60.0,0,Gold,1,0,31,F,Nashville,Snacks,Mainstream,2021,0.0,73.64,Lapsed,2024-04,1
502254,3,0.0,2.0,1.6666666666666667,0.19999999999999996,71.72,62.413333333333334,0.14911343729972226,-0.1891891891891892,0.8016703791305012,1,0.8,35.86,1.5,0.40750000000000003,2.5,1.3333333333333333,0.8750000000000001,0.013513513513513509,2.0,2.6666666666666665,-0.24999999999999994,0.0,0.0,0.0,1.0,1.0,0.0,0,6.0,6,0,1,57.0,0,Silver,0,1,11,M,Columbus,Beverages,Upscale,2023,66.136,103.30428571428571,Active,2024-04,0
502255,7,0.0,0.0,0.0,0.0,0.0,0.0,0.0,0.0,0.0,0,0.0,0.0,0.0,0.0,0.0,0.0,0.0,0.0,0.0,0.0,0.0,0.0,0.0,0.0,0.0,0.0,0.0,0,7.0,6,0,0,46.0,1,Gold,1,1,12,M,Columbus,Produce,Mainstream,2023,0.0,37.11,Lapsed,2024-04,1
502256,5,0.0,0.0,1.0,-1.0,0.0,40.31,-1.0,-0.37142857142857144,1.525261732640758,0,0.3333333333333333,0.0,0.0,0.425,0.0,1.3333333333333333,-1.0,-0.45714285714285713,0.0,0.6666666666666666,-1.0,0.0,0.3333333333333333,0.0,1.0,1.0,0.0,0,6.0,6,0,0,20.0,0,Silver,0,1,32,M,Madison,Frozen Foods,Mainstream,2021,20.155,198.055,Lapsed,2024-04,1
502257,2,0.0,0.5,0.5,0.0,15.1,15.1,0.0,0.0,1.0,1,0.5,30.2,1.0,0.45,1.0,1.0,0.0,0.0,0.5,0.5,0.0,1.0,1.0,0.0,0.0,0.0,0.0,0,7.0,2,1,0,58.0,0,Silver,0,0,3,M,Boise,Household,Mainstream,2024,15.1,30.2,Active,2024-04,0
502258,5,0.0,0.0,0.3333333333333333,-0.6666666666666666,0.0,15.063333333333333,-1.0,-0.08571428571428572,2.2360679774997894,0,0.16666666666666666,0.0,0.0,0.28,0.0,0.3333333333333333,-0.6666666666666666,-0.14285714285714285,0.0,0.3333333333333333,-0.6666666666666666,0.0,0.0,0.0,1.0,1.0,1.0,0,6.0,6,0,0,70.0,0,Gold,1,1,23,F,Portland,Frozen Foods,Mainstream,2022,7.531666666666666,60.52,Lapsed,2024-04,1
502259,7,0.0,0.0,0.0,0.0,0.0,0.0,0.0,0.0,0.0,0,0.0,0.0,0.0,0.0,0.0,0.0,0.0,0.0,0.0,0.0,0.0,0.0,0.0,0.0,0.0,0.0,0.0,0,7.0,6,0,0,65.0,0,Silver,0,0,22,M,Raleigh,Beverages,Value,2022,0.0,101.19,Lapsed,2024-04,1
502260,1,6.0,7.0,5.666666666666667,0.23529411764705876,251.83,204.04333333333332,0.23419861794063365,0.45714285714285713,0.23640295527933944,3,1.0,35.97571428571429,3.6666666666666665,0.3833333333333333,5.666666666666667,2.3333333333333335,1.4285714285714286,0.9142857142857143,1.3333333333333333,2.0,-0.33333333333333337,0.3333333333333333,0.3333333333333333,1.0,0.0,1.0,0.0,0,3.0,6,0,0,45.0,0,Gold,1,1,19,F,Tulsa,Bakery,Upscale,2022,227.93666666666664,195.782,Active,2024-04,0
502261,1,1.0,1.6666666666666667,2.6666666666666665,-0.37499999999999994,44.669999999999995,79.89333333333333,-0.44087950600801074,-0.3142857142857143,0.46968450875500023,3,1.0,26.801999999999996,2.0,0.27166666666666667,0.3333333333333333,0.3333333333333333,0.0,0.0,1.3333333333333333,2.0,-0.33333333333333337,0.3333333333333333,1.3333333333333333,0.0,2.0,2.0,1.0,0,5.0,6,0,0,45.0,0,Silver,0,1,32,M,Madison,Produce,Mainstream,2021,62.281666666666666,79.49466666666667,Active,2024-04,0
502262,1,3.0,3.0,3.0,0.0,148.485,148.485,0.0,0.0,0.13789271643600368,2,1.0,49.495000000000005,3.5,0.625,5.0,5.0,0.0,0.0,0.0,0.0,0.0,0.0,0.0,1.0,0.0,1.0,0.0,0,2.0,2,1,0,33.0,0,Platinum,2,1,3,F,Spokane,Personal Care,Mainstream,2024,148.485,148.485,Active,2024-04,0
502263,1,3.0,4.0,9.666666666666666,-0.5862068965517241,162.28333333333333,435.83,-0.6276453357195848,-1.4,0.5721419223830094,3,1.0,40.57083333333333,1.6666666666666667,0.3833333333333333,3.0,3.0,0.0,-0.05714285714285714,0.6666666666666666,0.0,1.3333333333333333,1.0,0.6666666666666666,0.0,0.0,0.0,0.0,0,7.0,6,0,0,46.0,0,Platinum,2,0,10,M,Nashville,Snacks,Value,2023,299.0566666666667,286.50333333333333,Active,2024-04,0
502264,4,0.0,0.0,2.0,-1.0,0.0,76.54666666666667,-1.0,-0.6857142857142857,1.463485968639044,0,0.5,0.0,0.0,0.3133333333333333,0.0,0.3333333333333333,-0.6666666666666666,-0.14285714285714285,0.3333333333333333,1.0,-0.6666666666666667,0.0,0.0,0.0,3.0,3.0,0.0,0,4.0,6,0,0,19.0,0,Gold,1,1,30,Unknown,Columbus,Snacks,Mainstream,2021,38.27333333333333,96.30545454545454,Lapsed,2024-04,1
502266,1,3.0,3.0,3.0,0.0,106.2,106.2,0.0,0.0,0.0,1,1.0,35.4,2.0,0.25,2.0,2.0,0.0,0.0,1.0,1.0,0.0,1.0,1.0,0.0,0.0,0.0,0.0,0,7.0,1,1,0,62.0,0,Gold,1,1,2,M,Spokane,Produce,Mainstream,2024,106.2,106.2,Active,2024-04,0
502267,7,0.0,0.0,0.0,0.0,0.0,0.0,0.0,0.0,0.0,0,0.0,0.0,0.0,0.0,0.0,0.0,0.0,0.0,0.0,0.0,0.0,0.0,0.0,0.0,0.0,0.0,0.0,0,7.0,6,0,0,35.0,0,Gold,1,0,17,M,Boise,Personal Care,Mainstream,2022,0.0,206.80249999999998,Lapsed,2024-04,1
502268,7,0.0,0.0,0.0,0.0,0.0,0.0,0.0,0.0,0.0,0,0.0,0.0,0.0,0.0,0.0,0.0,0.0,0.0,0.0,0.0,0.0,0.0,0.0,0.0,0.0,0.0,0.0,0,7.0,6,0,0,37.0,0,Gold,1,1,37,F,Nashville,Dairy,Mainstream,2021,0.0,37.765,Lapsed,2024-04,1
502269,1,3.0,5.0,6.333333333333333,-0.21052631578947364,213.03999999999996,282.1333333333334,-0.24489603024574697,-1.1428571428571428,0.5476326224452912,3,1.0,42.60799999999999,3.0,0.19999999999999998,3.3333333333333335,4.333333333333333,-0.23076923076923067,-0.2571428571428571,1.6666666666666667,2.3333333333333335,-0.28571428571428575,0.3333333333333333,0.0,0.0,1.0,1.0,1.0,0,5.0,6,0,0,57.0,0,Platinum,2,1,30,F,Madison,Dairy,Unknown,2021,247.58666666666667,277.8566666666667,Active,2024-04,0
502270,1,5.0,6.666666666666667,5.333333333333333,0.2500000000000001,208.82333333333335,131.62,0.5865623258876564,0.17142857142857143,0.2993658958393301,3,1.0,31.323500000000003,2.0,0.325,3.3333333333333335,2.6666666666666665,0.2500000000000001,0.05714285714285714,0.0,0.6666666666666666,-1.0,0.0,0.3333333333333333,0.0,0.0,0.0,0.0,0,7.0,6,0,0,47.0,0,Silver,0,0,33,F,Tulsa,Frozen Foods,Upscale,2021,170.22166666666666,189.94333333333333,Active,2024-04,0
502271,1,3.0,4.333333333333333,6.0,-0.27777777777777785,155.23,222.13,-0.3011749876198623,-0.5428571428571428,0.27668042580561725,3,1.0,35.82230769230769,0.6666666666666666,0.4166666666666667,2.0,2.3333333333333335,-0.1428571428571429,-0.2571428571428571,4.333333333333333,1.3333333333333333,2.25,0.6666666666666666,0.3333333333333333,0.0,0.0,0.0,0.0,0,7.0,6,0,0,43.0,0,Gold,1,1,10,M,Raleigh,Frozen Foods,Mainstream,2023,188.67999999999998,198.42666666666665,Active,2024-04,0
502272,1,2.0,3.0,3.3333333333333335,-0.10000000000000003,73.39,82.11,-0.10619900133966628,-0.37142857142857144,0.377514959923584,3,1.0,24.463333333333335,2.0,0.34,1.3333333333333333,2.3333333333333335,-0.42857142857142866,-0.2571428571428571,1.0,0.6666666666666666,0.5000000000000001,1.3333333333333333,0.0,1.0,1.0,2.0,0.0,0,3.0,6,0,0,29.0,0,Silver,0,0,11,M,Columbus,Bakery,Mainstream,2023,77.75,92.896,Active,2024-04,0
502273,1,2.0,5.333333333333333,7.0,-0.23809523809523814,216.58666666666667,263.37,-0.17763349407044587,-2.3,0.6564760873832113,3,1.0,40.61000000000001,2.0,0.4475,0.6666666666666666,2.0,-0.6666666666666667,-0.6,1.0,0.0,2.0,0.6666666666666666,2.0,1.0,0.0,1.0,0.0,0,1.0,4,0,0,37.0,0,Silver,0,1,5,F,Austin,Bakery,Mainstream,2023,228.2825,228.2825,Active,2024-04,0
502274,1,6.0,2.6666666666666665,2.6666666666666665,0.0,94.35000000000001,94.35000000000001,0.0,2.5,0.8398527710824906,3,1.0,35.38125000000001,1.6666666666666667,0.30333333333333334,4.0,4.0,0.0,-2.0,0.3333333333333333,0.3333333333333333,0.0,0.6666666666666666,0.6666666666666666,0.0,0.0,0.0,0.0,0,7.0,3,1,0,52.0,0,Silver,0,0,4,F,Tulsa,Bakery,Mainstream,2023,94.35000000000001,94.35000000000001,Active,2024-04,0
502275,1,5.0,6.333333333333333,6.0,0.055555555555555504,237.29333333333338,249.79500000000002,-0.05004770578541058,-0.054054054054054036,0.18433460953645386,3,1.0,37.46736842105264,3.6666666666666665,0.29,1.6666666666666667,3.0,-0.4444444444444444,-0.1216216216216216,2.0,1.0,1.0,0.6666666666666666,2.0,0.0,0.0,0.0,0.0,0,7.0,6,0,1,53.0,0,Gold,1,1,10,F,Austin,Household,Mainstream,2023,242.294,242.70875,Active,2024-04,0
502276,1,6.0,6.0,7.0,-0.14285714285714285,220.19333333333336,257.7033333333333,-0.14555496630492412,-0.6,0.3832887077731644,3,1.0,36.698888888888895,3.6666666666666665,0.22666666666666666,3.6666666666666665,3.3333333333333335,0.09999999999999991,0.02857142857142857,2.0,1.6666666666666667,0.19999999999999996,0.6666666666666666,0.3333333333333333,0.0,1.0,1.0,0.0,0,4.0,6,0,0,40.0,0,Gold,1,1,33,M,Boise,Frozen Foods,Value,2021,238.94833333333335,192.76142857142855,Active,2024-04,0
502277,1,6.0,8.333333333333334,7.5,0.11111111111111119,329.08,331.91999999999996,-0.008556278621354468,-0.6,0.37273513701836924,3,1.0,39.489599999999996,3.3333333333333335,0.312,4.0,4.0,0.0,0.2,1.6666666666666667,1.5,0.11111111111111116,0.6666666666666666,0.5,1.0,0.0,1.0,1.0,1,2.0,6,0,1,56.0,0,Platinum,2,1,25,F,Portland,Household,Value,2022,330.216,377.3591666666666,Active,2024-04,0
502278,1,4.0,2.6666666666666665,4.0,-0.33333333333333337,94.25999999999999,137.1866666666667,-0.31290698804548567,-0.4,0.3836477462295184,3,1.0,35.3475,2.3333333333333335,0.33166666666666667,1.0,1.0,0.0,0.17142857142857143,0.3333333333333333,0.0,0.6666666666666666,1.3333333333333333,1.3333333333333333,0.0,2.0,2.0,1.0,0,4.0,6,0,0,63.0,0,Gold,1,0,18,Unknown,Raleigh,Snacks,Mainstream,2022,115.72333333333334,96.78466666666667,Active,2024-04,0
502279,1,9.0,5.666666666666667,6.333333333333333,-0.10526315789473675,169.95333333333335,179.19666666666663,-0.05158206067821175,0.22857142857142856,0.38327941153099016,3,1.0,29.991764705882353,2.3333333333333335,0.26499999999999996,2.0,1.6666666666666667,0.19999999999999996,0.2,2.0,1.3333333333333333,0.5000000000000001,0.3333333333333333,0.3333333333333333,0.0,0.0,0.0,0.0,0,7.0,6,0,0,23.0,0,Silver,0,1,18,M,Denver,Dairy,Mainstream,2022,174.57500000000002,175.14214285714283,Active,2024-04,0
502280,2,0.0,1.3333333333333333,1.3333333333333333,0.0,25.090000000000003,25.090000000000003,0.0,-1.5,0.965799031917092,2,0.6666666666666666,18.817500000000003,2.0,0.485,1.0,1.0,0.0,-1.5,1.0,1.0,0.0,0.6666666666666666,0.6666666666666666,1.0,0.0,1.0,0.0,0,2.0,3,1,0,55.0,0,Silver,0,1,4,Other,Madison,Frozen Foods,Upscale,2023,25.090000000000003,37.635000000000005,Active,2024-04,1
502281,1,1.0,3.6666666666666665,4.5,-0.18518518518518523,104.95666666666666,130.165,-0.19366445152946898,-0.8,0.4252359944974408,3,1.0,28.624545454545455,1.6666666666666667,0.192,1.6666666666666667,1.5,0.11111111111111116,0.3,1.3333333333333333,2.0,-0.33333333333333337,0.0,0.5,1.0,1.0,2.0,0.0,0,1.0,6,0,1,58.0,0,Silver,0,1,18,M,Tulsa,Personal Care,Value,2022,115.04,158.26142857142855,Active,2024-04,0
502282,1,1.0,0.6666666666666666,1.6666666666666667,-0.6,20.96,53.68000000000001,-0.609538002980626,-0.37142857142857144,0.9097806171008079,2,0.6666666666666666,31.44,0.3333333333333333,0.42000000000000004,0.3333333333333333,0.0,0.6666666666666666,0.14285714285714285,0.6666666666666666,1.0,-0.33333333333333337,0.0,0.6666666666666666,0.0,0.0,0.0,0.0,0,7.0,6,0,0,59.0,0,Gold,1,1,19,F,Nashville,Dairy,Mainstream,2022,37.32,60.275454545454544,Active,2024-04,0
502283,7,0.0,0.0,0.0,0.0,0.0,0.0,0.0,0.0,0.0,0,0.0,0.0,0.0,0.0,0.0,0.0,0.0,0.0,0.0,0.0,0.0,0.0,0.0,0.0,0.0,0.0,0.0,0,7.0,6,0,0,46.0,1,Silver,0,0,29,F,Raleigh,Beverages,Value,2021,0.0,108.56,Lapsed,2024-04,1
502284,4,0.0,0.0,1.0,-1.0,0.0,42.25333333333333,-1.0,-0.2571428571428571,1.000475699249978,0,0.5,0.0,0.0,0.47333333333333333,0.0,0.3333333333333333,-0.6666666666666666,-0.08571428571428572,0.0,1.3333333333333333,-1.0,0.0,0.3333333333333333,0.0,0.0,0.0,0.0,0,7.0,6,0,0,32.0,0,Platinum,2,1,9,M,Denver,Produce,Mainstream,2023,21.126666666666665,60.766,Lapsed,2024-04,1
502285,1,4.0,4.666666666666667,3.0,0.5555555555555557,136.82000000000002,84.41000000000001,0.6208979978675513,0.37142857142857144,0.29667261107856985,3,1.0,29.31857142857143,2.3333333333333335,0.31,1.0,2.3333333333333335,-0.5714285714285715,-0.39999999999999997,0.6666666666666666,0.6666666666666666,0.0,1.0,0.6666666666666666,0.0,0.0,0.0,0.0,0,7.0,6,0,0,42.0,0,Silver,0,0,33,M,Madison,Bakery,Value,2021,110.61500000000001,135.48266666666666,Active,2024-04,0
502286,1,3.0,4.0,5.0,-0.2,150.52666666666667,199.35333333333332,-0.24492525833528403,-0.02857142857142857,0.5606179023392237,3,1.0,37.63166666666667,2.0,0.3166666666666667,2.6666666666666665,1.0,1.6666666666666665,0.42857142857142855,2.0,1.3333333333333333,0.5000000000000001,1.3333333333333333,1.0,0.0,2.0,2.0,1.0,0,4.0,6,0,0,21.0,0,Platinum,2,1,15,M,Spokane,Frozen Foods,Mainstream,2023,174.94000000000003,167.29538461538462,Active,2024-04,0
502287,1,1.0,1.0,1.0,0.0,45.09,45.09,0.0,0.0,0.0,1,1.0,45.09,1.0,0.33,4.0,4.0,0.0,0.0,2.0,2.0,0.0,1.0,1.0,0.0,0.0,0.0,0.0,0,7.0,1,1,0,35.0,0,Gold,1,1,2,F,Spokane,Beverages,Value,2024,45.09,45.09,Active,2024-04,0
502288,2,0.0,1.6666666666666667,5.666666666666667,-0.7058823529411764,71.14666666666666,245.48000000000002,-0.7101732659822932,-1.8857142857142857,1.2927144279771674,2,0.8333333333333334,42.687999999999995,0.6666666666666666,0.364,1.6666666666666667,2.0,-0.16666666666666663,-0.37142857142857144,0.0,2.3333333333333335,-1.0,0.0,0.3333333333333333,1.0,0.0,1.0,1.0,1,3.0,6,0,0,68.0,0,Gold,1,1,24,F,Raleigh,Dairy,Upscale,2022,158.31333333333333,222.76142857142855,Active,2024-04,1
502289,1,5.0,5.333333333333333,6.333333333333333,-0.15789473684210528,212.77666666666667,252.16,-0.15618390439932314,-0.2571428571428571,0.2177812155898167,3,1.0,39.895625,3.6666666666666665,0.25333333333333335,5.0,3.6666666666666665,0.3636363636363637,0.5142857142857142,0.6666666666666666,2.0,-0.6666666666666667,1.0,0.3333333333333333,1.0,1.0,2.0,0.0,0,1.0,6,0,0,65.0,0,Gold,1,1,23,M,Madison,Bakery,Value,2022,232.46833333333333,268.89933333333335,Active,2024-04,0
502290,1,4.0,2.6666666666666665,3.6666666666666665,-0.27272727272727276,126.42,173.14,-0.2698394362943282,0.02857142857142857,0.5614090910743519,3,1.0,47.407500000000006,3.6666666666666665,0.27499999999999997,0.6666666666666666,1.6666666666666667,-0.6,-0.5999999999999999,1.0,2.3333333333333335,-0.5714285714285715,0.6666666666666666,0.0,0.0,1.0,1.0,0.0,0,5.0,6,0,0,71.0,0,Gold,1,1,35,M,Tulsa,Frozen Foods,Value,2021,149.78,143.22571428571428,Active,2024-04,0
502291,7,0.0,0.0,0.0,0.0,0.0,0.0,0.0,0.0,0.0,0,0.0,0.0,0.0,0.0,0.0,0.0,0.0,0.0,0.0,0.0,0.0,0.0,0.0,0.0,0.0,0.0,0.0,0,7.0,6,0,0,19.0,0,Silver,0,0,21,M,Spokane,Bakery,Value,2022,0.0,107.69800000000001,Lapsed,2024-04,1
502292,1,4.0,4.333333333333333,6.0,-0.27777777777777785,112.87666666666667,157.07000000000002,-0.2813607521062797,-0.6571428571428571,0.3906833759226046,3,1.0,26.04846153846154,4.0,0.3383333333333334,2.6666666666666665,3.0,-0.11111111111111116,-0.14285714285714285,0.0,0.6666666666666666,-1.0,0.3333333333333333,1.0,2.0,0.0,2.0,0.0,0,1.0,6,0,0,54.0,0,Gold,1,0,30,Other,Raleigh,Household,Upscale,2021,134.97333333333333,147.78533333333334,Active,2024-04,0
502293,2,0.0,0.6666666666666666,3.3333333333333335,-0.8,18.516666666666666,89.80666666666666,-0.7938163462252246,-0.6857142857142857,0.7444494831036689,1,0.6666666666666666,27.775,1.0,0.23,0.0,1.6666666666666667,-1.0,-0.37142857142857144,1.3333333333333333,3.0,-0.5555555555555556,0.3333333333333333,0.6666666666666666,0.0,0.0,0.0,0.0,0,7.0,6,0,0,46.0,1,Gold,1,1,9,Other,Portland,Beverages,Mainstream,2023,54.16166666666667,100.92999999999999,Active,2024-04,0
502294,1,1.0,2.6666666666666665,4.0,-0.33333333333333337,77.58666666666666,136.75,-0.4326386349786716,-0.45714285714285713,0.5540126301063625,3,1.0,29.095,1.0,0.49750000000000005,3.0,1.0,2.0,0.5142857142857142,1.0,3.0,-0.6666666666666666,0.0,1.0,0.0,0.0,0.0,0.0,0,7.0,5,0,1,70.0,0,Gold,1,1,6,M,Denver,Personal Care,Upscale,2023,92.3775,92.37750000000001,Active,2024-04,0
502295,2,0.0,1.6666666666666667,1.3333333333333333,0.2500000000000001,76.22000000000001,56.60333333333333,0.346563806607385,-0.2,0.9117790046829469,2,0.8333333333333334,45.732000000000006,2.0,0.32799999999999996,1.0,0.6666666666666666,0.5000000000000001,0.028571428571428557,0.6666666666666666,2.0,-0.6666666666666667,1.3333333333333333,0.3333333333333333,1.0,0.0,1.0,0.0,0,1.0,6,0,0,47.0,0,Gold,1,1,24,M,Austin,Household,Value,2022,66.41166666666668,89.90166666666666,Active,2024-04,0
502296,1,7.0,5.5,6.0,-0.08333333333333333,169.125,168.6,0.0031138790035587526,0.08108108108108109,0.20064754662286133,2,1.0,30.75,1.0,0.27599999999999997,1.5,2.0,-0.25,-0.32432432432432434,1.5,2.0,-0.25,0.0,0.3333333333333333,0.0,0.0,0.0,0.0,0,7.0,6,0,1,58.0,0,Silver,0,1,18,F,Columbus,Dairy,Value,2022,168.81,168.6542857142857,Active,2024-04,0
502297,2,0.0,3.3333333333333335,2.3333333333333335,0.42857142857142855,107.62333333333333,77.87666666666667,0.38197149338697944,-0.02857142857142857,0.7881695686393086,2,0.8333333333333334,32.287,1.0,0.22800000000000004,0.6666666666666666,0.6666666666666666,0.0,-0.22857142857142856,0.6666666666666666,1.3333333333333333,-0.5,0.3333333333333333,0.3333333333333333,1.0,1.0,2.0,1.0,0,3.0,6,0,0,31.0,0,Silver,0,0,30,F,Boise,Snacks,Value,2021,92.75,114.425,Active,2024-04,0
502298,1,5.0,4.333333333333333,4.0,0.08333333333333326,134.41666666666666,118.18666666666665,0.1373251353790614,0.14285714285714285,0.3815957244835844,3,1.0,31.01923076923077,3.6666666666666665,0.215,2.3333333333333335,3.6666666666666665,-0.3636363636363636,-0.11428571428571428,2.3333333333333335,1.6666666666666667,0.4,1.0,0.6666666666666666,1.0,1.0,2.0,0.0,0,3.0,6,0,0,52.0,0,Gold,1,1,18,F,Denver,Household,Value,2022,126.30166666666666,147.14733333333334,Active,2024-04,0
502299,1,10.0,7.333333333333333,8.0,-0.08333333333333337,129.63,133.25333333333333,-0.027191314788873336,0.22857142857142854,0.3467724265314541,3,1.0,17.67681818181818,5.666666666666667,0.2783333333333334,3.0,4.666666666666667,-0.3571428571428572,-0.6,0.3333333333333333,0.0,0.6666666666666666,0.3333333333333333,1.3333333333333333,0.0,1.0,1.0,0.0,0,5.0,6,0,0,66.0,0,Silver,0,0,30,M,Austin,Beverages,Value,2021,131.44166666666666,146.594,Active,2024-04,0
502300,1,6.0,5.333333333333333,5.0,0.06666666666666661,199.17,175.26999999999998,0.1363610429622868,0.3142857142857143,0.17930401654188102,3,1.0,37.344375,3.0,0.3033333333333333,2.3333333333333335,0.6666666666666666,2.5000000000000004,0.4857142857142857,2.0,1.0,1.0,1.0,0.3333333333333333,0.0,0.0,0.0,0.0,0,7.0,6,0,0,41.0,0,Silver,0,1,37,M,Tulsa,Personal Care,Unknown,2021,187.22,156.42499999999998,Active,2024-04,0
502302,1,3.0,3.0,3.0,0.0,112.42,112.42,0.0,0.0,0.0291763031489059,2,1.0,37.473333333333336,3.0,0.27999999999999997,1.0,1.0,0.0,0.0,1.0,1.0,0.0,1.0,1.0,0.0,0.0,0.0,0.0,0,7.0,2,1,0,38.0,0,Gold,1,1,3,M,Madison,Household,Mainstream,2024,112.42,112.42,Active,2024-04,0
502303,7,0.0,0.0,0.0,0.0,0.0,0.0,0.0,0.0,0.0,0,0.0,0.0,0.0,0.0,0.0,0.0,0.0,0.0,0.0,0.0,0.0,0.0,0.0,0.0,0.0,0.0,0.0,0,7.0,6,0,0,30.0,0,Silver,0,1,37,F,Tulsa,Household,Mainstream,2021,0.0,71.53,Lapsed,2024-04,1
502304,5,0.0,0.0,1.0,-1.0,0.0,28.02333333333333,-1.0,-0.37142857142857144,1.490120461031733,0,0.3333333333333333,0.0,0.0,0.315,0.0,1.3333333333333333,-1.0,-0.45714285714285713,0.0,0.6666666666666666,-1.0,0.0,0.0,0.0,0.0,0.0,0.0,0,7.0,6,0,0,45.0,0,Silver,0,0,19,Unknown,Tulsa,Frozen Foods,Upscale,2022,14.011666666666665,90.3488888888889,Lapsed,2024-04,1
502305,1,3.0,3.6666666666666665,3.6666666666666665,0.0,96.33666666666666,97.20333333333332,-0.00891601796920538,0.05714285714285714,0.4472464970039643,3,1.0,26.273636363636363,2.0,0.33499999999999996,2.6666666666666665,1.6666666666666667,0.5999999999999999,0.2571428571428571,0.3333333333333333,0.6666666666666666,-0.5,0.3333333333333333,0.3333333333333333,0.0,0.0,0.0,0.0,0,7.0,6,0,0,56.0,0,Gold,1,0,14,F,Portland,Beverages,Mainstream,2023,96.77,92.81416666666667,Active,2024-04,0
502306,1,4.0,6.0,6.333333333333333,-0.052631578947368376,366.1333333333334,361.3666666666666,0.013190665067798448,-0.2571428571428571,0.38339261319472107,3,1.0,61.02222222222223,2.6666666666666665,0.325,2.0,3.0,-0.3333333333333333,-0.08571428571428572,1.0,1.0,0.0,1.0,1.0,0.0,0.0,0.0,0.0,0,7.0,6,0,0,30.0,0,Platinum,2,1,35,M,Madison,Frozen Foods,Upscale,2021,363.75,337.774,Active,2024-04,0
502307,1,7.0,8.666666666666666,8.5,0.019607843137254832,263.88666666666666,229.06,0.15204167758083756,-0.6,0.25671936312476673,3,1.0,30.44846153846154,5.333333333333333,0.304,7.333333333333333,6.5,0.12820512820512817,-0.4,1.0,1.0,0.0,0.0,0.5,1.0,1.0,2.0,1.0,1,1.0,5,0,0,47.0,0,Silver,0,0,6,M,Tulsa,Personal Care,Value,2023,249.956,249.956,Active,2024-04,0
502308,5,0.0,0.0,0.6666666666666666,-1.0,0.0,28.066666666666666,-1.0,-0.22857142857142856,1.4146257595068725,0,0.3333333333333333,0.0,0.0,0.45999999999999996,0.0,0.3333333333333333,-0.6666666666666666,-0.08571428571428572,0.0,0.0,0.0,0.0,0.0,0.0,1.0,1.0,0.0,0,5.0,6,0,0,42.0,0,Gold,1,0,15,M,Portland,Beverages,Mainstream,2023,14.033333333333333,95.3288888888889,Lapsed,2024-04,1
502309,1,6.0,4.0,3.0,0.3333333333333333,151.34333333333333,102.62666666666667,0.4746979342601014,0.4857142857142857,0.40518241492979373,3,1.0,37.83583333333333,3.6666666666666665,0.2783333333333333,1.6666666666666667,2.3333333333333335,-0.28571428571428575,-0.34285714285714286,1.6666666666666667,2.0,-0.16666666666666663,0.3333333333333333,0.6666666666666666,1.0,0.0,1.0,0.0,0,3.0,6,0,0,66.0,0,Gold,1,1,31,F,Austin,Personal Care,Value,2021,126.98500000000001,127.568,Active,2024-04,0
502310,1,7.0,4.333333333333333,4.0,0.08333333333333326,153.65333333333334,130.895,0.17386709449049487,0.6,0.4315840977086294,3,1.0,35.45846153846154,1.3333333333333333,0.21800000000000003,3.3333333333333335,2.0,0.6666666666666667,0.5,1.3333333333333333,0.5,1.6666666666666665,0.6666666666666666,0.0,0.0,0.0,0.0,0.0,0,7.0,6,0,1,46.0,1,Silver,0,0,9,F,Denver,Frozen Foods,Value,2023,144.55,147.81571428571428,Active,2024-04,0
502311,3,0.0,0.3333333333333333,0.3333333333333333,0.0,7.576666666666667,8.453333333333333,-0.10370662460567816,-0.05714285714285714,1.4173823411609165,1,0.3333333333333333,22.730000000000004,0.3333333333333333,0.21,0.3333333333333333,0.3333333333333333,0.0,-0.11428571428571428,2.3333333333333335,1.0,1.3333333333333335,0.3333333333333333,0.0,0.0,0.0,0.0,0.0,0,7.0,6,0,0,18.0,0,Gold,1,1,35,M,Spokane,Household,Upscale,2021,8.015,24.3625,Active,2024-04,0
502312,7,0.0,0.0,0.0,0.0,0.0,0.0,0.0,0.0,0.0,0,0.0,0.0,0.0,0.0,0.0,0.0,0.0,0.0,0.0,0.0,0.0,0.0,0.0,0.0,0.0,0.0,0.0,0,7.0,6,0,0,19.0,0,Platinum,2,1,21,M,Nashville,Household,Mainstream,2022,0.0,32.01,Lapsed,2024-04,1
502313,1,3.0,1.3333333333333333,3.0,-0.5555555555555556,40.48,86.23666666666666,-0.5305941015036141,-0.2,0.6857274893746418,2,0.8333333333333334,30.36,0.6666666666666666,0.176,2.0,2.3333333333333335,-0.1428571428571429,0.08571428571428573,0.0,0.0,0.0,2.0,1.0,0.0,0.0,0.0,0.0,0,7.0,6,0,0,46.0,0,Gold,1,0,19,M,Spokane,Personal Care,Upscale,2022,63.35833333333333,75.19153846153846,Active,2024-04,0
502316,1,3.0,3.0,5.0,-0.4,104.19333333333334,153.51666666666668,-0.321289762240799,-0.4,0.44010778535652384,3,1.0,34.73111111111111,3.0,0.3216666666666666,1.3333333333333333,2.3333333333333335,-0.42857142857142866,-0.37142857142857144,2.0,2.6666666666666665,-0.24999999999999994,0.0,0.0,0.0,0.0,0.0,0.0,0,7.0,6,0,0,34.0,0,Gold,1,1,35,M,Portland,Bakery,Value,2021,128.855,124.245,Active,2024-04,0
502318,1,4.0,5.0,5.0,0.0,117.70000000000002,117.70000000000002,0.0,0.0,0.1925233644859813,2,1.0,23.540000000000003,2.0,0.265,5.0,5.0,0.0,0.0,1.5,1.5,0.0,0.5,0.5,0.0,0.0,0.0,0.0,0,7.0,2,1,0,46.0,1,Gold,1,1,3,F,Columbus,Dairy,Value,2024,117.70000000000002,117.70000000000002,Active,2024-04,0
502319,1,8.0,8.0,8.0,0.0,298.63,298.63,0.0,0.0,0.0,1,1.0,37.32875,4.0,0.38,2.0,2.0,0.0,0.0,0.0,0.0,0.0,0.0,0.0,0.0,0.0,0.0,0.0,0,7.0,1,1,0,29.0,0,Gold,1,0,2,F,Denver,Household,Value,2024,298.63,298.63,Active,2024-04,0
502320,1,4.0,4.333333333333333,3.3333333333333335,0.2999999999999999,113.36666666666667,85.82333333333334,0.32093059385559486,0.2571428571428571,0.3859185596493748,3,1.0,26.161538461538466,3.3333333333333335,0.28833333333333333,0.3333333333333333,1.3333333333333333,-0.75,-0.19999999999999998,0.3333333333333333,0.3333333333333333,0.0,0.0,0.6666666666666666,0.0,1.0,1.0,0.0,0,5.0,6,0,0,64.0,0,Silver,0,0,7,F,Austin,Bakery,Upscale,2023,99.59499999999998,99.59499999999998,Active,2024-04,0
502321,1,6.0,4.333333333333333,7.0,-0.380952380952381,144.97,247.07,-0.413243210426195,-0.37837837837837834,0.316080204270245,3,1.0,33.45461538461539,3.6666666666666665,0.378,2.6666666666666665,2.5,0.06666666666666661,0.2432432432432432,1.6666666666666667,3.0,-0.4444444444444444,0.3333333333333333,1.0,2.0,2.0,4.0,2.0,1,1.0,6,0,1,57.0,0,Silver,0,1,28,F,Austin,Frozen Foods,Mainstream,2021,185.81,232.38384615384615,Active,2024-04,0
502322,1,4.0,5.5,5.5,0.0,154.415,154.415,0.0,0.0,0.3947479195673996,2,1.0,28.075454545454544,2.0,0.115,2.5,2.5,0.0,0.0,0.5,0.5,0.0,0.5,0.5,0.0,0.0,0.0,0.0,0,7.0,2,1,0,53.0,0,Silver,0,0,3,F,Tulsa,Produce,Mainstream,2024,154.415,154.415,Active,2024-04,0
502323,1,10.0,6.333333333333333,9.0,-0.29629629629629634,320.40333333333336,464.88,-0.3107827109504961,0.8,0.409727373980652,3,1.0,50.59000000000001,1.0,0.2275,3.6666666666666665,4.0,-0.08333333333333337,0.9,1.3333333333333333,1.0,0.33333333333333326,1.0,1.0,0.0,1.0,1.0,1.0,0,4.0,4,0,0,46.0,1,Platinum,2,1,5,M,Madison,Household,Upscale,2023,356.52250000000004,356.52250000000004,Active,2024-04,0
502324,2,0.0,0.3333333333333333,2.3333333333333335,-0.8571428571428571,11.336666666666666,74.50333333333334,-0.8478367858261375,-0.5142857142857142,0.9289172801009478,1,0.6666666666666666,34.01,0.3333333333333333,0.28,0.0,0.3333333333333333,-0.6666666666666666,-0.08571428571428572,1.0,2.6666666666666665,-0.625,0.3333333333333333,1.3333333333333333,0.0,0.0,0.0,0.0,0,7.0,6,0,0,55.0,0,Silver,0,1,27,M,Raleigh,Household,Mainstream,2022,42.919999999999995,70.454,Active,2024-04,0
502326,1,6.0,7.0,6.333333333333333,0.10526315789473689,152.48666666666665,153.22333333333333,-0.0048077968977745696,0.17142857142857143,0.19583963473952976,3,1.0,21.78380952380952,3.0,0.2733333333333334,3.0,3.0,0.0,0.17142857142857143,2.0,1.3333333333333333,0.5000000000000001,0.0,0.3333333333333333,0.0,0.0,0.0,0.0,0,7.0,6,0,0,52.0,0,Silver,0,1,11,F,Madison,Frozen Foods,Mainstream,2023,152.855,153.575,Active,2024-04,0
502327,1,8.0,5.666666666666667,6.333333333333333,-0.10526315789473675,206.11666666666667,217.45000000000002,-0.052119261132827506,0.6285714285714286,0.5956276845560917,3,0.8333333333333334,36.37352941176471,3.3333333333333335,0.29400000000000004,2.0,2.6666666666666665,-0.24999999999999994,-0.2857142857142857,2.6666666666666665,0.6666666666666666,3.0,0.3333333333333333,0.6666666666666666,0.0,0.0,0.0,0.0,0,7.0,6,0,0,29.0,0,Silver,0,1,31,F,Madison,Household,Unknown,2021,211.78333333333333,213.85285714285715,Active,2024-04,0
502328,1,9.0,6.666666666666667,4.333333333333333,0.5384615384615387,214.37,121.14333333333332,0.7695567234405528,0.6,0.5451579901054004,3,1.0,32.155499999999996,3.6666666666666665,0.29833333333333334,1.0,3.3333333333333335,-0.7000000000000001,-0.5428571428571428,0.3333333333333333,0.6666666666666666,-0.5,1.0,0.6666666666666666,0.0,0.0,0.0,0.0,0,7.0,6,0,0,32.0,0,Silver,0,0,34,M,Spokane,Household,Value,2021,167.75666666666666,161.4042857142857,Active,2024-04,0
502329,2,0.0,2.6666666666666665,4.333333333333333,-0.3846153846153846,71.93666666666667,134.31333333333333,-0.46441157492430635,-0.4857142857142857,0.5394089836512828,2,0.8333333333333334,26.97625,2.0,0.244,1.3333333333333333,2.0,-0.33333333333333337,-5.709718412357947e-17,1.6666666666666667,0.6666666666666666,1.5,0.0,0.6666666666666666,0.0,1.0,1.0,0.0,0,5.0,6,0,0,63.0,0,Silver,0,1,18,F,Spokane,Personal Care,Mainstream,2022,103.125,130.88384615384615,Active,2024-04,0
502330,7,0.0,0.0,0.0,0.0,0.0,0.0,0.0,0.0,0.0,0,0.0,0.0,0.0,0.0,0.0,0.0,0.0,0.0,0.0,0.0,0.0,0.0,0.0,0.0,0.0,0.0,0.0,0,7.0,6,0,0,39.0,0,Silver,0,0,34,F,Columbus,Frozen Foods,Mainstream,2021,0.0,50.086,Lapsed,2024-04,1
502331,5,0.0,0.0,1.3333333333333333,-1.0,0.0,42.123333333333335,-1.0,-0.5142857142857142,1.6071843944380095,0,0.3333333333333333,0.0,0.0,0.21000000000000002,0.0,1.0,-1.0,-0.2571428571428571,0.6666666666666666,1.0,-0.33333333333333337,0.0,0.0,2.0,1.0,3.0,0.0,0,2.0,6,0,0,62.0,0,Silver,0,1,34,M,Nashville,Bakery,Value,2021,21.061666666666667,62.72625,Lapsed,2024-04,1
502332,1,3.0,6.0,10.5,-0.42857142857142855,102.73000000000002,196.91,-0.4782895739170178,-1.027027027027027,0.5607607665150421,3,1.0,17.12166666666667,3.3333333333333335,0.27999999999999997,4.333333333333333,4.0,0.08333333333333326,-0.527027027027027,1.6666666666666667,0.5,2.3333333333333335,0.6666666666666666,1.0,0.0,0.0,0.0,0.0,0,7.0,6,0,1,66.0,0,Silver,0,1,35,Other,Spokane,Personal Care,Value,2021,140.402,158.51571428571427,Active,2024-04,0
502333,7,0.0,0.0,0.0,0.0,0.0,0.0,0.0,0.0,0.0,0,0.0,0.0,0.0,0.0,0.0,0.0,0.0,0.0,0.0,0.0,0.0,0.0,0.0,0.0,0.0,0.0,0.0,0,7.0,6,0,0,32.0,0,Silver,0,1,9,F,Spokane,Bakery,Upscale,2023,0.0,30.575000000000003,Lapsed,2024-04,1
502334,1,5.0,6.0,3.0,1.0,123.95333333333333,57.97333333333333,1.1381094756209753,0.42857142857142855,0.5542473826731882,3,0.8333333333333334,20.65888888888889,5.0,0.42800000000000005,3.3333333333333335,2.3333333333333335,0.42857142857142855,0.2571428571428571,2.0,1.6666666666666667,0.19999999999999996,0.3333333333333333,1.3333333333333333,2.0,0.0,2.0,1.0,1,1.0,6,0,0,71.0,0,Silver,0,1,9,Other,Boise,Beverages,Upscale,2023,90.96333333333332,111.60285714285715,Active,2024-04,0
502335,1,4.0,4.333333333333333,3.3333333333333335,0.2999999999999999,171.48666666666668,115.58,0.48370537001788094,0.2571428571428571,0.3876466523757514,3,1.0,39.57384615384616,2.0,0.205,2.6666666666666665,2.3333333333333335,0.1428571428571427,-0.02857142857142857,0.3333333333333333,0.6666666666666666,-0.5,0.3333333333333333,1.3333333333333333,1.0,0.0,1.0,0.0,0,1.0,6,0,0,43.0,0,Silver,0,0,25,F,Boise,Household,Mainstream,2022,143.53333333333333,130.58615384615385,Active,2024-04,0
502337,2,0.0,1.0,3.0,-0.6666666666666666,33.61333333333334,83.09333333333333,-0.5954749679075738,-0.5714285714285714,0.902612606435206,2,0.6666666666666666,33.61333333333334,1.0,0.3525,0.6666666666666666,2.0,-0.6666666666666667,-0.6857142857142857,0.0,1.0,-1.0,0.0,0.6666666666666666,0.0,1.0,1.0,0.0,0,4.0,6,0,0,34.0,0,Silver,0,1,10,Other,Spokane,Snacks,Value,2023,58.35333333333333,105.13714285714286,Active,2024-04,1
502338,1,2.0,2.0,3.3333333333333335,-0.4,48.14333333333334,80.08666666666666,-0.398859568800466,-0.2857142857142857,0.4034590415255864,3,1.0,24.07166666666667,1.6666666666666667,0.3983333333333334,2.3333333333333335,2.6666666666666665,-0.12499999999999989,-0.08571428571428572,0.6666666666666666,1.0,-0.33333333333333337,0.0,1.3333333333333333,0.0,0.0,0.0,0.0,0,7.0,6,0,0,18.0,0,Silver,0,0,14,Other,Spokane,Bakery,Value,2023,64.115,68.58384615384615,Active,2024-04,0
502339,2,0.0,4.333333333333333,4.0,0.08333333333333326,179.07333333333335,191.75,-0.06611038678835279,0.14285714285714285,0.7288212629110379,2,0.8333333333333334,41.32461538461539,3.0,0.254,5.0,2.6666666666666665,0.8750000000000001,0.8285714285714286,0.3333333333333333,2.0,-0.8333333333333334,0.0,0.3333333333333333,0.0,2.0,2.0,1.0,0,5.0,6,0,0,27.0,0,Gold,1,1,34,F,Boise,Household,Value,2021,185.41166666666672,233.42000000000002,Active,2024-04,0
502340,1,1.0,2.3333333333333335,3.0,-0.22222222222222218,68.90333333333334,91.39999999999999,-0.2461342086068562,-0.22857142857142856,0.34670626567359397,3,1.0,29.529999999999998,1.3333333333333333,0.26833333333333337,0.6666666666666666,0.6666666666666666,0.0,-0.11428571428571431,0.0,0.0,0.0,0.0,0.3333333333333333,0.0,1.0,1.0,0.0,0,6.0,6,0,0,72.0,0,Platinum,2,0,36,M,Raleigh,Frozen Foods,Unknown,2021,80.15166666666667,96.13785714285714,Active,2024-04,0
502341,7,0.0,0.0,0.0,0.0,0.0,0.0,0.0,0.0,0.0,0,0.0,0.0,0.0,0.0,0.0,0.0,0.0,0.0,0.0,0.3333333333333333,-0.6666666666666666,0.0,0.0,0.0,0.0,0.0,0.0,0,7.0,6,0,0,26.0,0,Gold,1,0,13,M,Denver,Frozen Foods,Upscale,2023,0.0,145.155,Lapsed,2024-04,1
502342,1,2.0,3.5,7.0,-0.5,145.675,257.3066666666667,-0.4338467716861851,-1.1216216216216217,0.4147480629407048,2,1.0,41.621428571428574,3.5,0.32599999999999996,3.0,2.6666666666666665,0.12500000000000006,-0.3243243243243243,0.5,0.3333333333333333,0.33333333333333337,0.5,0.6666666666666666,0.0,0.0,0.0,0.0,0,7.0,6,0,1,66.0,0,Silver,0,0,29,F,Denver,Frozen Foods,Mainstream,2021,212.654,190.75,Active,2024-04,0
502343,1,1.0,2.0,2.0,0.0,52.54333333333333,55.806666666666665,-0.0584756898817346,-0.11428571428571428,0.7512999940331414,3,0.8333333333333334,26.271666666666665,1.0,0.22600000000000003,3.0,3.0,0.0,0.11428571428571428,0.3333333333333333,0.3333333333333333,0.0,0.3333333333333333,0.6666666666666666,0.0,0.0,0.0,0.0,0,7.0,6,0,0,55.0,0,Gold,1,0,20,M,Denver,Beverages,Mainstream,2022,54.17499999999999,69.81692307692308,Active,2024-04,0
502344,1,2.0,2.0,2.0,0.0,60.8,60.8,0.0,0.0,0.0,1,1.0,30.4,4.0,0.53,1.0,1.0,0.0,0.0,0.0,0.0,0.0,2.0,2.0,0.0,0.0,0.0,0.0,0,7.0,1,1,0,52.0,0,Gold,1,0,2,M,Austin,Frozen Foods,Mainstream,2024,60.8,60.8,Active,2024-04,0
502345,7,0.0,0.0,0.0,0.0,0.0,0.0,0.0,0.0,0.0,0,0.0,0.0,0.0,0.0,0.0,0.0,0.0,0.0,0.0,0.0,0.0,0.0,0.0,0.0,0.0,0.0,0.0,0,7.0,6,0,0,68.0,0,Gold,1,0,15,F,Columbus,Personal Care,Value,2023,0.0,140.43166666666667,Lapsed,2024-04,1
502346,1,8.0,6.333333333333333,5.333333333333333,0.1875,229.48666666666668,167.07666666666668,0.37354108892125365,0.6,0.2667989701919908,3,1.0,36.234736842105264,2.3333333333333335,0.21666666666666667,1.6666666666666667,2.6666666666666665,-0.37499999999999994,-0.08571428571428572,0.0,0.0,0.0,1.0,0.3333333333333333,0.0,0.0,0.0,0.0,0,7.0,6,0,0,64.0,0,Gold,1,0,27,F,Portland,Dairy,Mainstream,2022,198.28166666666664,211.24066666666667,Active,2024-04,0
502348,1,10.0,7.333333333333333,7.666666666666667,-0.04347826086956529,128.46666666666667,138.43,-0.07197380143995766,-0.08571428571428572,0.3204892472148095,3,1.0,17.51818181818182,3.6666666666666665,0.26666666666666666,4.666666666666667,2.3333333333333335,1.0,1.0,0.0,0.6666666666666666,-1.0,1.3333333333333333,0.3333333333333333,0.0,0.0,0.0,0.0,0,7.0,6,0,0,51.0,0,Silver,0,0,35,M,Tulsa,Household,Mainstream,2021,133.44833333333335,146.21133333333333,Active,2024-04,0
502349,1,3.0,8.0,6.666666666666667,0.19999999999999996,273.44,214.99,0.2718731103772268,-0.554054054054054,0.5384198177410233,2,1.0,34.18,4.0,0.262,4.0,6.0,-0.3333333333333333,-0.48648648648648646,0.5,0.3333333333333333,0.33333333333333337,0.5,0.0,1.0,0.0,1.0,0.0,0,3.0,6,0,1,74.0,0,Silver,0,0,24,M,Columbus,Dairy,Mainstream,2022,238.37000000000003,275.99142857142857,Active,2024-04,0
502350,3,0.0,0.3333333333333333,0.0,0.6666666666666666,8.126666666666667,0.0,3.0,0.013513513513513506,2.0,1,0.2,24.380000000000003,0.6666666666666666,0.18,0.0,0.5,-1.0,-0.054054054054054064,0.3333333333333333,0.0,0.6666666666666666,0.0,0.0,1.0,0.0,1.0,0.0,0,3.0,6,0,1,69.0,0,Silver,0,1,37,M,Raleigh,Beverages,Mainstream,2021,4.8759999999999994,49.83875,Active,2024-04,1
502351,1,4.0,7.333333333333333,9.666666666666666,-0.24137931034482757,263.5333333333333,348.9633333333333,-0.2448108206210777,-0.8285714285714286,0.3584440043444488,3,1.0,35.93636363636363,3.0,0.30833333333333335,3.0,3.6666666666666665,-0.1818181818181818,-0.11428571428571428,1.3333333333333333,2.0,-0.33333333333333337,0.3333333333333333,0.6666666666666666,0.0,0.0,0.0,0.0,0,7.0,6,0,0,37.0,0,Silver,0,1,17,F,Boise,Household,Value,2022,306.2483333333333,250.61933333333334,Active,2024-04,0
502352,1,3.0,2.0,3.0,-0.3333333333333333,32.83,44.10333333333333,-0.25561182072405714,-0.02857142857142857,0.5037581967821079,2,0.8333333333333334,16.415,1.3333333333333333,0.324,1.3333333333333333,1.0,0.33333333333333326,-0.08571428571428572,1.0,2.0,-0.5,1.0,1.0,0.0,0.0,0.0,0.0,0,7.0,6,0,0,31.0,0,Silver,0,1,27,F,Tulsa,Personal Care,Upscale,2022,38.46666666666667,48.901538461538465,Active,2024-04,0
502354,1,8.0,5.666666666666667,8.666666666666666,-0.3461538461538461,155.13666666666668,254.53666666666663,-0.39051348201306935,-0.4857142857142857,0.4278502477378821,3,1.0,27.377058823529413,3.0,0.21833333333333335,3.6666666666666665,4.333333333333333,-0.15384615384615383,-0.05714285714285714,0.0,0.6666666666666666,-1.0,1.3333333333333333,0.3333333333333333,0.0,0.0,0.0,0.0,0,7.0,6,0,0,43.0,0,Gold,1,0,33,M,Denver,Beverages,Unknown,2021,204.83666666666667,182.89928571428572,Active,2024-04,0
502355,1,2.0,4.333333333333333,3.6666666666666665,0.1818181818181818,198.99,154.20666666666668,0.29041113656997103,0.05714285714285714,0.36113469041991775,3,1.0,45.92076923076924,1.6666666666666667,0.1566666666666667,5.0,3.0,0.6666666666666666,0.17142857142857143,2.0,2.0,0.0,1.0,1.0,0.0,0.0,0.0,0.0,0,7.0,6,0,0,53.0,0,Gold,1,1,35,F,Raleigh,Personal Care,Unknown,2021,176.59833333333333,200.39642857142857,Active,2024-04,0
502356,1,4.0,6.666666666666667,8.333333333333334,-0.2,208.31333333333336,315.40333333333336,-0.33953350736094523,-0.37142857142857144,0.3915173935976755,3,1.0,31.247000000000003,2.6666666666666665,0.23666666666666666,3.3333333333333335,3.0,0.11111111111111116,-0.14285714285714285,0.6666666666666666,0.6666666666666666,0.0,0.6666666666666666,1.3333333333333333,0.0,2.0,2.0,0.0,0,4.0,6,0,0,56.0,0,Silver,0,0,32,M,Columbus,Produce,Mainstream,2021,261.85833333333335,236.95714285714286,Active,2024-04,0
502357,1,2.0,3.6666666666666665,4.333333333333333,-0.15384615384615383,78.73,104.68666666666667,-0.24794625230847606,-0.34285714285714286,0.2702874412793974,3,1.0,21.471818181818183,2.3333333333333335,0.2066666666666667,3.6666666666666665,3.3333333333333335,0.09999999999999991,0.02857142857142857,1.0,2.3333333333333335,-0.5714285714285715,0.3333333333333333,0.6666666666666666,0.0,0.0,0.0,0.0,0,7.0,6,0,0,74.0,0,Gold,1,1,36,Other,Denver,Frozen Foods,Value,2021,91.70833333333333,95.414,Active,2024-04,0
502358,1,6.0,4.0,5.666666666666667,-0.29411764705882354,155.065,234.0233333333333,-0.33739513153959,-0.5813953488372093,0.3981005175818499,2,1.0,38.76625,2.5,0.32199999999999995,2.5,4.666666666666667,-0.4642857142857143,-0.09302325581395347,0.5,1.3333333333333333,-0.625,0.0,1.3333333333333333,1.0,1.0,2.0,1.0,0,1.0,6,0,1,30.0,0,Gold,1,1,13,F,Raleigh,Dairy,Value,2023,202.44,215.43454545454549,Active,2024-04,0
502359,1,4.0,6.333333333333333,6.333333333333333,0.0,341.7633333333333,320.2833333333333,0.06706561898319204,-0.6857142857142857,0.4617683472704858,3,1.0,53.96263157894737,2.3333333333333335,0.215,1.6666666666666667,1.3333333333333333,0.2500000000000001,0.08571428571428572,0.3333333333333333,0.0,0.6666666666666666,0.3333333333333333,0.3333333333333333,1.0,1.0,2.0,0.0,0,1.0,6,0,0,46.0,0,Silver,0,0,38,F,Austin,Produce,Value,2021,331.0233333333333,313.63266666666664,Active,2024-04,0
502360,1,10.0,10.0,10.0,0.0,353.235,353.235,0.0,0.0,0.02583266097640381,2,1.0,35.3235,5.0,0.42500000000000004,1.5,1.5,0.0,0.0,1.5,1.5,0.0,0.5,0.5,0.0,0.0,0.0,0.0,0,7.0,2,1,0,58.0,0,Silver,0,0,3,F,Tulsa,Dairy,Value,2024,353.235,353.235,Active,2024-04,0
502361,1,8.0,7.0,5.666666666666667,0.23529411764705876,165.66,127.15999999999998,0.30276816608996554,0.3255813953488372,0.23803504823753163,2,1.0,23.665714285714284,4.0,0.41,4.0,4.333333333333333,-0.07692307692307686,0.034883720930232565,0.5,2.0,-0.75,0.5,0.0,0.0,1.0,1.0,0.0,0,4.0,6,0,1,23.0,0,Silver,0,1,14,Unknown,Raleigh,Snacks,Mainstream,2023,142.56,150.4825,Active,2024-04,0
502362,1,10.0,6.666666666666667,4.5,0.48148148148148157,215.76333333333332,172.89,0.24798041143694452,1.2,0.3634985326139078,3,1.0,32.3645,4.0,0.288,2.0,3.5,-0.42857142857142855,-0.2,1.3333333333333333,1.5,-0.11111111111111116,1.3333333333333333,0.0,0.0,1.0,1.0,0.0,0,4.0,6,0,1,32.0,0,Silver,0,1,27,M,Nashville,Dairy,Mainstream,2022,198.61399999999998,231.35000000000002,Active,2024-04,0
502363,1,8.0,6.0,4.0,0.5,148.81,92.11500000000001,0.6154806491885142,1.0285714285714285,0.4264239198544639,2,1.0,24.801666666666666,3.0,0.4975,1.5,1.5,0.0,-0.2857142857142857,4.0,2.5,0.6,0.0,1.0,0.0,0.0,0.0,0.0,0,7.0,6,0,2,59.0,0,Silver,0,1,23,M,Nashville,Bakery,Unknown,2022,120.4625,150.69384615384615,Active,2024-04,0
502364,2,0.0,1.6666666666666667,4.0,-0.5833333333333333,34.28,95.83,-0.6422832098507774,-1.1,0.7030513848712372,2,0.75,20.568,1.3333333333333333,0.26,1.0,0.0,2.0,0.1,1.6666666666666667,1.0,0.6666666666666667,0.6666666666666666,0.0,3.0,0.0,3.0,0.0,0,1.0,4,0,0,58.0,0,Silver,0,1,5,F,Columbus,Dairy,Value,2023,49.667500000000004,66.22333333333333,Active,2024-04,1
502365,7,0.0,0.0,0.0,0.0,0.0,0.0,0.0,0.0,0.0,0,0.0,0.0,0.0,0.0,0.0,0.0,0.0,0.0,0.0,0.0,0.0,0.0,0.0,0.0,0.0,0.0,0.0,0,7.0,6,0,0,29.0,0,Gold,1,0,26,M,Austin,Snacks,Value,2022,0.0,36.715,Lapsed,2024-04,1
502366,1,11.0,7.0,7.0,0.0,282.74,271.32,0.04209052041869385,0.2857142857142857,0.371213887010529,3,1.0,40.39142857142857,3.6666666666666665,0.25000000000000006,4.666666666666667,3.0,0.5555555555555557,0.8285714285714285,0.0,0.6666666666666666,-1.0,0.3333333333333333,0.6666666666666666,0.0,0.0,0.0,0.0,0,7.0,6,0,0,63.0,0,Gold,1,0,14,F,Portland,Produce,Value,2023,277.03,238.87666666666667,Active,2024-04,0
502367,1,5.0,5.666666666666667,5.333333333333333,0.06250000000000011,174.83666666666667,176.11,-0.007230329528892967,0.2571428571428571,0.46153372405509135,3,1.0,30.853529411764704,2.0,0.27666666666666667,2.6666666666666665,2.6666666666666665,0.0,-0.05714285714285713,1.3333333333333333,0.6666666666666666,1.0,0.3333333333333333,0.0,0.0,0.0,0.0,0.0,0,7.0,6,0,0,67.0,0,Silver,0,1,30,M,Columbus,Dairy,Upscale,2021,175.47333333333333,157.61666666666667,Active,2024-04,0
502368,7,0.0,0.0,0.0,0.0,0.0,0.0,0.0,0.0,0.0,0,0.0,0.0,0.0,0.0,0.0,0.0,0.0,0.0,0.0,0.0,0.0,0.0,0.0,0.0,0.0,0.0,0.0,0,7.0,6,0,0,42.0,0,Gold,1,0,38,F,Boise,Beverages,Value,2021,0.0,54.082499999999996,Lapsed,2024-04,1
502369,1,5.0,6.333333333333333,4.0,0.5833333333333333,185.17,117.25,0.5792750533049039,0.3142857142857143,0.48074683237633886,3,1.0,29.23736842105263,3.3333333333333335,0.2316666666666667,2.0,3.6666666666666665,-0.45454545454545453,-0.37142857142857144,2.0,1.3333333333333333,0.5000000000000001,0.0,0.6666666666666666,0.0,1.0,1.0,1.0,0,4.0,6,0,0,36.0,0,Silver,0,1,7,M,Madison,Dairy,Unknown,2023,151.21,151.21,Active,2024-04,0
502370,1,1.0,1.6666666666666667,3.6666666666666665,-0.5454545454545454,54.64000000000001,121.33,-0.5496579576361987,-0.5142857142857142,0.5141898279609446,3,1.0,32.784000000000006,0.6666666666666666,0.3133333333333333,1.3333333333333333,3.0,-0.5555555555555556,-0.4857142857142857,0.0,0.0,0.0,0.6666666666666666,1.3333333333333333,0.0,0.0,0.0,0.0,0,7.0,6,0,0,74.0,0,Gold,1,0,21,F,Boise,Frozen Foods,Upscale,2022,87.985,86.12428571428572,Active,2024-04,0
502372,1,6.0,3.6666666666666665,7.333333333333333,-0.5,140.23666666666665,304.33,-0.5391953909681377,-0.8857142857142857,0.5290510515532572,3,1.0,38.24636363636363,1.6666666666666667,0.3066666666666667,3.0,4.666666666666667,-0.3571428571428572,-0.37142857142857144,2.0,1.3333333333333333,0.5000000000000001,2.3333333333333335,1.3333333333333333,1.0,1.0,2.0,0.0,0,2.0,6,0,0,53.0,0,Silver,0,1,20,M,Columbus,Beverages,Value,2022,222.28333333333333,237.75466666666668,Active,2024-04,0
502373,3,0.0,1.0,7.333333333333333,-0.8636363636363636,29.936666666666667,185.43000000000004,-0.8385554297219077,-1.8,0.8881550825060401,1,0.6666666666666666,29.936666666666667,0.6666666666666666,0.575,1.0,3.0,-0.6666666666666666,-0.45714285714285713,0.0,1.0,-1.0,0.0,0.0,4.0,0.0,4.0,0.0,0,2.0,6,0,0,38.0,0,Silver,0,0,32,M,Spokane,Frozen Foods,Mainstream,2021,107.68333333333334,143.3676923076923,Active,2024-04,1
502374,1,4.0,4.666666666666667,2.3333333333333335,1.0,158.66666666666666,79.62,0.992799129197019,0.6,0.5206921828852104,3,1.0,33.99999999999999,3.6666666666666665,0.215,1.0,1.6666666666666667,-0.4,-0.4,0.3333333333333333,1.0,-0.6666666666666667,1.0,0.6666666666666666,0.0,0.0,0.0,0.0,0,7.0,6,0,0,61.0,0,Silver,0,0,36,M,Spokane,Bakery,Mainstream,2021,119.14333333333333,125.64857142857144,Active,2024-04,0
502375,7,0.0,0.0,0.0,0.0,0.0,0.0,0.0,0.0,0.0,0,0.0,0.0,0.0,0.0,0.0,0.0,0.0,0.0,0.0,0.3333333333333333,-0.6666666666666666,0.0,0.0,0.0,1.0,1.0,0.0,0,5.0,6,0,0,53.0,0,Silver,0,1,30,F,Madison,Frozen Foods,Value,2021,0.0,55.876,Lapsed,2024-04,1
502376,7,0.0,0.0,0.0,0.0,0.0,0.0,0.0,0.0,0.0,0,0.0,0.0,0.0,0.0,0.0,0.3333333333333333,-0.6666666666666666,-0.14285714285714285,0.0,0.0,0.0,0.0,0.0,0.0,2.0,2.0,0.0,0,6.0,6,0,0,19.0,0,Platinum,2,1,10,M,Denver,Frozen Foods,Value,2023,0.0,79.6,Lapsed,2024-04,1
502377,1,8.0,6.333333333333333,6.333333333333333,0.0,196.66333333333333,208.02333333333334,-0.054609258576762285,0.11428571428571431,0.23433287602696234,3,1.0,31.052105263157895,3.6666666666666665,0.315,2.3333333333333335,4.0,-0.41666666666666663,-0.37142857142857144,1.3333333333333333,1.3333333333333333,0.0,1.0,1.0,0.0,0.0,0.0,0.0,0,7.0,6,0,0,21.0,0,Silver,0,1,14,M,Raleigh,Produce,Mainstream,2023,202.34333333333333,205.71615384615384,Active,2024-04,0
502378,2,0.0,0.6666666666666666,3.0,-0.7777777777777778,27.496666666666666,137.61333333333334,-0.8001889351806996,-0.8285714285714286,0.9281043725384381,1,0.6666666666666666,41.245000000000005,0.3333333333333333,0.15250000000000002,1.0,1.3333333333333333,-0.24999999999999994,0.028571428571428564,1.0,2.3333333333333335,-0.5714285714285715,0.3333333333333333,0.6666666666666666,0.0,1.0,1.0,1.0,0,5.0,6,0,0,24.0,0,Platinum,2,1,38,Unknown,Columbus,Frozen Foods,Value,2021,82.55499999999999,116.83999999999999,Active,2024-04,0
502379,1,4.0,5.0,4.666666666666667,0.07142857142857136,118.14333333333332,100.54333333333334,0.1750489009713886,-0.14285714285714285,0.1747751599152049,3,1.0,23.628666666666664,1.3333333333333333,0.3016666666666667,1.6666666666666667,4.0,-0.5833333333333333,-0.657142857142857,0.6666666666666666,1.6666666666666667,-0.6,0.6666666666666666,0.6666666666666666,0.0,1.0,1.0,0.0,0,4.0,6,0,0,74.0,0,Silver,0,1,30,F,Austin,Household,Value,2021,109.34333333333332,110.39466666666667,Active,2024-04,0
502381,1,11.0,7.666666666666667,4.0,0.9166666666666667,191.57333333333335,101.21333333333332,0.8927677512844161,1.2285714285714286,0.4575090412362315,3,1.0,24.987826086956524,3.0,0.4033333333333333,1.6666666666666667,2.0,-0.16666666666666663,-0.02857142857142857,0.0,0.0,0.0,0.6666666666666666,0.6666666666666666,1.0,1.0,2.0,2.0,1,1.0,6,0,0,36.0,0,Silver,0,0,9,M,Spokane,Frozen Foods,Upscale,2023,146.39333333333335,160.80249999999998,Active,2024-04,0
502382,1,2.0,2.0,0.5,3.0,85.16333333333333,22.07,2.858782661229421,0.36486486486486486,0.7330214653889284,3,0.8,42.58166666666666,0.3333333333333333,0.3325,0.3333333333333333,0.5,-0.33333333333333337,-0.10810810810810811,1.3333333333333333,1.5,-0.11111111111111116,1.0,0.0,0.0,0.0,0.0,0.0,0,7.0,6,0,1,71.0,0,Platinum,2,1,13,M,Madison,Produce,Value,2023,59.926,67.35571428571428,Active,2024-04,0
502384,5,0.0,0.0,2.5,-1.0,0.0,68.065,-1.0,-1.0,2.0,0,0.2,0.0,0.0,0.39,0.3333333333333333,2.5,-0.8666666666666666,-0.9,0.0,0.5,-1.0,0.0,0.0,0.0,0.0,0.0,0.0,0,7.0,6,0,1,53.0,0,Silver,0,0,12,F,Raleigh,Household,Mainstream,2023,27.226,149.88166666666666,Lapsed,2024-04,1
502385,1,3.0,5.666666666666667,3.0,0.888888888888889,199.77666666666667,102.21,0.9545706551870334,0.5142857142857142,0.5857304367293369,3,1.0,35.25470588235294,1.6666666666666667,0.25833333333333336,2.3333333333333335,2.3333333333333335,0.0,0.0,2.0,1.6666666666666667,0.19999999999999996,1.6666666666666667,0.6666666666666666,1.0,1.0,2.0,0.0,0,1.0,6,0,0,45.0,0,Silver,0,1,28,M,Spokane,Snacks,Value,2021,150.99333333333334,146.17999999999998,Active,2024-04,0
502386,3,0.0,0.3333333333333333,0.3333333333333333,0.0,10.103333333333333,10.103333333333333,0.0,-0.5,1.414213562373095,1,0.3333333333333333,30.310000000000002,0.3333333333333333,0.22,0.0,0.0,0.0,0.0,0.0,0.0,0.0,0.0,0.0,1.0,0.0,1.0,1.0,1,3.0,3,1,0,70.0,0,Silver,0,0,4,M,Tulsa,Dairy,Mainstream,2023,10.103333333333333,30.31,Active,2024-04,1
502387,1,8.0,8.0,8.0,0.0,238.8,238.8,0.0,0.0,0.0,1,1.0,29.85,2.0,0.42,0.0,0.0,0.0,0.0,1.0,1.0,0.0,0.0,0.0,0.0,0.0,0.0,0.0,0,7.0,1,1,0,45.0,0,Silver,0,1,2,M,Portland,Beverages,Upscale,2024,238.8,238.8,Active,2024-04,0
502388,7,0.0,0.0,0.0,0.0,0.0,0.0,0.0,0.0,0.0,0,0.0,0.0,0.0,0.0,0.0,0.0,0.0,0.0,0.0,0.0,0.0,0.0,0.0,0.0,0.0,0.0,0.0,0,7.0,6,0,0,21.0,0,Gold,1,1,35,M,Spokane,Personal Care,Upscale,2021,0.0,36.79,Lapsed,2024-04,1
502389,1,9.0,10.0,6.666666666666667,0.49999999999999994,253.5566666666667,158.57333333333335,0.59898679895737,0.7428571428571429,0.23550098480862286,3,1.0,25.35566666666667,7.0,0.29000000000000004,2.6666666666666665,3.3333333333333335,-0.20000000000000007,-0.4,0.3333333333333333,1.3333333333333333,-0.75,0.6666666666666666,2.3333333333333335,0.0,0.0,0.0,0.0,0,7.0,6,0,0,40.0,0,Silver,0,1,11,M,Nashville,Personal Care,Value,2023,206.06499999999997,189.026,Active,2024-04,0
502390,1,3.0,3.3333333333333335,3.5,-0.047619047619047575,153.45333333333335,150.08499999999998,0.022442837947385604,-0.3,0.28176165988871227,3,1.0,46.036,1.3333333333333333,0.326,1.3333333333333333,3.0,-0.5555555555555556,-0.7,2.3333333333333335,1.0,1.3333333333333335,0.6666666666666666,0.0,0.0,0.0,0.0,0.0,0,7.0,5,0,0,68.0,0,Gold,1,1,7,F,Portland,Dairy,Value,2023,152.106,152.106,Active,2024-04,0
502391,6,0.0,0.0,0.3333333333333333,-0.6666666666666666,0.0,8.66,-1.0,-0.14285714285714285,2.2360679774997894,0,0.16666666666666666,0.0,0.0,0.47,0.0,0.3333333333333333,-0.6666666666666666,-0.14285714285714285,0.0,0.0,0.0,0.0,0.0,0.0,1.0,1.0,0.0,0,5.0,6,0,0,40.0,0,Silver,0,0,9,F,Tulsa,Household,Value,2023,4.33,60.73333333333333,Lapsed,2024-04,1
502393,1,3.0,2.5,7.0,-0.6428571428571429,62.485,177.42666666666665,-0.6478263320057113,-1.027027027027027,0.5043486135677236,2,1.0,24.994,0.5,0.25399999999999995,5.5,2.6666666666666665,1.0625000000000002,0.9594594594594595,2.0,1.3333333333333333,0.5000000000000001,0.0,0.0,1.0,0.0,1.0,1.0,1,1.0,6,0,1,46.0,1,Silver,0,1,29,M,Denver,Snacks,Unknown,2021,131.45,137.21714285714285,Active,2024-04,0
502394,6,0.0,0.0,0.6666666666666666,-1.0,0.0,17.893333333333334,-1.0,-0.2857142857142857,2.2360679774997894,0,0.16666666666666666,0.0,0.0,0.32,0.0,0.0,0.0,0.0,0.0,0.3333333333333333,-0.6666666666666666,0.0,0.0,0.0,4.0,4.0,0.0,0,5.0,6,0,0,53.0,0,Silver,0,1,34,M,Nashville,Frozen Foods,Mainstream,2021,8.946666666666667,65.011,Lapsed,2024-04,1
502396,7,0.0,0.0,0.0,0.0,0.0,0.0,0.0,0.0,0.0,0,0.0,0.0,0.0,0.0,0.0,0.0,0.0,0.0,0.0,0.0,0.0,0.0,0.0,0.0,0.0,0.0,0.0,0,7.0,6,0,0,42.0,0,Silver,0,1,22,M,Raleigh,Personal Care,Upscale,2022,0.0,150.886,Lapsed,2024-04,1
502397,1,8.0,6.0,3.6666666666666665,0.6363636363636365,214.94000000000003,126.19,0.7033045407718522,0.9428571428571428,0.6136532909699853,3,0.8333333333333334,35.82333333333334,2.3333333333333335,0.41400000000000003,3.3333333333333335,2.6666666666666665,0.2500000000000001,0.11428571428571428,2.6666666666666665,2.3333333333333335,0.1428571428571427,0.6666666666666666,0.6666666666666666,0.0,1.0,1.0,0.0,0,6.0,6,0,0,48.0,0,Silver,0,1,13,M,Boise,Dairy,Value,2023,170.565,169.9009090909091,Active,2024-04,0
502398,1,1.0,3.3333333333333335,4.333333333333333,-0.23076923076923067,111.63666666666666,126.31333333333335,-0.11619253707711001,-0.6571428571428571,0.6003102291401649,3,1.0,33.49099999999999,2.0,0.27166666666666667,0.3333333333333333,0.3333333333333333,0.0,0.0,0.3333333333333333,0.3333333333333333,0.0,0.0,0.3333333333333333,0.0,2.0,2.0,0.0,0,4.0,6,0,0,58.0,0,Gold,1,0,25,F,Austin,Household,Upscale,2022,118.97500000000001,100.55533333333332,Active,2024-04,0
502399,2,0.0,3.5,6.333333333333333,-0.4473684210526315,107.54,216.91,-0.5042183394034392,-0.8953488372093023,0.5248907490595521,1,0.8,30.725714285714286,1.0,0.1825,3.0,3.0,0.0,0.1744186046511628,0.5,1.6666666666666667,-0.7000000000000001,1.0,1.6666666666666667,1.0,0.0,1.0,0.0,0,1.0,6,0,1,59.0,0,Silver,0,1,26,F,Austin,Bakery,Unknown,2022,173.162,176.755,Active,2024-04,0
502400,1,2.0,2.3333333333333335,2.0,0.16666666666666674,56.70666666666667,45.330000000000005,0.25097433634826083,0.2,0.41809609679110254,3,1.0,24.302857142857142,2.0,0.2916666666666667,0.6666666666666666,1.0,-0.33333333333333337,-0.08571428571428572,2.3333333333333335,0.6666666666666666,2.5000000000000004,0.3333333333333333,1.0,1.0,1.0,2.0,0.0,0,3.0,6,0,0,31.0,0,Silver,0,1,28,M,Denver,Snacks,Mainstream,2021,51.01833333333334,46.99,Active,2024-04,0
502403,3,0.0,0.3333333333333333,2.3333333333333335,-0.8571428571428571,7.48,65.10000000000001,-0.8850998463901689,-0.6285714285714286,1.0931418125269872,1,0.6666666666666666,22.44,0.3333333333333333,0.2475,0.0,1.3333333333333333,-1.0,-0.2857142857142857,0.6666666666666666,0.3333333333333333,0.6666666666666666,0.3333333333333333,0.6666666666666666,2.0,0.0,2.0,0.0,0,3.0,6,0,0,18.0,0,Silver,0,1,36,M,Raleigh,Personal Care,Unknown,2021,36.29,57.20333333333334,Active,2024-04,1
502404,1,1.0,0.5,0.5,0.0,17.12,17.12,0.0,0.0,1.0,1,0.5,34.24,0.5,0.3,2.0,2.0,0.0,0.0,0.5,0.5,0.0,1.0,1.0,0.0,0.0,0.0,0.0,0,7.0,2,1,0,57.0,0,Silver,0,1,3,F,Spokane,Household,Value,2024,17.12,34.24,Active,2024-04,0
502405,1,5.0,3.6666666666666665,1.3333333333333333,1.7499999999999998,95.27666666666669,32.96,1.8906755663430426,0.6571428571428571,0.6451905094269265,3,1.0,25.98454545454546,2.6666666666666665,0.2416666666666667,1.0,2.0,-0.5,-0.2571428571428571,0.3333333333333333,0.0,0.6666666666666666,0.0,0.6666666666666666,0.0,1.0,1.0,0.0,0,5.0,6,0,0,71.0,0,Gold,1,0,19,F,Austin,Beverages,Value,2022,64.11833333333334,83.07400000000001,Active,2024-04,0
502406,1,3.0,3.0,5.333333333333333,-0.43749999999999994,102.82,151.21333333333334,-0.32003350674543696,-0.5428571428571428,0.29808919534875494,3,1.0,34.27333333333333,2.0,0.255,2.3333333333333335,2.6666666666666665,-0.12499999999999989,-0.14285714285714285,1.3333333333333333,0.3333333333333333,2.0,1.3333333333333333,0.3333333333333333,0.0,0.0,0.0,0.0,0,7.0,6,0,0,48.0,0,Silver,0,1,19,Other,Spokane,Snacks,Value,2022,127.01666666666667,120.66466666666666,Active,2024-04,0
502407,7,0.0,0.0,0.0,0.0,0.0,0.0,0.0,0.0,0.0,0,0.0,0.0,0.0,0.0,0.0,0.0,0.0,0.0,0.0,0.0,0.0,0.0,0.0,0.0,0.0,0.0,0.0,0,7.0,6,0,0,46.0,1,Silver,0,1,14,F,Boise,Household,Mainstream,2023,0.0,81.255,Lapsed,2024-04,1
502409,1,6.0,7.333333333333333,5.0,0.4666666666666666,411.45666666666665,246.27,0.6707543211380462,0.3,0.37649722743210234,3,1.0,56.107727272727274,3.0,0.21200000000000002,2.6666666666666665,3.5,-0.23809523809523814,-0.1,1.6666666666666667,2.0,-0.16666666666666663,1.0,0.0,1.0,0.0,1.0,1.0,1,3.0,5,0,0,61.0,0,Platinum,2,1,6,F,Tulsa,Personal Care,Upscale,2023,345.38199999999995,345.38199999999995,Active,2024-04,0
502410,5,0.0,0.0,1.0,-1.0,0.0,31.353333333333335,-1.0,-0.3142857142857143,1.492586502436749,0,0.3333333333333333,0.0,0.0,0.38,0.0,0.3333333333333333,-0.6666666666666666,-0.14285714285714285,0.0,0.0,0.0,0.0,0.0,0.0,1.0,1.0,0.0,0,5.0,6,0,0,46.0,1,Silver,0,1,19,Other,Nashville,Dairy,Mainstream,2022,15.676666666666668,117.11363636363636,Lapsed,2024-04,1
502411,1,5.0,3.6666666666666665,3.6666666666666665,0.0,141.9766666666667,141.9766666666667,0.0,0.0,0.5260287863460271,3,1.0,38.720909090909096,1.3333333333333333,0.33666666666666667,5.0,5.0,0.0,0.5,1.3333333333333333,1.3333333333333333,0.0,0.3333333333333333,0.3333333333333333,0.0,0.0,0.0,0.0,0,7.0,3,1,0,27.0,0,Gold,1,1,4,M,Denver,Snacks,Mainstream,2023,141.9766666666667,141.97666666666666,Active,2024-04,0
502412,7,0.0,0.0,0.0,0.0,0.0,0.0,0.0,0.0,0.0,0,0.0,0.0,0.0,0.0,0.0,0.0,0.0,0.0,0.0,0.0,0.0,0.0,0.0,0.0,0.0,0.0,0.0,0,7.0,6,0,0,29.0,0,Silver,0,1,28,F,Madison,Household,Value,2021,0.0,79.6775,Lapsed,2024-04,1
502413,1,5.0,5.333333333333333,4.333333333333333,0.23076923076923078,203.60000000000002,137.01666666666665,0.48595061428050146,-0.14285714285714288,0.37155011189162496,3,1.0,38.175000000000004,3.6666666666666665,0.26333333333333336,3.0,3.6666666666666665,-0.1818181818181818,-0.34285714285714286,0.0,1.3333333333333333,-1.0,0.6666666666666666,0.0,1.0,0.0,1.0,1.0,1,1.0,6,0,0,31.0,0,Silver,0,1,33,M,Denver,Personal Care,Mainstream,2021,170.30833333333334,190.92066666666668,Active,2024-04,0
502414,1,4.0,4.0,5.0,-0.2,179.69000000000003,220.58,-0.1853749206637047,-0.3142857142857143,0.3552654345998898,3,1.0,44.92250000000001,1.6666666666666667,0.25666666666666665,4.0,2.6666666666666665,0.5000000000000001,0.7428571428571429,0.0,0.6666666666666666,-1.0,0.0,0.3333333333333333,2.0,0.0,2.0,0.0,0,1.0,6,0,0,65.0,0,Gold,1,0,25,M,Spokane,Dairy,Value,2022,200.135,181.22666666666666,Active,2024-04,0
502415,3,0.0,1.0,2.3333333333333335,-0.5714285714285715,33.43666666666667,71.98333333333333,-0.5354943273905997,-0.5142857142857143,0.7481233728008196,1,0.6666666666666666,33.43666666666667,0.3333333333333333,0.34750000000000003,0.0,1.6666666666666667,-1.0,-0.6571428571428571,0.3333333333333333,0.3333333333333333,0.0,0.3333333333333333,1.0,1.0,2.0,3.0,1.0,1,3.0,6,0,0,24.0,0,Gold,1,0,31,Unknown,Madison,Frozen Foods,Value,2021,52.71,90.59384615384616,Active,2024-04,1
502416,1,1.0,3.0,3.3333333333333335,-0.10000000000000003,88.94,111.60666666666667,-0.20309419986858615,-0.2571428571428571,0.5396761783957165,3,1.0,29.646666666666665,2.3333333333333335,0.22666666666666668,1.0,2.3333333333333335,-0.5714285714285715,-0.28571428571428564,0.0,0.0,0.0,1.3333333333333333,0.3333333333333333,0.0,0.0,0.0,0.0,0,7.0,6,0,0,30.0,0,Silver,0,0,23,M,Portland,Snacks,Value,2022,100.27333333333333,128.20285714285714,Active,2024-04,0
502417,1,5.0,3.6666666666666665,5.0,-0.2666666666666667,62.74333333333333,88.92333333333333,-0.29441091577013906,0.11428571428571428,0.42172045481792114,3,1.0,17.111818181818183,2.0,0.3433333333333333,4.0,1.6666666666666667,1.3999999999999997,1.1142857142857143,3.0,2.3333333333333335,0.28571428571428564,1.0,0.6666666666666666,0.0,1.0,1.0,0.0,0,5.0,6,0,0,68.0,0,Gold,1,1,26,F,Spokane,Snacks,Value,2022,75.83333333333333,78.86666666666666,Active,2024-04,0
502419,1,5.0,5.333333333333333,8.333333333333334,-0.3600000000000001,170.84666666666666,233.76666666666668,-0.26915727933837164,-0.8285714285714286,0.31243993641128687,3,1.0,32.033750000000005,4.0,0.36166666666666664,3.0,3.0,0.0,0.05714285714285714,0.0,0.0,0.0,0.0,0.3333333333333333,0.0,0.0,0.0,0.0,0,7.0,6,0,0,34.0,0,Gold,1,0,20,F,Austin,Snacks,Value,2022,202.30666666666664,202.866,Active,2024-04,0
502420,2,0.0,1.3333333333333333,3.0,-0.5555555555555556,54.550000000000004,136.57333333333335,-0.6005808845064922,-0.37142857142857144,0.8187838818313203,2,0.8333333333333334,40.91250000000001,0.6666666666666666,0.22600000000000003,0.0,3.3333333333333335,-1.0,-1.0857142857142856,0.0,2.0,-1.0,0.0,1.6666666666666667,0.0,1.0,1.0,1.0,0,4.0,6,0,0,32.0,0,Silver,0,1,9,F,Tulsa,Frozen Foods,Upscale,2023,95.56166666666667,126.96285714285715,Active,2024-04,1
502421,1,1.0,1.0,1.3333333333333333,-0.24999999999999994,40.193333333333335,57.69,-0.303287687063038,-0.08571428571428572,0.54608271874518,2,0.8333333333333334,40.193333333333335,1.0,0.256,0.6666666666666666,0.0,1.3333333333333333,0.11428571428571428,2.3333333333333335,1.0,1.3333333333333335,0.0,0.6666666666666666,0.0,0.0,0.0,0.0,0,7.0,6,0,0,63.0,0,Platinum,2,1,7,Other,Columbus,Dairy,Mainstream,2023,48.94166666666666,58.73,Active,2024-04,0
502422,1,2.0,1.3333333333333333,1.3333333333333333,0.0,45.14333333333334,43.55666666666667,0.0364276421519859,0.17142857142857143,0.5721858064803563,2,0.8333333333333334,33.85750000000001,1.6666666666666667,0.378,1.0,3.0,-0.6666666666666666,-0.2857142857142857,1.0,1.3333333333333333,-0.24999999999999994,0.3333333333333333,0.6666666666666666,0.0,0.0,0.0,0.0,0,7.0,6,0,0,47.0,0,Gold,1,1,34,F,Austin,Beverages,Mainstream,2021,44.35,62.39545454545455,Active,2024-04,0
502423,7,0.0,0.0,0.0,0.0,0.0,0.0,0.0,0.0,0.0,0,0.0,0.0,0.0,0.0,0.0,0.0,0.0,0.0,0.0,0.0,0.0,0.0,0.0,0.0,0.0,0.0,0.0,0,7.0,6,0,0,26.0,0,Silver,0,0,31,F,Columbus,Frozen Foods,Mainstream,2021,0.0,26.87,Lapsed,2024-04,1
502424,2,0.0,3.0,3.0,0.0,94.52,94.52,0.0,-1.5,0.8095061152388805,2,0.6666666666666666,31.506666666666664,1.0,0.125,2.3333333333333335,2.3333333333333335,0.0,-1.0,0.3333333333333333,0.3333333333333333,0.0,0.6666666666666666,0.6666666666666666,0.0,0.0,0.0,0.0,0,7.0,3,1,0,51.0,0,Gold,1,0,4,F,Nashville,Bakery,Value,2023,94.52,141.78,Active,2024-04,0
502425,7,0.0,0.0,0.0,0.0,0.0,0.0,0.0,0.0,0.0,0,0.0,0.0,0.0,0.0,0.0,0.0,0.0,0.0,0.0,0.0,0.0,0.0,0.0,0.0,0.0,0.0,0.0,0,7.0,6,0,0,69.0,0,Gold,1,0,37,M,Raleigh,Bakery,Mainstream,2021,0.0,102.82142857142857,Lapsed,2024-04,1
502426,7,0.0,0.0,0.0,0.0,0.0,0.0,0.0,0.0,0.0,0,0.0,0.0,0.0,0.0,0.0,0.3333333333333333,-0.6666666666666666,-0.14285714285714285,0.0,0.0,0.0,0.0,0.0,0.0,0.0,0.0,0.0,0,7.0,6,0,0,67.0,0,Silver,0,0,20,Other,Denver,Produce,Value,2022,0.0,121.97,Lapsed,2024-04,1
502427,1,5.0,6.666666666666667,7.666666666666667,-0.13043478260869565,201.73,251.0566666666667,-0.19647622714659388,-0.6,0.20745871825813006,3,1.0,30.259499999999996,2.6666666666666665,0.24166666666666667,3.6666666666666665,4.666666666666667,-0.21428571428571436,-0.08571428571428572,0.3333333333333333,0.6666666666666666,-0.5,0.3333333333333333,0.6666666666666666,2.0,1.0,3.0,1.0,1,1.0,6,0,0,70.0,0,Gold,1,0,23,M,Tulsa,Bakery,Unknown,2022,226.39333333333335,230.73533333333333,Active,2024-04,0
502429,7,0.0,0.0,0.0,0.0,0.0,0.0,0.0,0.0,0.0,0,0.0,0.0,0.0,0.0,0.0,0.0,0.0,0.0,0.0,0.0,0.0,0.0,0.0,0.0,0.0,0.0,0.0,0,7.0,6,0,0,67.0,0,Gold,1,1,33,F,Boise,Snacks,Mainstream,2021,0.0,34.73,Lapsed,2024-04,1
502430,7,0.0,0.0,0.0,0.0,0.0,0.0,0.0,0.0,0.0,0,0.0,0.0,0.0,0.0,0.0,0.0,0.0,0.0,0.0,0.0,0.0,0.0,0.0,0.0,0.0,0.0,0.0,0,7.0,6,0,0,73.0,0,Platinum,2,1,36,M,Raleigh,Frozen Foods,Value,2021,0.0,41.74,Lapsed,2024-04,1
502431,1,7.0,8.0,5.0,0.6,259.84666666666664,170.97666666666666,0.5197785272844246,0.5428571428571428,0.2471625484983832,3,1.0,32.48083333333333,4.333333333333333,0.23333333333333336,2.3333333333333335,2.0,0.16666666666666674,-0.14285714285714285,0.3333333333333333,0.3333333333333333,0.0,0.6666666666666666,0.3333333333333333,2.0,0.0,2.0,0.0,0,3.0,6,0,0,52.0,0,Gold,1,0,29,F,Raleigh,Snacks,Mainstream,2021,215.41166666666666,210.07666666666668,Active,2024-04,0
502432,1,4.0,4.666666666666667,5.0,-0.06666666666666661,144.4,168.685,-0.14396656489907222,-0.3,0.10743927694002972,3,1.0,30.942857142857143,3.0,0.26799999999999996,5.666666666666667,2.5,1.2666666666666668,0.8,1.0,1.0,0.0,0.6666666666666666,0.0,0.0,1.0,1.0,0.0,0,5.0,5,0,0,68.0,0,Gold,1,0,6,M,Boise,Bakery,Mainstream,2023,154.11399999999998,154.11399999999998,Active,2024-04,0
502433,7,0.0,0.0,0.0,0.0,0.0,0.0,0.0,0.0,0.0,0,0.0,0.0,0.0,0.0,0.0,0.0,0.0,0.0,0.0,0.0,0.0,0.0,0.0,0.0,0.0,0.0,0.0,0,7.0,6,0,0,36.0,0,Silver,0,1,20,M,Denver,Snacks,Value,2022,0.0,101.068,Lapsed,2024-04,1
502434,7,0.0,0.0,0.0,0.0,0.0,0.0,0.0,0.0,0.0,0,0.0,0.0,0.0,0.0,0.0,0.0,0.0,0.0,0.0,0.0,0.0,0.0,0.0,0.0,0.0,0.0,0.0,0,7.0,6,0,0,43.0,0,Silver,0,0,15,F,Portland,Beverages,Mainstream,2023,0.0,136.56666666666666,Lapsed,2024-04,1
502435,1,3.0,3.0,5.0,-0.4,83.22,142.40666666666667,-0.41561724638359626,-0.5714285714285714,0.4353727306953302,3,1.0,27.74,1.6666666666666667,0.36999999999999994,2.3333333333333335,2.6666666666666665,-0.12499999999999989,-0.2571428571428571,0.6666666666666666,1.3333333333333333,-0.5,0.3333333333333333,0.3333333333333333,0.0,1.0,1.0,0.0,0,6.0,6,0,0,36.0,0,Silver,0,1,15,M,Tulsa,Frozen Foods,Mainstream,2023,112.81333333333333,141.42000000000002,Active,2024-04,0
502436,1,10.0,5.666666666666667,5.0,0.1333333333333334,97.43,80.89666666666666,0.20437595286167556,0.6857142857142857,0.5765383591087521,3,1.0,17.193529411764708,4.666666666666667,0.21999999999999997,2.6666666666666665,2.3333333333333335,0.1428571428571427,0.02857142857142857,1.6666666666666667,0.6666666666666666,1.5,0.0,1.0,1.0,0.0,1.0,1.0,1,1.0,6,0,0,26.0,0,Silver,0,1,20,M,Tulsa,Snacks,Mainstream,2022,89.16333333333334,102.135,Active,2024-04,0
502437,1,7.0,5.0,4.333333333333333,0.15384615384615394,134.555,106.91333333333334,0.25854274490241314,0.16216216216216217,0.4345342727319458,2,1.0,26.911,1.5,0.308,2.0,1.0,1.0,0.31081081081081074,1.5,1.6666666666666667,-0.10000000000000003,0.0,0.0,0.0,1.0,1.0,0.0,0,4.0,6,0,1,21.0,0,Silver,0,1,27,F,Columbus,Beverages,Unknown,2022,117.96999999999998,127.19846153846153,Active,2024-04,0
502438,7,0.0,0.0,0.0,0.0,0.0,0.0,0.0,0.0,0.0,0,0.0,0.0,0.0,0.0,0.0,0.0,0.0,0.0,0.0,0.0,0.0,0.0,0.0,0.0,0.0,0.0,0.0,0,7.0,6,0,0,72.0,0,Silver,0,1,27,F,Tulsa,Snacks,Mainstream,2022,0.0,44.239999999999995,Lapsed,2024-04,1
502439,1,3.0,3.3333333333333335,6.0,-0.4444444444444444,70.08333333333333,124.83333333333333,-0.4385847797062751,-0.7428571428571429,0.36016193833685795,3,1.0,21.025,1.6666666666666667,0.2383333333333333,1.3333333333333333,1.3333333333333333,0.0,0.17142857142857143,0.3333333333333333,1.0,-0.6666666666666667,0.0,2.0,0.0,0.0,0.0,0.0,0,7.0,6,0,0,56.0,0,Silver,0,0,9,M,Portland,Beverages,Unknown,2023,97.45833333333333,81.27000000000001,Active,2024-04,0
502440,1,2.0,2.3333333333333335,3.6666666666666665,-0.3636363636363636,108.01666666666665,153.02333333333334,-0.2941163656958635,-0.45714285714285713,0.3577028847834468,3,1.0,46.29285714285713,2.0,0.25166666666666665,2.3333333333333335,2.6666666666666665,-0.12499999999999989,-0.4857142857142857,1.6666666666666667,1.6666666666666667,0.0,1.3333333333333333,0.3333333333333333,0.0,1.0,1.0,1.0,0,5.0,6,0,0,31.0,0,Gold,1,1,35,F,Raleigh,Household,Unknown,2021,130.52,110.37,Active,2024-04,0
502441,1,1.0,2.3333333333333335,2.3333333333333335,0.0,57.906666666666666,59.43333333333333,-0.02568704430734712,-0.11428571428571428,0.4237791482021084,3,1.0,24.817142857142855,2.0,0.30833333333333335,1.0,1.6666666666666667,-0.4,-0.45714285714285713,0.6666666666666666,1.6666666666666667,-0.6,1.6666666666666667,1.3333333333333333,0.0,0.0,0.0,0.0,0,7.0,6,0,0,37.0,0,Gold,1,1,16,M,Madison,Personal Care,Value,2022,58.669999999999995,87.66333333333334,Active,2024-04,0
502442,1,6.0,7.0,8.333333333333334,-0.16000000000000006,188.96,207.75333333333333,-0.09045984019510311,-0.8,0.2831238797426238,3,1.0,26.994285714285716,4.0,0.20166666666666666,2.3333333333333335,2.6666666666666665,-0.12499999999999989,-0.08571428571428572,0.0,0.3333333333333333,-0.6666666666666666,0.6666666666666666,1.0,0.0,0.0,0.0,0.0,0,7.0,6,0,0,46.0,1,Gold,1,0,28,F,Tulsa,Personal Care,Upscale,2021,198.35666666666668,174.85357142857143,Active,2024-04,0
502443,7,0.0,0.0,0.0,0.0,0.0,0.0,0.0,0.0,0.0,0,0.0,0.0,0.0,0.0,0.0,0.0,0.0,0.0,0.0,0.0,0.0,0.0,0.0,0.0,0.0,0.0,0.0,0,7.0,6,0,0,25.0,0,Gold,1,1,33,M,Tulsa,Produce,Mainstream,2021,0.0,89.045,Lapsed,2024-04,1
502444,1,3.0,4.666666666666667,6.666666666666667,-0.3,172.09333333333333,257.51666666666665,-0.3317196297974241,-0.8571428571428571,0.3627891279380914,3,1.0,36.87714285714286,2.3333333333333335,0.30333333333333334,2.3333333333333335,1.6666666666666667,0.4,0.2857142857142857,2.3333333333333335,1.0,1.3333333333333335,1.0,0.6666666666666666,2.0,1.0,3.0,2.0,1,2.0,6,0,0,33.0,0,Gold,1,1,13,F,Nashville,Personal Care,Mainstream,2023,214.80499999999998,230.85416666666666,Active,2024-04,0
502445,1,4.0,4.0,5.333333333333333,-0.24999999999999994,130.41333333333333,180.0233333333333,-0.2755753883755809,-0.4,0.214017054873043,3,1.0,32.60333333333333,2.3333333333333335,0.37333333333333335,3.6666666666666665,1.3333333333333333,1.7499999999999998,0.42857142857142855,1.6666666666666667,2.3333333333333335,-0.28571428571428575,0.6666666666666666,0.6666666666666666,0.0,1.0,1.0,0.0,0,6.0,6,0,0,23.0,0,Gold,1,1,32,M,Tulsa,Frozen Foods,Value,2021,155.21833333333333,201.718,Active,2024-04,0
502446,1,3.0,3.0,3.0,0.0,137.75,137.75,0.0,0.0,0.0,1,1.0,45.916666666666664,2.0,0.23,2.0,2.0,0.0,0.0,3.0,3.0,0.0,1.0,1.0,0.0,0.0,0.0,0.0,0,7.0,1,1,0,64.0,0,Silver,0,1,2,M,Tulsa,Bakery,Value,2024,137.75,137.75,Active,2024-04,0
502447,7,0.0,0.0,0.0,0.0,0.0,0.0,0.0,0.0,0.0,0,0.0,0.0,0.0,0.0,0.0,0.0,0.0,0.0,0.0,0.0,0.0,0.0,0.0,0.0,0.0,0.0,0.0,0,7.0,6,0,0,39.0,0,Silver,0,0,11,M,Austin,Frozen Foods,Mainstream,2023,0.0,103.785,Lapsed,2024-04,1
502448,4,0.0,0.0,1.6666666666666667,-1.0,0.0,48.75333333333334,-1.0,-0.4285714285714286,1.3189305954491053,0,0.5,0.0,0.0,0.39999999999999997,0.0,3.0,-1.0,-0.9428571428571428,0.0,0.3333333333333333,-0.6666666666666666,0.0,0.0,0.0,1.0,1.0,0.0,0,6.0,6,0,0,29.0,0,Silver,0,0,27,M,Nashville,Beverages,Mainstream,2022,24.37666666666667,90.41181818181818,Lapsed,2024-04,1
502449,1,4.0,6.0,7.666666666666667,-0.2173913043478261,185.83666666666667,248.24333333333334,-0.25139312233963984,-0.5428571428571428,0.3703368967057,3,1.0,30.97277777777778,4.0,0.41500000000000004,1.6666666666666667,4.0,-0.5833333333333333,-0.42857142857142855,1.0,1.3333333333333333,-0.24999999999999994,0.3333333333333333,0.6666666666666666,0.0,0.0,0.0,0.0,0,7.0,6,0,0,28.0,0,Silver,0,1,28,F,Columbus,Snacks,Mainstream,2021,217.04,194.14533333333335,Active,2024-04,0
502450,1,3.0,2.0,2.0,0.0,86.07,70.85333333333334,0.2147628904779825,0.17142857142857143,0.4294889907428437,3,1.0,43.035,1.3333333333333333,0.29000000000000004,2.3333333333333335,2.0,0.16666666666666674,0.08571428571428573,0.0,0.6666666666666666,-1.0,0.6666666666666666,0.3333333333333333,1.0,0.0,1.0,0.0,0,2.0,6,0,0,41.0,0,Gold,1,0,37,M,Spokane,Bakery,Value,2021,78.46166666666666,92.58571428571429,Active,2024-04,0
502451,7,0.0,0.0,0.0,0.0,0.0,0.0,0.0,0.0,0.0,0,0.0,0.0,0.0,0.0,0.0,0.0,0.0,0.0,0.0,0.0,0.0,0.0,0.0,0.0,0.0,0.0,0.0,0,7.0,6,0,0,57.0,0,Silver,0,1,16,F,Columbus,Snacks,Value,2022,0.0,15.565,Lapsed,2024-04,1
502453,7,0.0,0.0,0.0,0.0,0.0,0.0,0.0,0.0,0.0,0,0.0,0.0,0.0,0.0,0.0,0.0,0.0,0.0,0.0,0.0,0.0,0.0,0.0,0.0,0.0,0.0,0.0,0,7.0,6,0,0,29.0,0,Silver,0,1,17,F,Spokane,Produce,Upscale,2022,0.0,56.083333333333336,Lapsed,2024-04,1
502454,1,2.0,5.666666666666667,5.666666666666667,0.0,101.55000000000001,105.05666666666667,-0.03337881143509846,-0.05714285714285717,0.5291671555931753,3,1.0,17.92058823529412,2.6666666666666665,0.165,2.0,0.6666666666666666,2.0000000000000004,0.2857142857142857,0.3333333333333333,1.6666666666666667,-0.8,0.6666666666666666,0.6666666666666666,2.0,1.0,3.0,1.0,0,1.0,6,0,0,67.0,0,Silver,0,1,29,F,Madison,Dairy,Mainstream,2021,103.30333333333336,94.22,Active,2024-04,0
502455,1,4.0,3.5,3.5,0.0,110.61500000000001,110.61500000000001,0.0,0.0,0.08619988247525202,2,1.0,31.604285714285716,2.5,0.355,1.0,1.0,0.0,0.0,1.0,1.0,0.0,1.5,1.5,0.0,0.0,0.0,0.0,0,7.0,2,1,0,18.0,0,Gold,1,1,4,M,Madison,Household,Mainstream,2023,110.61500000000001,110.61500000000001,Active,2024-04,0
502456,1,9.0,6.333333333333333,5.5,0.15151515151515146,165.82000000000002,176.005,-0.057867674213800596,0.2,0.48230166913069134,3,1.0,26.1821052631579,4.0,0.388,1.3333333333333333,2.5,-0.4666666666666667,0.19999999999999998,2.6666666666666665,1.5,0.7777777777777777,1.0,1.0,0.0,0.0,0.0,0.0,0,7.0,5,0,0,53.0,0,Gold,1,1,6,M,Boise,Beverages,Mainstream,2023,169.894,169.894,Active,2024-04,0
502458,7,0.0,0.0,0.0,0.0,0.0,0.0,0.0,0.0,0.0,0,0.0,0.0,0.0,0.0,0.0,0.0,0.0,0.0,0.0,0.0,0.0,0.0,0.0,0.0,0.0,0.0,0.0,0,7.0,6,0,0,53.0,0,Silver,0,1,17,M,Denver,Snacks,Value,2022,0.0,30.57,Lapsed,2024-04,1
502459,1,8.0,7.333333333333333,6.666666666666667,0.09999999999999991,258.6066666666666,223.70666666666668,0.15600786744546405,0.2857142857142857,0.13673177384612206,3,1.0,35.26454545454545,4.0,0.35166666666666674,5.666666666666667,3.6666666666666665,0.5454545454545456,0.6857142857142857,1.3333333333333333,1.6666666666666667,-0.20000000000000007,0.3333333333333333,2.0,0.0,1.0,1.0,0.0,0,4.0,6,0,0,33.0,0,Platinum,2,1,16,M,Portland,Personal Care,Upscale,2022,241.15666666666664,224.40076923076924,Active,2024-04,0
502460,2,0.0,2.6666666666666665,1.0,1.6666666666666665,91.37,32.443333333333335,1.816295078598582,0.42857142857142855,1.2880321817453684,2,0.6666666666666666,34.26375,1.6666666666666667,0.3025,3.3333333333333335,3.6666666666666665,-0.09090909090909083,-0.3142857142857143,1.0,0.6666666666666666,0.5000000000000001,0.6666666666666666,0.6666666666666666,0.0,1.0,1.0,0.0,0,4.0,6,0,0,46.0,1,Silver,0,0,20,M,Boise,Produce,Mainstream,2022,61.90666666666667,92.71,Active,2024-04,0
502461,1,5.0,4.666666666666667,3.6666666666666665,0.2727272727272729,142.9333333333333,111.61333333333334,0.2806116354079557,0.37142857142857144,0.22769014777769356,3,1.0,30.628571428571423,2.0,0.21833333333333335,2.3333333333333335,3.0,-0.22222222222222218,0.05714285714285714,0.6666666666666666,2.0,-0.6666666666666667,0.6666666666666666,1.0,1.0,0.0,1.0,0.0,0,2.0,6,0,0,46.0,0,Silver,0,1,23,M,Portland,Dairy,Mainstream,2022,127.27333333333333,115.57866666666665,Active,2024-04,0
502462,1,8.0,7.0,4.0,0.75,265.9766666666667,140.94,0.8871623858852469,1.0,0.34159488392527076,3,1.0,37.99666666666667,1.0,0.31666666666666665,2.6666666666666665,2.0,0.33333333333333326,0.22857142857142856,0.3333333333333333,0.0,0.6666666666666666,0.0,0.0,0.0,0.0,0.0,0.0,0,7.0,6,0,0,28.0,0,Silver,0,0,23,M,Portland,Snacks,Mainstream,2022,203.45833333333334,186.3,Active,2024-04,0
502463,7,0.0,0.0,0.0,0.0,0.0,0.0,0.0,0.0,0.0,0,0.0,0.0,0.0,0.0,0.0,0.0,0.0,0.0,0.0,0.0,0.0,0.0,0.0,0.0,0.0,0.0,0.0,0,7.0,6,0,0,59.0,0,Gold,1,0,15,F,Spokane,Household,Value,2023,0.0,59.315,Lapsed,2024-04,1
502464,1,2.0,2.6666666666666665,2.0,0.33333333333333326,96.64666666666666,67.07000000000001,0.4409820585457977,0.22857142857142856,0.30047430587822216,3,1.0,36.2425,2.3333333333333335,0.26166666666666666,2.3333333333333335,1.3333333333333333,0.7500000000000002,0.2571428571428571,0.3333333333333333,2.0,-0.8333333333333334,0.3333333333333333,0.6666666666666666,0.0,0.0,0.0,0.0,0,7.0,6,0,0,66.0,0,Gold,1,1,37,Other,Raleigh,Bakery,Mainstream,2021,81.85833333333333,94.64733333333334,Active,2024-04,0
502465,1,3.0,6.0,7.333333333333333,-0.1818181818181818,150.72,216.26333333333332,-0.3030718722545045,-0.05714285714285714,0.482246312930137,3,1.0,25.12,1.6666666666666667,0.21166666666666667,3.0,2.6666666666666665,0.12500000000000006,-0.028571428571428584,2.6666666666666665,2.0,0.33333333333333326,0.6666666666666666,0.3333333333333333,1.0,1.0,2.0,1.0,1,1.0,6,0,0,42.0,0,Gold,1,1,18,F,Columbus,Snacks,Mainstream,2022,183.49166666666665,158.06933333333333,Active,2024-04,0
502466,1,3.0,5.0,4.0,0.25,254.17,182.65,0.39156857377497933,-0.37142857142857144,0.5900799644743948,3,1.0,50.833999999999996,2.0,0.25333333333333335,2.0,2.0,0.0,-0.11428571428571428,0.3333333333333333,1.0,-0.6666666666666667,1.0,1.0,0.0,3.0,3.0,1.0,0,4.0,6,0,0,61.0,0,Platinum,2,0,26,F,Raleigh,Bakery,Mainstream,2022,218.41,208.67285714285714,Active,2024-04,0
502467,1,9.0,5.0,1.6666666666666667,1.9999999999999998,165.95999999999998,56.52,1.9363057324840758,1.3142857142857143,0.9424219339962445,3,0.8333333333333334,33.19199999999999,2.6666666666666665,0.34199999999999997,1.3333333333333333,1.3333333333333333,0.0,0.0,2.0,0.3333333333333333,3.0,0.6666666666666666,0.0,0.0,0.0,0.0,0.0,0,7.0,6,0,0,61.0,0,Silver,0,1,25,M,Madison,Snacks,Value,2022,111.23999999999997,115.81153846153846,Active,2024-04,0
502468,1,7.0,7.333333333333333,9.0,-0.18518518518518523,194.16333333333333,243.36999999999998,-0.20218871129007954,-0.5428571428571428,0.21946550823662483,3,1.0,26.47681818181818,4.0,0.31833333333333336,4.0,4.0,0.0,-0.22857142857142856,0.0,0.0,0.0,0.0,1.0,0.0,0.0,0.0,0.0,0,7.0,6,0,0,59.0,0,Silver,0,0,15,Unknown,Boise,Personal Care,Mainstream,2023,218.76666666666668,204.51714285714283,Active,2024-04,0
502469,7,0.0,0.0,0.0,0.0,0.0,0.0,0.0,0.0,0.0,0,0.0,0.0,0.0,0.0,0.0,0.0,0.0,0.0,0.0,0.0,0.0,0.0,0.0,0.0,0.0,0.0,0.0,0,7.0,6,0,0,61.0,0,Silver,0,1,24,F,Raleigh,Personal Care,Upscale,2022,0.0,42.39666666666667,Lapsed,2024-04,1
502470,1,2.0,4.333333333333333,3.3333333333333335,0.2999999999999999,205.7266666666667,149.38,0.3772035524612846,0.028571428571428584,0.34412053082926225,3,1.0,47.47538461538463,2.6666666666666665,0.31666666666666665,2.3333333333333335,3.3333333333333335,-0.3,-0.5428571428571428,1.6666666666666667,2.0,-0.16666666666666663,0.0,0.3333333333333333,1.0,0.0,1.0,1.0,1,3.0,6,0,0,74.0,0,Platinum,2,1,27,F,Nashville,Household,Value,2022,177.55333333333337,216.69466666666668,Active,2024-04,0
502471,1,4.0,6.666666666666667,2.6666666666666665,1.5,167.21666666666667,57.629999999999995,1.9015559025970272,0.9142857142857143,0.7657361134426676,3,1.0,25.0825,3.0,0.32,2.3333333333333335,2.6666666666666665,-0.12499999999999989,0.2,0.6666666666666666,2.3333333333333335,-0.7142857142857144,0.6666666666666666,0.6666666666666666,0.0,0.0,0.0,0.0,0,7.0,6,0,0,31.0,0,Silver,0,1,18,F,Boise,Dairy,Mainstream,2022,112.42333333333333,95.02933333333334,Active,2024-04,0
502472,1,10.0,8.666666666666666,3.3333333333333335,1.5999999999999996,315.21999999999997,128.38333333333333,1.4553031286511748,1.2,0.5616344324706564,3,1.0,36.371538461538464,4.0,0.27666666666666667,2.3333333333333335,2.6666666666666665,-0.12499999999999989,-0.2571428571428571,0.0,0.3333333333333333,-0.6666666666666666,1.0,0.6666666666666666,0.0,1.0,1.0,0.0,0,5.0,6,0,0,49.0,0,Silver,0,0,17,F,Tulsa,Bakery,Mainstream,2022,221.80166666666665,198.6392857142857,Active,2024-04,0
502474,1,2.0,2.0,4.0,-0.5,87.945,170.075,-0.4829046009113626,-0.4067796610169492,0.37702738340774283,2,1.0,43.9725,2.0,0.38,1.0,1.0,0.0,-0.06779661016949153,0.5,0.0,1.0,0.5,0.5,0.0,0.0,0.0,0.0,0,7.0,6,0,2,28.0,0,Gold,1,0,15,F,Columbus,Personal Care,Value,2023,129.01,122.56,Active,2024-04,0
502475,1,5.0,4.0,4.0,0.0,135.41333333333333,131.35500000000002,0.03089591818608586,0.17441860465116277,0.3325485378807212,3,1.0,33.85333333333333,1.6666666666666667,0.358,2.6666666666666665,1.0,1.6666666666666665,0.40697674418604646,2.0,1.5,0.3333333333333333,0.6666666666666666,0.0,0.0,0.0,0.0,0.0,0,7.0,6,0,1,37.0,0,Gold,1,1,29,M,Raleigh,Frozen Foods,Mainstream,2021,133.79000000000002,112.25538461538461,Active,2024-04,0
502476,1,1.0,1.6666666666666667,3.6666666666666665,-0.5454545454545454,73.64333333333333,164.71666666666667,-0.5529090357178994,-0.9714285714285714,0.8455288805473979,3,0.8333333333333334,44.186,3.0,0.298,1.6666666666666667,1.6666666666666667,0.0,-0.05714285714285714,1.6666666666666667,1.3333333333333333,0.2500000000000001,0.0,0.0,0.0,0.0,0.0,0.0,0,7.0,6,0,0,52.0,0,Platinum,2,1,13,F,Denver,Frozen Foods,Value,2023,119.17999999999999,184.9527272727273,Active,2024-04,0
502477,1,5.0,5.5,5.5,0.0,173.01999999999998,173.01999999999998,0.0,0.0,0.20234654953184608,2,1.0,31.458181818181814,2.0,0.23500000000000001,1.5,1.5,0.0,0.0,1.0,1.0,0.0,0.5,0.5,0.0,0.0,0.0,0.0,0,7.0,2,1,0,22.0,0,Gold,1,1,3,F,Tulsa,Frozen Foods,Value,2024,173.01999999999998,173.01999999999998,Active,2024-04,0
502478,1,1.0,1.6666666666666667,3.6666666666666665,-0.5454545454545454,69.14333333333333,158.73333333333335,-0.5644057118857624,-0.6285714285714286,0.5246302173917112,3,1.0,41.486,2.3333333333333335,0.20500000000000004,1.0,1.6666666666666667,-0.4,-0.22857142857142856,0.3333333333333333,1.0,-0.6666666666666667,0.3333333333333333,1.0,0.0,0.0,0.0,0.0,0,7.0,6,0,0,34.0,0,Gold,1,1,18,M,Tulsa,Personal Care,Value,2022,113.93833333333333,112.83285714285715,Active,2024-04,0
502479,7,0.0,0.0,0.0,0.0,0.0,0.0,0.0,0.0,0.0,0,0.0,0.0,0.0,0.0,0.0,0.0,0.0,0.0,0.0,0.0,0.0,0.0,0.0,0.0,0.0,0.0,0.0,0,7.0,6,0,0,35.0,0,Gold,1,1,34,F,Austin,Household,Upscale,2021,0.0,39.6925,Lapsed,2024-04,1
502480,1,9.0,9.0,5.666666666666667,0.588235294117647,310.9066666666667,208.04666666666665,0.49440830582882067,1.2,0.30118848700666034,3,1.0,34.54518518518519,4.666666666666667,0.3383333333333333,1.6666666666666667,3.6666666666666665,-0.5454545454545454,-0.11428571428571428,2.0,1.6666666666666667,0.19999999999999996,0.6666666666666666,1.0,0.0,0.0,0.0,0.0,0,7.0,6,0,0,47.0,0,Gold,1,1,10,F,Spokane,Bakery,Mainstream,2023,259.47666666666663,287.3988888888889,Active,2024-04,0
502481,1,2.0,5.0,5.333333333333333,-0.062499999999999944,158.4,191.87333333333333,-0.17445536986206175,-0.6571428571428571,0.3734316057834337,3,1.0,31.68,5.0,0.24666666666666667,4.333333333333333,1.0,3.0,1.0857142857142856,1.6666666666666667,2.3333333333333335,-0.28571428571428575,0.3333333333333333,0.3333333333333333,0.0,0.0,0.0,0.0,0,7.0,6,0,0,49.0,0,Gold,1,1,11,M,Boise,Produce,Mainstream,2023,175.13666666666668,171.417,Active,2024-04,0
502482,6,0.0,0.0,0.3333333333333333,-0.6666666666666666,0.0,14.193333333333333,-1.0,-0.14285714285714285,2.23606797749979,0,0.16666666666666666,0.0,0.0,0.42,0.0,0.0,0.0,0.0,0.0,0.0,0.0,0.0,0.0,0.0,1.0,1.0,0.0,0,5.0,6,0,0,44.0,0,Platinum,2,1,9,F,Denver,Household,Mainstream,2023,7.096666666666667,61.69,Lapsed,2024-04,1
502483,7,0.0,0.0,0.0,0.0,0.0,0.0,0.0,0.0,0.0,0,0.0,0.0,0.0,0.0,0.0,0.0,0.0,0.0,0.0,0.0,0.0,0.0,0.0,0.0,0.0,0.0,0.0,0,7.0,6,0,0,64.0,0,Gold,1,1,35,F,Spokane,Frozen Foods,Mainstream,2021,0.0,76.23,Lapsed,2024-04,1
502484,1,5.0,3.6666666666666665,4.0,-0.08333333333333337,105.75999999999999,121.09,-0.12660004954992166,0.7,0.42989787773899113,3,1.0,28.843636363636364,2.6666666666666665,0.2825,2.0,2.0,0.0,0.2,0.6666666666666666,2.0,-0.6666666666666667,1.0,0.0,0.0,0.0,0.0,0.0,0,7.0,4,0,0,50.0,0,Silver,0,1,5,F,Spokane,Snacks,Mainstream,2023,109.5925,109.5925,Active,2024-04,0
502485,7,0.0,0.0,0.0,0.0,0.0,0.0,0.0,0.0,0.0,0,0.0,0.0,0.0,0.0,0.0,0.0,0.0,0.0,0.0,0.0,0.0,0.0,0.0,0.0,0.0,0.0,0.0,0,7.0,6,0,0,60.0,0,Silver,0,1,16,F,Denver,Produce,Mainstream,2022,0.0,89.78666666666668,Lapsed,2024-04,1
502486,1,1.0,4.0,6.333333333333333,-0.3684210526315789,164.805,280.77,-0.41302489582220314,-1.0405405405405403,0.49693739434509143,2,1.0,41.20125,1.5,0.276,1.5,3.6666666666666665,-0.5909090909090909,-0.45945945945945943,1.0,1.6666666666666667,-0.4,0.5,0.0,0.0,0.0,0.0,0.0,0,7.0,6,0,1,70.0,0,Platinum,2,1,16,F,Portland,Snacks,Mainstream,2022,234.38400000000001,215.35714285714286,Active,2024-04,0
502487,1,6.0,4.666666666666667,4.0,0.16666666666666674,170.88333333333333,138.18666666666667,0.236612311848707,0.2857142857142857,0.26283837295449625,3,1.0,36.61785714285714,4.666666666666667,0.3466666666666667,2.0,2.3333333333333335,-0.1428571428571429,-0.02857142857142857,0.6666666666666666,0.3333333333333333,0.6666666666666666,1.6666666666666667,0.6666666666666666,0.0,2.0,2.0,1.0,0,4.0,6,0,0,50.0,0,Gold,1,0,21,F,Tulsa,Personal Care,Mainstream,2022,154.535,169.00428571428571,Active,2024-04,0
502488,1,3.0,2.3333333333333335,3.0,-0.22222222222222218,50.346666666666664,62.31666666666666,-0.19208344477132921,-0.22857142857142856,0.3332920984608747,3,1.0,21.577142857142853,3.6666666666666665,0.2316666666666667,1.0,1.3333333333333333,-0.24999999999999994,-0.14285714285714285,2.6666666666666665,2.0,0.33333333333333326,0.6666666666666666,0.0,0.0,1.0,1.0,0.0,0,5.0,6,0,0,64.0,0,Silver,0,1,11,F,Tulsa,Bakery,Value,2023,56.331666666666656,60.303,Active,2024-04,0
502489,1,8.0,6.333333333333333,3.5,0.8095238095238094,285.0566666666667,174.88,0.6300129612686796,0.7,0.4753105923944234,3,1.0,45.008947368421055,4.0,0.298,2.0,1.0,1.0,0.1,1.3333333333333333,1.0,0.33333333333333326,1.0,1.5,0.0,0.0,0.0,0.0,0,7.0,6,0,1,44.0,0,Platinum,2,1,29,F,Raleigh,Frozen Foods,Mainstream,2021,240.98600000000002,250.09,Active,2024-04,0
502490,7,0.0,0.0,0.0,0.0,0.0,0.0,0.0,0.0,0.0,0,0.0,0.0,0.0,0.0,0.0,0.0,0.0,0.0,0.0,0.0,0.0,0.0,0.0,0.0,0.0,0.0,0.0,0,7.0,6,0,0,41.0,0,Silver,0,1,32,M,Columbus,Bakery,Upscale,2021,0.0,84.5275,Lapsed,2024-04,1
502491,1,5.0,5.0,3.3333333333333335,0.49999999999999994,142.86333333333334,88.27666666666666,0.6183589472491791,0.37142857142857144,0.41293954589869264,3,1.0,28.57266666666667,3.0,0.17833333333333337,0.0,0.3333333333333333,-0.6666666666666666,-0.028571428571428577,1.3333333333333333,1.0,0.33333333333333326,0.6666666666666666,0.3333333333333333,0.0,2.0,2.0,1.0,0,6.0,6,0,0,20.0,0,Silver,0,1,16,F,Spokane,Produce,Mainstream,2022,115.57000000000001,92.43599999999999,Active,2024-04,0
502492,6,0.0,0.0,1.0,-1.0,0.0,37.583333333333336,-1.0,-0.42857142857142855,2.2360679774997894,0,0.16666666666666666,0.0,0.0,0.26,0.0,0.6666666666666666,-1.0,-0.11428571428571428,0.0,2.6666666666666665,-1.0,0.0,0.3333333333333333,0.0,3.0,3.0,0.0,0,4.0,6,0,0,64.0,0,Silver,0,1,32,F,Tulsa,Frozen Foods,Mainstream,2021,18.791666666666668,53.11833333333334,Lapsed,2024-04,1
502493,2,0.0,2.0,2.0,0.0,51.76333333333334,51.76333333333334,0.0,-0.5,1.133396244232963,2,0.6666666666666666,25.88166666666667,1.0,0.43,1.0,1.0,0.0,-1.5,0.0,0.0,0.0,0.6666666666666666,0.6666666666666666,0.0,0.0,0.0,0.0,0,7.0,3,1,0,22.0,0,Silver,0,0,4,F,Columbus,Snacks,Value,2023,51.76333333333334,77.64500000000001,Active,2024-04,0
502494,1,2.0,2.3333333333333335,2.3333333333333335,0.0,93.04666666666667,90.57000000000001,0.027345331419528093,1.2688263138573217e-17,0.42478923899466864,3,1.0,39.87714285714286,2.3333333333333335,0.24333333333333337,1.3333333333333333,1.6666666666666667,-0.20000000000000007,-0.2,0.3333333333333333,0.3333333333333333,0.0,0.6666666666666666,0.6666666666666666,1.0,0.0,1.0,0.0,0,1.0,6,0,0,67.0,0,Silver,0,0,13,F,Nashville,Snacks,Mainstream,2023,91.80833333333334,90.06545454545454,Active,2024-04,0
502495,1,2.0,3.3333333333333335,4.666666666666667,-0.28571428571428575,101.00999999999999,161.01666666666668,-0.3726736362695374,-0.2857142857142857,0.4887742578400857,3,1.0,30.302999999999997,2.0,0.2866666666666666,2.0,1.6666666666666667,0.19999999999999996,0.14285714285714285,2.3333333333333335,0.6666666666666666,2.5000000000000004,0.3333333333333333,1.0,0.0,0.0,0.0,0.0,0,7.0,6,0,0,26.0,0,Silver,0,1,33,F,Denver,Dairy,Upscale,2021,131.01333333333332,129.04461538461538,Active,2024-04,0
502496,1,8.0,3.0,0.0,3.0,71.61,0.0,3.0,1.2285714285714286,1.9189098672307334,2,0.3333333333333333,23.87,1.6666666666666667,0.14500000000000002,0.3333333333333333,1.6666666666666667,-0.8,-0.17142857142857143,0.3333333333333333,0.6666666666666666,-0.5,0.6666666666666666,0.0,0.0,0.0,0.0,0.0,0,7.0,6,0,0,62.0,0,Silver,0,0,23,M,Boise,Bakery,Upscale,2022,35.805,71.77222222222223,Active,2024-04,0
502497,1,7.0,6.333333333333333,4.5,0.40740740740740733,197.34666666666666,139.63,0.4133543412351692,0.7,0.19226985029709842,3,1.0,31.16,2.6666666666666665,0.246,2.3333333333333335,2.5,-0.06666666666666661,-0.2,0.0,0.0,0.0,0.3333333333333333,1.0,1.0,0.0,1.0,0.0,0,3.0,5,0,0,73.0,0,Silver,0,0,6,M,Denver,Frozen Foods,Mainstream,2023,174.26,174.26,Active,2024-04,0
502498,7,0.0,0.0,0.0,0.0,0.0,0.0,0.0,0.0,0.0,0,0.0,0.0,0.0,0.0,0.0,0.0,0.0,0.0,0.0,0.0,0.0,0.0,0.0,0.0,0.0,0.0,0.0,0,7.0,6,0,0,49.0,0,Gold,1,1,34,M,Columbus,Snacks,Value,2021,0.0,65.315,Lapsed,2024-04,1
502499,1,6.0,6.0,6.666666666666667,-0.10000000000000003,167.66,192.67333333333332,-0.12982249749143623,-0.4,0.3059912927311193,3,1.0,27.94333333333333,2.0,0.23500000000000001,3.6666666666666665,3.3333333333333335,0.09999999999999991,-0.14285714285714285,1.6666666666666667,4.0,-0.5833333333333333,0.0,1.0,0.0,0.0,0.0,0.0,0,7.0,6,0,0,61.0,0,Silver,0,1,33,F,Columbus,Beverages,Value,2021,180.16666666666666,177.71533333333335,Active,2024-04,0
502500,1,5.0,7.0,4.333333333333333,0.6153846153846155,204.51333333333335,112.07666666666667,0.8247628111709248,0.45714285714285713,0.4336316724329234,3,1.0,29.21619047619048,2.6666666666666665,0.33166666666666667,3.3333333333333335,3.0,0.11111111111111116,-0.2,1.0,1.0,0.0,1.0,0.3333333333333333,1.0,0.0,1.0,0.0,0,2.0,6,0,0,69.0,0,Gold,1,1,13,M,Portland,Snacks,Mainstream,2023,158.29500000000002,134.8175,Active,2024-04,0
502502,1,7.0,5.333333333333333,6.666666666666667,-0.20000000000000007,201.6966666666667,265.5133333333333,-0.24035202249730073,-0.2857142857142857,0.24117089018669396,3,1.0,37.81812500000001,3.0,0.24333333333333332,3.3333333333333335,3.6666666666666665,-0.09090909090909083,-0.2,2.0,2.0,0.0,1.0,1.3333333333333333,2.0,0.0,2.0,0.0,0,3.0,6,0,0,46.0,0,Gold,1,1,21,M,Tulsa,Bakery,Value,2022,233.60500000000002,209.88785714285714,Active,2024-04,0
502504,1,2.0,2.6666666666666665,2.3333333333333335,0.1428571428571427,115.11000000000001,98.24000000000001,0.1717223127035831,0.2,0.5528278292130607,3,0.8333333333333334,43.166250000000005,2.0,0.364,1.6666666666666667,2.3333333333333335,-0.28571428571428575,-0.22857142857142856,1.6666666666666667,1.6666666666666667,0.0,1.3333333333333333,0.0,0.0,0.0,0.0,0.0,0,7.0,6,0,0,46.0,1,Gold,1,1,16,F,Austin,Household,Upscale,2022,106.67500000000001,180.70285714285714,Active,2024-04,0
502505,1,5.0,4.666666666666667,6.0,-0.22222222222222218,147.6,189.76,-0.22217537942664417,-0.5714285714285714,0.3090988229961845,3,1.0,31.628571428571426,2.3333333333333335,0.32666666666666666,5.0,2.0,1.5,0.6571428571428571,0.3333333333333333,0.3333333333333333,0.0,0.3333333333333333,0.3333333333333333,0.0,1.0,1.0,0.0,0,4.0,6,0,0,23.0,0,Silver,0,0,27,M,Denver,Personal Care,Mainstream,2022,168.68000000000004,195.91857142857143,Active,2024-04,0
502506,2,0.0,2.3333333333333335,3.3333333333333335,-0.3,111.68,151.04333333333332,-0.26060953810164844,-0.37142857142857144,0.6459786557119912,2,0.8333333333333334,47.862857142857145,1.0,0.382,0.3333333333333333,0.3333333333333333,0.0,0.0,0.0,0.3333333333333333,-0.6666666666666666,0.6666666666666666,1.3333333333333333,0.0,1.0,1.0,0.0,0,4.0,6,0,0,33.0,0,Platinum,2,0,24,M,Spokane,Household,Value,2022,131.36166666666668,128.66538461538462,Active,2024-04,0
502507,3,0.0,0.3333333333333333,0.0,0.6666666666666666,7.239999999999999,0.0,3.0,0.02857142857142857,2.2360679774997894,1,0.16666666666666666,21.72,0.6666666666666666,0.52,0.3333333333333333,0.0,0.6666666666666666,0.02857142857142857,0.0,0.6666666666666666,-1.0,0.0,0.0,0.0,0.0,0.0,0.0,0,7.0,6,0,0,74.0,0,Silver,0,0,30,M,Austin,Household,Upscale,2021,3.6199999999999997,35.935,Active,2024-04,0
502508,7,0.0,0.0,0.0,0.0,0.0,0.0,0.0,0.0,0.0,0,0.0,0.0,0.0,0.0,0.0,0.0,0.0,0.0,0.0,0.0,0.0,0.0,0.0,0.0,0.0,0.0,0.0,0,7.0,6,0,0,55.0,0,Silver,0,0,36,M,Tulsa,Household,Value,2021,0.0,63.00142857142857,Lapsed,2024-04,1
502509,1,1.0,1.6666666666666667,5.0,-0.6666666666666666,60.276666666666664,172.6,-0.6507724990343762,-1.3142857142857143,0.9142519505991695,2,0.8333333333333334,36.166,1.3333333333333333,0.34400000000000003,0.0,0.3333333333333333,-0.6666666666666666,-0.14285714285714285,2.0,2.0,0.0,1.0,1.6666666666666667,2.0,1.0,3.0,1.0,1,1.0,6,0,0,28.0,0,Gold,1,1,28,F,Madison,Household,Value,2021,116.43833333333333,121.12923076923077,Active,2024-04,1
502510,2,0.0,5.333333333333333,4.0,0.33333333333333326,156.88,117.07,0.3400529597676604,-1.0,0.6646061420280609,2,0.75,29.415,3.0,0.13333333333333333,1.3333333333333333,3.0,-0.5555555555555556,-1.1,0.3333333333333333,0.0,0.6666666666666666,0.3333333333333333,0.0,0.0,0.0,0.0,0.0,0,7.0,4,0,0,39.0,0,Silver,0,1,5,M,Spokane,Personal Care,Value,2023,146.9275,195.90333333333334,Active,2024-04,0
502512,1,4.0,3.0,3.6666666666666665,-0.1818181818181818,94.48,97.29333333333334,-0.028915992873783738,-0.17142857142857143,0.2666756571757784,3,1.0,31.493333333333336,2.3333333333333335,0.36000000000000004,0.6666666666666666,2.0,-0.6666666666666667,-0.2857142857142857,2.0,1.6666666666666667,0.19999999999999996,0.3333333333333333,0.3333333333333333,1.0,0.0,1.0,1.0,1,2.0,6,0,0,42.0,0,Silver,0,1,37,F,Austin,Frozen Foods,Value,2021,95.88666666666666,104.836,Active,2024-04,0
502513,1,4.0,3.6666666666666665,4.333333333333333,-0.15384615384615383,121.67333333333333,138.17333333333332,-0.11941522725079601,-0.11428571428571428,0.24493857073068873,3,1.0,33.18363636363637,1.3333333333333333,0.30000000000000004,3.6666666666666665,3.0,0.22222222222222218,0.17142857142857143,1.6666666666666667,0.0,3.0,1.0,0.0,0.0,1.0,1.0,0.0,0,5.0,6,0,0,52.0,0,Platinum,2,0,30,M,Tulsa,Beverages,Mainstream,2021,129.92333333333335,146.194,Active,2024-04,0
502514,1,5.0,6.0,3.0,1.0,138.95,67.785,1.0498635391310762,0.23076923076923078,0.5075682779630263,2,1.0,23.15833333333333,3.5,0.3325,1.5,1.5,0.0,0.0,2.0,2.5,-0.2,0.0,0.0,0.0,0.0,0.0,0.0,0,7.0,6,0,2,40.0,0,Silver,0,1,25,M,Boise,Frozen Foods,Mainstream,2022,103.36749999999999,89.15846153846154,Active,2024-04,0
502515,1,5.0,5.666666666666667,4.5,0.2592592592592593,168.01666666666668,136.19,0.2336931248011358,0.21621621621621623,0.13081021757444608,3,1.0,29.650000000000002,3.6666666666666665,0.30199999999999994,2.6666666666666665,1.5,0.7777777777777777,0.35135135135135137,2.0,0.5,3.0,0.0,2.0,1.0,0.0,1.0,1.0,1,2.0,6,0,1,46.0,0,Silver,0,1,9,F,Raleigh,Household,Value,2023,155.286,149.95857142857145,Active,2024-04,0
502516,1,2.0,2.0,2.6666666666666665,-0.24999999999999994,88.79333333333334,110.53333333333332,-0.196682750301568,1.2688263138573217e-17,0.545354218347359,2,0.8333333333333334,44.39666666666667,0.6666666666666666,0.202,1.6666666666666667,1.6666666666666667,0.0,0.22857142857142856,0.6666666666666666,2.0,-0.6666666666666667,0.3333333333333333,1.0,0.0,0.0,0.0,0.0,0,7.0,6,0,0,28.0,0,Platinum,2,1,30,M,Columbus,Household,Value,2021,99.66333333333334,114.75692307692309,Active,2024-04,0
502517,1,8.0,5.333333333333333,5.333333333333333,0.0,209.48000000000002,209.48000000000002,0.0,1.0,0.4394757126370246,3,1.0,39.2775,1.6666666666666667,0.29,4.666666666666667,4.666666666666667,0.0,-0.5,1.3333333333333333,1.3333333333333333,0.0,0.3333333333333333,0.3333333333333333,0.0,0.0,0.0,0.0,0,7.0,3,1,0,21.0,0,Gold,1,1,4,F,Madison,Snacks,Upscale,2023,209.48000000000002,209.48000000000002,Active,2024-04,0
502518,1,2.0,2.6666666666666665,2.3333333333333335,0.1428571428571427,64.61666666666667,56.376666666666665,0.14615975876544687,-0.08571428571428572,0.5645649769971198,3,1.0,24.231250000000003,2.0,0.39166666666666666,1.6666666666666667,0.3333333333333333,2.666666666666667,0.5142857142857142,1.6666666666666667,0.3333333333333333,2.666666666666667,0.0,0.3333333333333333,0.0,2.0,2.0,0.0,0,4.0,6,0,0,23.0,0,Gold,1,1,24,F,Denver,Frozen Foods,Upscale,2022,60.49666666666667,56.08461538461539,Active,2024-04,0
502519,1,4.0,3.6666666666666665,5.666666666666667,-0.3529411764705883,138.22666666666666,180.27666666666667,-0.233252593236322,-0.2857142857142857,0.2832655719943879,3,1.0,37.698181818181816,2.3333333333333335,0.17333333333333334,2.3333333333333335,2.6666666666666665,-0.12499999999999989,0.08571428571428572,0.6666666666666666,0.3333333333333333,0.6666666666666666,0.6666666666666666,0.3333333333333333,1.0,0.0,1.0,0.0,0,3.0,6,0,0,56.0,0,Gold,1,0,14,F,Nashville,Personal Care,Upscale,2023,159.25166666666667,179.96916666666667,Active,2024-04,0
502520,5,0.0,0.0,1.0,-1.0,0.0,35.47,-1.0,-0.3142857142857143,1.5389666175028736,0,0.3333333333333333,0.0,0.0,0.57,0.0,0.0,0.0,0.0,0.0,0.0,0.0,0.0,0.3333333333333333,0.0,1.0,1.0,1.0,0,5.0,6,0,0,20.0,0,Gold,1,1,33,M,Nashville,Frozen Foods,Value,2021,17.735,73.05999999999999,Lapsed,2024-04,1
502521,1,2.0,3.6666666666666665,4.333333333333333,-0.15384615384615383,90.87666666666667,103.86666666666667,-0.12506418485237492,-0.45714285714285713,0.39054567890935027,3,1.0,24.784545454545455,1.6666666666666667,0.21333333333333335,1.6666666666666667,2.6666666666666665,-0.37499999999999994,0.08571428571428573,1.3333333333333333,1.6666666666666667,-0.20000000000000007,1.0,0.6666666666666666,0.0,0.0,0.0,0.0,0,7.0,6,0,0,28.0,0,Silver,0,1,26,F,Raleigh,Bakery,Mainstream,2022,97.37166666666667,105.47733333333333,Active,2024-04,0
502522,7,0.0,0.0,0.0,0.0,0.0,0.0,0.0,0.0,0.0,0,0.0,0.0,0.0,0.0,0.0,0.0,0.0,0.0,0.0,0.0,0.0,0.0,0.0,0.0,0.0,0.0,0.0,0,7.0,6,0,0,56.0,0,Silver,0,1,12,M,Nashville,Bakery,Mainstream,2023,0.0,40.572,Lapsed,2024-04,1
502523,1,2.0,3.6666666666666665,4.666666666666667,-0.21428571428571436,111.70333333333333,136.69,-0.18279805886799813,-0.6,0.33186838695063386,3,1.0,30.464545454545455,1.0,0.24333333333333332,1.0,2.0,-0.5,-0.42857142857142855,0.6666666666666666,1.3333333333333333,-0.5,1.0,1.3333333333333333,0.0,0.0,0.0,0.0,0,7.0,6,0,0,63.0,0,Silver,0,1,30,F,Nashville,Dairy,Upscale,2021,124.19666666666666,150.18800000000002,Active,2024-04,0
502524,1,3.0,3.0,4.0,-0.25,96.77666666666669,145.13,-0.3331725579365625,-0.5,0.24401425865940937,3,1.0,32.2588888888889,1.0,0.3975000000000001,2.0,5.0,-0.6,-1.1,0.3333333333333333,3.0,-0.8888888888888888,0.6666666666666666,1.0,0.0,1.0,1.0,0.0,0,4.0,6,0,2,36.0,0,Gold,1,0,27,F,Raleigh,Snacks,Upscale,2022,108.86500000000001,164.71230769230766,Active,2024-04,0
502525,2,0.0,5.333333333333333,6.666666666666667,-0.20000000000000007,209.99333333333334,242.24666666666667,-0.13314252690095493,-0.9714285714285714,0.544702653043076,2,0.8333333333333334,39.37375,1.6666666666666667,0.2,3.6666666666666665,2.3333333333333335,0.5714285714285713,0.11428571428571428,0.3333333333333333,0.3333333333333333,0.0,0.0,1.6666666666666667,1.0,0.0,1.0,1.0,1,2.0,6,0,0,46.0,0,Silver,0,0,9,F,Columbus,Beverages,Upscale,2023,226.12,252.34,Active,2024-04,0
502526,7,0.0,0.0,0.0,0.0,0.0,0.0,0.0,0.0,0.0,0,0.0,0.0,0.0,0.0,0.0,0.0,0.0,0.0,0.0,0.0,0.0,0.0,0.0,0.0,0.0,0.0,0.0,0,7.0,6,0,0,44.0,0,Silver,0,1,10,F,Nashville,Snacks,Mainstream,2023,0.0,83.08,Lapsed,2024-04,1
502527,1,3.0,4.0,3.6666666666666665,0.09090909090909095,164.64333333333335,150.60999999999999,0.09317663723081708,-0.14285714285714285,0.4774302930853715,3,1.0,41.160833333333336,3.6666666666666665,0.42166666666666663,2.3333333333333335,2.0,0.16666666666666674,-0.08571428571428572,2.3333333333333335,2.3333333333333335,0.0,0.6666666666666666,0.3333333333333333,0.0,0.0,0.0,0.0,0,7.0,6,0,0,61.0,0,Gold,1,1,14,M,Tulsa,Snacks,Upscale,2023,157.62666666666667,177.82916666666665,Active,2024-04,0
502528,1,5.0,3.6666666666666665,4.0,-0.08333333333333337,176.77333333333334,190.12333333333333,-0.07021757806336235,0.02857142857142857,0.45711953187173365,3,1.0,48.2109090909091,1.0,0.42500000000000004,0.0,2.0,-1.0,-0.7428571428571429,2.3333333333333335,1.6666666666666667,0.4,0.3333333333333333,0.0,0.0,0.0,0.0,0.0,0,7.0,6,0,0,71.0,0,Platinum,2,1,19,Other,Austin,Snacks,Upscale,2022,183.44833333333335,222.12933333333334,Active,2024-04,0
502529,1,8.0,6.666666666666667,8.333333333333334,-0.2,259.7733333333333,291.67,-0.10935875018571228,0.3142857142857143,0.42630461464749925,3,1.0,38.965999999999994,3.3333333333333335,0.255,3.3333333333333335,3.6666666666666665,-0.09090909090909083,0.2,0.0,0.3333333333333333,-0.6666666666666666,2.0,0.3333333333333333,0.0,0.0,0.0,0.0,0,7.0,6,0,0,65.0,0,Gold,1,0,10,M,Madison,Frozen Foods,Mainstream,2023,275.72166666666664,239.8011111111111,Active,2024-04,0
502530,1,1.0,1.0,2.0,-0.5,34.68333333333333,66.88666666666667,-0.4814611781122297,-0.3142857142857143,0.5287176398735058,3,1.0,34.68333333333333,2.3333333333333335,0.2966666666666667,1.0,1.3333333333333333,-0.24999999999999994,-0.2571428571428571,0.6666666666666666,0.0,1.3333333333333333,0.0,0.0,0.0,1.0,1.0,1.0,0,5.0,6,0,0,53.0,0,Silver,0,0,26,F,Tulsa,Produce,Value,2022,50.785,65.66199999999999,Active,2024-04,1
502531,1,3.0,5.333333333333333,3.0,0.7777777777777777,308.7033333333333,157.71,0.9574112823114153,0.2,0.5928048681337612,3,1.0,57.881875,3.0,0.18333333333333335,2.0,0.6666666666666666,2.0000000000000004,0.4,0.3333333333333333,0.0,0.6666666666666666,0.6666666666666666,0.3333333333333333,1.0,0.0,1.0,0.0,0,2.0,6,0,0,60.0,0,Platinum,2,0,20,M,Tulsa,Personal Care,Upscale,2022,233.2066666666667,299.464,Active,2024-04,0
502532,1,1.0,2.3333333333333335,3.3333333333333335,-0.3,70.8,98.25333333333333,-0.2794137603474013,-0.2,0.5948442318154602,3,1.0,30.342857142857138,0.6666666666666666,0.26,1.0,1.3333333333333333,-0.24999999999999994,-0.08571428571428572,0.6666666666666666,0.3333333333333333,0.6666666666666666,1.0,0.6666666666666666,0.0,0.0,0.0,0.0,0,7.0,6,0,0,64.0,0,Silver,0,1,7,F,Columbus,Snacks,Mainstream,2023,84.52666666666666,84.52666666666666,Active,2024-04,0
502533,7,0.0,0.0,0.0,0.0,0.0,0.0,0.0,0.0,0.0,0,0.0,0.0,0.0,0.0,0.0,0.0,0.0,0.0,0.0,0.0,0.0,0.0,0.0,0.0,0.0,0.0,0.0,0,7.0,6,0,0,66.0,0,Platinum,2,1,26,F,Spokane,Household,Mainstream,2022,0.0,49.575,Lapsed,2024-04,1
502534,1,1.0,1.0,1.0,0.0,27.39,27.39,0.0,0.0,0.0,1,1.0,27.39,4.0,0.24,2.0,2.0,0.0,0.0,1.0,1.0,0.0,1.0,1.0,0.0,0.0,0.0,0.0,0,7.0,1,1,0,61.0,0,Gold,1,1,2,M,Columbus,Personal Care,Mainstream,2024,27.39,27.39,Active,2024-04,0
502535,1,1.0,1.3333333333333333,3.0,-0.5555555555555556,61.82666666666666,132.03666666666666,-0.531746232107243,-0.6,0.7517588921672915,2,0.8333333333333334,46.37,0.6666666666666666,0.256,0.6666666666666666,0.6666666666666666,0.0,0.0,2.0,1.6666666666666667,0.19999999999999996,0.0,0.3333333333333333,1.0,0.0,1.0,0.0,0,1.0,6,0,0,58.0,0,Platinum,2,1,35,F,Madison,Beverages,Mainstream,2021,96.93166666666667,132.78714285714287,Active,2024-04,1
502536,1,1.0,5.0,5.0,0.0,218.0333333333333,216.3466666666667,0.0077961296684331185,0.0,0.4970806213864805,3,1.0,43.60666666666666,1.3333333333333333,0.3233333333333333,3.0,2.6666666666666665,0.12500000000000006,-0.08571428571428573,0.0,1.0,-1.0,0.3333333333333333,0.3333333333333333,0.0,0.0,0.0,0.0,0,7.0,6,0,0,72.0,0,Platinum,2,0,30,F,Boise,Beverages,Value,2021,217.18999999999997,277.3342857142857,Active,2024-04,0
502537,1,1.0,3.0,3.0,0.0,46.144999999999996,46.144999999999996,0.0,0.0,0.7035431791093293,2,1.0,15.381666666666666,2.5,0.32499999999999996,0.5,0.5,0.0,0.0,0.5,0.5,0.0,0.5,0.5,0.0,0.0,0.0,0.0,0,7.0,2,1,0,38.0,0,Silver,0,1,3,M,Spokane,Personal Care,Value,2024,46.144999999999996,46.144999999999996,Active,2024-04,0
502538,1,10.0,11.333333333333334,8.333333333333334,0.36,311.08,239.46333333333334,0.29907153496011907,0.8285714285714286,0.17295340565875897,3,1.0,27.448235294117644,4.0,0.29833333333333334,3.3333333333333335,3.6666666666666665,-0.09090909090909083,0.08571428571428572,2.0,1.3333333333333333,0.5000000000000001,1.3333333333333333,0.3333333333333333,2.0,0.0,2.0,0.0,0,1.0,6,0,0,46.0,1,Silver,0,1,31,F,Tulsa,Household,Mainstream,2021,275.27166666666665,279.34714285714284,Active,2024-04,0
502539,1,1.0,3.0,4.0,-0.25,158.85,185.89333333333332,-0.14547769330081764,-0.08571428571428572,0.6725498114923472,3,1.0,52.949999999999996,2.0,0.225,0.0,0.3333333333333333,-0.6666666666666666,-0.028571428571428577,1.6666666666666667,1.6666666666666667,0.0,0.0,0.0,0.0,1.0,1.0,0.0,0,6.0,6,0,0,46.0,0,Platinum,2,1,12,M,Spokane,Frozen Foods,Mainstream,2023,172.37166666666667,171.49545454545455,Active,2024-04,0
502540,7,0.0,0.0,0.0,0.0,0.0,0.0,0.0,0.0,0.0,0,0.0,0.0,0.0,0.0,0.0,0.0,0.0,0.0,0.0,0.0,0.0,0.0,0.0,0.0,0.0,0.0,0.0,0,7.0,6,0,0,39.0,0,Silver,0,0,25,F,Boise,Household,Upscale,2022,0.0,150.62333333333333,Lapsed,2024-04,1
502541,7,0.0,0.0,0.0,0.0,0.0,0.0,0.0,0.0,0.0,0,0.0,0.0,0.0,0.0,0.0,0.0,0.0,0.0,0.0,0.0,0.0,0.0,0.0,0.0,0.0,0.0,0.0,0,7.0,6,0,0,20.0,0,Silver,0,0,9,F,Nashville,Produce,Mainstream,2023,0.0,25.29,Lapsed,2024-04,1
502542,1,1.0,0.6666666666666666,1.0,-0.33333333333333337,14.1,21.366666666666664,-0.3400936037441497,0.02857142857142857,0.8391898083606842,2,0.6666666666666666,21.150000000000002,1.0,0.3825,0.0,0.3333333333333333,-0.6666666666666666,-0.028571428571428577,0.0,1.0,-1.0,0.0,0.0,1.0,0.0,1.0,0.0,0,1.0,6,0,0,72.0,0,Silver,0,0,12,F,Spokane,Household,Upscale,2023,17.73333333333333,27.623333333333335,Active,2024-04,1
502544,1,3.0,5.0,9.5,-0.47368421052631576,177.73666666666668,332.43,-0.46534107431138383,-1.5675675675675675,0.6134855160746447,3,1.0,35.547333333333334,4.0,0.268,3.0,4.0,-0.25,-0.04054054054054054,1.6666666666666667,0.5,2.3333333333333335,0.0,0.5,0.0,0.0,0.0,0.0,0,7.0,6,0,1,44.0,0,Silver,0,1,25,F,Madison,Produce,Unknown,2022,239.61400000000003,205.82,Active,2024-04,0
502545,7,0.0,0.0,0.0,0.0,0.0,0.0,0.0,0.0,0.0,0,0.0,0.0,0.0,0.0,0.0,0.0,0.0,0.0,0.0,0.0,0.0,0.0,0.0,0.0,0.0,0.0,0.0,0,7.0,6,0,0,59.0,0,Silver,0,0,22,F,Denver,Household,Value,2022,0.0,201.69,Lapsed,2024-04,1
502546,1,3.0,4.0,4.0,0.0,120.95,120.95,0.0,0.0,0.3093840429929723,2,1.0,30.2375,1.0,0.265,0.5,0.5,0.0,0.0,1.5,1.5,0.0,0.5,0.5,0.0,0.0,0.0,0.0,0,7.0,2,1,0,72.0,0,Silver,0,1,3,F,Columbus,Snacks,Mainstream,2024,120.95,120.95,Active,2024-04,0
502547,1,6.0,6.0,2.6666666666666665,1.2500000000000002,240.69333333333336,121.35000000000001,0.9834638099162204,0.7428571428571429,0.3804535489190023,3,1.0,40.11555555555556,3.0,0.305,0.3333333333333333,0.0,0.6666666666666666,0.08571428571428572,0.0,1.0,-1.0,0.3333333333333333,0.6666666666666666,0.0,0.0,0.0,0.0,0,7.0,6,0,0,45.0,0,Platinum,2,0,10,F,Nashville,Beverages,Upscale,2023,181.02166666666668,195.12875,Active,2024-04,0
502548,1,2.0,3.6666666666666665,5.666666666666667,-0.3529411764705883,167.80666666666664,267.44,-0.37254462060025934,-0.6857142857142857,0.4657758451075007,3,1.0,45.76545454545454,1.3333333333333333,0.35166666666666674,1.0,2.6666666666666665,-0.625,-0.7142857142857143,0.3333333333333333,1.6666666666666667,-0.8,0.6666666666666666,2.3333333333333335,2.0,2.0,4.0,0.0,0,1.0,6,0,0,28.0,0,Platinum,2,0,25,F,Spokane,Household,Mainstream,2022,217.62333333333333,241.56599999999997,Active,2024-04,1
502549,1,10.0,7.0,2.3333333333333335,1.9999999999999996,253.70333333333338,92.04666666666667,1.756246831317448,1.6571428571428573,0.670206078241506,3,1.0,36.24333333333334,3.0,0.255,0.3333333333333333,2.3333333333333335,-0.8571428571428571,-0.5714285714285714,1.0,2.3333333333333335,-0.5714285714285715,1.0,1.0,1.0,0.0,1.0,1.0,1,2.0,6,0,0,24.0,0,Platinum,2,1,30,Other,Nashville,Frozen Foods,Value,2021,172.875,196.9042857142857,Active,2024-04,0
502551,2,0.0,1.3333333333333333,4.0,-0.6666666666666667,39.36666666666667,130.72,-0.6988474092207262,-1.1,0.6891101766750946,2,0.8,29.525000000000002,1.3333333333333333,0.405,0.0,1.0,-1.0,-0.4,0.0,0.0,0.0,0.0,0.5,1.0,1.0,2.0,2.0,1,2.0,5,0,0,21.0,0,Gold,1,0,6,M,Columbus,Dairy,Upscale,2023,75.90799999999999,94.885,Active,2024-04,1
502552,1,5.0,3.3333333333333335,3.6666666666666665,-0.09090909090909083,135.96,120.44666666666667,0.12879836165384403,-0.2,0.45850842296087085,3,1.0,40.788000000000004,3.0,0.15000000000000002,0.3333333333333333,1.3333333333333333,-0.75,-0.14285714285714282,1.0,1.0,0.0,1.3333333333333333,0.6666666666666666,1.0,1.0,2.0,1.0,0,1.0,6,0,0,69.0,0,Silver,0,1,23,F,Raleigh,Frozen Foods,Mainstream,2022,128.20333333333335,142.488,Active,2024-04,0
502553,1,4.0,2.0,0.6666666666666666,2.0000000000000004,52.106666666666676,22.069999999999997,1.3609726627397682,0.5142857142857142,0.9656491268094827,3,0.6666666666666666,26.053333333333338,2.3333333333333335,0.28,0.6666666666666666,1.3333333333333333,-0.5,0.17142857142857143,0.3333333333333333,1.0,-0.6666666666666667,0.6666666666666666,0.0,0.0,0.0,0.0,0.0,0,7.0,6,0,0,58.0,0,Gold,1,0,8,M,Spokane,Dairy,Mainstream,2023,37.08833333333334,49.44,Active,2024-04,0
502554,7,0.0,0.0,0.0,0.0,0.0,0.0,0.0,0.0,0.0,0,0.0,0.0,0.0,0.0,0.0,0.0,0.0,0.0,0.0,0.0,0.0,0.0,0.0,0.0,0.0,0.0,0.0,0,7.0,6,0,0,41.0,0,Silver,0,0,17,M,Columbus,Frozen Foods,Value,2022,0.0,88.35000000000001,Lapsed,2024-04,1
502555,1,2.0,3.6666666666666665,4.333333333333333,-0.15384615384615383,124.60333333333334,145.34333333333333,-0.14269660344471707,-0.34285714285714286,0.46048305442539333,3,1.0,33.982727272727274,3.0,0.2916666666666667,3.0,2.0,0.5,0.14285714285714285,1.0,2.3333333333333335,-0.5714285714285715,1.0,1.0,1.0,0.0,1.0,0.0,0,3.0,6,0,0,72.0,0,Silver,0,1,18,M,Madison,Household,Mainstream,2022,134.97333333333333,146.16866666666667,Active,2024-04,0
502556,7,0.0,0.0,0.0,0.0,0.0,0.0,0.0,0.0,0.0,0,0.0,0.0,0.0,0.0,0.0,0.3333333333333333,-0.6666666666666666,-0.14285714285714285,0.0,0.0,0.0,0.0,0.0,0.0,1.0,1.0,0.0,0,6.0,6,0,0,46.0,0,Silver,0,0,8,F,Portland,Beverages,Value,2023,0.0,30.93,Lapsed,2024-04,1
502557,1,10.0,7.333333333333333,6.0,0.22222222222222218,198.91666666666666,169.91666666666669,0.1706718979892102,0.5142857142857142,0.37130784639655934,3,1.0,27.125,1.6666666666666667,0.27,3.0,5.0,-0.4,-0.7428571428571429,0.6666666666666666,0.3333333333333333,0.6666666666666666,0.0,0.3333333333333333,0.0,0.0,0.0,0.0,0,7.0,6,0,0,39.0,0,Silver,0,1,31,F,Raleigh,Frozen Foods,Mainstream,2021,184.41666666666666,197.468,Active,2024-04,0
502558,1,3.0,5.0,5.666666666666667,-0.11764705882352945,163.52666666666667,195.98333333333335,-0.16560932052045246,0.0,0.5485245146420207,3,1.0,32.705333333333336,3.6666666666666665,0.32,3.0,3.0,0.0,-0.17142857142857143,1.3333333333333333,2.3333333333333335,-0.42857142857142866,0.6666666666666666,2.6666666666666665,1.0,1.0,2.0,1.0,0,2.0,6,0,0,71.0,0,Silver,0,1,27,F,Raleigh,Frozen Foods,Value,2022,179.755,173.31285714285715,Active,2024-04,0
502559,1,3.0,2.6666666666666665,2.6666666666666665,0.0,108.61333333333334,108.61333333333334,0.0,0.0,0.16196176130643117,3,1.0,40.730000000000004,1.3333333333333333,0.23666666666666666,3.0,3.0,0.0,-1.0,0.6666666666666666,0.6666666666666666,0.0,0.6666666666666666,0.6666666666666666,0.0,0.0,0.0,0.0,0,7.0,3,1,0,59.0,0,Gold,1,0,4,F,Madison,Frozen Foods,Mainstream,2023,108.61333333333334,108.61333333333334,Active,2024-04,0
502560,1,6.0,7.333333333333333,8.0,-0.08333333333333337,233.89,213.04,0.09786894479909873,-0.21428571428571427,0.19938194555292252,3,1.0,31.89409090909091,2.6666666666666665,0.40249999999999997,2.6666666666666665,3.0,-0.11111111111111116,0.14285714285714285,0.0,0.0,0.0,1.0,4.0,0.0,0.0,0.0,0.0,0,7.0,6,0,2,30.0,0,Silver,0,0,17,M,Denver,Bakery,Value,2022,228.67749999999998,180.10083333333333,Active,2024-04,0
502561,3,0.0,1.0,1.0,0.0,32.300000000000004,32.300000000000004,0.0,-1.5,1.414213562373095,1,0.3333333333333333,32.300000000000004,0.6666666666666666,0.08,0.3333333333333333,0.3333333333333333,0.0,0.5,1.0,1.0,0.0,0.0,0.0,2.0,0.0,2.0,0.0,0,2.0,3,1,0,57.0,0,Gold,1,1,4,F,Denver,Frozen Foods,Value,2023,32.300000000000004,96.9,Active,2024-04,1
502562,1,1.0,2.3333333333333335,2.3333333333333335,0.0,63.76333333333333,74.48,-0.14388650196920885,-0.11428571428571428,0.6461132521456474,3,1.0,27.327142857142853,3.0,0.35000000000000003,1.6666666666666667,3.0,-0.4444444444444444,-0.5142857142857142,1.3333333333333333,0.3333333333333333,2.0,0.0,0.0,0.0,1.0,1.0,0.0,0,5.0,6,0,0,73.0,0,Silver,0,1,28,M,Boise,Snacks,Value,2021,69.12166666666666,78.13866666666667,Active,2024-04,1
502563,5,0.0,0.0,1.6666666666666667,-1.0,0.0,80.16666666666667,-1.0,-0.5428571428571428,1.475471681537527,0,0.3333333333333333,0.0,0.0,0.2,0.0,0.3333333333333333,-0.6666666666666666,-0.028571428571428577,0.3333333333333333,0.0,0.6666666666666666,0.0,0.0,1.0,0.0,1.0,0.0,0,2.0,6,0,0,40.0,0,Gold,1,0,14,M,Nashville,Produce,Value,2023,40.083333333333336,103.29750000000001,Lapsed,2024-04,0
502564,1,4.0,4.0,9.5,-0.5789473684210527,119.71333333333332,237.34000000000003,-0.49560405606584096,-1.2558139534883717,0.4248821617678184,3,1.0,29.92833333333333,3.3333333333333335,0.308,2.0,1.5,0.3333333333333333,0.15116279069767438,1.6666666666666667,1.5,0.11111111111111116,0.3333333333333333,0.5,0.0,0.0,0.0,0.0,0,7.0,6,0,1,40.0,0,Gold,1,1,13,M,Portland,Frozen Foods,Mainstream,2023,166.764,182.5690909090909,Active,2024-04,0
502565,1,3.0,2.6666666666666665,1.0,1.6666666666666665,138.63,48.62,1.851295763060469,0.37142857142857144,0.597725903203308,3,0.8333333333333334,51.98625,2.0,0.30199999999999994,1.3333333333333333,1.6666666666666667,-0.20000000000000007,-0.14285714285714285,2.0,1.0,1.0,0.0,0.3333333333333333,0.0,0.0,0.0,0.0,0,7.0,6,0,0,48.0,0,Gold,1,1,9,F,Spokane,Personal Care,Upscale,2023,93.625,137.9257142857143,Active,2024-04,0
502566,1,6.0,4.5,4.5,0.0,145.255,145.255,0.0,0.0,0.4112422980276067,2,1.0,32.278888888888886,3.5,0.17,4.0,4.0,0.0,0.0,3.0,3.0,0.0,0.5,0.5,0.0,0.0,0.0,0.0,0,7.0,2,1,0,32.0,0,Silver,0,1,3,F,Tulsa,Produce,Mainstream,2024,145.255,145.255,Active,2024-04,0
502567,2,0.0,3.3333333333333335,4.0,-0.16666666666666663,125.90666666666668,151.7,-0.1700285651505162,-1.2,0.5928019533989166,2,0.75,37.772000000000006,1.0,0.25666666666666665,1.3333333333333333,2.0,-0.33333333333333337,-0.4,0.3333333333333333,0.0,0.6666666666666666,0.0,1.0,0.0,0.0,0.0,0.0,0,7.0,4,0,0,71.0,0,Silver,0,0,5,M,Denver,Produce,Value,2023,132.35500000000002,176.47333333333333,Active,2024-04,0
502568,1,3.0,2.0,4.0,-0.5,60.11,138.95666666666668,-0.567419099479454,-0.3139534883720931,0.5965620384255238,2,1.0,30.055,1.5,0.34400000000000003,2.5,1.0,1.5,0.5116279069767441,3.0,2.3333333333333335,0.28571428571428564,0.5,1.0,0.0,0.0,0.0,0.0,0,7.0,6,0,1,31.0,0,Silver,0,1,20,F,Boise,Beverages,Value,2022,107.418,132.4223076923077,Active,2024-04,0
502569,1,1.0,1.6666666666666667,4.333333333333333,-0.6153846153846153,42.03,145.39666666666668,-0.7109287237213141,-0.5142857142857142,1.0119734219281624,2,0.6666666666666666,25.218,0.6666666666666666,0.36499999999999994,0.3333333333333333,0.6666666666666666,-0.5,-0.2,0.6666666666666666,0.3333333333333333,0.6666666666666666,1.3333333333333333,0.0,1.0,0.0,1.0,1.0,1,2.0,6,0,0,63.0,0,Silver,0,0,27,F,Raleigh,Frozen Foods,Value,2022,93.71333333333332,98.94333333333333,Active,2024-04,0
502571,1,9.0,5.666666666666667,6.0,-0.055555555555555504,211.12666666666664,215.80000000000004,-0.021655854185974988,0.42857142857142855,0.551373653526689,3,1.0,37.25764705882352,2.6666666666666665,0.2583333333333333,3.0,1.3333333333333333,1.2500000000000002,0.08571428571428572,1.3333333333333333,2.0,-0.33333333333333337,1.0,0.3333333333333333,0.0,0.0,0.0,0.0,0,7.0,6,0,0,55.0,0,Platinum,2,1,8,M,Austin,Frozen Foods,Mainstream,2023,213.46333333333328,188.21714285714285,Active,2024-04,0
502572,1,1.0,4.0,3.0,0.3333333333333333,203.33666666666667,128.51,0.5822633776878584,0.14285714285714285,0.6770142941175415,3,0.8333333333333334,50.83416666666667,2.0,0.242,1.3333333333333333,1.0,0.33333333333333326,0.14285714285714285,1.6666666666666667,3.0,-0.4444444444444444,1.0,0.6666666666666666,2.0,1.0,3.0,1.0,1,2.0,6,0,0,44.0,0,Platinum,2,1,35,M,Denver,Snacks,Upscale,2021,165.92333333333332,171.00230769230768,Active,2024-04,0
502573,1,1.0,1.6666666666666667,2.0,-0.16666666666666663,56.39000000000001,63.406666666666666,-0.11066133950162957,-0.2571428571428571,0.6341727975250864,3,0.8333333333333334,33.834,2.0,0.31,0.6666666666666666,1.0,-0.33333333333333337,0.08571428571428572,1.0,2.0,-0.5,1.0,0.0,1.0,1.0,2.0,0.0,0,2.0,6,0,0,57.0,0,Silver,0,1,24,M,Nashville,Frozen Foods,Value,2022,59.89833333333334,93.36666666666667,Active,2024-04,0
502574,7,0.0,0.0,0.0,0.0,0.0,0.0,0.0,0.0,0.0,0,0.0,0.0,0.0,0.0,0.0,0.0,0.0,0.0,0.0,0.0,0.0,0.0,0.0,0.0,0.0,0.0,0.0,0,7.0,6,0,0,68.0,0,Silver,0,1,34,M,Raleigh,Snacks,Mainstream,2021,0.0,61.01333333333334,Lapsed,2024-04,1
502577,1,2.0,2.0,2.0,0.0,66.58,66.58,0.0,0.0,0.0,1,1.0,33.29,2.0,0.3,5.0,5.0,0.0,0.0,3.0,3.0,0.0,0.0,0.0,0.0,0.0,0.0,0.0,0,7.0,1,1,0,59.0,0,Silver,0,1,2,M,Austin,Beverages,Value,2024,66.58,66.58,Active,2024-04,0
502578,1,1.0,1.6666666666666667,1.0,0.6666666666666667,43.45333333333334,23.62,0.8396838837143665,0.11428571428571428,0.45480407096735476,3,1.0,26.072000000000003,2.6666666666666665,0.285,0.6666666666666666,1.0,-0.33333333333333337,-0.08571428571428572,0.3333333333333333,0.3333333333333333,0.0,0.0,0.3333333333333333,1.0,2.0,3.0,0.0,0,3.0,6,0,0,20.0,0,Silver,0,0,29,F,Boise,Frozen Foods,Mainstream,2021,33.53666666666667,31.498333333333335,Active,2024-04,0
502579,7,0.0,0.0,0.0,0.0,0.0,0.0,0.0,0.0,0.0,0,0.0,0.0,0.0,0.0,0.0,0.0,0.0,0.0,0.0,0.0,0.0,0.0,0.0,0.0,0.0,0.0,0.0,0,7.0,6,0,0,49.0,0,Gold,1,1,14,M,Madison,Frozen Foods,Value,2023,0.0,107.4,Lapsed,2024-04,1
502580,1,3.0,3.0,2.0,0.5,49.68,28.755000000000003,0.7276995305164318,0.5,0.5700182368794859,3,1.0,16.56,3.3333333333333335,0.23200000000000004,2.3333333333333335,1.0,1.3333333333333335,0.8,1.0,0.0,2.0,1.3333333333333333,0.5,1.0,0.0,1.0,0.0,0,2.0,6,0,1,26.0,0,Silver,0,0,9,F,Boise,Produce,Upscale,2023,41.31,46.73833333333334,Active,2024-04,0
502582,1,2.0,2.0,1.6666666666666667,0.19999999999999996,67.66000000000001,50.35,0.34379344587884825,0.14285714285714285,0.37660935802458095,3,1.0,33.830000000000005,1.3333333333333333,0.24,0.6666666666666666,2.3333333333333335,-0.7142857142857144,-0.6,1.6666666666666667,2.6666666666666665,-0.37499999999999994,0.0,0.0,0.0,0.0,0.0,0.0,0,7.0,6,0,0,52.0,0,Silver,0,1,26,Other,Raleigh,Bakery,Mainstream,2022,59.00500000000002,77.57785714285714,Active,2024-04,0
502583,1,3.0,4.0,6.333333333333333,-0.3684210526315789,156.29333333333332,223.5,-0.3007009694258017,-0.4857142857142857,0.322834654684421,3,1.0,39.07333333333333,2.0,0.3,1.6666666666666667,1.0,0.6666666666666667,-0.11428571428571428,0.6666666666666666,1.0,-0.33333333333333337,0.6666666666666666,0.6666666666666666,1.0,1.0,2.0,1.0,1,2.0,6,0,0,54.0,0,Gold,1,1,17,F,Spokane,Dairy,Value,2022,189.89666666666668,181.91666666666666,Active,2024-04,0
502584,1,6.0,4.0,3.3333333333333335,0.19999999999999996,103.73666666666666,92.27666666666666,0.12419174222446999,0.5142857142857142,0.44210398483597496,3,1.0,25.934166666666666,2.0,0.3833333333333333,4.666666666666667,4.0,0.16666666666666674,0.3428571428571428,0.6666666666666666,1.3333333333333333,-0.5,1.0,1.6666666666666667,0.0,1.0,1.0,1.0,0,5.0,6,0,0,62.0,0,Silver,0,0,14,M,Boise,Household,Value,2023,98.00666666666666,98.99333333333334,Active,2024-04,0
502585,1,6.0,4.666666666666667,5.333333333333333,-0.12499999999999989,151.23,212.80666666666664,-0.28935497008239086,-0.22857142857142856,0.42006798807187457,3,1.0,32.40642857142857,2.0,0.39166666666666666,2.0,3.0,-0.3333333333333333,-0.2,0.6666666666666666,0.6666666666666666,0.0,0.3333333333333333,0.3333333333333333,0.0,1.0,1.0,1.0,0,6.0,6,0,0,32.0,0,Gold,1,1,14,F,Portland,Bakery,Mainstream,2023,182.01833333333332,240.33076923076922,Active,2024-04,0
502586,7,0.0,0.0,0.0,0.0,0.0,0.0,0.0,0.0,0.0,0,0.0,0.0,0.0,0.0,0.0,0.0,0.0,0.0,0.0,0.0,0.0,0.0,0.0,0.0,0.0,0.0,0.0,0,7.0,6,0,0,45.0,0,Silver,0,0,12,Other,Austin,Beverages,Mainstream,2023,0.0,32.3725,Lapsed,2024-04,1
502587,7,0.0,0.0,0.0,0.0,0.0,0.0,0.0,0.0,0.0,0,0.0,0.0,0.0,0.0,0.0,0.0,0.0,0.0,0.0,0.0,0.0,0.0,0.0,0.0,0.0,0.0,0.0,0,7.0,6,0,0,29.0,0,Silver,0,1,14,F,Nashville,Frozen Foods,Value,2023,0.0,88.272,Lapsed,2024-04,1
502588,1,5.0,4.666666666666667,6.666666666666667,-0.3,189.60666666666665,297.70666666666665,-0.3631091006807596,-0.4,0.40376058204034104,3,1.0,40.629999999999995,4.333333333333333,0.22666666666666666,1.6666666666666667,2.0,-0.16666666666666663,-0.02857142857142857,2.0,1.3333333333333333,0.5000000000000001,0.0,0.0,0.0,0.0,0.0,0.0,0,7.0,6,0,0,52.0,0,Gold,1,1,18,M,Madison,Household,Upscale,2022,243.65666666666667,215.08714285714285,Active,2024-04,0
502589,7,0.0,0.0,0.0,0.0,0.0,0.0,0.0,0.0,0.0,0,0.0,0.0,0.0,0.0,0.0,0.0,0.0,0.0,0.0,0.0,0.0,0.0,0.0,0.0,0.0,0.0,0.0,0,7.0,6,0,0,41.0,0,Gold,1,1,12,M,Columbus,Personal Care,Value,2023,0.0,41.894999999999996,Lapsed,2024-04,1
502590,1,3.0,4.333333333333333,4.666666666666667,-0.07142857142857155,118.36,121.8,-0.028243021346469603,-0.37142857142857144,0.3112493668252023,3,1.0,27.313846153846157,2.0,0.3616666666666666,2.6666666666666665,2.3333333333333335,0.1428571428571427,-0.02857142857142857,2.3333333333333335,2.3333333333333335,0.0,1.3333333333333333,0.6666666666666666,2.0,1.0,3.0,1.0,1,3.0,6,0,0,54.0,0,Silver,0,1,20,F,Spokane,Personal Care,Value,2022,120.08,119.23866666666666,Active,2024-04,0
502591,1,4.0,4.666666666666667,2.0,1.3333333333333335,117.62,59.076666666666675,0.9909721830389887,0.45714285714285713,0.4321982157184411,3,1.0,25.204285714285714,2.3333333333333335,0.3383333333333333,2.0,2.6666666666666665,-0.24999999999999994,-0.45714285714285713,0.6666666666666666,2.0,-0.6666666666666667,1.3333333333333333,0.0,0.0,1.0,1.0,0.0,0,5.0,6,0,0,52.0,0,Silver,0,1,24,F,Raleigh,Personal Care,Upscale,2022,88.34833333333334,102.25214285714286,Active,2024-04,0
502592,1,4.0,2.6666666666666665,4.333333333333333,-0.3846153846153846,144.27666666666667,219.3166666666667,-0.3421536590926363,-0.4857142857142857,0.5752841833699788,3,1.0,54.103750000000005,1.6666666666666667,0.20333333333333328,1.3333333333333333,3.3333333333333335,-0.6,-0.45714285714285713,1.3333333333333333,0.0,2.6666666666666665,1.0,0.6666666666666666,0.0,0.0,0.0,0.0,0,7.0,6,0,0,19.0,0,Platinum,2,0,26,F,Spokane,Personal Care,Value,2022,181.7966666666667,176.57071428571427,Active,2024-04,0
502594,1,6.0,3.5,5.0,-0.3,93.515,145.77666666666667,-0.35850501909313337,0.24418604651162787,0.7248935156527717,2,1.0,26.71857142857143,5.0,0.284,2.5,3.0,-0.16666666666666666,-0.0930232558139535,1.0,0.3333333333333333,1.3333333333333335,1.0,0.6666666666666666,0.0,0.0,0.0,0.0,0,7.0,6,0,1,32.0,0,Silver,0,0,24,M,Madison,Dairy,Mainstream,2022,124.872,148.82857142857142,Active,2024-04,0
502595,7,0.0,0.0,0.0,0.0,0.0,0.0,0.0,0.0,0.0,0,0.0,0.0,0.0,0.0,0.0,0.0,0.0,0.0,0.0,0.0,0.0,0.0,0.0,0.0,0.0,0.0,0.0,0,7.0,6,0,0,39.0,0,Silver,0,0,12,M,Columbus,Beverages,Mainstream,2023,0.0,88.58666666666666,Lapsed,2024-04,1
502596,1,2.0,4.333333333333333,7.333333333333333,-0.4090909090909091,205.48000000000002,338.86333333333334,-0.3936198467425412,-0.7142857142857143,0.46753380933984157,3,1.0,47.41846153846154,1.0,0.26833333333333337,2.6666666666666665,3.0,-0.11111111111111116,-0.14285714285714285,0.0,0.6666666666666666,-1.0,0.3333333333333333,1.3333333333333333,0.0,0.0,0.0,0.0,0,7.0,6,0,0,74.0,0,Gold,1,0,25,M,Nashville,Bakery,Upscale,2022,272.1716666666666,247.40200000000002,Active,2024-04,0
502597,7,0.0,0.0,0.0,0.0,0.0,0.0,0.0,0.0,0.0,0,0.0,0.0,0.0,0.0,0.0,0.0,0.0,0.0,0.0,0.0,0.0,0.0,0.0,0.0,0.0,0.0,0.0,0,7.0,6,0,0,44.0,0,Silver,0,0,36,M,Austin,Beverages,Mainstream,2021,0.0,104.02333333333333,Lapsed,2024-04,1
502598,1,4.0,4.0,2.3333333333333335,0.7142857142857142,118.05499999999999,66.11666666666666,0.7855558356440636,0.23255813953488372,0.42052257788927005,2,1.0,29.513749999999998,2.5,0.344,2.0,4.333333333333333,-0.5384615384615384,-0.5697674418604651,1.0,2.3333333333333335,-0.5714285714285715,1.0,0.3333333333333333,0.0,0.0,0.0,0.0,0,7.0,6,0,1,36.0,0,Silver,0,1,14,M,Spokane,Beverages,Upscale,2023,86.892,111.325,Active,2024-04,0
502599,1,9.0,8.666666666666666,8.666666666666666,0.0,245.06000000000003,245.06000000000003,0.0,1.0,0.15101894466726104,3,1.0,28.27615384615385,4.0,0.21333333333333335,1.6666666666666667,1.6666666666666667,0.0,0.5,1.6666666666666667,1.6666666666666667,0.0,1.6666666666666667,1.6666666666666667,0.0,0.0,0.0,0.0,0,7.0,3,1,0,66.0,0,Silver,0,1,4,F,Raleigh,Bakery,Value,2023,245.06000000000003,245.06000000000003,Active,2024-04,0
502600,7,0.0,0.0,0.0,0.0,0.0,0.0,0.0,0.0,0.0,0,0.0,0.0,0.0,0.0,0.0,0.0,0.0,0.0,0.0,0.0,0.0,0.0,0.0,0.0,0.0,0.0,0.0,0,7.0,6,0,0,71.0,0,Silver,0,1,25,F,Raleigh,Produce,Mainstream,2022,0.0,110.75399999999999,Lapsed,2024-04,1
