customer_id,segment,tier,city,preferred_category,churn_probability,predicted_label,risk_band,revenue_at_risk,recommended_action,expected_net_value,top_3_drivers
502089,Active,Platinum,Austin,Snacks,0.9542,1,High,1410.312,Proactive service call,73.1445,Transactions trending down (-1.7/month); 3 support tickets in last 3m; 1.3 transactions/month (last 3m)
500807,Active,Platinum,Columbus,Produce,0.7362,1,High,1299.6123,Proactive service call,66.2258,Transactions trending down (-1.3/month); 2 support tickets in last 3m; No transactions last month
502275,Active,Gold,Austin,Household,0.9708,1,High,1224.0733,Proactive service call,61.5046,Transactions trending down (-1.7/month); 2 support tickets in last 3m; No transactions last month
502273,Active,Silver,Austin,Bakery,0.9991,1,High,1199.6902,Proactive service call,59.9806,Transactions trending down (-1.8/month); 3 support tickets in last 3m; 0.7 transactions/month (last 3m)
501514,Active,Platinum,Raleigh,Snacks,0.9331,1,High,1021.4471,Proactive service call,48.8404,Transactions trending down (-1.5/month); 1.0 transactions/month (last 3m); No marketing emails opened in last 3m
502223,Active,Platinum,Portland,Frozen Foods,0.9756,1,High,1005.321,Proactive service call,47.8326,Transactions trending down (-1.3/month); 0.7 transactions/month (last 3m); No app use in last 3m
500419,Active,Platinum,Tulsa,Household,0.9703,1,High,934.1364,Proactive service call,43.3835,0.3 transactions/month (last 3m); 2 support tickets in last 3m; No marketing emails opened in last 3m
500248,Active,Silver,Portland,Bakery,0.962,1,High,922.6139,Proactive service call,42.6634,Transactions trending down (-1.4/month); 0.7 transactions/month (last 3m); No marketing emails opened in last 3m
500613,Active,Silver,Raleigh,Frozen Foods,0.9856,1,High,897.5883,Proactive service call,41.0993,3 support tickets in last 3m; Transactions trending down (-0.9/month); No marketing emails opened in last 3m
500168,Active,Gold,Boise,Personal Care,0.9503,1,High,1346.6274,Personalised coupon,40.4985,Transactions trending down (-1.9/month); 0.7 transactions/month (last 3m); No marketing emails opened in last 3m
501257,Active,Silver,Austin,Produce,0.969,1,High,832.5509,Proactive service call,37.0344,3 support tickets in last 3m; 0.7 transactions/month (last 3m); Spend $23/month (last 3m)
502555,Active,Silver,Madison,Household,0.9597,1,High,811.7089,Proactive service call,35.7318,Transactions trending down (-1.2/month); 0.7 transactions/month (last 3m); Spend $21/month (last 3m)
502363,Active,Silver,Nashville,Bakery,0.9678,1,High,798.0575,Proactive service call,34.8786,4 support tickets in last 3m; Transactions trending down (-1.0/month); No transactions last month
501698,Active,Silver,Tulsa,Beverages,0.9803,1,High,780.1367,Proactive service call,33.7585,2 support tickets in last 3m; 1.0 transactions/month (last 3m); No marketing emails opened in last 3m
502466,Active,Platinum,Raleigh,Bakery,0.9615,1,High,1156.1419,Personalised coupon,33.3553,Transactions trending down (-1.5/month); 0.7 transactions/month (last 3m); No marketing emails opened in last 3m
500394,Active,Gold,Boise,Dairy,0.8779,1,High,1153.0144,Personalised coupon,33.238,0.3 transactions/month (last 3m); Transactions trending down (-1.1/month); No marketing emails opened in last 3m
502292,Active,Gold,Raleigh,Household,0.9152,1,High,733.801,Proactive service call,30.8626,0.7 transactions/month (last 3m); Transactions trending down (-1.1/month); No marketing emails opened in last 3m
501418,Active,Silver,Columbus,Household,0.9236,1,High,727.8109,Proactive service call,30.4882,3 support tickets in last 3m; Transactions trending down (-0.9/month); 1.7 transactions/month (last 3m)
501987,Active,Silver,Tulsa,Personal Care,0.9949,1,High,686.0427,Proactive service call,27.8777,Transactions trending down (-1.2/month); 0.3 transactions/month (last 3m); 2 support tickets in last 3m
501369,Active,Gold,Nashville,Snacks,0.992,1,High,656.0719,Proactive service call,26.0045,3 support tickets in last 3m; 0.3 transactions/month (last 3m); No marketing emails opened in last 3m
502161,Active,Silver,Portland,Beverages,0.5751,1,High,958.4961,Personalised coupon,25.9436,Transactions trending down (-4.0/month); No transactions last month; Opted in to marketing
501655,Active,Silver,Tulsa,Frozen Foods,0.922,1,High,646.7907,Proactive service call,25.4244,0.3 transactions/month (last 3m); 2 support tickets in last 3m; No marketing emails opened in last 3m
500984,Active,Gold,Austin,Snacks,0.9451,1,High,624.9567,Proactive service call,24.0598,Transactions trending down (-1.9/month); No marketing emails opened in last 3m; No transactions last month
502158,Active,Gold,Raleigh,Beverages,0.8654,1,High,618.6648,Proactive service call,23.6666,4 support tickets in last 3m; App use 0.3 sessions/month; 2.3 transactions/month (last 3m)
500801,Active,Gold,Raleigh,Frozen Foods,0.9908,1,High,612.6532,Proactive service call,23.2908,3 support tickets in last 3m; 0.7 transactions/month (last 3m); No marketing emails opened in last 3m
500319,Active,Gold,Raleigh,Frozen Foods,0.4617,1,High,612.3112,Proactive service call,23.2695,Transactions trending down (-1.8/month); Only 1 transaction(s) last month; 3 support tickets in 6m
502281,Active,Silver,Tulsa,Personal Care,0.9747,1,High,876.6793,Personalised coupon,22.8755,0.3 transactions/month (last 3m); Transactions trending down (-1.1/month); No marketing emails opened in last 3m
501023,Active,Silver,Austin,Household,0.9846,1,High,600.6132,Proactive service call,22.5383,2 support tickets in last 3m; Transactions trending down (-1.0/month); 1.0 transactions/month (last 3m)
501770,Active,Gold,Spokane,Beverages,0.6658,1,High,600.5214,Proactive service call,22.5326,Transactions trending down (-1.0/month); No transactions last month; Opens 0.3 emails/month
500382,Active,Silver,Spokane,Household,0.8941,1,High,863.3921,Personalised coupon,22.3772,0.3 transactions/month (last 3m); Transactions trending down (-1.0/month); No marketing emails opened in last 3m
501351,Active,Silver,Nashville,Produce,0.9925,1,High,596.296,Proactive service call,22.2685,3 support tickets in last 3m; 0.3 transactions/month (last 3m); No marketing emails opened in last 3m
502134,Active,Gold,Denver,Household,0.958,1,High,595.3758,Proactive service call,22.211,Transactions trending down (-1.7/month); 1.0 transactions/month (last 3m); No marketing emails opened in last 3m
500097,Active,Silver,Portland,Frozen Foods,0.759,1,High,849.8368,Personalised coupon,21.8689,Transactions trending down (-1.2/month); 0.7 transactions/month (last 3m); Spend $22/month (last 3m)
501507,Active,Silver,Portland,Beverages,0.7534,1,High,581.4056,Proactive service call,21.3379,Transactions trending down (-1.0/month); No marketing emails opened in last 3m; No transactions last month
501404,Active,Gold,Boise,Bakery,0.9943,1,High,579.2602,Proactive service call,21.2038,0.3 transactions/month (last 3m); 2 support tickets in last 3m; No marketing emails opened in last 3m
502567,Active,Silver,Denver,Produce,0.8862,1,High,569.8125,Proactive service call,20.6133,2 support tickets in last 3m; 1.0 transactions/month (last 3m); No marketing emails opened in last 3m
501420,Active,Gold,Portland,Household,0.9473,1,High,812.5898,Personalised coupon,20.4721,Transactions trending down (-1.4/month); 0.7 transactions/month (last 3m); No marketing emails opened in last 3m
501978,Lapsed,Silver,Spokane,Frozen Foods,0.9667,1,High,1941.5261,Win-back offer,20.1044,No purchase in 6+ months; No marketing emails opened in last 3m; Spend $0/month (last 3m)
501039,Lapsed,Silver,Denver,Household,0.9836,1,High,1960.9241,Win-back offer,19.9196,No purchase in 6+ months; No marketing emails opened in last 3m; Spend $0/month (last 3m)
502101,Active,Silver,Madison,Frozen Foods,0.8593,1,High,550.1096,Proactive service call,19.3819,No marketing emails opened in last 3m; No transactions last month; App use 0.3 sessions/month
500884,Active,Silver,Madison,Bakery,0.9824,1,High,529.6378,Proactive service call,18.1024,0.7 transactions/month (last 3m); 2 support tickets in last 3m; Spend $21/month (last 3m)
501495,Lapsed,Silver,Madison,Frozen Foods,0.9751,1,High,1724.3506,Win-back offer,17.1045,No purchase in 6+ months; No marketing emails opened in last 3m; Spend $0/month (last 3m)
500851,Active,Silver,Portland,Personal Care,0.8583,1,High,719.5193,Personalised coupon,16.982,Transactions trending down (-1.2/month); 1.0 transactions/month (last 3m); Spend $33/month (last 3m)
500426,Active,Silver,Madison,Bakery,0.9062,1,High,508.4225,Proactive service call,16.7764,2 support tickets in last 3m; No transactions last month; App use 0.3 sessions/month
500163,Lapsed,Silver,Nashville,Household,0.9867,1,High,1683.4357,Win-back offer,16.3273,No purchase in 6+ months; No marketing emails opened in last 3m; Spend $0/month (last 3m)
502504,Active,Gold,Austin,Household,0.7158,1,High,701.1867,Personalised coupon,16.2945,0.7 transactions/month (last 3m); No app use in last 3m; Spend $27/month (last 3m)
500958,Lapsed,Platinum,Boise,Beverages,0.9799,1,High,1632.9337,Win-back offer,15.8301,No purchase for 5 months; No marketing emails opened in last 3m; Spend $0/month (last 3m)
501561,Active,Silver,Nashville,Dairy,0.9798,1,High,490.7745,Proactive service call,15.6734,2 support tickets in last 3m; Transactions trending down (-1.0/month); 1.0 transactions/month (last 3m)
502092,Lapsed,Gold,Austin,Beverages,0.9824,1,High,1612.0071,Win-back offer,15.5114,No purchase for 5 months; No marketing emails opened in last 3m; Spend $0/month (last 3m)
500947,Active,Silver,Nashville,Dairy,0.9322,1,High,486.1037,Proactive service call,15.3815,No marketing emails opened in last 3m; No transactions last month; Transactions trending down (-0.7/month)
501141,Lapsed,Gold,Nashville,Bakery,0.9907,1,High,1606.047,Win-back offer,15.2636,No purchase in 6+ months; No marketing emails opened in last 3m; Spend $0/month (last 3m)
500361,Lapsed,Gold,Portland,Dairy,0.9664,1,High,1557.5508,Win-back offer,15.1463,No purchase in 6+ months; No marketing emails opened in last 3m; Spend $0/month (last 3m)
500431,Lapsed,Silver,Portland,Household,0.9644,1,High,1524.0168,Win-back offer,14.7533,No purchase in 6+ months; No marketing emails opened in last 3m; Spend $0/month (last 3m)
500643,Active,Silver,Portland,Beverages,0.9838,1,High,471.4178,Proactive service call,14.4636,0.3 transactions/month (last 3m); 5 support tickets in 6m; Spend $13/month (last 3m)
500167,Active,Gold,Nashville,Household,0.9907,1,High,469.4713,Proactive service call,14.342,0.7 transactions/month (last 3m); 2 support tickets in last 3m; No marketing emails opened in last 3m
501600,Lapsed,Platinum,Columbus,Household,0.9884,1,High,1491.8879,Win-back offer,13.8674,No purchase in 6+ months; No marketing emails opened in last 3m; Spend $0/month (last 3m)
501695,Active,Gold,Denver,Bakery,0.5336,1,High,461.668,Proactive service call,13.8543,No transactions last month; App use 0.3 sessions/month; Preferred category: Bakery
500829,Active,Gold,Austin,Bakery,0.9512,1,High,635.3965,Personalised coupon,13.8274,0.3 transactions/month (last 3m); Transactions trending down (-1.0/month); No marketing emails opened in last 3m
500076,Active,Gold,Tulsa,Beverages,0.836,1,High,629.8889,Personalised coupon,13.6208,0.7 transactions/month (last 3m); Transactions trending down (-1.0/month); No marketing emails opened in last 3m
502262,Active,Platinum,Spokane,Personal Care,0.582,1,High,627.0628,Personalised coupon,13.5149,Transactions trending down (-0.9/month); No transactions last month; App use -60% vs prior 3m
501016,Lapsed,Gold,Austin,Dairy,0.9791,1,High,1447.7172,Win-back offer,13.4822,No purchase in 6+ months; No marketing emails opened in last 3m; Spend $0/month (last 3m)
502123,Active,Silver,Nashville,Beverages,0.6812,1,High,454.6557,Proactive service call,13.416,Transactions trending down (-1.8/month); Only 1 transaction(s) last month; Formal complaint in last 3m
501063,Active,Silver,Tulsa,Produce,0.5677,1,High,450.7636,Proactive service call,13.1727,Transactions trending down (-0.9/month); No transactions last month; Opens 0.3 emails/month
502548,Lapsed,Platinum,Spokane,Household,0.9924,1,High,1438.3097,Win-back offer,13.1174,No purchases in last 3m; Transactions trending down (-1.0/month); No marketing emails opened in last 3m
500867,Lapsed,Platinum,Spokane,Beverages,0.9874,1,High,1429.3634,Win-back offer,13.0956,No purchase for 4 months; No marketing emails opened in last 3m; Transactions trending down (-0.9/month)
502435,Active,Silver,Tulsa,Frozen Foods,0.771,1,High,614.3879,Personalised coupon,13.0395,No transactions last month; Opens 0.3 emails/month; Spend $48/month (last 3m)
500700,Lapsed,Silver,Columbus,Produce,0.9923,1,High,1430.3561,Win-back offer,13.0177,No purchase in 6+ months; No marketing emails opened in last 3m; Spend $0/month (last 3m)
501583,Lapsed,Gold,Portland,Snacks,0.9912,1,High,1414.9773,Win-back offer,12.8434,No purchase in 6+ months; No marketing emails opened in last 3m; Spend $0/month (last 3m)
500252,Active,Gold,Portland,Produce,0.5532,1,High,444.6483,Proactive service call,12.7905,3 support tickets in last 3m; 1.7 transactions/month (last 3m); Opens 0.3 emails/month
500075,Active,Silver,Denver,Bakery,0.9814,1,High,443.1784,Proactive service call,12.6987,Transactions trending down (-1.4/month); 0.7 transactions/month (last 3m); No marketing emails opened in last 3m
500581,Lapsed,Gold,Tulsa,Personal Care,0.9858,1,High,1395.0952,Win-back offer,12.6903,No purchase in 6+ months; No marketing emails opened in last 3m; Spend $0/month (last 3m)
500680,Lapsed,Platinum,Columbus,Household,0.9724,1,High,1357.5914,Win-back offer,12.4516,No purchase in 6+ months; No marketing emails opened in last 3m; Spend $0/month (last 3m)
500120,Active,Silver,Portland,Beverages,0.9218,1,High,438.3289,Proactive service call,12.3956,0.3 transactions/month (last 3m); Spend $12/month (last 3m); No app use in last 3m
501617,Active,Silver,Raleigh,Beverages,0.8783,1,High,584.8427,Personalised coupon,11.9316,0.3 transactions/month (last 3m); Transactions trending down (-1.0/month); No marketing emails opened in last 3m
502098,Active,Gold,Raleigh,Frozen Foods,0.4141,1,High,428.6095,Proactive service call,11.7881,No transactions last month; Formal complaint in last 3m; App use -67% vs prior 3m
501945,Active,Silver,Tulsa,Snacks,0.708,1,High,428.3849,Proactive service call,11.7741,2 support tickets in last 3m; 1.7 transactions/month (last 3m); No app use in last 3m
502288,Lapsed,Gold,Raleigh,Dairy,0.9893,1,High,1322.2356,Win-back offer,11.7071,No purchase for 4 months; No marketing emails opened in last 3m; Spend $0/month (last 3m)
502104,Lapsed,Gold,Columbus,Dairy,0.9912,1,High,1315.8738,Win-back offer,11.5938,No purchase in 6+ months; No marketing emails opened in last 3m; Spend $0/month (last 3m)
502506,Active,Platinum,Spokane,Household,0.779,1,High,574.9468,Personalised coupon,11.5605,0.3 transactions/month (last 3m); Transactions trending down (-0.9/month); Spend $17/month (last 3m)
500090,Lapsed,Silver,Spokane,Personal Care,0.9773,1,High,1291.2564,Win-back offer,11.5152,No purchase in 6+ months; No marketing emails opened in last 3m; Spend $0/month (last 3m)
502108,Lapsed,Platinum,Nashville,Frozen Foods,0.9749,1,High,1266.3302,Win-back offer,11.2368,No purchase in 6+ months; No marketing emails opened in last 3m; Spend $0/month (last 3m)
501038,Lapsed,Platinum,Austin,Dairy,0.9987,1,High,1286.3485,Win-back offer,11.0995,4 support tickets in last 3m; No purchases in last 3m; No marketing emails opened in last 3m
500227,Lapsed,Gold,Madison,Bakery,0.9904,1,High,1270.5576,Win-back offer,11.0356,No purchase in 6+ months; No marketing emails opened in last 3m; Spend $0/month (last 3m)
502197,Lapsed,Platinum,Raleigh,Personal Care,0.978,1,High,1252.1344,Win-back offer,11.0041,No purchase in 6+ months; No marketing emails opened in last 3m; Spend $0/month (last 3m)
501729,Active,Silver,Tulsa,Snacks,0.3349,0,Medium,415.0571,Proactive service call,10.9411,Transactions trending down (-1.3/month); No transactions last month; Formal complaint in last 3m
500906,Lapsed,Silver,Nashville,Dairy,0.9841,1,High,1243.7603,Win-back offer,10.7982,No purchases in last 3m; Transactions trending down (-1.2/month); No marketing emails opened in last 3m
501752,Active,Silver,Spokane,Beverages,0.9491,1,High,410.06,Proactive service call,10.6287,Transactions trending down (-2.0/month); 3 support tickets in last 3m; No transactions last month
502213,Lapsed,Silver,Nashville,Bakery,0.9882,1,High,1231.3658,Win-back offer,10.5764,No purchase in 6+ months; No marketing emails opened in last 3m; Spend $0/month (last 3m)
502563,Active,Gold,Nashville,Produce,0.8821,1,High,547.0013,Personalised coupon,10.5125,0.7 transactions/month (last 3m); Spend +300% vs prior 3m; No marketing emails opened in last 3m
502267,Lapsed,Gold,Boise,Personal Care,0.9684,1,High,1201.5933,Win-back offer,10.5102,No purchase in 6+ months; No marketing emails opened in last 3m; Spend $0/month (last 3m)
500210,Active,Gold,Raleigh,Frozen Foods,0.6898,1,High,546.0026,Personalised coupon,10.4751,1.0 transactions/month (last 3m); No marketing emails opened in last 3m; Transactions trending down (-0.8/month)
502187,Lapsed,Silver,Austin,Dairy,0.9777,1,High,1208.0772,Win-back offer,10.4456,No purchase in 6+ months; No marketing emails opened in last 3m; Spend $0/month (last 3m)
500343,Active,Silver,Madison,Produce,0.9938,1,High,403.9498,Proactive service call,10.2469,0.7 transactions/month (last 3m); 2 support tickets in last 3m; No marketing emails opened in last 3m
500272,Lapsed,Platinum,Nashville,Snacks,0.9701,1,High,1179.1166,Win-back offer,10.1929,No purchase in 6+ months; No marketing emails opened in last 3m; Spend $0/month (last 3m)
500865,Lapsed,Gold,Portland,Dairy,0.9886,1,High,1198.1699,Win-back offer,10.1501,No purchase for 4 months; No marketing emails opened in last 3m; Spend $0/month (last 3m)
502545,Lapsed,Silver,Denver,Household,0.9786,1,High,1184.3001,Win-back offer,10.1268,No purchase in 6+ months; No marketing emails opened in last 3m; Spend $0/month (last 3m)
501297,Lapsed,Silver,Madison,Snacks,0.9883,1,High,1187.588,Win-back offer,10.0208,No purchase in 6+ months; No marketing emails opened in last 3m; Spend $0/month (last 3m)
500132,Lapsed,Platinum,Madison,Snacks,0.9829,1,High,1176.5531,Win-back offer,9.9633,No purchase in 6+ months; No marketing emails opened in last 3m; Spend $0/month (last 3m)
502256,Lapsed,Silver,Madison,Frozen Foods,0.9843,1,High,1169.6314,Win-back offer,9.8541,No purchase in 6+ months; No marketing emails opened in last 3m; Spend $0/month (last 3m)
501737,Lapsed,Platinum,Austin,Beverages,0.9815,1,High,1156.7674,Win-back offer,9.7322,No purchase in 6+ months; No marketing emails opened in last 3m; Spend $0/month (last 3m)
500939,Active,Gold,Austin,Snacks,0.5949,1,High,393.8601,Proactive service call,9.6163,2 support tickets in last 3m; Only 1 transaction(s) last month; Opens 0.3 emails/month
500727,Lapsed,Platinum,Boise,Dairy,0.9837,1,High,1146.7037,Win-back offer,9.5719,No purchase in 6+ months; No marketing emails opened in last 3m; Spend $0/month (last 3m)
500118,Active,Platinum,Boise,Dairy,0.9369,1,High,519.9132,Personalised coupon,9.4967,0.7 transactions/month (last 3m); Transactions trending down (-1.0/month); No marketing emails opened in last 3m
502070,Lapsed,Platinum,Austin,Beverages,0.9892,1,High,1144.3737,Win-back offer,9.4608,No purchase in 6+ months; No marketing emails opened in last 3m; Spend $0/month (last 3m)
500876,Lapsed,Gold,Nashville,Produce,0.9815,1,High,1133.5141,Win-back offer,9.4361,No purchases in last 3m; Transactions trending down (-1.0/month); No marketing emails opened in last 3m
501656,Lapsed,Gold,Boise,Snacks,0.9683,1,High,1116.8437,Win-back offer,9.4181,No purchase in 6+ months; No marketing emails opened in last 3m; Spend $0/month (last 3m)
502168,Lapsed,Platinum,Madison,Bakery,0.9911,1,High,1141.4295,Win-back offer,9.3966,No purchase in 6+ months; No marketing emails opened in last 3m; Spend $0/month (last 3m)
501409,Active,Gold,Madison,Personal Care,0.497,1,High,390.2329,Proactive service call,9.3896,No transactions last month; Opens 0.3 emails/month; Formal complaint in last 3m
501672,Active,Gold,Tulsa,Household,0.9908,1,High,382.3562,Proactive service call,8.8973,3 support tickets in last 3m; 0.3 transactions/month (last 3m); Spend $17/month (last 3m)
501838,Lapsed,Platinum,Denver,Dairy,0.9874,1,High,1086.281,Win-back offer,8.7525,No purchase in 6+ months; No marketing emails opened in last 3m; Spend $0/month (last 3m)
501669,Lapsed,Platinum,Tulsa,Dairy,0.9852,1,High,1068.6118,Win-back offer,8.5577,No purchase in 6+ months; No marketing emails opened in last 3m; Spend $0/month (last 3m)
502035,Active,Silver,Nashville,Snacks,0.9003,1,High,376.4084,Proactive service call,8.5255,0.3 transactions/month (last 3m); No marketing emails opened in last 3m; Spend $11/month (last 3m)
500989,Lapsed,Platinum,Columbus,Beverages,0.9877,1,High,1055.3813,Win-back offer,8.3564,No purchase for 4 months; No marketing emails opened in last 3m; Spend $0/month (last 3m)
500484,Active,Platinum,Spokane,Personal Care,0.9336,1,High,373.297,Proactive service call,8.3311,0.7 transactions/month (last 3m); No app use in last 3m; Spend $26/month (last 3m)
501670,Lapsed,Silver,Raleigh,Personal Care,0.977,1,High,1037.8433,Win-back offer,8.2778,No purchases in last 3m; Transactions trending down (-1.1/month); No marketing emails opened in last 3m
501367,Lapsed,Gold,Spokane,Household,0.983,1,High,1038.129,Win-back offer,8.2005,No purchase in 6+ months; No marketing emails opened in last 3m; Spend $0/month (last 3m)
501295,Lapsed,Gold,Tulsa,Beverages,0.9814,1,High,1035.7341,Win-back offer,8.1923,No purchase for 4 months; No marketing emails opened in last 3m; Transactions trending down (-0.9/month)
502247,Lapsed,Platinum,Spokane,Produce,0.969,1,High,1022.5014,Win-back offer,8.1906,No purchase in 6+ months; No marketing emails opened in last 3m; Spend $0/month (last 3m)
501442,Lapsed,Platinum,Tulsa,Frozen Foods,0.9702,1,High,1014.9904,Win-back offer,8.077,No purchase for 4 months; No marketing emails opened in last 3m; Spend $0/month (last 3m)
500628,Lapsed,Platinum,Portland,Produce,0.958,1,High,1001.7615,Win-back offer,8.0712,No purchase in 6+ months; No marketing emails opened in last 3m; Spend $0/month (last 3m)
500260,Lapsed,Silver,Boise,Household,0.9726,1,High,1017.0193,Win-back offer,8.0703,No purchase in 6+ months; No marketing emails opened in last 3m; Spend $0/month (last 3m)
501300,Lapsed,Platinum,Portland,Frozen Foods,0.9767,1,High,1019.5958,Win-back offer,8.0485,No purchase in 6+ months; No marketing emails opened in last 3m; Spend $0/month (last 3m)
501335,Lapsed,Silver,Columbus,Dairy,0.9859,1,High,1027.2174,Win-back offer,8.0235,No purchase for 5 months; No marketing emails opened in last 3m; Spend $0/month (last 3m)
501986,Lapsed,Silver,Tulsa,Bakery,0.987,1,High,1025.6423,Win-back offer,7.9891,No purchases in last 3m; Transactions trending down (-1.2/month); No marketing emails opened in last 3m
501033,Lapsed,Platinum,Columbus,Frozen Foods,0.9842,1,High,1021.7575,Win-back offer,7.9773,No purchase in 6+ months; No marketing emails opened in last 3m; Spend $0/month (last 3m)
500702,Lapsed,Silver,Boise,Personal Care,0.9896,1,High,1025.4844,Win-back offer,7.953,No purchase in 6+ months; No marketing emails opened in last 3m; Spend $0/month (last 3m)
501538,Active,Gold,Spokane,Frozen Foods,0.9131,1,High,477.2852,Personalised coupon,7.8982,0.3 transactions/month (last 3m); No marketing emails opened in last 3m; Spend $7/month (last 3m)
500897,Lapsed,Silver,Columbus,Bakery,0.9874,1,High,1018.4248,Win-back offer,7.893,No purchase in 6+ months; No marketing emails opened in last 3m; Spend $0/month (last 3m)
501887,Lapsed,Silver,Raleigh,Dairy,0.9651,1,High,992.1086,Win-back offer,7.8493,No purchase in 6+ months; No marketing emails opened in last 3m; Spend $0/month (last 3m)
502059,Lapsed,Platinum,Raleigh,Bakery,0.992,1,High,1019.6739,Win-back offer,7.849,No purchase in 6+ months; No marketing emails opened in last 3m; Spend $0/month (last 3m)
502008,Lapsed,Platinum,Denver,Snacks,0.9877,1,High,1015.2349,Win-back offer,7.848,No purchases in last 3m; Transactions trending down (-1.0/month); No marketing emails opened in last 3m
500232,Lapsed,Silver,Austin,Personal Care,0.985,1,High,1004.0287,Win-back offer,7.7419,No purchase in 6+ months; No marketing emails opened in last 3m; Spend $0/month (last 3m)
500820,Lapsed,Silver,Spokane,Dairy,0.9898,1,High,1008.8691,Win-back offer,7.7411,No purchase in 6+ months; No marketing emails opened in last 3m; Spend $0/month (last 3m)
500119,Lapsed,Silver,Austin,Produce,0.9802,1,High,994.8556,Win-back offer,7.687,No purchase in 6+ months; No marketing emails opened in last 3m; Spend $0/month (last 3m)
501190,Lapsed,Gold,Tulsa,Personal Care,0.9886,1,High,1003.2524,Win-back offer,7.6855,No purchase in 6+ months; No marketing emails opened in last 3m; Spend $0/month (last 3m)
501732,Lapsed,Gold,Raleigh,Snacks,0.9825,1,High,996.9679,Win-back offer,7.6842,No purchase for 5 months; No marketing emails opened in last 3m; Spend $0/month (last 3m)
501902,Lapsed,Gold,Madison,Bakery,0.9769,1,High,990.6332,Win-back offer,7.6763,No purchase in 6+ months; No marketing emails opened in last 3m; Spend $0/month (last 3m)
500125,Lapsed,Silver,Nashville,Personal Care,0.9767,1,High,981.7571,Win-back offer,7.5648,No purchase in 6+ months; No marketing emails opened in last 3m; Spend $0/month (last 3m)
501156,Active,Silver,Denver,Personal Care,0.6249,1,High,360.8849,Proactive service call,7.5553,1.0 transactions/month (last 3m); No marketing emails opened in last 3m; Transactions trending down (-0.8/month)
502184,Lapsed,Silver,Portland,Beverages,0.9858,1,High,990.1001,Win-back offer,7.5543,No purchase for 5 months; No marketing emails opened in last 3m; Spend $0/month (last 3m)
500692,Lapsed,Silver,Raleigh,Frozen Foods,0.9808,1,High,978.7501,Win-back offer,7.4744,No purchase in 6+ months; No marketing emails opened in last 3m; Spend $0/month (last 3m)
502190,Lapsed,Gold,Austin,Frozen Foods,0.9889,1,High,985.2414,Win-back offer,7.4532,No purchase in 6+ months; No marketing emails opened in last 3m; Spend $0/month (last 3m)
500498,Lapsed,Silver,Columbus,Bakery,0.9938,1,High,988.1084,Win-back offer,7.4279,No purchase in 6+ months; No marketing emails opened in last 3m; Spend $0/month (last 3m)
501574,Lapsed,Gold,Austin,Snacks,0.9711,1,High,963.8312,Win-back offer,7.4061,No purchase in 6+ months; No marketing emails opened in last 3m; Spend $0/month (last 3m)
500242,Lapsed,Silver,Boise,Snacks,0.9665,1,High,958.7611,Win-back offer,7.4,No purchases in last 3m; Transactions trending down (-1.2/month); No marketing emails opened in last 3m
501783,Lapsed,Gold,Nashville,Household,0.9888,1,High,980.6991,Win-back offer,7.398,No purchase in 6+ months; No marketing emails opened in last 3m; Spend $0/month (last 3m)
500611,Lapsed,Gold,Austin,Dairy,0.985,1,High,976.624,Win-back offer,7.3932,No purchase in 6+ months; No marketing emails opened in last 3m; Spend $0/month (last 3m)
500514,Lapsed,Gold,Nashville,Beverages,0.988,1,High,968.9624,Win-back offer,7.2591,No purchase in 6+ months; No marketing emails opened in last 3m; Spend $0/month (last 3m)
501098,Lapsed,Gold,Boise,Snacks,0.9906,1,High,965.7929,Win-back offer,7.1866,No purchase for 4 months; Transactions trending down (-1.0/month); No marketing emails opened in last 3m
501703,Lapsed,Gold,Columbus,Dairy,0.9864,1,High,961.4443,Win-back offer,7.1836,No purchase in 6+ months; No marketing emails opened in last 3m; Spend $0/month (last 3m)
501332,Lapsed,Gold,Boise,Frozen Foods,0.996,1,High,968.7652,Win-back offer,7.1582,No purchase for 5 months; No marketing emails opened in last 3m; Spend $0/month (last 3m)
501121,Lapsed,Platinum,Boise,Produce,0.9691,1,High,938.9417,Win-back offer,7.1109,No purchase in 6+ months; No marketing emails opened in last 3m; Spend $0/month (last 3m)
500945,Lapsed,Silver,Spokane,Personal Care,0.9906,1,High,957.9044,Win-back offer,7.0878,No purchase in 6+ months; No marketing emails opened in last 3m; Spend $0/month (last 3m)
500354,Lapsed,Platinum,Spokane,Dairy,0.9695,1,High,930.9762,Win-back offer,7.0028,No purchase in 6+ months; No marketing emails opened in last 3m; Spend $0/month (last 3m)
502208,Lapsed,Silver,Boise,Frozen Foods,0.9865,1,High,944.3829,Win-back offer,6.9668,No purchase for 5 months; No marketing emails opened in last 3m; Spend $0/month (last 3m)
500457,Active,Silver,Raleigh,Dairy,0.3489,0,Medium,452.2977,Personalised coupon,6.9612,Transactions trending down (-1.9/month); No transactions last month; Buys 0.5 categories/month
501913,Lapsed,Silver,Spokane,Personal Care,0.9753,1,High,930.1487,Win-back offer,6.9211,No purchase in 6+ months; No marketing emails opened in last 3m; Spend $0/month (last 3m)
500948,Lapsed,Platinum,Austin,Frozen Foods,0.9764,1,High,931.0043,Win-back offer,6.9186,No purchase in 6+ months; No marketing emails opened in last 3m; Spend $0/month (last 3m)
500247,Lapsed,Platinum,Columbus,Bakery,0.9784,1,High,932.0592,Win-back offer,6.9084,No purchase in 6+ months; No marketing emails opened in last 3m; Spend $0/month (last 3m)
500699,Lapsed,Gold,Portland,Bakery,0.9757,1,High,927.4428,Win-back offer,6.8821,No purchase for 4 months; No marketing emails opened in last 3m; Spend $0/month (last 3m)
502584,Active,Silver,Boise,Household,0.6218,1,High,349.3428,Proactive service call,6.8339,No transactions last month; Transactions trending down (-0.7/month); Spend $41/month (last 3m)
501645,Lapsed,Silver,Nashville,Snacks,0.974,1,High,920.6388,Win-back offer,6.8154,No purchase for 4 months; No marketing emails opened in last 3m; Spend $0/month (last 3m)
500145,Lapsed,Gold,Denver,Dairy,0.9769,1,High,923.3904,Win-back offer,6.8153,No purchase in 6+ months; No marketing emails opened in last 3m; Spend $0/month (last 3m)
500576,Lapsed,Silver,Tulsa,Dairy,0.9928,1,High,931.2373,Win-back offer,6.7245,No purchase for 4 months; No marketing emails opened in last 3m; Spend $0/month (last 3m)
500925,Lapsed,Silver,Tulsa,Personal Care,0.9858,1,High,918.9171,Win-back offer,6.6517,No purchase in 6+ months; No marketing emails opened in last 3m; Spend $0/month (last 3m)
501374,Lapsed,Silver,Portland,Household,0.9426,1,High,877.4907,Win-back offer,6.6371,No purchase in 6+ months; No marketing emails opened in last 3m; Spend $0/month (last 3m)
501830,Active,Silver,Raleigh,Bakery,0.857,1,High,443.0218,Personalised coupon,6.6133,0.3 transactions/month (last 3m); No marketing emails opened in last 3m; Spend $13/month (last 3m)
500376,Lapsed,Platinum,Spokane,Household,0.9875,1,High,915.5336,Win-back offer,6.5893,No purchase in 6+ months; No marketing emails opened in last 3m; Spend $0/month (last 3m)
501371,Lapsed,Silver,Spokane,Household,0.9895,1,High,916.4116,Win-back offer,6.577,No purchases in last 3m; No marketing emails opened in last 3m; Spend $0/month (last 3m)
501291,Lapsed,Platinum,Nashville,Bakery,0.9848,1,High,911.1828,Win-back offer,6.5661,No purchase in 6+ months; No marketing emails opened in last 3m; Spend $0/month (last 3m)
501766,Active,Platinum,Madison,Bakery,0.5644,1,High,440.3464,Personalised coupon,6.513,1.0 transactions/month (last 3m); App use 0.3 sessions/month; Spend $45/month (last 3m)
502198,Active,Silver,Columbus,Dairy,0.9382,1,High,438.945,Personalised coupon,6.4604,0.7 transactions/month (last 3m); Spend $11/month (last 3m); Transactions trending down (-0.7/month)
502111,Lapsed,Platinum,Boise,Produce,0.9859,1,High,900.3175,Win-back offer,6.4154,No purchase in 6+ months; No marketing emails opened in last 3m; Spend $0/month (last 3m)
500374,Lapsed,Silver,Raleigh,Household,0.9702,1,High,883.7376,Win-back offer,6.3865,No purchase in 6+ months; No marketing emails opened in last 3m; Spend $0/month (last 3m)
502131,Lapsed,Platinum,Denver,Produce,0.9623,1,High,875.4663,Win-back offer,6.3726,No purchase in 6+ months; No marketing emails opened in last 3m; Spend $0/month (last 3m)
502246,Lapsed,Platinum,Tulsa,Produce,0.9775,1,High,886.9332,Win-back offer,6.3416,No purchase in 6+ months; No marketing emails opened in last 3m; Spend $0/month (last 3m)
502396,Lapsed,Silver,Raleigh,Personal Care,0.9826,1,High,889.5781,Win-back offer,6.3165,No purchase in 6+ months; No marketing emails opened in last 3m; Spend $0/month (last 3m)
500409,Lapsed,Gold,Portland,Bakery,0.9718,1,High,879.2413,Win-back offer,6.3096,No purchase in 6+ months; No marketing emails opened in last 3m; Spend $0/month (last 3m)
501502,Lapsed,Platinum,Raleigh,Bakery,0.976,1,High,882.9544,Win-back offer,6.308,No purchase in 6+ months; No marketing emails opened in last 3m; Spend $0/month (last 3m)
501918,Lapsed,Gold,Portland,Beverages,0.9773,1,High,883.4064,Win-back offer,6.2991,No purchase for 5 months; No marketing emails opened in last 3m; Spend $0/month (last 3m)
502540,Lapsed,Silver,Boise,Household,0.9546,1,High,862.6659,Win-back offer,6.2968,No purchase in 6+ months; No marketing emails opened in last 3m; Spend $0/month (last 3m)
500808,Lapsed,Gold,Denver,Bakery,0.9847,1,High,889.6727,Win-back offer,6.2934,No purchase in 6+ months; No marketing emails opened in last 3m; Spend $0/month (last 3m)
500203,Lapsed,Silver,Columbus,Dairy,0.9771,1,High,882.0913,Win-back offer,6.2845,No purchase in 6+ months; No marketing emails opened in last 3m; Spend $0/month (last 3m)
501663,Lapsed,Gold,Boise,Beverages,0.9529,1,High,858.018,Win-back offer,6.2555,No purchase in 6+ months; No marketing emails opened in last 3m; Spend $0/month (last 3m)
500265,Lapsed,Silver,Boise,Produce,0.9739,1,High,876.7283,Win-back offer,6.2526,No purchase in 6+ months; No marketing emails opened in last 3m; Spend $0/month (last 3m)
502384,Lapsed,Silver,Raleigh,Household,0.9773,1,High,878.8676,Win-back offer,6.2411,No purchase in 6+ months; No marketing emails opened in last 3m; Spend $0/month (last 3m)
500470,Lapsed,Gold,Spokane,Snacks,0.9831,1,High,884.0953,Win-back offer,6.241,No purchase in 6+ months; No marketing emails opened in last 3m; Spend $0/month (last 3m)
500092,Lapsed,Silver,Austin,Snacks,0.969,1,High,866.1218,Win-back offer,6.1728,No purchase for 4 months; No marketing emails opened in last 3m; Spend $0/month (last 3m)
501544,Lapsed,Platinum,Boise,Dairy,0.9833,1,High,877.6499,Win-back offer,6.1571,No purchase in 6+ months; No marketing emails opened in last 3m; Spend $0/month (last 3m)
501612,Lapsed,Platinum,Madison,Personal Care,0.9889,1,High,882.4617,Win-back offer,6.1547,No purchase in 6+ months; No marketing emails opened in last 3m; Spend $0/month (last 3m)
502113,Lapsed,Silver,Denver,Household,0.9573,1,High,851.559,Win-back offer,6.1191,No purchase in 6+ months; No marketing emails opened in last 3m; Spend $0/month (last 3m)
502009,Lapsed,Silver,Raleigh,Bakery,0.9901,1,High,879.6992,Win-back offer,6.1061,No purchase in 6+ months; No marketing emails opened in last 3m; Spend $0/month (last 3m)
501162,Lapsed,Silver,Nashville,Bakery,0.9876,1,High,873.3401,Win-back offer,6.0534,No purchases in last 3m; No marketing emails opened in last 3m; Spend $0/month (last 3m)
500871,Lapsed,Silver,Columbus,Frozen Foods,0.9701,1,High,856.2703,Win-back offer,6.0328,No purchase in 6+ months; No marketing emails opened in last 3m; Spend $0/month (last 3m)
500853,Lapsed,Gold,Portland,Household,0.995,1,High,872.1816,Win-back offer,5.9571,No purchase for 4 months; No marketing emails opened in last 3m; Spend $0/month (last 3m)
502341,Lapsed,Gold,Denver,Frozen Foods,0.9629,1,High,838.6432,Win-back offer,5.8866,No purchase in 6+ months; No marketing emails opened in last 3m; Spend $0/month (last 3m)
500201,Lapsed,Silver,Denver,Personal Care,0.9902,1,High,860.1352,Win-back offer,5.8586,No purchase for 5 months; No marketing emails opened in last 3m; Spend $0/month (last 3m)
501947,Lapsed,Silver,Spokane,Snacks,0.9869,1,High,856.4105,Win-back offer,5.8469,No purchase in 6+ months; No marketing emails opened in last 3m; Spend $0/month (last 3m)
501995,Lapsed,Gold,Tulsa,Dairy,0.9942,1,High,860.4522,Win-back offer,5.8188,No purchase in 6+ months; No marketing emails opened in last 3m; Spend $0/month (last 3m)
501106,Lapsed,Silver,Nashville,Produce,0.9839,1,High,850.4436,Win-back offer,5.804,No purchase in 6+ months; No marketing emails opened in last 3m; Spend $0/month (last 3m)
502373,Lapsed,Silver,Spokane,Frozen Foods,0.9931,1,High,854.2513,Win-back offer,5.7526,No purchase for 5 months; No marketing emails opened in last 3m; Spend $0/month (last 3m)
501127,Lapsed,Gold,Nashville,Frozen Foods,0.9845,1,High,844.3527,Win-back offer,5.7207,Transactions trending down (-1.3/month); No purchases in last 3m; No marketing emails opened in last 3m
501062,Lapsed,Silver,Denver,Beverages,0.9893,1,High,846.794,Win-back offer,5.699,No purchase in 6+ months; No marketing emails opened in last 3m; Spend $0/month (last 3m)
500849,Lapsed,Platinum,Portland,Bakery,0.9884,1,High,844.316,Win-back offer,5.6778,No purchases in last 3m; No marketing emails opened in last 3m; Spend $0/month (last 3m)
501110,Lapsed,Silver,Denver,Produce,0.9874,1,High,842.3361,Win-back offer,5.6635,No purchases in last 3m; No marketing emails opened in last 3m; Spend $0/month (last 3m)
500644,Lapsed,Silver,Nashville,Snacks,0.9858,1,High,840.1587,Win-back offer,5.653,No purchase in 6+ months; No marketing emails opened in last 3m; Spend $0/month (last 3m)
501573,Lapsed,Gold,Tulsa,Snacks,0.9637,1,High,820.8953,Win-back offer,5.6476,No purchases in last 3m; Transactions trending down (-1.0/month); No marketing emails opened in last 3m
501429,Lapsed,Silver,Columbus,Bakery,0.9939,1,High,846.3747,Win-back offer,5.6441,No purchase for 4 months; No marketing emails opened in last 3m; Spend $0/month (last 3m)
500047,Lapsed,Gold,Raleigh,Dairy,0.9861,1,High,838.2052,Win-back offer,5.6256,No purchase in 6+ months; No marketing emails opened in last 3m; Spend $0/month (last 3m)
500421,Lapsed,Platinum,Columbus,Beverages,0.9894,1,High,834.5654,Win-back offer,5.5435,No purchase for 4 months; No marketing emails opened in last 3m; Spend $0/month (last 3m)
502345,Lapsed,Gold,Columbus,Personal Care,0.9859,1,High,830.6702,Win-back offer,5.5324,No purchase in 6+ months; No marketing emails opened in last 3m; Spend $0/month (last 3m)
500759,Lapsed,Silver,Madison,Personal Care,0.9711,1,High,817.6253,Win-back offer,5.5249,No purchase in 6+ months; No marketing emails opened in last 3m; Spend $0/month (last 3m)
501755,Lapsed,Platinum,Columbus,Household,0.9703,1,High,815.0467,Win-back offer,5.5005,No purchase in 6+ months; No marketing emails opened in last 3m; Spend $0/month (last 3m)
500501,Lapsed,Gold,Raleigh,Snacks,0.9852,1,High,826.7215,Win-back offer,5.489,No purchase in 6+ months; No marketing emails opened in last 3m; Spend $0/month (last 3m)
500289,Lapsed,Gold,Spokane,Bakery,0.9951,1,High,834.4686,Win-back offer,5.482,No purchase in 6+ months; No marketing emails opened in last 3m; Spend $0/month (last 3m)
500716,Active,Silver,Spokane,Beverages,0.8444,1,High,327.4387,Proactive service call,5.4649,0.7 transactions/month (last 3m); Spend $16/month (last 3m); Transactions trending down (-0.8/month)
500519,Lapsed,Gold,Denver,Bakery,0.9805,1,High,819.8223,Win-back offer,5.4519,No purchase for 5 months; No marketing emails opened in last 3m; Spend $0/month (last 3m)
502295,Active,Gold,Austin,Household,0.7923,1,High,410.8782,Personalised coupon,5.4079,1.0 transactions/month (last 3m); No marketing emails opened in last 3m; App use 0.3 sessions/month
500157,Lapsed,Gold,Madison,Frozen Foods,0.9855,1,High,817.7837,Win-back offer,5.3731,No purchase in 6+ months; No marketing emails opened in last 3m; Spend $0/month (last 3m)
501595,Lapsed,Platinum,Austin,Bakery,0.9945,1,High,824.9304,Win-back offer,5.369,No purchases in last 3m; No marketing emails opened in last 3m; Transactions trending down (-0.9/month)
501688,Lapsed,Gold,Boise,Household,0.959,1,High,793.4647,Win-back offer,5.3421,No purchase for 5 months; No marketing emails opened in last 3m; Spend $0/month (last 3m)
501142,Lapsed,Platinum,Tulsa,Household,0.9705,1,High,802.6003,Win-back offer,5.3375,No purchase in 6+ months; No marketing emails opened in last 3m; Spend $0/month (last 3m)
501596,Lapsed,Silver,Raleigh,Beverages,0.9951,1,High,822.0822,Win-back offer,5.3271,No purchase for 5 months; No marketing emails opened in last 3m; Spend $0/month (last 3m)
502152,Active,Gold,Raleigh,Bakery,0.9743,1,High,325.2056,Proactive service call,5.3254,0.3 transactions/month (last 3m); 2 support tickets in last 3m; Spend $10/month (last 3m)
501636,Lapsed,Silver,Spokane,Bakery,0.9895,1,High,814.843,Win-back offer,5.2932,No purchase in 6+ months; No marketing emails opened in last 3m; Spend $0/month (last 3m)
502434,Lapsed,Silver,Portland,Beverages,0.9592,1,High,786.0056,Win-back offer,5.2425,No purchase in 6+ months; No marketing emails opened in last 3m; Spend $0/month (last 3m)
500086,Lapsed,Silver,Tulsa,Bakery,0.9744,1,High,795.9441,Win-back offer,5.2111,No purchase in 6+ months; No marketing emails opened in last 3m; Spend $0/month (last 3m)
501807,Lapsed,Gold,Columbus,Personal Care,0.991,1,High,809.1237,Win-back offer,5.2056,No purchase in 6+ months; No marketing emails opened in last 3m; Spend $0/month (last 3m)
500105,Active,Silver,Tulsa,Personal Care,0.6095,1,High,405.4414,Personalised coupon,5.2041,No transactions last month; No app use in last 3m; Opens 0.3 emails/month
500750,Lapsed,Gold,Boise,Frozen Foods,0.9771,1,High,793.9748,Win-back offer,5.1571,No purchase in 6+ months; No marketing emails opened in last 3m; Spend $0/month (last 3m)
501906,Lapsed,Gold,Columbus,Snacks,0.9861,1,High,801.0674,Win-back offer,5.155,No purchase in 6+ months; No marketing emails opened in last 3m; Spend $0/month (last 3m)
501878,Lapsed,Silver,Boise,Dairy,0.9705,1,High,788.0668,Win-back offer,5.15,No purchase for 5 months; No marketing emails opened in last 3m; Spend $0/month (last 3m)
500641,Lapsed,Gold,Boise,Personal Care,0.9741,1,High,790.9577,Win-back offer,5.1498,No purchase in 6+ months; No marketing emails opened in last 3m; Spend $0/month (last 3m)
500827,Lapsed,Gold,Portland,Personal Care,0.972,1,High,789.2229,Win-back offer,5.1494,No purchase for 4 months; No marketing emails opened in last 3m; Spend $0/month (last 3m)
501506,Lapsed,Silver,Tulsa,Snacks,0.9688,1,High,786.3255,Win-back offer,5.1456,No purchase in 6+ months; No marketing emails opened in last 3m; Spend $0/month (last 3m)
500762,Lapsed,Gold,Madison,Snacks,0.9881,1,High,796.1253,Win-back offer,5.0715,No purchase in 6+ months; No marketing emails opened in last 3m; Spend $0/month (last 3m)
500790,Lapsed,Gold,Portland,Bakery,0.9856,1,High,794.0996,Win-back offer,5.0714,No purchase in 6+ months; No marketing emails opened in last 3m; Spend $0/month (last 3m)
500036,Lapsed,Silver,Columbus,Frozen Foods,0.9781,1,High,787.5225,Win-back offer,5.0644,No purchase in 6+ months; No marketing emails opened in last 3m; Spend $0/month (last 3m)
500290,Lapsed,Silver,Columbus,Beverages,0.99,1,High,796.9909,Win-back offer,5.0635,No purchase in 6+ months; No marketing emails opened in last 3m; Spend $0/month (last 3m)
500690,Lapsed,Silver,Denver,Household,0.982,1,High,790.161,Win-back offer,5.0582,No purchase in 6+ months; No marketing emails opened in last 3m; Spend $0/month (last 3m)
500415,Lapsed,Silver,Columbus,Household,0.9893,1,High,794.4769,Win-back offer,5.0384,No purchase for 5 months; No marketing emails opened in last 3m; Spend $0/month (last 3m)
501961,Lapsed,Silver,Raleigh,Snacks,0.976,1,High,783.5074,Win-back offer,5.0346,No purchase in 6+ months; No marketing emails opened in last 3m; Spend $0/month (last 3m)
501643,Lapsed,Platinum,Columbus,Household,0.9865,1,High,789.5121,Win-back offer,5.0039,No purchase in 6+ months; No marketing emails opened in last 3m; Spend $0/month (last 3m)
501508,Lapsed,Silver,Austin,Beverages,0.9866,1,High,788.4987,Win-back offer,4.9896,No purchase in 6+ months; No marketing emails opened in last 3m; Spend $0/month (last 3m)
500302,Lapsed,Silver,Austin,Snacks,0.9866,1,High,787.7465,Win-back offer,4.9802,No purchase in 6+ months; No marketing emails opened in last 3m; Spend $0/month (last 3m)
501165,Lapsed,Silver,Boise,Bakery,0.9782,1,High,780.6551,Win-back offer,4.9759,No purchase in 6+ months; No marketing emails opened in last 3m; Spend $0/month (last 3m)
502535,Lapsed,Platinum,Madison,Beverages,0.986,1,High,785.5919,Win-back offer,4.959,No purchases in last 3m; Spend $0/month (last 3m); No app use in last 3m
501104,Lapsed,Silver,Raleigh,Bakery,0.9857,1,High,785.3261,Win-back offer,4.9585,No purchase in 6+ months; No marketing emails opened in last 3m; Spend $0/month (last 3m)
500785,Lapsed,Platinum,Columbus,Bakery,0.9882,1,High,786.6147,Win-back offer,4.9503,No purchase in 6+ months; No marketing emails opened in last 3m; Spend $0/month (last 3m)
501505,Lapsed,Gold,Spokane,Personal Care,0.9741,1,High,766.0676,Win-back offer,4.83,No purchase for 5 months; No marketing emails opened in last 3m; Spend $0/month (last 3m)
500724,Lapsed,Silver,Boise,Snacks,0.9873,1,High,773.0528,Win-back offer,4.7879,No purchase in 6+ months; No marketing emails opened in last 3m; Spend $0/month (last 3m)
502144,Lapsed,Gold,Boise,Produce,0.9848,1,High,770.9902,Win-back offer,4.7864,No purchase in 6+ months; No marketing emails opened in last 3m; Spend $0/month (last 3m)
501208,Lapsed,Gold,Austin,Bakery,0.9915,1,High,774.3868,Win-back offer,4.7624,No purchase in 6+ months; No marketing emails opened in last 3m; Spend $0/month (last 3m)
500845,Lapsed,Gold,Austin,Bakery,0.9838,1,High,767.6535,Win-back offer,4.7538,No purchase for 5 months; No marketing emails opened in last 3m; Spend $0/month (last 3m)
500902,Lapsed,Platinum,Madison,Frozen Foods,0.9584,1,High,746.1465,Win-back offer,4.7313,No purchase in 6+ months; No marketing emails opened in last 3m; Spend $0/month (last 3m)
501959,Lapsed,Silver,Tulsa,Produce,0.9874,1,High,768.1665,Win-back offer,4.7248,No purchase in 6+ months; No marketing emails opened in last 3m; Spend $0/month (last 3m)
501184,Lapsed,Platinum,Nashville,Snacks,0.9651,1,High,750.3942,Win-back offer,4.7187,No purchase in 6+ months; No marketing emails opened in last 3m; Spend $0/month (last 3m)
501930,Lapsed,Platinum,Tulsa,Bakery,0.9932,1,High,771.9889,Win-back offer,4.716,No purchases in last 3m; Spend $0/month (last 3m); Transactions trending down (-0.8/month)
500276,Lapsed,Silver,Portland,Frozen Foods,0.988,1,High,765.0867,Win-back offer,4.6796,No purchase for 4 months; No marketing emails opened in last 3m; Spend $0/month (last 3m)
500763,Lapsed,Gold,Austin,Beverages,0.9906,1,High,765.8555,Win-back offer,4.6641,No purchase for 4 months; No marketing emails opened in last 3m; Spend $0/month (last 3m)
502133,Lapsed,Silver,Columbus,Beverages,0.985,1,High,759.8047,Win-back offer,4.642,No purchase in 6+ months; No marketing emails opened in last 3m; Spend $0/month (last 3m)
501034,Lapsed,Gold,Nashville,Dairy,0.9825,1,High,756.9591,Win-back offer,4.6304,No purchase in 6+ months; No marketing emails opened in last 3m; Spend $0/month (last 3m)
500889,Lapsed,Silver,Raleigh,Bakery,0.9966,1,High,766.8292,Win-back offer,4.6185,No purchases in last 3m; 2 support tickets in last 3m; No marketing emails opened in last 3m
500723,Lapsed,Platinum,Denver,Frozen Foods,0.9742,1,High,749.4071,Win-back offer,4.6158,No purchase in 6+ months; No marketing emails opened in last 3m; Spend $0/month (last 3m)
501133,Active,Silver,Portland,Produce,0.3237,0,Medium,389.3864,Personalised coupon,4.602,Transactions trending down (-0.9/month); No transactions last month; Opens 0.3 emails/month
502421,Active,Platinum,Columbus,Dairy,0.9533,1,High,313.3736,Proactive service call,4.5859,3 support tickets in last 3m; 0.3 transactions/month (last 3m); Spend $12/month (last 3m)
501903,Active,Gold,Austin,Snacks,0.8447,1,High,388.2811,Personalised coupon,4.5605,Transactions trending down (-1.2/month); 0.7 transactions/month (last 3m); No marketing emails opened in last 3m
501186,Lapsed,Silver,Spokane,Household,0.9801,1,High,748.3961,Win-back offer,4.5445,No purchases in last 3m; 2 support tickets in last 3m; Spend $0/month (last 3m)
502420,Lapsed,Silver,Tulsa,Frozen Foods,0.9789,1,High,745.7241,Win-back offer,4.5222,No purchase for 4 months; No marketing emails opened in last 3m; Spend $0/month (last 3m)
500225,Lapsed,Gold,Denver,Snacks,0.9849,1,High,750.2382,Win-back offer,4.5218,No purchase in 6+ months; No marketing emails opened in last 3m; Spend $0/month (last 3m)
500282,Lapsed,Gold,Denver,Frozen Foods,0.9828,1,High,747.4226,Win-back offer,4.506,No purchase for 5 months; No marketing emails opened in last 3m; Spend $0/month (last 3m)
501730,Lapsed,Silver,Denver,Bakery,0.9899,1,High,751.6268,Win-back offer,4.4914,No purchase in 6+ months; No marketing emails opened in last 3m; Spend $0/month (last 3m)
500951,Lapsed,Gold,Columbus,Bakery,0.994,1,High,754.3048,Win-back offer,4.4854,No purchase in 6+ months; No marketing emails opened in last 3m; Spend $0/month (last 3m)
501296,Lapsed,Platinum,Tulsa,Personal Care,0.9795,1,High,735.4672,Win-back offer,4.386,No purchase in 6+ months; No marketing emails opened in last 3m; Spend $0/month (last 3m)
501962,Lapsed,Gold,Tulsa,Beverages,0.9714,1,High,728.7912,Win-back offer,4.3777,No purchase in 6+ months; No marketing emails opened in last 3m; Spend $0/month (last 3m)
501771,Lapsed,Silver,Columbus,Dairy,0.9872,1,High,738.6335,Win-back offer,4.3528,No purchase in 6+ months; No marketing emails opened in last 3m; Spend $0/month (last 3m)
500566,Lapsed,Gold,Austin,Household,0.987,1,High,734.7437,Win-back offer,4.3051,No purchase in 6+ months; No marketing emails opened in last 3m; Spend $0/month (last 3m)
500254,Lapsed,Gold,Nashville,Beverages,0.9667,1,High,714.5426,Win-back offer,4.2395,No purchase in 6+ months; No marketing emails opened in last 3m; Spend $0/month (last 3m)
500944,Lapsed,Silver,Austin,Personal Care,0.973,1,High,714.6435,Win-back offer,4.181,No purchase in 6+ months; No marketing emails opened in last 3m; Spend $0/month (last 3m)
502426,Lapsed,Silver,Denver,Produce,0.9797,1,High,716.9644,Win-back offer,4.1478,No purchase in 6+ months; No marketing emails opened in last 3m; Spend $0/month (last 3m)
502076,Lapsed,Gold,Columbus,Dairy,0.9802,1,High,716.9364,Win-back offer,4.1426,No purchase for 5 months; No marketing emails opened in last 3m; Spend $0/month (last 3m)
500235,Lapsed,Gold,Raleigh,Dairy,0.9395,1,High,687.0777,Win-back offer,4.1412,No purchase for 4 months; No marketing emails opened in last 3m; Spend $0/month (last 3m)
500549,Lapsed,Gold,Raleigh,Household,0.9814,1,High,715.3046,Win-back offer,4.1112,No purchase in 6+ months; No marketing emails opened in last 3m; Spend $0/month (last 3m)
501881,Lapsed,Silver,Denver,Bakery,0.9919,1,High,722.7488,Win-back offer,4.1078,No purchase in 6+ months; No marketing emails opened in last 3m; Spend $0/month (last 3m)
500207,Lapsed,Gold,Tulsa,Household,0.9621,1,High,699.8262,Win-back offer,4.0928,No purchase in 6+ months; No marketing emails opened in last 3m; Spend $0/month (last 3m)
502509,Lapsed,Gold,Madison,Household,0.9841,1,High,715.2406,Win-back offer,4.0847,No purchases in last 3m; No marketing emails opened in last 3m; Spend $0/month (last 3m)
500777,Active,Silver,Austin,Household,0.6822,1,High,305.1331,Proactive service call,4.0708,3 support tickets in last 3m; Transactions trending down (-1.0/month); 1.7 transactions/month (last 3m)
500987,Lapsed,Gold,Madison,Frozen Foods,0.97,1,High,702.9155,Win-back offer,4.0585,No purchase in 6+ months; No marketing emails opened in last 3m; Spend $0/month (last 3m)
501776,Lapsed,Silver,Madison,Bakery,0.9845,1,High,712.9756,Win-back offer,4.0524,No purchase for 4 months; No marketing emails opened in last 3m; Spend $0/month (last 3m)
501578,Lapsed,Gold,Raleigh,Personal Care,0.9911,1,High,717.7154,Win-back offer,4.0521,No purchase in 6+ months; No marketing emails opened in last 3m; Spend $0/month (last 3m)
500567,Lapsed,Silver,Spokane,Snacks,0.977,1,High,706.5747,Win-back offer,4.0405,No purchase in 6+ months; No marketing emails opened in last 3m; Spend $0/month (last 3m)
502261,Active,Silver,Madison,Produce,0.7902,1,High,373.6815,Personalised coupon,4.0131,1.0 transactions/month (last 3m); Spend $23/month (last 3m); No app use in last 3m
501209,Lapsed,Gold,Denver,Produce,0.9829,1,High,707.6167,Win-back offer,3.9994,No purchase for 4 months; No marketing emails opened in last 3m; Spend $0/month (last 3m)
500146,Active,Silver,Columbus,Dairy,0.9566,1,High,372.7856,Personalised coupon,3.9795,0.3 transactions/month (last 3m); No marketing emails opened in last 3m; Transactions trending down (-0.9/month)
501377,Lapsed,Silver,Nashville,Snacks,0.9764,1,High,699.9942,Win-back offer,3.9614,No purchase in 6+ months; No marketing emails opened in last 3m; Spend $0/month (last 3m)
500689,Lapsed,Gold,Denver,Household,0.962,1,High,688.5843,Win-back offer,3.9475,No purchase in 6+ months; No marketing emails opened in last 3m; Spend $0/month (last 3m)
501517,Lapsed,Gold,Denver,Frozen Foods,0.9971,1,High,711.9243,Win-back offer,3.925,No purchase for 4 months; No marketing emails opened in last 3m; Spend $0/month (last 3m)
500107,Lapsed,Silver,Portland,Frozen Foods,0.9872,1,High,704.694,Win-back offer,3.9229,No purchase in 6+ months; No marketing emails opened in last 3m; Spend $0/month (last 3m)
501981,Lapsed,Silver,Madison,Dairy,0.9656,1,High,689.0511,Win-back offer,3.9199,No purchase in 6+ months; No marketing emails opened in last 3m; Spend $0/month (last 3m)
501817,Lapsed,Silver,Tulsa,Frozen Foods,0.9732,1,High,694.2618,Win-back offer,3.9174,No purchase in 6+ months; No marketing emails opened in last 3m; Spend $0/month (last 3m)
501872,Lapsed,Silver,Denver,Snacks,0.9901,1,High,705.7768,Win-back offer,3.91,No purchase in 6+ months; No marketing emails opened in last 3m; Spend $0/month (last 3m)
501791,Lapsed,Gold,Raleigh,Frozen Foods,0.9792,1,High,696.9448,Win-back offer,3.8968,No purchase for 4 months; No marketing emails opened in last 3m; Spend $0/month (last 3m)
500445,Lapsed,Gold,Tulsa,Snacks,0.9701,1,High,688.8696,Win-back offer,3.8766,No purchase in 6+ months; No marketing emails opened in last 3m; Spend $0/month (last 3m)
500649,Lapsed,Platinum,Boise,Produce,0.9752,1,High,690.0193,Win-back offer,3.845,No purchase in 6+ months; No marketing emails opened in last 3m; Spend $0/month (last 3m)
501294,Lapsed,Silver,Raleigh,Snacks,0.9821,1,High,691.0723,Win-back offer,3.796,No purchase in 6+ months; No marketing emails opened in last 3m; Spend $0/month (last 3m)
500044,Lapsed,Silver,Raleigh,Personal Care,0.9835,1,High,691.3826,Win-back offer,3.7877,No purchase in 6+ months; No marketing emails opened in last 3m; Spend $0/month (last 3m)
502410,Lapsed,Silver,Nashville,Dairy,0.9888,1,High,694.8292,Win-back offer,3.7835,No purchase in 6+ months; No marketing emails opened in last 3m; Spend $0/month (last 3m)
501168,Lapsed,Silver,Raleigh,Bakery,0.99,1,High,694.4377,Win-back offer,3.7682,No purchase in 6+ months; No marketing emails opened in last 3m; Spend $0/month (last 3m)
500634,Lapsed,Gold,Spokane,Beverages,0.9829,1,High,687.735,Win-back offer,3.7465,No purchase in 6+ months; No marketing emails opened in last 3m; Spend $0/month (last 3m)
500654,Lapsed,Silver,Austin,Beverages,0.9599,1,High,666.4193,Win-back offer,3.6782,No purchase in 6+ months; No marketing emails opened in last 3m; Spend $0/month (last 3m)
501476,Lapsed,Gold,Boise,Bakery,0.9928,1,High,688.7639,Win-back offer,3.6721,No purchase for 5 months; No marketing emails opened in last 3m; Spend $0/month (last 3m)
502229,Lapsed,Gold,Austin,Household,0.9865,1,High,683.349,Win-back offer,3.6591,No purchase in 6+ months; No marketing emails opened in last 3m; Spend $0/month (last 3m)
501140,Lapsed,Gold,Austin,Personal Care,0.9925,1,High,686.7338,Win-back offer,3.649,No purchase in 6+ months; No marketing emails opened in last 3m; Spend $0/month (last 3m)
501535,Lapsed,Silver,Tulsa,Snacks,0.9891,1,High,682.9963,Win-back offer,3.632,No purchase for 5 months; No marketing emails opened in last 3m; Spend $0/month (last 3m)
500196,Lapsed,Silver,Raleigh,Snacks,0.9599,1,High,662.1322,Win-back offer,3.6222,No purchase in 6+ months; No marketing emails opened in last 3m; Spend $0/month (last 3m)
501893,Lapsed,Platinum,Spokane,Beverages,0.9842,1,High,675.5318,Win-back offer,3.5799,No purchase for 4 months; No marketing emails opened in last 3m; Spend $0/month (last 3m)
501973,Lapsed,Silver,Portland,Frozen Foods,0.9855,1,High,675.4883,Win-back offer,3.568,No purchase in 6+ months; No marketing emails opened in last 3m; Spend $0/month (last 3m)
502128,Lapsed,Silver,Boise,Dairy,0.9845,1,High,674.226,Win-back offer,3.5605,No purchase in 6+ months; No marketing emails opened in last 3m; Spend $0/month (last 3m)
502024,Lapsed,Silver,Tulsa,Dairy,0.9798,1,High,670.7543,Win-back offer,3.557,No purchases in last 3m; Transactions trending down (-1.1/month); No marketing emails opened in last 3m
500236,Lapsed,Silver,Raleigh,Snacks,0.982,1,High,672.1949,Win-back offer,3.5565,No purchase in 6+ months; No marketing emails opened in last 3m; Spend $0/month (last 3m)
500631,Lapsed,Platinum,Austin,Produce,0.9886,1,High,676.1309,Win-back offer,3.549,No purchase for 5 months; No marketing emails opened in last 3m; Spend $0/month (last 3m)
500573,Lapsed,Silver,Spokane,Dairy,0.985,1,High,672.571,Win-back offer,3.5355,No purchase in 6+ months; No marketing emails opened in last 3m; Spend $0/month (last 3m)
501868,Lapsed,Silver,Denver,Produce,0.9904,1,High,675.7484,Win-back offer,3.5286,No purchase in 6+ months; No marketing emails opened in last 3m; Spend $0/month (last 3m)
501398,Lapsed,Silver,Austin,Produce,0.9846,1,High,670.8474,Win-back offer,3.5166,No purchase in 6+ months; No marketing emails opened in last 3m; Spend $0/month (last 3m)
500778,Lapsed,Gold,Austin,Bakery,0.995,1,High,677.2041,Win-back offer,3.5073,No purchase for 5 months; No marketing emails opened in last 3m; Spend $0/month (last 3m)
501272,Lapsed,Platinum,Portland,Produce,0.9792,1,High,665.2325,Win-back offer,3.492,No purchase in 6+ months; No marketing emails opened in last 3m; Spend $0/month (last 3m)
501965,Lapsed,Platinum,Nashville,Personal Care,0.9828,1,High,664.048,Win-back offer,3.4455,No purchase in 6+ months; No marketing emails opened in last 3m; Spend $0/month (last 3m)
501244,Lapsed,Silver,Columbus,Household,0.9885,1,High,664.3746,Win-back offer,3.4015,No purchases in last 3m; No marketing emails opened in last 3m; Transactions trending down (-0.9/month)
501531,Lapsed,Silver,Columbus,Beverages,0.9878,1,High,663.1184,Win-back offer,3.3914,No purchase in 6+ months; No marketing emails opened in last 3m; Spend $0/month (last 3m)
501445,Lapsed,Gold,Tulsa,Bakery,0.9787,1,High,654.419,Win-back offer,3.358,No purchase in 6+ months; No marketing emails opened in last 3m; Spend $0/month (last 3m)
500459,Lapsed,Silver,Madison,Personal Care,0.9716,1,High,649.3097,Win-back offer,3.3537,No purchase in 6+ months; No marketing emails opened in last 3m; Spend $0/month (last 3m)
502600,Lapsed,Silver,Raleigh,Produce,0.9866,1,High,655.5914,Win-back offer,3.3066,No purchase in 6+ months; No marketing emails opened in last 3m; Spend $0/month (last 3m)
501179,Lapsed,Silver,Nashville,Beverages,0.9827,1,High,651.2215,Win-back offer,3.2837,No purchase in 6+ months; No marketing emails opened in last 3m; Spend $0/month (last 3m)
500893,Lapsed,Silver,Madison,Beverages,0.9834,1,High,651.0393,Win-back offer,3.2757,No purchase in 6+ months; No marketing emails opened in last 3m; Spend $0/month (last 3m)
501644,Lapsed,Gold,Madison,Personal Care,0.9698,1,High,639.2211,Win-back offer,3.2395,No purchase in 6+ months; No marketing emails opened in last 3m; Spend $0/month (last 3m)
501046,Lapsed,Silver,Madison,Produce,0.9858,1,High,645.3998,Win-back offer,3.1834,No purchase in 6+ months; No marketing emails opened in last 3m; Spend $0/month (last 3m)
501499,Lapsed,Silver,Spokane,Dairy,0.9426,1,High,615.7503,Win-back offer,3.1655,No purchases in last 3m; No marketing emails opened in last 3m; Spend $0/month (last 3m)
501421,Lapsed,Silver,Columbus,Beverages,0.9869,1,High,644.5707,Win-back offer,3.1644,No purchase in 6+ months; No marketing emails opened in last 3m; Spend $0/month (last 3m)
501065,Lapsed,Platinum,Tulsa,Household,0.9742,1,High,636.2304,Win-back offer,3.1632,No purchase in 6+ months; No marketing emails opened in last 3m; Spend $0/month (last 3m)
501860,Lapsed,Silver,Austin,Personal Care,0.9746,1,High,636.1176,Win-back offer,3.159,No purchase in 6+ months; No marketing emails opened in last 3m; Spend $0/month (last 3m)
502283,Lapsed,Silver,Raleigh,Beverages,0.9804,1,High,638.5994,Win-back offer,3.142,No purchase in 6+ months; No marketing emails opened in last 3m; Spend $0/month (last 3m)
500768,Lapsed,Gold,Raleigh,Frozen Foods,0.9812,1,High,638.8324,Win-back offer,3.1383,No purchase in 6+ months; No marketing emails opened in last 3m; Spend $0/month (last 3m)
500135,Lapsed,Silver,Madison,Bakery,0.9921,1,High,644.4597,Win-back offer,3.1199,No purchase in 6+ months; No marketing emails opened in last 3m; Spend $0/month (last 3m)
501268,Lapsed,Platinum,Tulsa,Beverages,0.9807,1,High,634.9063,Win-back offer,3.0927,No purchase in 6+ months; No marketing emails opened in last 3m; Spend $0/month (last 3m)
500926,Active,Gold,Spokane,Personal Care,0.3354,0,Medium,289.3369,Proactive service call,3.0836,2 support tickets in last 3m; No transactions last month; Transactions trending down (-0.6/month)
502291,Lapsed,Silver,Spokane,Bakery,0.9783,1,High,632.1812,Win-back offer,3.0774,No purchase in 6+ months; No marketing emails opened in last 3m; Spend $0/month (last 3m)
501839,Lapsed,Platinum,Boise,Bakery,0.9904,1,High,639.3553,Win-back offer,3.0694,No purchase for 5 months; No marketing emails opened in last 3m; Spend $0/month (last 3m)
501724,Lapsed,Silver,Madison,Frozen Foods,0.9867,1,High,636.5453,Win-back offer,3.064,No purchase in 6+ months; No marketing emails opened in last 3m; Spend $0/month (last 3m)
502579,Lapsed,Gold,Madison,Frozen Foods,0.9876,1,High,636.4304,Win-back offer,3.055,No purchase in 6+ months; No marketing emails opened in last 3m; Spend $0/month (last 3m)
501112,Lapsed,Silver,Portland,Snacks,0.963,1,High,620.4957,Win-back offer,3.0538,No purchase in 6+ months; No marketing emails opened in last 3m; Spend $0/month (last 3m)
501229,Lapsed,Silver,Tulsa,Bakery,0.9758,1,High,626.5523,Win-back offer,3.0264,No purchase in 6+ months; No marketing emails opened in last 3m; Spend $0/month (last 3m)
501877,Lapsed,Gold,Denver,Household,0.9746,1,High,624.3892,Win-back offer,3.0085,No purchase in 6+ months; No marketing emails opened in last 3m; Spend $0/month (last 3m)
501569,Active,Silver,Madison,Bakery,0.8935,1,High,288.0475,Proactive service call,3.003,2 support tickets in last 3m; No transactions last month; No app use in last 3m
500941,Lapsed,Silver,Madison,Household,0.9851,1,High,630.5565,Win-back offer,3.0014,No purchase in 6+ months; No marketing emails opened in last 3m; Spend $0/month (last 3m)
500218,Lapsed,Silver,Denver,Produce,0.9683,1,High,619.6352,Win-back offer,2.9989,No purchase in 6+ months; No marketing emails opened in last 3m; Spend $0/month (last 3m)
501953,Lapsed,Silver,Nashville,Personal Care,0.9872,1,High,631.6694,Win-back offer,2.9985,No purchase in 6+ months; No marketing emails opened in last 3m; Spend $0/month (last 3m)
501376,Lapsed,Silver,Madison,Dairy,0.9899,1,High,633.346,Win-back offer,2.9978,No purchase for 5 months; No marketing emails opened in last 3m; Spend $0/month (last 3m)
501397,Lapsed,Silver,Boise,Bakery,0.9738,1,High,622.0666,Win-back offer,2.9852,No purchase in 6+ months; No marketing emails opened in last 3m; Spend $0/month (last 3m)
501284,Lapsed,Gold,Austin,Beverages,0.9906,1,High,630.413,Win-back offer,2.9551,No purchase for 4 months; Transactions trending down (-1.1/month); No marketing emails opened in last 3m
500918,Lapsed,Platinum,Raleigh,Bakery,0.9809,1,High,623.3619,Win-back offer,2.9441,No purchase in 6+ months; No marketing emails opened in last 3m; Spend $0/month (last 3m)
501799,Active,Gold,Austin,Snacks,0.3303,0,Medium,345.0385,Personalised coupon,2.9389,Transactions trending down (-1.4/month); No transactions last month; Opens 0.3 emails/month
501525,Lapsed,Gold,Denver,Bakery,0.9934,1,High,629.642,Win-back offer,2.9225,No purchase in 6+ months; No marketing emails opened in last 3m; Spend $0/month (last 3m)
501087,Lapsed,Silver,Denver,Bakery,0.9935,1,High,629.4418,Win-back offer,2.9192,No purchase in 6+ months; No marketing emails opened in last 3m; Spend $0/month (last 3m)
500882,Lapsed,Silver,Raleigh,Personal Care,0.9909,1,High,627.799,Win-back offer,2.9192,No purchase in 6+ months; No marketing emails opened in last 3m; Spend $0/month (last 3m)
502238,Active,Gold,Spokane,Dairy,0.8034,1,High,343.9623,Personalised coupon,2.8986,No transactions last month; Transactions trending down (-0.8/month); App use 0.3 sessions/month
501831,Lapsed,Gold,Denver,Household,0.9824,1,High,620.7324,Win-back offer,2.8979,No purchase in 6+ months; No marketing emails opened in last 3m; Spend $0/month (last 3m)
502337,Lapsed,Silver,Spokane,Snacks,0.9907,1,High,624.9832,Win-back offer,2.8853,No purchase for 4 months; No marketing emails opened in last 3m; Spend $0/month (last 3m)
501095,Lapsed,Gold,Raleigh,Household,0.9857,1,High,620.8917,Win-back offer,2.8738,No purchase in 6+ months; No marketing emails opened in last 3m; Spend $0/month (last 3m)
501383,Lapsed,Silver,Austin,Dairy,0.9587,1,High,601.5553,Win-back offer,2.8438,No purchase in 6+ months; No marketing emails opened in last 3m; Spend $0/month (last 3m)
501210,Lapsed,Gold,Austin,Beverages,0.9649,1,High,603.0044,Win-back offer,2.8115,No purchase for 4 months; No marketing emails opened in last 3m; Spend $0/month (last 3m)
500916,Lapsed,Silver,Madison,Bakery,0.991,1,High,618.875,Win-back offer,2.8058,No purchase in 6+ months; No marketing emails opened in last 3m; Spend $0/month (last 3m)
502597,Lapsed,Silver,Austin,Beverages,0.9655,1,High,602.5971,Win-back offer,2.8018,No purchase in 6+ months; No marketing emails opened in last 3m; Spend $0/month (last 3m)
502447,Lapsed,Silver,Austin,Frozen Foods,0.9701,1,High,604.1055,Win-back offer,2.7839,No purchase in 6+ months; No marketing emails opened in last 3m; Spend $0/month (last 3m)
501484,Active,Silver,Tulsa,Household,0.2743,0,Medium,340.3952,Personalised coupon,2.7648,Transactions trending down (-1.6/month); No marketing emails opened in last 3m; No transactions last month
500532,Lapsed,Silver,Nashville,Household,0.9334,1,High,579.7546,Win-back offer,2.7643,No purchases in last 3m; No marketing emails opened in last 3m; Transactions trending down (-0.9/month)
501748,Lapsed,Silver,Columbus,Household,0.9882,1,High,610.3457,Win-back offer,2.7204,No purchase in 6+ months; No marketing emails opened in last 3m; Spend $0/month (last 3m)
500895,Lapsed,Silver,Madison,Bakery,0.9911,1,High,611.9956,Win-back offer,2.719,No purchase for 4 months; No marketing emails opened in last 3m; Spend $0/month (last 3m)
501622,Lapsed,Gold,Boise,Produce,0.9757,1,High,602.1097,Win-back offer,2.7139,No purchase in 6+ months; No marketing emails opened in last 3m; Spend $0/month (last 3m)
502425,Lapsed,Gold,Raleigh,Bakery,0.9781,1,High,603.4023,Win-back offer,2.7116,No purchase in 6+ months; No marketing emails opened in last 3m; Spend $0/month (last 3m)
500147,Lapsed,Silver,Portland,Bakery,0.9755,1,High,600.8936,Win-back offer,2.6995,No purchase in 6+ months; No marketing emails opened in last 3m; Spend $0/month (last 3m)
501338,Lapsed,Silver,Columbus,Beverages,0.9907,1,High,609.2105,Win-back offer,2.6865,No purchase for 5 months; No marketing emails opened in last 3m; Spend $0/month (last 3m)
501354,Lapsed,Silver,Denver,Household,0.9572,1,High,587.4919,Win-back offer,2.6723,No purchase in 6+ months; No marketing emails opened in last 3m; Spend $0/month (last 3m)
501299,Lapsed,Gold,Madison,Frozen Foods,0.9854,1,High,601.9178,Win-back offer,2.6351,No purchase in 6+ months; No marketing emails opened in last 3m; Spend $0/month (last 3m)
501055,Lapsed,Silver,Boise,Personal Care,0.9866,1,High,602.5879,Win-back offer,2.6347,No purchase in 6+ months; No marketing emails opened in last 3m; Spend $0/month (last 3m)
502086,Lapsed,Gold,Madison,Produce,0.9905,1,High,604.205,Win-back offer,2.6248,No purchase for 5 months; No marketing emails opened in last 3m; Spend $0/month (last 3m)
501515,Lapsed,Silver,Columbus,Bakery,0.9842,1,High,599.002,Win-back offer,2.6075,No purchase in 6+ months; No marketing emails opened in last 3m; Spend $0/month (last 3m)
502259,Lapsed,Silver,Raleigh,Beverages,0.9692,1,High,588.4679,Win-back offer,2.5892,No purchase in 6+ months; No marketing emails opened in last 3m; Spend $0/month (last 3m)
502433,Lapsed,Silver,Denver,Snacks,0.9875,1,High,598.832,Win-back offer,2.5801,No purchase in 6+ months; No marketing emails opened in last 3m; Spend $0/month (last 3m)
501084,Lapsed,Gold,Raleigh,Household,0.9695,1,High,586.2526,Win-back offer,2.5588,No purchase in 6+ months; No marketing emails opened in last 3m; Spend $0/month (last 3m)
501588,Lapsed,Silver,Raleigh,Bakery,0.9889,1,High,597.8649,Win-back offer,2.5576,No purchase in 6+ months; No marketing emails opened in last 3m; Spend $0/month (last 3m)
501071,Lapsed,Silver,Boise,Produce,0.9747,1,High,588.2288,Win-back offer,2.5435,No purchase in 6+ months; No marketing emails opened in last 3m; Spend $0/month (last 3m)
502097,Lapsed,Silver,Spokane,Household,0.9834,1,High,593.3297,Win-back offer,2.5414,No purchase in 6+ months; No marketing emails opened in last 3m; Spend $0/month (last 3m)
501056,Lapsed,Gold,Madison,Produce,0.9956,1,High,599.2272,Win-back offer,2.5236,No purchase for 5 months; No marketing emails opened in last 3m; Spend $0/month (last 3m)
501116,Lapsed,Gold,Austin,Dairy,0.9653,1,High,578.0644,Win-back offer,2.4852,No purchase in 6+ months; No marketing emails opened in last 3m; Spend $0/month (last 3m)
500834,Lapsed,Silver,Austin,Dairy,0.9844,1,High,588.2565,Win-back offer,2.4696,No purchase in 6+ months; No marketing emails opened in last 3m; Spend $0/month (last 3m)
502185,Lapsed,Silver,Spokane,Personal Care,0.9851,1,High,587.9959,Win-back offer,2.4609,No purchase in 6+ months; No marketing emails opened in last 3m; Spend $0/month (last 3m)
500084,Lapsed,Silver,Spokane,Dairy,0.9886,1,High,588.396,Win-back offer,2.4399,No purchase in 6+ months; No marketing emails opened in last 3m; Spend $0/month (last 3m)
501781,Lapsed,Silver,Columbus,Dairy,0.9916,1,High,588.9778,Win-back offer,2.4245,No purchase in 6+ months; No marketing emails opened in last 3m; Spend $0/month (last 3m)
501391,Lapsed,Silver,Madison,Snacks,0.9672,1,High,573.1704,Win-back offer,2.4079,No purchase for 4 months; No marketing emails opened in last 3m; Spend $0/month (last 3m)
501905,Lapsed,Platinum,Nashville,Personal Care,0.9779,1,High,575.4378,Win-back offer,2.3557,No purchase in 6+ months; No marketing emails opened in last 3m; Spend $0/month (last 3m)
501286,Lapsed,Silver,Nashville,Bakery,0.9802,1,High,575.5964,Win-back offer,2.34,No purchase in 6+ months; No marketing emails opened in last 3m; Spend $0/month (last 3m)
501070,Lapsed,Silver,Raleigh,Household,0.9696,1,High,567.6562,Win-back offer,2.3184,No purchase in 6+ months; No marketing emails opened in last 3m; Spend $0/month (last 3m)
500621,Lapsed,Silver,Madison,Dairy,0.9886,1,High,578.5546,Win-back offer,2.3156,No purchase in 6+ months; No marketing emails opened in last 3m; Spend $0/month (last 3m)
500722,Lapsed,Silver,Austin,Dairy,0.988,1,High,577.8097,Win-back offer,2.3103,No purchase for 4 months; No marketing emails opened in last 3m; Spend $0/month (last 3m)
501804,Lapsed,Gold,Madison,Snacks,0.9788,1,High,570.7323,Win-back offer,2.2883,No purchase for 5 months; No marketing emails opened in last 3m; Spend $0/month (last 3m)
500869,Lapsed,Silver,Raleigh,Frozen Foods,0.9768,1,High,568.8876,Win-back offer,2.28,No purchase in 6+ months; No marketing emails opened in last 3m; Spend $0/month (last 3m)
501866,Lapsed,Platinum,Tulsa,Personal Care,0.9895,1,High,575.9068,Win-back offer,2.275,No purchase in 6+ months; No marketing emails opened in last 3m; Spend $0/month (last 3m)
502561,Lapsed,Gold,Denver,Frozen Foods,0.9991,1,High,580.8802,Win-back offer,2.2675,No purchase for 5 months; 2 support tickets in last 3m; No marketing emails opened in last 3m
500886,Lapsed,Silver,Nashville,Produce,0.9727,1,High,565.0126,Win-back offer,2.2613,No purchase in 6+ months; No marketing emails opened in last 3m; Spend $0/month (last 3m)
500478,Lapsed,Silver,Austin,Frozen Foods,0.9912,1,High,575.2047,Win-back offer,2.254,No purchase in 6+ months; No marketing emails opened in last 3m; Spend $0/month (last 3m)
502093,Lapsed,Silver,Austin,Dairy,0.9864,1,High,571.61,Win-back offer,2.2435,No purchase in 6+ months; No marketing emails opened in last 3m; Spend $0/month (last 3m)
502163,Lapsed,Silver,Madison,Produce,0.9674,1,High,559.9006,Win-back offer,2.2345,No purchase in 6+ months; No marketing emails opened in last 3m; Spend $0/month (last 3m)
500019,Lapsed,Silver,Madison,Frozen Foods,0.99,1,High,572.6666,Win-back offer,2.2305,No purchase in 6+ months; No marketing emails opened in last 3m; Spend $0/month (last 3m)
500798,Lapsed,Silver,Columbus,Personal Care,0.9913,1,High,573.1214,Win-back offer,2.2269,No purchase in 6+ months; No marketing emails opened in last 3m; Spend $0/month (last 3m)
500077,Lapsed,Platinum,Columbus,Household,0.9879,1,High,570.8992,Win-back offer,2.2234,No purchase in 6+ months; No marketing emails opened in last 3m; Spend $0/month (last 3m)
502264,Lapsed,Gold,Columbus,Snacks,0.9882,1,High,571.0139,Win-back offer,2.2229,No purchase in 6+ months; No marketing emails opened in last 3m; Spend $0/month (last 3m)
500137,Lapsed,Silver,Denver,Snacks,0.9677,1,High,558.0128,Win-back offer,2.2078,No purchase in 6+ months; No marketing emails opened in last 3m; Spend $0/month (last 3m)
500099,Lapsed,Silver,Madison,Produce,0.9826,1,High,566.4523,Win-back offer,2.2063,No purchase in 6+ months; No marketing emails opened in last 3m; Spend $0/month (last 3m)
500069,Lapsed,Gold,Portland,Dairy,0.9718,1,High,557.9559,Win-back offer,2.1772,No purchases in last 3m; No marketing emails opened in last 3m; Spend $0/month (last 3m)
500352,Active,Silver,Portland,Snacks,0.5539,1,High,324.7013,Personalised coupon,2.1763,1.0 transactions/month (last 3m); Transactions trending down (-0.9/month); Spend $32/month (last 3m)
501384,Lapsed,Gold,Raleigh,Household,0.9614,1,High,551.6186,Win-back offer,2.1721,No purchase in 6+ months; No marketing emails opened in last 3m; Spend $0/month (last 3m)
502308,Lapsed,Gold,Portland,Beverages,0.9523,1,High,544.6996,Win-back offer,2.1497,No purchase in 6+ months; No marketing emails opened in last 3m; Spend $0/month (last 3m)
500388,Lapsed,Silver,Austin,Bakery,0.9898,1,High,564.6372,Win-back offer,2.1308,No purchase in 6+ months; No marketing emails opened in last 3m; Spend $0/month (last 3m)
500816,Lapsed,Silver,Nashville,Beverages,0.9765,1,High,557.0047,Win-back offer,2.1303,No purchase in 6+ months; No marketing emails opened in last 3m; Spend $0/month (last 3m)
502551,Lapsed,Gold,Columbus,Dairy,0.9599,1,High,546.4589,Win-back offer,2.1164,No purchase for 4 months; No marketing emails opened in last 3m; Spend $0/month (last 3m)
500769,Lapsed,Silver,Columbus,Beverages,0.981,1,High,558.4489,Win-back offer,2.1159,No purchases in last 3m; No marketing emails opened in last 3m; Spend $0/month (last 3m)
501029,Lapsed,Silver,Portland,Household,0.9889,1,High,562.6887,Win-back offer,2.1128,No purchase in 6+ months; No marketing emails opened in last 3m; Spend $0/month (last 3m)
501847,Lapsed,Gold,Spokane,Bakery,0.9798,1,High,556.1569,Win-back offer,2.0955,No purchase in 6+ months; No marketing emails opened in last 3m; Spend $0/month (last 3m)
501641,Lapsed,Gold,Raleigh,Beverages,0.9875,1,High,558.3766,Win-back offer,2.0678,No purchase in 6+ months; No marketing emails opened in last 3m; Spend $0/month (last 3m)
500348,Lapsed,Silver,Madison,Dairy,0.9651,1,High,545.5837,Win-back offer,2.0665,No purchase in 6+ months; No marketing emails opened in last 3m; Spend $0/month (last 3m)
500045,Lapsed,Silver,Columbus,Household,0.9899,1,High,558.7116,Win-back offer,2.0548,No purchase in 6+ months; No marketing emails opened in last 3m; Spend $0/month (last 3m)
500158,Lapsed,Platinum,Spokane,Household,0.9583,1,High,540.7753,Win-back offer,2.0538,No purchase in 6+ months; No marketing emails opened in last 3m; Spend $0/month (last 3m)
501754,Lapsed,Silver,Boise,Snacks,0.9661,1,High,544.6682,Win-back offer,2.0473,No purchase in 6+ months; No marketing emails opened in last 3m; Spend $0/month (last 3m)
500715,Lapsed,Gold,Austin,Bakery,0.9819,1,High,553.4146,Win-back offer,2.045,No purchase in 6+ months; No marketing emails opened in last 3m; Spend $0/month (last 3m)
501326,Lapsed,Silver,Austin,Household,0.9797,1,High,551.6857,Win-back offer,2.0388,No purchase in 6+ months; No marketing emails opened in last 3m; Spend $0/month (last 3m)
502110,Lapsed,Silver,Tulsa,Produce,0.9847,1,High,554.1123,Win-back offer,2.0342,No purchase in 6+ months; No marketing emails opened in last 3m; Spend $0/month (last 3m)
500244,Lapsed,Silver,Denver,Household,0.9848,1,High,554.1553,Win-back offer,2.0339,No purchase in 6+ months; No marketing emails opened in last 3m; Spend $0/month (last 3m)
501895,Lapsed,Silver,Raleigh,Dairy,0.972,1,High,546.2038,Win-back offer,2.0245,No purchase in 6+ months; No marketing emails opened in last 3m; Spend $0/month (last 3m)
500937,Lapsed,Gold,Spokane,Produce,0.9685,1,High,544.166,Win-back offer,2.0235,No purchase in 6+ months; No marketing emails opened in last 3m; Spend $0/month (last 3m)
501491,Lapsed,Silver,Austin,Bakery,0.9895,1,High,555.9355,Win-back offer,2.023,No purchases in last 3m; Spend $0/month (last 3m); Transactions trending down (-0.9/month)
502140,Active,Silver,Madison,Beverages,0.6423,1,High,272.2692,Proactive service call,2.0168,2 support tickets in last 3m; Spend $41/month (last 3m); Transactions trending down (-0.6/month)
500256,Lapsed,Gold,Nashville,Personal Care,0.9889,1,High,552.5411,Win-back offer,1.9841,No purchases in last 3m; No marketing emails opened in last 3m; Spend $0/month (last 3m)
502058,Lapsed,Gold,Portland,Snacks,0.9831,1,High,548.1468,Win-back offer,1.9696,No purchase in 6+ months; No marketing emails opened in last 3m; Spend $0/month (last 3m)
501706,Lapsed,Silver,Tulsa,Dairy,0.958,1,High,534.1256,Win-back offer,1.9692,No purchase in 6+ months; No marketing emails opened in last 3m; Spend $0/month (last 3m)
501356,Lapsed,Platinum,Boise,Snacks,0.9841,1,High,548.2983,Win-back offer,1.9643,No purchase in 6+ months; No marketing emails opened in last 3m; Spend $0/month (last 3m)
501788,Lapsed,Silver,Boise,Produce,0.9571,1,High,531.3283,Win-back offer,1.9396,Transactions trending down (-1.3/month); No purchases in last 3m; No marketing emails opened in last 3m
502207,Lapsed,Silver,Tulsa,Produce,0.9885,1,High,547.1941,Win-back offer,1.9196,No purchase in 6+ months; No marketing emails opened in last 3m; Spend $0/month (last 3m)
500269,Lapsed,Gold,Tulsa,Snacks,0.9445,1,High,521.5084,Win-back offer,1.9023,No purchases in last 3m; No marketing emails opened in last 3m; Spend $0/month (last 3m)
500377,Lapsed,Silver,Tulsa,Dairy,0.9852,1,High,543.9371,Win-back offer,1.9015,No purchase in 6+ months; No marketing emails opened in last 3m; Spend $0/month (last 3m)
500669,Lapsed,Gold,Tulsa,Personal Care,0.9871,1,High,544.7247,Win-back offer,1.8979,No purchase in 6+ months; No marketing emails opened in last 3m; Spend $0/month (last 3m)
501102,Lapsed,Silver,Portland,Personal Care,0.974,1,High,536.5031,Win-back offer,1.8854,No purchase in 6+ months; No marketing emails opened in last 3m; Spend $0/month (last 3m)
500467,Lapsed,Gold,Tulsa,Personal Care,0.9867,1,High,543.1887,Win-back offer,1.8816,No purchase for 4 months; No marketing emails opened in last 3m; Spend $0/month (last 3m)
501673,Lapsed,Silver,Boise,Household,0.9447,1,High,519.8908,Win-back offer,1.8787,No purchase in 6+ months; No marketing emails opened in last 3m; Spend $0/month (last 3m)
500284,Lapsed,Silver,Raleigh,Snacks,0.9826,1,High,540.3668,Win-back offer,1.8741,No purchase in 6+ months; No marketing emails opened in last 3m; Spend $0/month (last 3m)
501329,Active,Gold,Portland,Beverages,0.4151,1,High,316.1233,Personalised coupon,1.8546,Transactions trending down (-1.1/month); 1.7 transactions/month (last 3m); Opens 0.3 emails/month
501576,Lapsed,Silver,Nashville,Beverages,0.9841,1,High,539.1978,Win-back offer,1.8487,No purchase for 5 months; No marketing emails opened in last 3m; Spend $0/month (last 3m)
500140,Active,Silver,Austin,Personal Care,0.89,1,High,315.6951,Personalised coupon,1.8386,0.7 transactions/month (last 3m); No marketing emails opened in last 3m; Spend $16/month (last 3m)
501614,Lapsed,Silver,Tulsa,Frozen Foods,0.9888,1,High,540.9449,Win-back offer,1.8385,No purchase in 6+ months; No marketing emails opened in last 3m; Spend $0/month (last 3m)
500600,Active,Silver,Madison,Personal Care,0.2769,0,Medium,269.3122,Proactive service call,1.832,Transactions trending down (-2.5/month); 2 support tickets in last 3m; Only 1 transaction(s) last month
501993,Lapsed,Gold,Austin,Bakery,0.9894,1,High,540.1139,Win-back offer,1.8235,No purchase in 6+ months; No marketing emails opened in last 3m; Spend $0/month (last 3m)
501107,Lapsed,Silver,Nashville,Snacks,0.965,1,High,525.9612,Win-back offer,1.8133,No purchase in 6+ months; No marketing emails opened in last 3m; Spend $0/month (last 3m)
501722,Lapsed,Silver,Spokane,Household,0.986,1,High,536.0717,Win-back offer,1.7963,No purchase for 4 months; No marketing emails opened in last 3m; Spend $0/month (last 3m)
502415,Lapsed,Gold,Madison,Frozen Foods,0.9843,1,High,535.0162,Win-back offer,1.7945,No purchase for 5 months; No marketing emails opened in last 3m; Spend $0/month (last 3m)
502448,Lapsed,Silver,Nashville,Beverages,0.9604,1,High,521.015,Win-back offer,1.7809,No purchase in 6+ months; No marketing emails opened in last 3m; Spend $0/month (last 3m)
502304,Lapsed,Silver,Tulsa,Frozen Foods,0.9655,1,High,523.3736,Win-back offer,1.7762,No purchase in 6+ months; No marketing emails opened in last 3m; Spend $0/month (last 3m)
500303,Lapsed,Gold,Spokane,Snacks,0.9722,1,High,526.1124,Win-back offer,1.7647,No purchase for 4 months; No marketing emails opened in last 3m; Spend $0/month (last 3m)
501971,Lapsed,Silver,Madison,Produce,0.9587,1,High,517.9847,Win-back offer,1.7538,No purchase in 6+ months; No marketing emails opened in last 3m; Spend $0/month (last 3m)
501251,Lapsed,Silver,Nashville,Beverages,0.9753,1,High,526.6219,Win-back offer,1.7492,No purchase in 6+ months; No marketing emails opened in last 3m; Spend $0/month (last 3m)
501691,Lapsed,Silver,Columbus,Bakery,0.9903,1,High,534.1989,Win-back offer,1.7431,No purchase in 6+ months; No marketing emails opened in last 3m; Spend $0/month (last 3m)
502485,Lapsed,Silver,Denver,Produce,0.9879,1,High,532.1848,Win-back offer,1.734,No purchase in 6+ months; No marketing emails opened in last 3m; Spend $0/month (last 3m)
501189,Active,Silver,Raleigh,Snacks,0.2597,0,Medium,312.6898,Personalised coupon,1.7259,No transactions last month; Transactions trending down (-0.5/month); Opted in to marketing
501195,Lapsed,Gold,Denver,Household,0.9847,1,High,529.6732,Win-back offer,1.7241,No purchase in 6+ months; No marketing emails opened in last 3m; Spend $0/month (last 3m)
502443,Lapsed,Gold,Tulsa,Produce,0.9825,1,High,524.8949,Win-back offer,1.6784,No purchase in 6+ months; No marketing emails opened in last 3m; Spend $0/month (last 3m)
500860,Lapsed,Silver,Madison,Household,0.9698,1,High,516.9023,Win-back offer,1.6626,No purchase in 6+ months; No marketing emails opened in last 3m; Spend $0/month (last 3m)
502091,Lapsed,Silver,Boise,Household,0.9665,1,High,514.9821,Win-back offer,1.6604,No purchase in 6+ months; No marketing emails opened in last 3m; Spend $0/month (last 3m)
500219,Lapsed,Silver,Denver,Frozen Foods,0.9699,1,High,516.406,Win-back offer,1.6551,No purchase in 6+ months; No marketing emails opened in last 3m; Spend $0/month (last 3m)
500942,Active,Gold,Madison,Personal Care,0.3101,0,Medium,266.3636,Proactive service call,1.6477,1.3 transactions/month (last 3m); Formal complaint in last 3m; Spend $49/month (last 3m)
502595,Lapsed,Silver,Columbus,Beverages,0.9676,1,High,514.3228,Win-back offer,1.644,No purchase in 6+ months; No marketing emails opened in last 3m; Spend $0/month (last 3m)
500950,Lapsed,Gold,Boise,Snacks,0.9743,1,High,517.367,Win-back offer,1.6376,No purchase for 4 months; No marketing emails opened in last 3m; Spend $0/month (last 3m)
502554,Lapsed,Silver,Columbus,Frozen Foods,0.9795,1,High,519.2288,Win-back offer,1.6263,No purchase in 6+ months; No marketing emails opened in last 3m; Spend $0/month (last 3m)
500185,Lapsed,Silver,Raleigh,Produce,0.9676,1,High,512.7486,Win-back offer,1.6238,No purchase in 6+ months; No marketing emails opened in last 3m; Spend $0/month (last 3m)
502587,Lapsed,Silver,Nashville,Frozen Foods,0.9893,1,High,523.9557,Win-back offer,1.6204,No purchase in 6+ months; No marketing emails opened in last 3m; Spend $0/month (last 3m)
500170,Lapsed,Silver,Madison,Bakery,0.9925,1,High,524.9819,Win-back offer,1.6122,No purchase for 4 months; No marketing emails opened in last 3m; Spend $0/month (last 3m)
501813,Lapsed,Silver,Tulsa,Household,0.9832,1,High,518.7966,Win-back offer,1.5955,No purchase in 6+ months; No marketing emails opened in last 3m; Spend $0/month (last 3m)
501649,Lapsed,Silver,Portland,Frozen Foods,0.9807,1,High,516.9824,Win-back offer,1.5894,No purchase in 6+ months; No marketing emails opened in last 3m; Spend $0/month (last 3m)
501633,Lapsed,Platinum,Nashville,Snacks,0.9945,1,High,523.458,Win-back offer,1.5797,No purchase for 5 months; No marketing emails opened in last 3m; Spend $0/month (last 3m)
501842,Lapsed,Silver,Portland,Household,0.9434,1,High,495.7837,Win-back offer,1.5689,No purchase in 6+ months; No marketing emails opened in last 3m; Spend $0/month (last 3m)
500887,Lapsed,Gold,Denver,Dairy,0.9878,1,High,517.5725,Win-back offer,1.5496,No purchase in 6+ months; No marketing emails opened in last 3m; Spend $0/month (last 3m)
501852,Lapsed,Gold,Austin,Bakery,0.9894,1,High,516.0868,Win-back offer,1.5204,No purchase in 6+ months; No marketing emails opened in last 3m; Spend $0/month (last 3m)
500085,Lapsed,Gold,Tulsa,Beverages,0.9842,1,High,513.2908,Win-back offer,1.5189,No purchase for 4 months; No marketing emails opened in last 3m; Spend $0/month (last 3m)
501762,Lapsed,Platinum,Boise,Bakery,0.9742,1,High,507.503,Win-back offer,1.5119,No purchase in 6+ months; No marketing emails opened in last 3m; Spend $0/month (last 3m)
500806,Active,Platinum,Spokane,Bakery,0.8943,1,High,306.8269,Personalised coupon,1.506,0.7 transactions/month (last 3m); No marketing emails opened in last 3m; No app use in last 3m
500694,Lapsed,Silver,Portland,Snacks,0.9667,1,High,502.9475,Win-back offer,1.5037,No purchase in 6+ months; No marketing emails opened in last 3m; Spend $0/month (last 3m)
501556,Lapsed,Silver,Spokane,Dairy,0.984,1,High,510.3058,Win-back offer,1.4825,No purchase in 6+ months; No marketing emails opened in last 3m; Spend $0/month (last 3m)
501765,Lapsed,Silver,Boise,Dairy,0.9799,1,High,507.8762,Win-back offer,1.4785,No purchase in 6+ months; No marketing emails opened in last 3m; Spend $0/month (last 3m)
501490,Lapsed,Platinum,Tulsa,Bakery,0.9858,1,High,510.3561,Win-back offer,1.4715,No purchase for 4 months; No marketing emails opened in last 3m; Spend $0/month (last 3m)
500962,Lapsed,Gold,Madison,Bakery,0.9747,1,High,504.63,Win-back offer,1.4715,No purchase in 6+ months; No marketing emails opened in last 3m; Spend $0/month (last 3m)
501665,Lapsed,Silver,Columbus,Beverages,0.9904,1,High,511.4209,Win-back offer,1.4549,No purchases in last 3m; Transactions trending down (-1.1/month); No marketing emails opened in last 3m
500864,Lapsed,Silver,Boise,Household,0.9797,1,High,505.4287,Win-back offer,1.449,No purchase in 6+ months; No marketing emails opened in last 3m; Spend $0/month (last 3m)
502085,Active,Silver,Columbus,Personal Care,0.5882,1,High,263.1552,Proactive service call,1.4472,1.3 transactions/month (last 3m); Opens 0.3 emails/month; Formal complaint in last 3m
502125,Lapsed,Silver,Raleigh,Dairy,0.9884,1,High,509.6979,Win-back offer,1.4458,No purchase in 6+ months; No marketing emails opened in last 3m; Spend $0/month (last 3m)
501687,Lapsed,Silver,Tulsa,Household,0.9831,1,High,502.8477,Win-back offer,1.3936,No purchase in 6+ months; No marketing emails opened in last 3m; Spend $0/month (last 3m)
501385,Lapsed,Silver,Tulsa,Personal Care,0.9703,1,High,496.0071,Win-back offer,1.3902,No purchase in 6+ months; No marketing emails opened in last 3m; Spend $0/month (last 3m)
500637,Lapsed,Silver,Tulsa,Produce,0.9823,1,High,501.381,Win-back offer,1.3799,No purchase in 6+ months; No marketing emails opened in last 3m; Spend $0/month (last 3m)
501443,Lapsed,Silver,Boise,Dairy,0.9738,1,High,496.7132,Win-back offer,1.3759,No purchase for 4 months; No marketing emails opened in last 3m; Spend $0/month (last 3m)
500153,Lapsed,Silver,Austin,Personal Care,0.9907,1,High,504.6719,Win-back offer,1.3676,No purchase in 6+ months; No marketing emails opened in last 3m; Spend $0/month (last 3m)
500734,Lapsed,Silver,Columbus,Frozen Foods,0.9942,1,High,506.319,Win-back offer,1.3657,No purchase for 5 months; No marketing emails opened in last 3m; Spend $0/month (last 3m)
500451,Lapsed,Gold,Portland,Produce,0.96,1,High,488.9022,Win-back offer,1.3656,No purchase in 6+ months; No marketing emails opened in last 3m; Spend $0/month (last 3m)
500903,Lapsed,Silver,Nashville,Snacks,0.9696,1,High,493.4667,Win-back offer,1.3618,No purchase in 6+ months; No marketing emails opened in last 3m; Spend $0/month (last 3m)
501312,Lapsed,Gold,Tulsa,Frozen Foods,0.9795,1,High,496.9752,Win-back offer,1.3422,No purchase for 5 months; No marketing emails opened in last 3m; Spend $0/month (last 3m)
502490,Lapsed,Silver,Columbus,Bakery,0.9885,1,High,501.3271,Win-back offer,1.3396,No purchase in 6+ months; No marketing emails opened in last 3m; Spend $0/month (last 3m)
502183,Lapsed,Silver,Raleigh,Frozen Foods,0.9902,1,High,502.2023,Win-back offer,1.3394,No purchase for 5 months; No marketing emails opened in last 3m; Spend $0/month (last 3m)
501727,Active,Gold,Austin,Produce,0.3612,0,Medium,261.2657,Proactive service call,1.3291,2 support tickets in last 3m; Only 1 transaction(s) last month; Opens 0.3 emails/month
502215,Lapsed,Gold,Austin,Personal Care,0.9902,1,High,501.0292,Win-back offer,1.3249,No purchase in 6+ months; No marketing emails opened in last 3m; Spend $0/month (last 3m)
500037,Active,Silver,Tulsa,Personal Care,0.7929,1,High,301.684,Personalised coupon,1.3131,0.3 transactions/month (last 3m); No marketing emails opened in last 3m; Spend $10/month (last 3m)
500237,Lapsed,Gold,Tulsa,Household,0.9877,1,High,495.5545,Win-back offer,1.2719,No purchase in 6+ months; No marketing emails opened in last 3m; Spend $0/month (last 3m)
501220,Lapsed,Silver,Tulsa,Bakery,0.9757,1,High,489.3103,Win-back offer,1.2686,No purchase in 6+ months; No marketing emails opened in last 3m; Spend $0/month (last 3m)
501058,Lapsed,Silver,Austin,Produce,0.9898,1,High,495.8139,Win-back offer,1.2613,No purchase in 6+ months; No marketing emails opened in last 3m; Spend $0/month (last 3m)
500787,Lapsed,Silver,Madison,Frozen Foods,0.9846,1,High,492.0875,Win-back offer,1.2473,No purchase in 6+ months; No marketing emails opened in last 3m; Spend $0/month (last 3m)
501249,Lapsed,Silver,Austin,Household,0.9837,1,High,491.1054,Win-back offer,1.2403,No purchase in 6+ months; No marketing emails opened in last 3m; Spend $0/month (last 3m)
501749,Lapsed,Gold,Portland,Frozen Foods,0.9757,1,High,486.6146,Win-back offer,1.2344,No purchase in 6+ months; No marketing emails opened in last 3m; Spend $0/month (last 3m)
501227,Lapsed,Gold,Madison,Dairy,0.9884,1,High,492.6763,Win-back offer,1.231,No purchase in 6+ months; No marketing emails opened in last 3m; Spend $0/month (last 3m)
502526,Lapsed,Silver,Nashville,Snacks,0.9848,1,High,490.8961,Win-back offer,1.231,No purchase in 6+ months; No marketing emails opened in last 3m; Spend $0/month (last 3m)
500454,Lapsed,Silver,Denver,Snacks,0.9853,1,High,490.7602,Win-back offer,1.2263,No purchase in 6+ months; No marketing emails opened in last 3m; Spend $0/month (last 3m)
501394,Lapsed,Gold,Nashville,Snacks,0.9851,1,High,489.0965,Win-back offer,1.2064,No purchase in 6+ months; No marketing emails opened in last 3m; Spend $0/month (last 3m)
500985,Lapsed,Silver,Austin,Dairy,0.9529,1,High,472.6665,Win-back offer,1.2007,No purchases in last 3m; No marketing emails opened in last 3m; Spend $0/month (last 3m)
502156,Lapsed,Silver,Madison,Produce,0.9551,1,High,473.3434,Win-back offer,1.1952,No purchase in 6+ months; No marketing emails opened in last 3m; Spend $0/month (last 3m)
500822,Lapsed,Silver,Portland,Dairy,0.9721,1,High,480.866,Win-back offer,1.1836,No purchase in 6+ months; No marketing emails opened in last 3m; Spend $0/month (last 3m)
500024,Lapsed,Silver,Denver,Produce,0.9903,1,High,489.6963,Win-back offer,1.1813,No purchase for 5 months; No marketing emails opened in last 3m; Spend $0/month (last 3m)
501392,Lapsed,Silver,Portland,Bakery,0.9874,1,High,487.397,Win-back offer,1.1703,No purchase for 4 months; No marketing emails opened in last 3m; Spend $0/month (last 3m)
501414,Lapsed,Gold,Columbus,Frozen Foods,0.9764,1,High,481.4378,Win-back offer,1.1633,No purchase in 6+ months; No marketing emails opened in last 3m; Spend $0/month (last 3m)
501590,Active,Silver,Boise,Beverages,0.9188,1,High,296.7125,Personalised coupon,1.1267,0.7 transactions/month (last 3m); No marketing emails opened in last 3m; Spend $18/month (last 3m)
502018,Lapsed,Silver,Portland,Household,0.9792,1,High,478.9943,Win-back offer,1.1144,No purchase in 6+ months; No marketing emails opened in last 3m; Spend $0/month (last 3m)
501662,Lapsed,Silver,Boise,Frozen Foods,0.9896,1,High,483.1998,Win-back offer,1.1036,No purchase for 5 months; No marketing emails opened in last 3m; Spend $0/month (last 3m)
502407,Lapsed,Silver,Boise,Household,0.9869,1,High,481.119,Win-back offer,1.0941,No purchase in 6+ months; No marketing emails opened in last 3m; Spend $0/month (last 3m)
501521,Lapsed,Silver,Boise,Household,0.9827,1,High,478.5639,Win-back offer,1.0874,No purchase in 6+ months; No marketing emails opened in last 3m; Spend $0/month (last 3m)
502033,Lapsed,Silver,Spokane,Frozen Foods,0.9512,1,High,461.6984,Win-back offer,1.0676,No purchase for 4 months; No marketing emails opened in last 3m; Spend $0/month (last 3m)
500281,Lapsed,Silver,Boise,Bakery,0.9912,1,High,479.9811,Win-back offer,1.0529,No purchase in 6+ months; No marketing emails opened in last 3m; Spend $0/month (last 3m)
500584,Lapsed,Silver,Austin,Bakery,0.981,1,High,474.8396,Win-back offer,1.0503,No purchase in 6+ months; No marketing emails opened in last 3m; Spend $0/month (last 3m)
500760,Lapsed,Gold,Portland,Frozen Foods,0.9884,1,High,477.7639,Win-back offer,1.0421,No purchase for 4 months; No marketing emails opened in last 3m; Spend $0/month (last 3m)
501030,Lapsed,Silver,Boise,Household,0.9628,1,High,464.863,Win-back offer,1.0354,No purchase for 4 months; No marketing emails opened in last 3m; Spend $0/month (last 3m)
501318,Lapsed,Silver,Madison,Snacks,0.9627,1,High,464.3159,Win-back offer,1.0291,No purchase in 6+ months; No marketing emails opened in last 3m; Spend $0/month (last 3m)
501230,Lapsed,Silver,Columbus,Bakery,0.9802,1,High,472.2114,Win-back offer,1.0222,No purchase for 5 months; No marketing emails opened in last 3m; Spend $0/month (last 3m)
501099,Lapsed,Gold,Austin,Bakery,0.9934,1,High,476.524,Win-back offer,0.9964,No purchase in 6+ months; No marketing emails opened in last 3m; Spend $0/month (last 3m)
501684,Lapsed,Gold,Boise,Personal Care,0.9904,1,High,474.0812,Win-back offer,0.9832,No purchase in 6+ months; No marketing emails opened in last 3m; Spend $0/month (last 3m)
500625,Lapsed,Silver,Spokane,Personal Care,0.9688,1,High,463.2377,Win-back offer,0.9768,No purchase for 4 months; No marketing emails opened in last 3m; Spend $0/month (last 3m)
502412,Lapsed,Silver,Madison,Household,0.9878,1,High,472.2234,Win-back offer,0.9758,No purchase in 6+ months; No marketing emails opened in last 3m; Spend $0/month (last 3m)
501171,Lapsed,Silver,Columbus,Produce,0.9812,1,High,469.0264,Win-back offer,0.9749,No purchase in 6+ months; No marketing emails opened in last 3m; Spend $0/month (last 3m)
502376,Lapsed,Platinum,Denver,Frozen Foods,0.9888,1,High,472.266,Win-back offer,0.97,No purchase in 6+ months; No marketing emails opened in last 3m; Spend $0/month (last 3m)
500659,Lapsed,Silver,Columbus,Produce,0.9648,1,High,459.3273,Win-back offer,0.951,No purchase in 6+ months; No marketing emails opened in last 3m; Spend $0/month (last 3m)
502041,Lapsed,Silver,Nashville,Bakery,0.9912,1,High,470.7978,Win-back offer,0.9374,No purchase in 6+ months; No marketing emails opened in last 3m; Spend $0/month (last 3m)
500324,Lapsed,Silver,Madison,Dairy,0.9383,1,High,444.7855,Win-back offer,0.9254,No purchases in last 3m; Spend $0/month (last 3m); Transactions trending down (-0.7/month)
501610,Lapsed,Gold,Raleigh,Personal Care,0.9864,1,High,466.6615,Win-back offer,0.9135,No purchase in 6+ months; No marketing emails opened in last 3m; Spend $0/month (last 3m)
502166,Lapsed,Gold,Austin,Bakery,0.9792,1,High,463.0778,Win-back offer,0.9113,No purchase in 6+ months; No marketing emails opened in last 3m; Spend $0/month (last 3m)
500872,Lapsed,Silver,Columbus,Personal Care,0.9933,1,High,469.3982,Win-back offer,0.9073,No purchase in 6+ months; No marketing emails opened in last 3m; Spend $0/month (last 3m)
501840,Active,Gold,Tulsa,Beverages,0.8426,1,High,290.7556,Personalised coupon,0.9033,0.3 transactions/month (last 3m); No marketing emails opened in last 3m; Spend $13/month (last 3m)
500683,Lapsed,Gold,Austin,Frozen Foods,0.9886,1,High,466.5031,Win-back offer,0.8988,No purchase in 6+ months; No marketing emails opened in last 3m; Spend $0/month (last 3m)
500569,Lapsed,Gold,Boise,Bakery,0.9734,1,High,459.0777,Win-back offer,0.895,No purchase in 6+ months; No marketing emails opened in last 3m; Spend $0/month (last 3m)
501615,Lapsed,Gold,Denver,Household,0.9738,1,High,459.0373,Win-back offer,0.8923,No purchase in 6+ months; No marketing emails opened in last 3m; Spend $0/month (last 3m)
502562,Lapsed,Silver,Boise,Snacks,0.9842,1,High,461.4388,Win-back offer,0.8604,No purchases in last 3m; No marketing emails opened in last 3m; Spend $0/month (last 3m)
501008,Lapsed,Silver,Denver,Household,0.9786,1,High,458.642,Win-back offer,0.8586,No purchase in 6+ months; No marketing emails opened in last 3m; Spend $0/month (last 3m)
501582,Lapsed,Silver,Tulsa,Produce,0.9697,1,High,454.1897,Win-back offer,0.8548,No purchase in 6+ months; No marketing emails opened in last 3m; Spend $0/month (last 3m)
500197,Lapsed,Gold,Tulsa,Household,0.9681,1,High,453.3124,Win-back offer,0.8532,No purchase in 6+ months; No marketing emails opened in last 3m; Spend $0/month (last 3m)
500362,Lapsed,Gold,Portland,Bakery,0.9861,1,High,460.4177,Win-back offer,0.8361,No purchase in 6+ months; No marketing emails opened in last 3m; Spend $0/month (last 3m)
500606,Lapsed,Platinum,Columbus,Personal Care,0.9939,1,High,463.3489,Win-back offer,0.8277,No purchase for 5 months; No marketing emails opened in last 3m; Spend $0/month (last 3m)
501196,Lapsed,Gold,Columbus,Produce,0.9674,1,High,449.8156,Win-back offer,0.812,No purchase in 6+ months; No marketing emails opened in last 3m; Spend $0/month (last 3m)
501363,Lapsed,Silver,Tulsa,Dairy,0.9699,1,High,450.9592,Win-back offer,0.8118,No purchase in 6+ months; No marketing emails opened in last 3m; Spend $0/month (last 3m)
500614,Lapsed,Silver,Boise,Personal Care,0.9795,1,High,454.1133,Win-back offer,0.7951,No purchases in last 3m; No marketing emails opened in last 3m; Spend $0/month (last 3m)
500873,Lapsed,Silver,Tulsa,Produce,0.9856,1,High,456.349,Win-back offer,0.7876,No purchase in 6+ months; No marketing emails opened in last 3m; Spend $0/month (last 3m)
501161,Lapsed,Gold,Austin,Bakery,0.9582,1,High,443.1623,Win-back offer,0.7811,No purchases in last 3m; No marketing emails opened in last 3m; Spend $0/month (last 3m)
501605,Lapsed,Silver,Nashville,Bakery,0.9911,1,High,458.0153,Win-back offer,0.7767,No purchase in 6+ months; No marketing emails opened in last 3m; Spend $0/month (last 3m)
500961,Active,Silver,Austin,Dairy,0.7276,1,High,287.3487,Personalised coupon,0.7756,1.0 transactions/month (last 3m); Spend $23/month (last 3m); No app use in last 3m
501483,Lapsed,Gold,Austin,Household,0.9895,1,High,456.3927,Win-back offer,0.7653,No purchase in 6+ months; No marketing emails opened in last 3m; Spend $0/month (last 3m)
501708,Lapsed,Silver,Columbus,Beverages,0.9849,1,High,452.9195,Win-back offer,0.7484,No purchase in 6+ months; No marketing emails opened in last 3m; Spend $0/month (last 3m)
501985,Lapsed,Silver,Raleigh,Frozen Foods,0.9791,1,High,450.2649,Win-back offer,0.7484,No purchase in 6+ months; No marketing emails opened in last 3m; Spend $0/month (last 3m)
501262,Lapsed,Silver,Denver,Household,0.9811,1,High,450.4563,Win-back offer,0.739,No purchase in 6+ months; No marketing emails opened in last 3m; Spend $0/month (last 3m)
501475,Lapsed,Silver,Raleigh,Dairy,0.9814,1,High,450.5051,Win-back offer,0.7378,No purchase in 6+ months; No marketing emails opened in last 3m; Spend $0/month (last 3m)
502483,Lapsed,Gold,Spokane,Frozen Foods,0.9867,1,High,451.2968,Win-back offer,0.7172,No purchase in 6+ months; No marketing emails opened in last 3m; Spend $0/month (last 3m)
502066,Lapsed,Platinum,Portland,Beverages,0.953,1,High,435.7342,Win-back offer,0.7152,No purchase in 6+ months; No marketing emails opened in last 3m; Spend $0/month (last 3m)
501352,Lapsed,Gold,Denver,Beverages,0.9661,1,High,441.5888,Win-back offer,0.7134,No purchase in 6+ months; No marketing emails opened in last 3m; Spend $0/month (last 3m)
500461,Lapsed,Silver,Nashville,Household,0.988,1,High,451.0252,Win-back offer,0.7061,No purchase in 6+ months; No marketing emails opened in last 3m; Spend $0/month (last 3m)
502073,Lapsed,Silver,Spokane,Dairy,0.9881,1,High,451.018,Win-back offer,0.7058,No purchase in 6+ months; No marketing emails opened in last 3m; Spend $0/month (last 3m)
500152,Lapsed,Gold,Nashville,Household,0.9699,1,High,442.4354,Win-back offer,0.7019,No purchase in 6+ months; No marketing emails opened in last 3m; Spend $0/month (last 3m)
500079,Lapsed,Silver,Spokane,Produce,0.9877,1,High,449.231,Win-back offer,0.6853,No purchase in 6+ months; No marketing emails opened in last 3m; Spend $0/month (last 3m)
501459,Lapsed,Gold,Columbus,Dairy,0.9866,1,High,448.0213,Win-back offer,0.6764,No purchase in 6+ months; No marketing emails opened in last 3m; Spend $0/month (last 3m)
501052,Lapsed,Silver,Raleigh,Beverages,0.9579,1,High,434.7809,Win-back offer,0.6738,No purchase in 6+ months; No marketing emails opened in last 3m; Spend $0/month (last 3m)
500720,Lapsed,Gold,Austin,Frozen Foods,0.9894,1,High,449.0333,Win-back offer,0.6733,No purchase in 6+ months; No marketing emails opened in last 3m; Spend $0/month (last 3m)
500534,Lapsed,Gold,Denver,Frozen Foods,0.9769,1,High,443.164,Win-back offer,0.6707,No purchase in 6+ months; No marketing emails opened in last 3m; Spend $0/month (last 3m)
500055,Lapsed,Silver,Tulsa,Beverages,0.9864,1,High,447.0443,Win-back offer,0.6652,No purchase in 6+ months; No marketing emails opened in last 3m; Spend $0/month (last 3m)
500226,Lapsed,Silver,Portland,Household,0.9246,1,High,418.5034,Win-back offer,0.6577,No purchases in last 3m; No marketing emails opened in last 3m; Spend $0/month (last 3m)
500640,Lapsed,Silver,Boise,Beverages,0.979,1,High,443.011,Win-back offer,0.6562,No purchase for 4 months; Transactions trending down (-1.0/month); No marketing emails opened in last 3m
500274,Lapsed,Platinum,Columbus,Produce,0.9894,1,High,445.6631,Win-back offer,0.6303,No purchase in 6+ months; No marketing emails opened in last 3m; Spend $0/month (last 3m)
501336,Lapsed,Silver,Raleigh,Snacks,0.9823,1,High,441.6149,Win-back offer,0.6199,No purchase in 6+ months; No marketing emails opened in last 3m; Spend $0/month (last 3m)
502107,Lapsed,Silver,Denver,Personal Care,0.9687,1,High,434.8318,Win-back offer,0.6109,No purchase in 6+ months; No marketing emails opened in last 3m; Spend $0/month (last 3m)
501885,Lapsed,Gold,Austin,Snacks,0.9747,1,High,436.8654,Win-back offer,0.6025,No purchase in 6+ months; No marketing emails opened in last 3m; Spend $0/month (last 3m)
500988,Lapsed,Silver,Austin,Household,0.9868,1,High,441.7779,Win-back offer,0.5961,No purchase in 6+ months; No marketing emails opened in last 3m; Spend $0/month (last 3m)
501869,Lapsed,Silver,Nashville,Frozen Foods,0.9421,1,High,421.4884,Win-back offer,0.5921,No purchases in last 3m; No marketing emails opened in last 3m; Spend $0/month (last 3m)
501900,Lapsed,Gold,Columbus,Bakery,0.9906,1,High,442.3632,Win-back offer,0.582,No purchase for 4 months; 5 support tickets in 6m; Spend $0/month (last 3m)
500395,Lapsed,Silver,Boise,Dairy,0.9658,1,High,430.7775,Win-back offer,0.5754,No purchase in 6+ months; No marketing emails opened in last 3m; Spend $0/month (last 3m)
501837,Lapsed,Silver,Raleigh,Snacks,0.9848,1,High,439.2176,Win-back offer,0.575,No purchase in 6+ months; No marketing emails opened in last 3m; Spend $0/month (last 3m)
501422,Lapsed,Platinum,Portland,Household,0.9824,1,High,436.0921,Win-back offer,0.5488,No purchase in 6+ months; No marketing emails opened in last 3m; Spend $0/month (last 3m)
501091,Lapsed,Silver,Nashville,Bakery,0.9928,1,High,439.2627,Win-back offer,0.5306,No purchase in 6+ months; No marketing emails opened in last 3m; Spend $0/month (last 3m)
502252,Lapsed,Gold,Nashville,Snacks,0.9713,1,High,429.1811,Win-back offer,0.523,No purchase in 6+ months; No marketing emails opened in last 3m; Spend $0/month (last 3m)
500970,Lapsed,Platinum,Madison,Frozen Foods,0.9883,1,High,436.6087,Win-back offer,0.5224,No purchase in 6+ months; No marketing emails opened in last 3m; Spend $0/month (last 3m)
501894,Lapsed,Silver,Tulsa,Bakery,0.9748,1,High,430.0871,Win-back offer,0.5149,No purchase in 6+ months; No marketing emails opened in last 3m; Spend $0/month (last 3m)
502167,Lapsed,Gold,Austin,Beverages,0.9847,1,High,432.3413,Win-back offer,0.4885,No purchase in 6+ months; No marketing emails opened in last 3m; Spend $0/month (last 3m)
500406,Lapsed,Silver,Boise,Personal Care,0.9868,1,High,433.0985,Win-back offer,0.4863,No purchase in 6+ months; No marketing emails opened in last 3m; Spend $0/month (last 3m)
502520,Lapsed,Gold,Nashville,Frozen Foods,0.9878,1,High,433.0294,Win-back offer,0.4795,No purchase in 6+ months; No marketing emails opened in last 3m; Spend $0/month (last 3m)
500468,Active,Gold,Portland,Household,0.564,1,High,279.4486,Personalised coupon,0.4793,1.0 transactions/month (last 3m); Transactions trending down (-0.9/month); Spend $29/month (last 3m)
500094,Lapsed,Silver,Columbus,Beverages,0.9878,1,High,431.9407,Win-back offer,0.466,No purchase in 6+ months; No marketing emails opened in last 3m; Spend $0/month (last 3m)
500677,Lapsed,Platinum,Madison,Snacks,0.9886,1,High,431.7113,Win-back offer,0.4589,No purchase in 6+ months; No marketing emails opened in last 3m; Spend $0/month (last 3m)
500802,Lapsed,Gold,Spokane,Beverages,0.9633,1,High,420.3434,Win-back offer,0.4542,No purchase for 4 months; No marketing emails opened in last 3m; Spend $0/month (last 3m)
501972,Lapsed,Silver,Spokane,Produce,0.9676,1,High,420.7515,Win-back offer,0.4352,No purchase in 6+ months; No marketing emails opened in last 3m; Spend $0/month (last 3m)
501630,Lapsed,Silver,Columbus,Snacks,0.991,1,High,430.4072,Win-back offer,0.4291,No purchase in 6+ months; No marketing emails opened in last 3m; Spend $0/month (last 3m)
500186,Lapsed,Silver,Austin,Snacks,0.9723,1,High,419.8452,Win-back offer,0.3975,No purchase in 6+ months; No marketing emails opened in last 3m; Spend $0/month (last 3m)
501146,Lapsed,Silver,Raleigh,Dairy,0.9867,1,High,425.8029,Win-back offer,0.3941,No purchase in 6+ months; No marketing emails opened in last 3m; Spend $0/month (last 3m)
500928,Lapsed,Silver,Tulsa,Frozen Foods,0.9829,1,High,423.2668,Win-back offer,0.383,No purchase in 6+ months; No marketing emails opened in last 3m; Spend $0/month (last 3m)
500217,Lapsed,Gold,Columbus,Frozen Foods,0.9898,1,High,426.0617,Win-back offer,0.3809,No purchase in 6+ months; No marketing emails opened in last 3m; Spend $0/month (last 3m)
500262,Lapsed,Silver,Madison,Household,0.996,1,High,428.4047,Win-back offer,0.3768,No purchases in last 3m; 2 support tickets in last 3m; Transactions trending down (-0.9/month)
502303,Lapsed,Silver,Tulsa,Household,0.984,1,High,422.3337,Win-back offer,0.3648,No purchase in 6+ months; No marketing emails opened in last 3m; Spend $0/month (last 3m)
501324,Lapsed,Platinum,Nashville,Beverages,0.9817,1,High,421.1387,Win-back offer,0.3621,No purchase in 6+ months; No marketing emails opened in last 3m; Spend $0/month (last 3m)
501126,Lapsed,Silver,Boise,Household,0.9795,1,High,419.4438,Win-back offer,0.3528,No purchase in 6+ months; No marketing emails opened in last 3m; Spend $0/month (last 3m)
501350,Lapsed,Gold,Columbus,Snacks,0.98,1,High,419.0172,Win-back offer,0.3449,No purchase in 6+ months; No marketing emails opened in last 3m; Spend $0/month (last 3m)
501454,Lapsed,Platinum,Spokane,Personal Care,0.9799,1,High,414.5692,Win-back offer,0.2883,No purchase in 6+ months; No marketing emails opened in last 3m; Spend $0/month (last 3m)
500089,Lapsed,Gold,Portland,Dairy,0.9856,1,High,414.5153,Win-back offer,0.2572,No purchase in 6+ months; No marketing emails opened in last 3m; Spend $0/month (last 3m)
501085,Lapsed,Silver,Raleigh,Beverages,0.9775,1,High,411.0993,Win-back offer,0.2572,No purchase for 4 months; No marketing emails opened in last 3m; Spend $0/month (last 3m)
500681,Lapsed,Silver,Nashville,Beverages,0.9873,1,High,413.4385,Win-back offer,0.2347,No purchase in 6+ months; No marketing emails opened in last 3m; Spend $0/month (last 3m)
501406,Lapsed,Gold,Boise,Bakery,0.9677,1,High,404.8338,Win-back offer,0.2294,No purchase in 6+ months; No marketing emails opened in last 3m; Spend $0/month (last 3m)
501522,Lapsed,Silver,Portland,Bakery,0.9819,1,High,407.6138,Win-back offer,0.1889,No purchase in 6+ months; No marketing emails opened in last 3m; Spend $0/month (last 3m)
500176,Lapsed,Silver,Columbus,Frozen Foods,0.9875,1,High,409.6741,Win-back offer,0.1858,No purchase in 6+ months; No marketing emails opened in last 3m; Spend $0/month (last 3m)
500968,Lapsed,Silver,Spokane,Frozen Foods,0.9859,1,High,408.2326,Win-back offer,0.1759,No purchase in 6+ months; No marketing emails opened in last 3m; Spend $0/month (last 3m)
501853,Lapsed,Silver,Denver,Bakery,0.9863,1,High,407.6145,Win-back offer,0.1658,No purchase in 6+ months; No marketing emails opened in last 3m; Spend $0/month (last 3m)
500503,Lapsed,Silver,Nashville,Household,0.9863,1,High,405.9224,Win-back offer,0.1448,No purchase in 6+ months; No marketing emails opened in last 3m; Spend $0/month (last 3m)
501926,Lapsed,Silver,Boise,Beverages,0.9852,1,High,404.4367,Win-back offer,0.1315,No purchase in 6+ months; No marketing emails opened in last 3m; Spend $0/month (last 3m)
502013,Lapsed,Gold,Denver,Frozen Foods,0.9813,1,High,402.5186,Win-back offer,0.1276,No purchase in 6+ months; No marketing emails opened in last 3m; Spend $0/month (last 3m)
501066,Lapsed,Silver,Austin,Frozen Foods,0.973,1,High,398.0961,Win-back offer,0.1143,No purchase in 6+ months; No marketing emails opened in last 3m; Spend $0/month (last 3m)
500560,Lapsed,Gold,Denver,Bakery,0.9897,1,High,404.5193,Win-back offer,0.1093,No purchase in 6+ months; No marketing emails opened in last 3m; Spend $0/month (last 3m)
500173,Lapsed,Gold,Nashville,Beverages,0.9729,1,High,397.6403,Win-back offer,0.109,No purchase in 6+ months; No marketing emails opened in last 3m; Spend $0/month (last 3m)
500032,Lapsed,Platinum,Portland,Produce,0.9693,1,High,396.1758,Win-back offer,0.109,No purchase for 4 months; No marketing emails opened in last 3m; Spend $0/month (last 3m)
501303,Lapsed,Silver,Denver,Bakery,0.9933,1,High,400.0494,Win-back offer,0.0345,No purchase in 6+ months; No marketing emails opened in last 3m; Spend $0/month (last 3m)
502068,Lapsed,Gold,Denver,Dairy,0.9698,1,High,390.2212,Win-back offer,0.0295,No purchase in 6+ months; No marketing emails opened in last 3m; Spend $0/month (last 3m)
502202,Lapsed,Silver,Boise,Beverages,0.9759,1,High,391.9495,Win-back offer,0.0205,No purchase in 6+ months; No marketing emails opened in last 3m; Spend $0/month (last 3m)
500151,Lapsed,Gold,Tulsa,Frozen Foods,0.9861,1,High,395.8113,Win-back offer,0.0174,No purchase in 6+ months; No marketing emails opened in last 3m; Spend $0/month (last 3m)
500981,Lapsed,Gold,Portland,Frozen Foods,0.999,1,High,386.2283,Monitor (no paid action),0.0,3 support tickets in last 3m; No purchases in last 3m; Spend $0/month (last 3m)
502364,Lapsed,Silver,Columbus,Dairy,0.997,1,High,396.1588,Monitor (no paid action),0.0,No purchase for 4 months; No marketing emails opened in last 3m; Spend $0/month (last 3m)
500580,Lapsed,Gold,Austin,Snacks,0.9953,1,High,341.6025,Monitor (no paid action),0.0,No purchase for 4 months; 5 support tickets in 6m; No marketing emails opened in last 3m
501859,Lapsed,Silver,Columbus,Bakery,0.9943,1,High,170.8642,Monitor (no paid action),0.0,No purchase in 6+ months; No marketing emails opened in last 3m; Spend $0/month (last 3m)
502103,Lapsed,Silver,Columbus,Personal Care,0.9934,1,High,194.1361,Monitor (no paid action),0.0,No purchase in 6+ months; No marketing emails opened in last 3m; Spend $0/month (last 3m)
502224,Lapsed,Platinum,Columbus,Personal Care,0.9934,1,High,238.3505,Monitor (no paid action),0.0,No purchase in 6+ months; No marketing emails opened in last 3m; Spend $0/month (last 3m)
502331,Lapsed,Silver,Nashville,Bakery,0.9932,1,High,373.8035,Monitor (no paid action),0.0,No purchase in 6+ months; No marketing emails opened in last 3m; Spend $0/month (last 3m)
500499,Lapsed,Gold,Austin,Bakery,0.9929,1,High,331.4428,Monitor (no paid action),0.0,No purchase in 6+ months; No marketing emails opened in last 3m; Spend $0/month (last 3m)
501621,Lapsed,Silver,Columbus,Personal Care,0.9929,1,High,376.6104,Monitor (no paid action),0.0,No purchase in 6+ months; No marketing emails opened in last 3m; Spend $0/month (last 3m)
500666,Lapsed,Silver,Columbus,Bakery,0.9928,1,High,162.3838,Monitor (no paid action),0.0,No purchase in 6+ months; No marketing emails opened in last 3m; Spend $0/month (last 3m)
501277,Lapsed,Silver,Tulsa,Beverages,0.9925,1,High,387.7214,Monitor (no paid action),0.0,No purchase for 4 months; No marketing emails opened in last 3m; Spend $0/month (last 3m)
500341,Lapsed,Silver,Austin,Bakery,0.992,1,High,156.8628,Monitor (no paid action),0.0,No purchase in 6+ months; No marketing emails opened in last 3m; Spend $0/month (last 3m)
502170,Lapsed,Silver,Austin,Frozen Foods,0.9917,1,High,288.011,Monitor (no paid action),0.0,No purchase for 4 months; No marketing emails opened in last 3m; Spend $0/month (last 3m)
501908,Lapsed,Gold,Portland,Bakery,0.9915,1,High,307.9342,Monitor (no paid action),0.0,No purchase in 6+ months; No marketing emails opened in last 3m; Spend $0/month (last 3m)
502589,Lapsed,Gold,Columbus,Personal Care,0.9915,1,High,249.2299,Monitor (no paid action),0.0,No purchase in 6+ months; No marketing emails opened in last 3m; Spend $0/month (last 3m)
500246,Lapsed,Silver,Nashville,Personal Care,0.9915,1,High,353.5613,Monitor (no paid action),0.0,No purchase in 6+ months; No marketing emails opened in last 3m; Spend $0/month (last 3m)
500905,Lapsed,Silver,Columbus,Personal Care,0.9914,1,High,203.0531,Monitor (no paid action),0.0,No purchase in 6+ months; No marketing emails opened in last 3m; Spend $0/month (last 3m)
501427,Lapsed,Silver,Spokane,Bakery,0.9912,1,High,169.3202,Monitor (no paid action),0.0,No purchase in 6+ months; No marketing emails opened in last 3m; Spend $0/month (last 3m)
500773,Lapsed,Silver,Denver,Personal Care,0.9911,1,High,214.3571,Monitor (no paid action),0.0,No purchase in 6+ months; No marketing emails opened in last 3m; Spend $0/month (last 3m)
501270,Lapsed,Silver,Madison,Bakery,0.991,1,High,261.8139,Monitor (no paid action),0.0,No purchase in 6+ months; No marketing emails opened in last 3m; Spend $0/month (last 3m)
500130,Lapsed,Gold,Columbus,Frozen Foods,0.991,1,High,246.549,Monitor (no paid action),0.0,No purchase in 6+ months; No marketing emails opened in last 3m; Spend $0/month (last 3m)
502147,Lapsed,Silver,Tulsa,Personal Care,0.9909,1,High,221.4364,Monitor (no paid action),0.0,No purchase in 6+ months; No marketing emails opened in last 3m; Spend $0/month (last 3m)
501185,Lapsed,Gold,Raleigh,Personal Care,0.9908,1,High,196.8419,Monitor (no paid action),0.0,No purchase in 6+ months; No marketing emails opened in last 3m; Spend $0/month (last 3m)
500298,Lapsed,Silver,Raleigh,Bakery,0.9908,1,High,330.7071,Monitor (no paid action),0.0,No purchase in 6+ months; No marketing emails opened in last 3m; Spend $0/month (last 3m)
502451,Lapsed,Silver,Columbus,Snacks,0.9907,1,High,92.5219,Monitor (no paid action),0.0,No purchase in 6+ months; No marketing emails opened in last 3m; Spend $0/month (last 3m)
500756,Lapsed,Silver,Columbus,Dairy,0.9907,1,High,141.112,Monitor (no paid action),0.0,No purchase in 6+ months; No marketing emails opened in last 3m; Spend $0/month (last 3m)
500564,Lapsed,Silver,Denver,Household,0.9905,1,High,196.537,Monitor (no paid action),0.0,No purchase for 5 months; No marketing emails opened in last 3m; Spend $0/month (last 3m)
502003,Lapsed,Silver,Tulsa,Bakery,0.9904,1,High,269.5795,Monitor (no paid action),0.0,No purchase for 4 months; No marketing emails opened in last 3m; Spend $0/month (last 3m)
500386,Lapsed,Silver,Austin,Snacks,0.9903,1,High,137.1327,Monitor (no paid action),0.0,No purchase in 6+ months; No marketing emails opened in last 3m; Spend $0/month (last 3m)
500588,Lapsed,Silver,Madison,Bakery,0.9901,1,High,245.7452,Monitor (no paid action),0.0,No purchase in 6+ months; No marketing emails opened in last 3m; Spend $0/month (last 3m)
502255,Lapsed,Gold,Columbus,Produce,0.9901,1,High,220.4484,Monitor (no paid action),0.0,No purchase in 6+ months; No marketing emails opened in last 3m; Spend $0/month (last 3m)
500034,Lapsed,Gold,Madison,Bakery,0.99,1,High,308.0493,Monitor (no paid action),0.0,No purchase in 6+ months; No marketing emails opened in last 3m; Spend $0/month (last 3m)
502375,Lapsed,Silver,Madison,Frozen Foods,0.9899,1,High,331.8844,Monitor (no paid action),0.0,No purchase in 6+ months; No marketing emails opened in last 3m; Spend $0/month (last 3m)
500815,Lapsed,Silver,Nashville,Produce,0.9897,1,High,385.5041,Monitor (no paid action),0.0,No purchase in 6+ months; No marketing emails opened in last 3m; Spend $0/month (last 3m)
501265,Lapsed,Gold,Tulsa,Bakery,0.9896,1,High,336.3814,Monitor (no paid action),0.0,No purchase in 6+ months; No marketing emails opened in last 3m; Spend $0/month (last 3m)
500116,Lapsed,Silver,Raleigh,Bakery,0.9896,1,High,217.7439,Monitor (no paid action),0.0,No purchase in 6+ months; No marketing emails opened in last 3m; Spend $0/month (last 3m)
501829,Lapsed,Silver,Columbus,Frozen Foods,0.9895,1,High,224.3611,Monitor (no paid action),0.0,No purchase in 6+ months; No marketing emails opened in last 3m; Spend $0/month (last 3m)
500779,Lapsed,Silver,Austin,Beverages,0.9895,1,High,306.6966,Monitor (no paid action),0.0,No purchase in 6+ months; No marketing emails opened in last 3m; Spend $0/month (last 3m)
502498,Lapsed,Gold,Columbus,Snacks,0.9894,1,High,387.7516,Monitor (no paid action),0.0,No purchase in 6+ months; No marketing emails opened in last 3m; Spend $0/month (last 3m)
502054,Lapsed,Platinum,Portland,Personal Care,0.9894,1,High,291.2489,Monitor (no paid action),0.0,No purchase in 6+ months; No marketing emails opened in last 3m; Spend $0/month (last 3m)
500320,Lapsed,Silver,Denver,Beverages,0.9894,1,High,142.4171,Monitor (no paid action),0.0,No purchase in 6+ months; No marketing emails opened in last 3m; Spend $0/month (last 3m)
501267,Lapsed,Silver,Denver,Household,0.9894,1,High,279.4678,Monitor (no paid action),0.0,No purchase in 6+ months; No marketing emails opened in last 3m; Spend $0/month (last 3m)
502191,Lapsed,Silver,Denver,Beverages,0.9894,1,High,354.2377,Monitor (no paid action),0.0,No purchase in 6+ months; No marketing emails opened in last 3m; Spend $0/month (last 3m)
501806,Lapsed,Gold,Nashville,Dairy,0.9894,1,High,270.4491,Monitor (no paid action),0.0,No purchase in 6+ months; No marketing emails opened in last 3m; Spend $0/month (last 3m)
501013,Lapsed,Silver,Austin,Personal Care,0.9893,1,High,235.5676,Monitor (no paid action),0.0,No purchase in 6+ months; No marketing emails opened in last 3m; Spend $0/month (last 3m)
501100,Lapsed,Gold,Boise,Bakery,0.9892,1,High,367.7189,Monitor (no paid action),0.0,No purchase in 6+ months; No marketing emails opened in last 3m; Spend $0/month (last 3m)
501536,Lapsed,Silver,Nashville,Frozen Foods,0.9892,1,High,223.0277,Monitor (no paid action),0.0,No purchase in 6+ months; No marketing emails opened in last 3m; Spend $0/month (last 3m)
501744,Lapsed,Silver,Denver,Produce,0.9891,1,High,364.5069,Monitor (no paid action),0.0,No purchase in 6+ months; No marketing emails opened in last 3m; Spend $0/month (last 3m)
501358,Lapsed,Gold,Denver,Frozen Foods,0.989,1,High,208.2281,Monitor (no paid action),0.0,No purchase in 6+ months; No marketing emails opened in last 3m; Spend $0/month (last 3m)
501530,Lapsed,Gold,Columbus,Bakery,0.9889,1,High,157.8813,Monitor (no paid action),0.0,No purchase in 6+ months; No marketing emails opened in last 3m; Spend $0/month (last 3m)
502430,Lapsed,Platinum,Raleigh,Frozen Foods,0.9889,1,High,247.6477,Monitor (no paid action),0.0,No purchase in 6+ months; No marketing emails opened in last 3m; Spend $0/month (last 3m)
501113,Lapsed,Silver,Madison,Beverages,0.9887,1,High,178.8005,Monitor (no paid action),0.0,No purchase in 6+ months; No marketing emails opened in last 3m; Spend $0/month (last 3m)
500545,Lapsed,Gold,Spokane,Produce,0.9886,1,High,343.5021,Monitor (no paid action),0.0,No purchase in 6+ months; No marketing emails opened in last 3m; Spend $0/month (last 3m)
500590,Lapsed,Gold,Raleigh,Frozen Foods,0.9885,1,High,243.3134,Monitor (no paid action),0.0,No purchase in 6+ months; No marketing emails opened in last 3m; Spend $0/month (last 3m)
502522,Lapsed,Silver,Nashville,Bakery,0.9885,1,High,240.6238,Monitor (no paid action),0.0,No purchase in 6+ months; No marketing emails opened in last 3m; Spend $0/month (last 3m)
500868,Lapsed,Silver,Nashville,Snacks,0.9884,1,High,109.1212,Monitor (no paid action),0.0,No purchase in 6+ months; No marketing emails opened in last 3m; Spend $0/month (last 3m)
500904,Lapsed,Silver,Nashville,Household,0.9884,1,High,331.7449,Monitor (no paid action),0.0,No purchase in 6+ months; No marketing emails opened in last 3m; Spend $0/month (last 3m)
500878,Lapsed,Gold,Madison,Personal Care,0.9884,1,High,296.9243,Monitor (no paid action),0.0,No purchase in 6+ months; No marketing emails opened in last 3m; Spend $0/month (last 3m)
501639,Lapsed,Gold,Tulsa,Snacks,0.9884,1,High,305.9902,Monitor (no paid action),0.0,No purchase in 6+ months; No marketing emails opened in last 3m; Spend $0/month (last 3m)
500129,Lapsed,Silver,Austin,Frozen Foods,0.9883,1,High,393.3163,Monitor (no paid action),0.0,No purchase in 6+ months; No marketing emails opened in last 3m; Spend $0/month (last 3m)
501879,Lapsed,Silver,Raleigh,Personal Care,0.9882,1,High,367.0054,Monitor (no paid action),0.0,No purchase for 4 months; No marketing emails opened in last 3m; Spend $0/month (last 3m)
501790,Lapsed,Silver,Portland,Bakery,0.9881,1,High,334.7291,Monitor (no paid action),0.0,No purchases in last 3m; Spend $0/month (last 3m); Buys 0.0 categories/month
501548,Lapsed,Platinum,Austin,Dairy,0.9881,1,High,261.863,Monitor (no paid action),0.0,No purchase in 6+ months; No marketing emails opened in last 3m; Spend $0/month (last 3m)
501759,Lapsed,Silver,Raleigh,Snacks,0.9881,1,High,235.5164,Monitor (no paid action),0.0,No purchase in 6+ months; No marketing emails opened in last 3m; Spend $0/month (last 3m)
502280,Lapsed,Silver,Madison,Frozen Foods,0.988,1,High,223.1046,Monitor (no paid action),0.0,No purchase for 4 months; No marketing emails opened in last 3m; Spend $0/month (last 3m)
500891,Lapsed,Silver,Columbus,Personal Care,0.9879,1,High,172.7849,Monitor (no paid action),0.0,No purchase in 6+ months; No marketing emails opened in last 3m; Spend $0/month (last 3m)
500396,Lapsed,Silver,Austin,Beverages,0.9878,1,High,287.7532,Monitor (no paid action),0.0,No purchase in 6+ months; No marketing emails opened in last 3m; Spend $0/month (last 3m)
502193,Lapsed,Silver,Austin,Produce,0.9878,1,High,160.6993,Monitor (no paid action),0.0,No purchase in 6+ months; No marketing emails opened in last 3m; Spend $0/month (last 3m)
502150,Lapsed,Gold,Boise,Dairy,0.9877,1,High,178.2338,Monitor (no paid action),0.0,No purchase in 6+ months; No marketing emails opened in last 3m; Spend $0/month (last 3m)
501623,Lapsed,Silver,Austin,Produce,0.9877,1,High,143.6544,Monitor (no paid action),0.0,No purchase in 6+ months; No marketing emails opened in last 3m; Spend $0/month (last 3m)
502458,Lapsed,Silver,Denver,Snacks,0.9877,1,High,181.1669,Monitor (no paid action),0.0,No purchase in 6+ months; No marketing emails opened in last 3m; Spend $0/month (last 3m)
502027,Lapsed,Silver,Austin,Personal Care,0.9877,1,High,176.359,Monitor (no paid action),0.0,No purchase in 6+ months; No marketing emails opened in last 3m; Spend $0/month (last 3m)
501948,Lapsed,Platinum,Raleigh,Household,0.9876,1,High,193.8294,Monitor (no paid action),0.0,No purchase in 6+ months; No marketing emails opened in last 3m; Spend $0/month (last 3m)
500068,Lapsed,Silver,Tulsa,Bakery,0.9876,1,High,316.167,Monitor (no paid action),0.0,No purchase in 6+ months; No marketing emails opened in last 3m; Spend $0/month (last 3m)
500316,Lapsed,Gold,Austin,Personal Care,0.9876,1,High,272.7485,Monitor (no paid action),0.0,No purchase in 6+ months; No marketing emails opened in last 3m; Spend $0/month (last 3m)
501983,Lapsed,Silver,Raleigh,Household,0.9875,1,High,318.702,Monitor (no paid action),0.0,No purchase in 6+ months; No marketing emails opened in last 3m; Spend $0/month (last 3m)
501951,Lapsed,Silver,Columbus,Produce,0.9874,1,High,173.6675,Monitor (no paid action),0.0,No purchase in 6+ months; No marketing emails opened in last 3m; Spend $0/month (last 3m)
500582,Lapsed,Silver,Denver,Dairy,0.9873,1,High,319.0672,Monitor (no paid action),0.0,No purchase in 6+ months; No marketing emails opened in last 3m; Spend $0/month (last 3m)
501631,Lapsed,Silver,Nashville,Beverages,0.9873,1,High,310.8214,Monitor (no paid action),0.0,No purchase in 6+ months; No marketing emails opened in last 3m; Spend $0/month (last 3m)
501001,Lapsed,Silver,Austin,Personal Care,0.9873,1,High,354.6691,Monitor (no paid action),0.0,No purchase in 6+ months; No marketing emails opened in last 3m; Spend $0/month (last 3m)
501756,Lapsed,Gold,Denver,Household,0.9872,1,High,301.1953,Monitor (no paid action),0.0,No purchase for 4 months; No marketing emails opened in last 3m; Spend $0/month (last 3m)
502001,Lapsed,Silver,Madison,Frozen Foods,0.9872,1,High,169.4959,Monitor (no paid action),0.0,No purchase in 6+ months; No marketing emails opened in last 3m; Spend $0/month (last 3m)
500739,Lapsed,Silver,Austin,Snacks,0.9872,1,High,327.3623,Monitor (no paid action),0.0,No purchase in 6+ months; No marketing emails opened in last 3m; Spend $0/month (last 3m)
501808,Lapsed,Silver,Columbus,Dairy,0.9871,1,High,168.0316,Monitor (no paid action),0.0,No purchase in 6+ months; No marketing emails opened in last 3m; Spend $0/month (last 3m)
501984,Lapsed,Gold,Austin,Frozen Foods,0.9871,1,High,163.7026,Monitor (no paid action),0.0,No purchase in 6+ months; No marketing emails opened in last 3m; Spend $0/month (last 3m)
500583,Lapsed,Gold,Columbus,Snacks,0.987,1,High,337.9138,Monitor (no paid action),0.0,No purchase in 6+ months; No marketing emails opened in last 3m; Spend $0/month (last 3m)
501192,Lapsed,Gold,Boise,Household,0.987,1,High,365.7482,Monitor (no paid action),0.0,No purchase in 6+ months; No marketing emails opened in last 3m; Spend $0/month (last 3m)
500198,Lapsed,Silver,Boise,Dairy,0.9869,1,High,233.7192,Monitor (no paid action),0.0,No purchase in 6+ months; No marketing emails opened in last 3m; Spend $0/month (last 3m)
501910,Lapsed,Silver,Austin,Beverages,0.9869,1,High,320.4961,Monitor (no paid action),0.0,No purchase in 6+ months; No marketing emails opened in last 3m; Spend $0/month (last 3m)
501570,Lapsed,Gold,Nashville,Frozen Foods,0.9869,1,High,218.9889,Monitor (no paid action),0.0,No purchase in 6+ months; No marketing emails opened in last 3m; Spend $0/month (last 3m)
502492,Lapsed,Silver,Tulsa,Frozen Foods,0.9868,1,High,314.5097,Monitor (no paid action),0.0,No purchase in 6+ months; No marketing emails opened in last 3m; Spend $0/month (last 3m)
500483,Lapsed,Gold,Columbus,Beverages,0.9868,1,High,270.2301,Monitor (no paid action),0.0,No purchase in 6+ months; No marketing emails opened in last 3m; Spend $0/month (last 3m)
500591,Lapsed,Silver,Spokane,Household,0.9868,1,High,199.8467,Monitor (no paid action),0.0,No purchase in 6+ months; No marketing emails opened in last 3m; Spend $0/month (last 3m)
502482,Lapsed,Platinum,Denver,Household,0.9867,1,High,365.2104,Monitor (no paid action),0.0,No purchase in 6+ months; No marketing emails opened in last 3m; Spend $0/month (last 3m)
501740,Lapsed,Silver,Denver,Beverages,0.9867,1,High,153.2097,Monitor (no paid action),0.0,No purchase for 5 months; No marketing emails opened in last 3m; Spend $0/month (last 3m)
501455,Lapsed,Silver,Madison,Beverages,0.9866,1,High,212.6839,Monitor (no paid action),0.0,No purchase in 6+ months; No marketing emails opened in last 3m; Spend $0/month (last 3m)
500017,Lapsed,Silver,Austin,Snacks,0.9865,1,High,202.8808,Monitor (no paid action),0.0,No purchase in 6+ months; No marketing emails opened in last 3m; Spend $0/month (last 3m)
501061,Lapsed,Silver,Nashville,Produce,0.9865,1,High,148.7413,Monitor (no paid action),0.0,No purchase in 6+ months; No marketing emails opened in last 3m; Spend $0/month (last 3m)
500804,Lapsed,Silver,Columbus,Produce,0.9865,1,High,189.2551,Monitor (no paid action),0.0,No purchase in 6+ months; No marketing emails opened in last 3m; Spend $0/month (last 3m)
501173,Lapsed,Silver,Raleigh,Personal Care,0.9864,1,High,343.4276,Monitor (no paid action),0.0,No purchase in 6+ months; No marketing emails opened in last 3m; Spend $0/month (last 3m)
502055,Lapsed,Silver,Tulsa,Beverages,0.9864,1,High,331.3762,Monitor (no paid action),0.0,No purchase in 6+ months; No marketing emails opened in last 3m; Spend $0/month (last 3m)
500074,Lapsed,Gold,Tulsa,Dairy,0.9863,1,High,348.4266,Monitor (no paid action),0.0,No purchase in 6+ months; No marketing emails opened in last 3m; Spend $0/month (last 3m)
502268,Lapsed,Gold,Nashville,Dairy,0.9863,1,High,223.477,Monitor (no paid action),0.0,No purchase in 6+ months; No marketing emails opened in last 3m; Spend $0/month (last 3m)
501287,Lapsed,Gold,Tulsa,Frozen Foods,0.9861,1,High,206.9717,Monitor (no paid action),0.0,No purchase in 6+ months; No marketing emails opened in last 3m; Spend $0/month (last 3m)
501871,Lapsed,Platinum,Spokane,Frozen Foods,0.9861,1,High,251.0145,Monitor (no paid action),0.0,No purchase in 6+ months; No marketing emails opened in last 3m; Spend $0/month (last 3m)
500418,Lapsed,Silver,Raleigh,Dairy,0.9861,1,High,296.4509,Monitor (no paid action),0.0,No purchase in 6+ months; No marketing emails opened in last 3m; Spend $0/month (last 3m)
502530,Lapsed,Silver,Tulsa,Produce,0.986,1,High,388.4567,Monitor (no paid action),0.0,No purchases in last 3m; No marketing emails opened in last 3m; Spend $0/month (last 3m)
502469,Lapsed,Silver,Raleigh,Personal Care,0.9859,1,High,250.785,Monitor (no paid action),0.0,No purchase in 6+ months; No marketing emails opened in last 3m; Spend $0/month (last 3m)
500933,Lapsed,Silver,Nashville,Household,0.9858,1,High,173.7676,Monitor (no paid action),0.0,No purchase in 6+ months; No marketing emails opened in last 3m; Spend $0/month (last 3m)
500295,Lapsed,Gold,Columbus,Produce,0.9858,1,High,189.1497,Monitor (no paid action),0.0,No purchase in 6+ months; No marketing emails opened in last 3m; Spend $0/month (last 3m)
502060,Lapsed,Silver,Boise,Frozen Foods,0.9858,1,High,221.0885,Monitor (no paid action),0.0,No purchase in 6+ months; No marketing emails opened in last 3m; Spend $0/month (last 3m)
502333,Lapsed,Silver,Spokane,Bakery,0.9856,1,High,180.7996,Monitor (no paid action),0.0,No purchase in 6+ months; No marketing emails opened in last 3m; Spend $0/month (last 3m)
502221,Lapsed,Gold,Tulsa,Personal Care,0.9854,1,High,222.845,Monitor (no paid action),0.0,No purchase in 6+ months; No marketing emails opened in last 3m; Spend $0/month (last 3m)
501233,Lapsed,Silver,Nashville,Snacks,0.9854,1,High,385.3077,Monitor (no paid action),0.0,No purchase in 6+ months; No marketing emails opened in last 3m; Spend $0/month (last 3m)
501451,Lapsed,Silver,Boise,Beverages,0.9854,1,High,311.06,Monitor (no paid action),0.0,No purchase in 6+ months; No marketing emails opened in last 3m; Spend $0/month (last 3m)
502037,Lapsed,Gold,Tulsa,Dairy,0.9853,1,High,221.5817,Monitor (no paid action),0.0,No purchase in 6+ months; No marketing emails opened in last 3m; Spend $0/month (last 3m)
500813,Lapsed,Silver,Raleigh,Snacks,0.9852,1,High,296.3212,Monitor (no paid action),0.0,No purchase in 6+ months; No marketing emails opened in last 3m; Spend $0/month (last 3m)
502394,Lapsed,Silver,Nashville,Frozen Foods,0.9852,1,High,384.3046,Monitor (no paid action),0.0,No purchase in 6+ months; No marketing emails opened in last 3m; Spend $0/month (last 3m)
501862,Lapsed,Silver,Denver,Frozen Foods,0.9852,1,High,211.6563,Monitor (no paid action),0.0,No purchase for 5 months; No marketing emails opened in last 3m; Spend $0/month (last 3m)
501200,Lapsed,Silver,Denver,Snacks,0.9852,1,High,206.5907,Monitor (no paid action),0.0,No purchase in 6+ months; No marketing emails opened in last 3m; Spend $0/month (last 3m)
502284,Lapsed,Platinum,Denver,Produce,0.9851,1,High,359.174,Monitor (no paid action),0.0,No purchase in 6+ months; No marketing emails opened in last 3m; Spend $0/month (last 3m)
502258,Lapsed,Gold,Portland,Frozen Foods,0.9851,1,High,357.7065,Monitor (no paid action),0.0,No purchase in 6+ months; No marketing emails opened in last 3m; Spend $0/month (last 3m)
500221,Lapsed,Gold,Raleigh,Frozen Foods,0.9851,1,High,322.9219,Monitor (no paid action),0.0,No purchase in 6+ months; No marketing emails opened in last 3m; Spend $0/month (last 3m)
501005,Lapsed,Silver,Tulsa,Household,0.985,1,High,69.6801,Monitor (no paid action),0.0,No purchase in 6+ months; No marketing emails opened in last 3m; Spend $0/month (last 3m)
502062,Lapsed,Gold,Austin,Beverages,0.985,1,High,366.8904,Monitor (no paid action),0.0,No purchase in 6+ months; No marketing emails opened in last 3m; Spend $0/month (last 3m)
502408,Active,Silver,Portland,Snacks,0.985,1,High,186.0993,Monitor (no paid action),0.0,3 support tickets in last 3m; 0.3 transactions/month (last 3m); No marketing emails opened in last 3m
502438,Lapsed,Silver,Tulsa,Snacks,0.9849,1,High,261.4444,Monitor (no paid action),0.0,No purchase in 6+ months; No marketing emails opened in last 3m; Spend $0/month (last 3m)
501243,Lapsed,Silver,Denver,Personal Care,0.9849,1,High,301.3824,Monitor (no paid action),0.0,No purchase in 6+ months; No marketing emails opened in last 3m; Spend $0/month (last 3m)
500278,Lapsed,Gold,Columbus,Dairy,0.9848,1,High,388.5509,Monitor (no paid action),0.0,No purchase in 6+ months; No marketing emails opened in last 3m; Spend $0/month (last 3m)
501875,Lapsed,Silver,Tulsa,Snacks,0.9847,1,High,171.5744,Monitor (no paid action),0.0,No purchase in 6+ months; No marketing emails opened in last 3m; Spend $0/month (last 3m)
501479,Lapsed,Silver,Tulsa,Household,0.9844,1,High,299.7584,Monitor (no paid action),0.0,No purchase in 6+ months; No marketing emails opened in last 3m; Spend $0/month (last 3m)
502533,Lapsed,Platinum,Spokane,Household,0.9844,1,High,292.809,Monitor (no paid action),0.0,No purchase in 6+ months; No marketing emails opened in last 3m; Spend $0/month (last 3m)
500936,Lapsed,Silver,Nashville,Beverages,0.9843,1,High,244.335,Monitor (no paid action),0.0,No purchase in 6+ months; No marketing emails opened in last 3m; Spend $0/month (last 3m)
501784,Lapsed,Gold,Columbus,Snacks,0.9843,1,High,271.0286,Monitor (no paid action),0.0,No purchase in 6+ months; No marketing emails opened in last 3m; Spend $0/month (last 3m)
502429,Lapsed,Gold,Boise,Snacks,0.9843,1,High,205.1145,Monitor (no paid action),0.0,No purchase in 6+ months; No marketing emails opened in last 3m; Spend $0/month (last 3m)
500738,Lapsed,Silver,Spokane,Personal Care,0.9843,1,High,283.1102,Monitor (no paid action),0.0,No purchases in last 3m; Spend $0/month (last 3m); No app use in last 3m
501999,Lapsed,Gold,Boise,Snacks,0.9843,1,High,340.0425,Monitor (no paid action),0.0,No purchase in 6+ months; No marketing emails opened in last 3m; Spend $0/month (last 3m)
501444,Lapsed,Silver,Boise,Snacks,0.9842,1,High,188.0606,Monitor (no paid action),0.0,No purchase in 6+ months; No marketing emails opened in last 3m; Spend $0/month (last 3m)
502010,Lapsed,Silver,Austin,Personal Care,0.9836,1,High,228.1239,Monitor (no paid action),0.0,No purchase in 6+ months; No marketing emails opened in last 3m; Spend $0/month (last 3m)
502230,Lapsed,Silver,Austin,Household,0.9836,1,High,315.5177,Monitor (no paid action),0.0,No purchase in 6+ months; No marketing emails opened in last 3m; Spend $0/month (last 3m)
500819,Lapsed,Silver,Spokane,Bakery,0.9835,1,High,180.1272,Monitor (no paid action),0.0,No purchase in 6+ months; No marketing emails opened in last 3m; Spend $0/month (last 3m)
500124,Lapsed,Gold,Nashville,Produce,0.9835,1,High,356.4431,Monitor (no paid action),0.0,No purchase in 6+ months; No marketing emails opened in last 3m; Spend $0/month (last 3m)
502574,Lapsed,Silver,Raleigh,Snacks,0.9833,1,High,359.9723,Monitor (no paid action),0.0,No purchase in 6+ months; No marketing emails opened in last 3m; Spend $0/month (last 3m)
500977,Lapsed,Silver,Tulsa,Beverages,0.9832,1,High,372.5657,Monitor (no paid action),0.0,No purchase in 6+ months; No marketing emails opened in last 3m; Spend $0/month (last 3m)
502479,Lapsed,Gold,Austin,Household,0.9828,1,High,234.0688,Monitor (no paid action),0.0,No purchase in 6+ months; No marketing emails opened in last 3m; Spend $0/month (last 3m)
500799,Lapsed,Gold,Columbus,Produce,0.9828,1,High,200.3342,Monitor (no paid action),0.0,No purchase in 6+ months; No marketing emails opened in last 3m; Spend $0/month (last 3m)
500752,Lapsed,Gold,Spokane,Personal Care,0.9827,1,High,301.0697,Monitor (no paid action),0.0,No purchase in 6+ months; No marketing emails opened in last 3m; Spend $0/month (last 3m)
500991,Lapsed,Silver,Madison,Household,0.9827,1,High,227.528,Monitor (no paid action),0.0,No purchase in 6+ months; No marketing emails opened in last 3m; Spend $0/month (last 3m)
501166,Lapsed,Silver,Austin,Household,0.9827,1,High,142.3862,Monitor (no paid action),0.0,No purchase in 6+ months; No marketing emails opened in last 3m; Spend $0/month (last 3m)
500632,Lapsed,Silver,Portland,Dairy,0.9825,1,High,207.927,Monitor (no paid action),0.0,No purchase in 6+ months; No marketing emails opened in last 3m; Spend $0/month (last 3m)
501496,Lapsed,Gold,Madison,Bakery,0.9825,1,High,208.8641,Monitor (no paid action),0.0,No purchase for 4 months; No marketing emails opened in last 3m; Spend $0/month (last 3m)
500449,Lapsed,Silver,Columbus,Dairy,0.9825,1,High,202.0758,Monitor (no paid action),0.0,No purchase in 6+ months; No marketing emails opened in last 3m; Spend $0/month (last 3m)
502026,Lapsed,Silver,Spokane,Frozen Foods,0.9824,1,High,332.9161,Monitor (no paid action),0.0,No purchase in 6+ months; No marketing emails opened in last 3m; Spend $0/month (last 3m)
501212,Lapsed,Silver,Madison,Dairy,0.9823,1,High,333.4594,Monitor (no paid action),0.0,No purchase in 6+ months; No marketing emails opened in last 3m; Spend $0/month (last 3m)
501794,Lapsed,Silver,Raleigh,Snacks,0.9822,1,High,119.8398,Monitor (no paid action),0.0,No purchase in 6+ months; No marketing emails opened in last 3m; Spend $0/month (last 3m)
500883,Lapsed,Silver,Austin,Produce,0.9821,1,High,374.3514,Monitor (no paid action),0.0,No purchase for 5 months; No marketing emails opened in last 3m; Spend $0/month (last 3m)
502220,Lapsed,Silver,Raleigh,Produce,0.9821,1,High,357.1382,Monitor (no paid action),0.0,No purchase in 6+ months; No marketing emails opened in last 3m; Spend $0/month (last 3m)
500653,Lapsed,Silver,Portland,Beverages,0.982,1,High,168.0329,Monitor (no paid action),0.0,No purchase in 6+ months; No marketing emails opened in last 3m; Spend $0/month (last 3m)
500022,Lapsed,Silver,Portland,Personal Care,0.9819,1,High,391.2305,Monitor (no paid action),0.0,No purchase in 6+ months; No marketing emails opened in last 3m; Spend $0/month (last 3m)
501891,Lapsed,Platinum,Portland,Household,0.9819,1,High,321.3598,Monitor (no paid action),0.0,No purchase in 6+ months; No marketing emails opened in last 3m; Spend $0/month (last 3m)
502312,Lapsed,Platinum,Nashville,Household,0.9818,1,High,188.5735,Monitor (no paid action),0.0,No purchase in 6+ months; No marketing emails opened in last 3m; Spend $0/month (last 3m)
502012,Lapsed,Silver,Austin,Produce,0.9818,1,High,365.9808,Monitor (no paid action),0.0,No purchases in last 3m; No marketing emails opened in last 3m; Spend $0/month (last 3m)
502350,Lapsed,Silver,Raleigh,Beverages,0.9814,1,High,293.4659,Monitor (no paid action),0.0,No purchase for 5 months; No marketing emails opened in last 3m; Spend $0/month (last 3m)
501892,Lapsed,Silver,Spokane,Produce,0.9813,1,High,351.5391,Monitor (no paid action),0.0,No purchase in 6+ months; No marketing emails opened in last 3m; Spend $0/month (last 3m)
500444,Lapsed,Silver,Portland,Frozen Foods,0.9813,1,High,173.4323,Monitor (no paid action),0.0,No purchase in 6+ months; No marketing emails opened in last 3m; Spend $0/month (last 3m)
502388,Lapsed,Gold,Spokane,Personal Care,0.9813,1,High,216.6066,Monitor (no paid action),0.0,No purchase in 6+ months; No marketing emails opened in last 3m; Spend $0/month (last 3m)
500344,Lapsed,Silver,Madison,Bakery,0.981,1,High,243.3874,Monitor (no paid action),0.0,No purchase in 6+ months; No marketing emails opened in last 3m; Spend $0/month (last 3m)
502403,Lapsed,Silver,Raleigh,Personal Care,0.9809,1,High,336.6695,Monitor (no paid action),0.0,No purchase for 5 months; No marketing emails opened in last 3m; Spend $0/month (last 3m)
502232,Lapsed,Silver,Madison,Bakery,0.9805,1,High,343.6418,Monitor (no paid action),0.0,No purchase in 6+ months; No marketing emails opened in last 3m; Spend $0/month (last 3m)
502200,Lapsed,Silver,Portland,Produce,0.9805,1,High,157.6259,Monitor (no paid action),0.0,No purchase in 6+ months; No marketing emails opened in last 3m; Spend $0/month (last 3m)
501520,Lapsed,Silver,Columbus,Bakery,0.9804,1,High,250.5419,Monitor (no paid action),0.0,No purchase in 6+ months; No marketing emails opened in last 3m; Spend $0/month (last 3m)
500121,Lapsed,Platinum,Raleigh,Beverages,0.9804,1,High,299.8874,Monitor (no paid action),0.0,No purchase in 6+ months; No marketing emails opened in last 3m; Spend $0/month (last 3m)
500972,Lapsed,Gold,Spokane,Snacks,0.9802,1,High,188.0912,Monitor (no paid action),0.0,No purchase in 6+ months; No marketing emails opened in last 3m; Spend $0/month (last 3m)
500866,Lapsed,Silver,Portland,Snacks,0.98,1,High,242.7402,Monitor (no paid action),0.0,No purchase in 6+ months; No marketing emails opened in last 3m; Spend $0/month (last 3m)
501399,Lapsed,Gold,Austin,Personal Care,0.9798,1,High,188.5999,Monitor (no paid action),0.0,No purchase in 6+ months; No marketing emails opened in last 3m; Spend $0/month (last 3m)
502453,Lapsed,Silver,Spokane,Produce,0.9794,1,High,329.5779,Monitor (no paid action),0.0,No purchase in 6+ months; No marketing emails opened in last 3m; Spend $0/month (last 3m)
501580,Lapsed,Silver,Austin,Snacks,0.9794,1,High,125.3967,Monitor (no paid action),0.0,No purchase in 6+ months; No marketing emails opened in last 3m; Spend $0/month (last 3m)
500204,Lapsed,Gold,Portland,Dairy,0.9793,1,High,160.4667,Monitor (no paid action),0.0,No purchase in 6+ months; No marketing emails opened in last 3m; Spend $0/month (last 3m)
501477,Lapsed,Silver,Madison,Dairy,0.9793,1,High,286.3653,Monitor (no paid action),0.0,No purchase in 6+ months; No marketing emails opened in last 3m; Spend $0/month (last 3m)
502330,Lapsed,Silver,Columbus,Frozen Foods,0.9792,1,High,294.2622,Monitor (no paid action),0.0,No purchase in 6+ months; No marketing emails opened in last 3m; Spend $0/month (last 3m)
501635,Active,Silver,Raleigh,Bakery,0.9788,1,High,171.6641,Monitor (no paid action),0.0,0.3 transactions/month (last 3m); 2 support tickets in last 3m; No marketing emails opened in last 3m
500211,Lapsed,Silver,Boise,Household,0.9788,1,High,290.7658,Monitor (no paid action),0.0,No purchase in 6+ months; No marketing emails opened in last 3m; Spend $0/month (last 3m)
500996,Lapsed,Silver,Madison,Dairy,0.9788,1,High,295.3975,Monitor (no paid action),0.0,No purchases in last 3m; 5 support tickets in 6m; No marketing emails opened in last 3m
502423,Lapsed,Silver,Columbus,Frozen Foods,0.9786,1,High,157.7767,Monitor (no paid action),0.0,No purchase in 6+ months; No marketing emails opened in last 3m; Spend $0/month (last 3m)
500437,Lapsed,Silver,Boise,Household,0.9784,1,High,117.7639,Monitor (no paid action),0.0,No purchase in 6+ months; No marketing emails opened in last 3m; Spend $0/month (last 3m)
500783,Lapsed,Silver,Raleigh,Snacks,0.9783,1,High,267.5375,Monitor (no paid action),0.0,No purchase in 6+ months; No marketing emails opened in last 3m; Spend $0/month (last 3m)
500983,Lapsed,Silver,Spokane,Household,0.9779,1,High,182.3899,Monitor (no paid action),0.0,No purchase in 6+ months; No marketing emails opened in last 3m; Spend $0/month (last 3m)
501968,Lapsed,Gold,Madison,Frozen Foods,0.9778,1,High,292.6561,Monitor (no paid action),0.0,No purchase in 6+ months; No marketing emails opened in last 3m; Spend $0/month (last 3m)
501067,Lapsed,Silver,Tulsa,Household,0.9777,1,High,245.7984,Monitor (no paid action),0.0,No purchase in 6+ months; No marketing emails opened in last 3m; Spend $0/month (last 3m)
500496,Lapsed,Silver,Portland,Household,0.9777,1,High,151.9907,Monitor (no paid action),0.0,No purchase in 6+ months; No marketing emails opened in last 3m; Spend $0/month (last 3m)
500885,Lapsed,Silver,Raleigh,Personal Care,0.9776,1,High,199.4627,Monitor (no paid action),0.0,No purchase in 6+ months; No marketing emails opened in last 3m; Spend $0/month (last 3m)
501181,Lapsed,Silver,Raleigh,Personal Care,0.9775,1,High,314.8656,Monitor (no paid action),0.0,No purchase in 6+ months; No marketing emails opened in last 3m; Spend $0/month (last 3m)
501919,Lapsed,Gold,Nashville,Dairy,0.9774,1,High,388.0458,Monitor (no paid action),0.0,No purchase in 6+ months; No marketing emails opened in last 3m; Spend $0/month (last 3m)
500511,Lapsed,Gold,Spokane,Bakery,0.9772,1,High,212.4924,Monitor (no paid action),0.0,No purchase in 6+ months; No marketing emails opened in last 3m; Spend $0/month (last 3m)
502235,Lapsed,Silver,Raleigh,Snacks,0.9771,1,High,208.8032,Monitor (no paid action),0.0,No purchase in 6+ months; No marketing emails opened in last 3m; Spend $0/month (last 3m)
500612,Lapsed,Platinum,Spokane,Snacks,0.9769,1,High,266.9375,Monitor (no paid action),0.0,No purchase in 6+ months; No marketing emails opened in last 3m; Spend $0/month (last 3m)
501989,Lapsed,Silver,Tulsa,Personal Care,0.9768,1,High,313.9951,Monitor (no paid action),0.0,No purchase in 6+ months; No marketing emails opened in last 3m; Spend $0/month (last 3m)
502053,Lapsed,Silver,Columbus,Dairy,0.9768,1,High,281.1809,Monitor (no paid action),0.0,No purchases in last 3m; No marketing emails opened in last 3m; Spend $0/month (last 3m)
502228,Lapsed,Silver,Spokane,Personal Care,0.9764,1,High,155.4506,Monitor (no paid action),0.0,No purchase for 4 months; No marketing emails opened in last 3m; Spend $0/month (last 3m)
500725,Lapsed,Silver,Denver,Dairy,0.9761,1,High,388.22,Monitor (no paid action),0.0,No purchase in 6+ months; No marketing emails opened in last 3m; Spend $0/month (last 3m)
500101,Lapsed,Gold,Portland,Frozen Foods,0.9758,1,High,341.893,Monitor (no paid action),0.0,No purchase in 6+ months; No marketing emails opened in last 3m; Spend $0/month (last 3m)
501473,Lapsed,Silver,Tulsa,Snacks,0.9756,1,High,215.2539,Monitor (no paid action),0.0,No purchase in 6+ months; No marketing emails opened in last 3m; Spend $0/month (last 3m)
500796,Lapsed,Gold,Austin,Snacks,0.9753,1,High,240.2117,Monitor (no paid action),0.0,No purchase in 6+ months; No marketing emails opened in last 3m; Spend $0/month (last 3m)
501941,Lapsed,Silver,Raleigh,Frozen Foods,0.9752,1,High,224.267,Monitor (no paid action),0.0,No purchase in 6+ months; No marketing emails opened in last 3m; Spend $0/month (last 3m)
502050,Lapsed,Silver,Nashville,Personal Care,0.975,1,High,224.7385,Monitor (no paid action),0.0,No purchases in last 3m; No marketing emails opened in last 3m; Spend $0/month (last 3m)
500894,Lapsed,Silver,Boise,Frozen Foods,0.9747,1,High,310.4736,Monitor (no paid action),0.0,No purchase in 6+ months; No marketing emails opened in last 3m; Spend $0/month (last 3m)
501844,Lapsed,Silver,Tulsa,Beverages,0.9747,1,High,255.0514,Monitor (no paid action),0.0,No purchase in 6+ months; No marketing emails opened in last 3m; Spend $0/month (last 3m)
501478,Lapsed,Silver,Austin,Produce,0.9745,1,High,275.8162,Monitor (no paid action),0.0,No purchase in 6+ months; No marketing emails opened in last 3m; Spend $0/month (last 3m)
502007,Lapsed,Gold,Tulsa,Produce,0.9741,1,High,268.4619,Monitor (no paid action),0.0,No purchase in 6+ months; No marketing emails opened in last 3m; Spend $0/month (last 3m)
502100,Lapsed,Gold,Raleigh,Produce,0.974,1,High,316.8536,Monitor (no paid action),0.0,No purchase in 6+ months; No marketing emails opened in last 3m; Spend $0/month (last 3m)
502365,Lapsed,Gold,Austin,Snacks,0.9739,1,High,214.5307,Monitor (no paid action),0.0,No purchase in 6+ months; No marketing emails opened in last 3m; Spend $0/month (last 3m)
500469,Lapsed,Gold,Austin,Household,0.9738,1,High,190.8899,Monitor (no paid action),0.0,No purchase in 6+ months; No marketing emails opened in last 3m; Spend $0/month (last 3m)
502088,Lapsed,Silver,Austin,Produce,0.9737,1,High,140.2192,Monitor (no paid action),0.0,No purchase in 6+ months; No marketing emails opened in last 3m; Spend $0/month (last 3m)
500603,Lapsed,Silver,Nashville,Beverages,0.9733,1,High,301.929,Monitor (no paid action),0.0,No purchase in 6+ months; No marketing emails opened in last 3m; Spend $0/month (last 3m)
502039,Lapsed,Gold,Austin,Snacks,0.9732,1,High,185.1621,Monitor (no paid action),0.0,No purchase in 6+ months; No marketing emails opened in last 3m; Spend $0/month (last 3m)
502063,Lapsed,Gold,Spokane,Bakery,0.9731,1,High,375.8421,Monitor (no paid action),0.0,No purchase in 6+ months; No marketing emails opened in last 3m; Spend $0/month (last 3m)
502463,Lapsed,Gold,Spokane,Household,0.973,1,High,346.2984,Monitor (no paid action),0.0,No purchase in 6+ months; No marketing emails opened in last 3m; Spend $0/month (last 3m)
501613,Lapsed,Silver,Spokane,Snacks,0.9729,1,High,200.2714,Monitor (no paid action),0.0,No purchase in 6+ months; No marketing emails opened in last 3m; Spend $0/month (last 3m)
500814,Lapsed,Gold,Nashville,Produce,0.9728,1,High,275.9664,Monitor (no paid action),0.0,No purchase in 6+ months; No marketing emails opened in last 3m; Spend $0/month (last 3m)
500239,Lapsed,Gold,Raleigh,Bakery,0.9725,1,High,172.0168,Monitor (no paid action),0.0,No purchase in 6+ months; No marketing emails opened in last 3m; Spend $0/month (last 3m)
502391,Lapsed,Silver,Tulsa,Household,0.9724,1,High,354.3276,Monitor (no paid action),0.0,No purchase in 6+ months; No marketing emails opened in last 3m; Spend $0/month (last 3m)
501715,Lapsed,Platinum,Columbus,Snacks,0.9715,1,High,253.6319,Monitor (no paid action),0.0,No purchases in last 3m; No marketing emails opened in last 3m; Spend $0/month (last 3m)
500755,Lapsed,Silver,Portland,Produce,0.9715,1,High,386.0835,Monitor (no paid action),0.0,No purchase for 5 months; No marketing emails opened in last 3m; Spend $0/month (last 3m)
500401,Lapsed,Gold,Nashville,Household,0.9714,1,High,321.6253,Monitor (no paid action),0.0,No purchase in 6+ months; No marketing emails opened in last 3m; Spend $0/month (last 3m)
500014,Lapsed,Gold,Austin,Snacks,0.9714,1,High,227.0183,Monitor (no paid action),0.0,No purchase for 4 months; No marketing emails opened in last 3m; Spend $0/month (last 3m)
502368,Lapsed,Gold,Boise,Beverages,0.9714,1,High,315.2134,Monitor (no paid action),0.0,No purchase in 6+ months; No marketing emails opened in last 3m; Spend $0/month (last 3m)
501378,Active,Gold,Tulsa,Snacks,0.9711,1,High,161.2159,Monitor (no paid action),0.0,0.3 transactions/month (last 3m); Spend $9/month (last 3m); No app use in last 3m
501811,Lapsed,Gold,Madison,Dairy,0.971,1,High,220.8601,Monitor (no paid action),0.0,No purchase in 6+ months; No marketing emails opened in last 3m; Spend $0/month (last 3m)
500082,Lapsed,Platinum,Boise,Household,0.9708,1,High,247.6388,Monitor (no paid action),0.0,No purchase in 6+ months; No marketing emails opened in last 3m; Spend $0/month (last 3m)
501812,Lapsed,Silver,Spokane,Dairy,0.9707,1,High,148.3641,Monitor (no paid action),0.0,No purchases in last 3m; No marketing emails opened in last 3m; Spend $0/month (last 3m)
501433,Lapsed,Silver,Madison,Household,0.9706,1,High,305.0957,Monitor (no paid action),0.0,No purchase in 6+ months; No marketing emails opened in last 3m; Spend $0/month (last 3m)
502508,Lapsed,Silver,Tulsa,Household,0.9699,1,High,366.6341,Monitor (no paid action),0.0,No purchase in 6+ months; No marketing emails opened in last 3m; Spend $0/month (last 3m)
501145,Lapsed,Silver,Columbus,Produce,0.9699,1,High,240.3103,Monitor (no paid action),0.0,No purchase in 6+ months; No marketing emails opened in last 3m; Spend $0/month (last 3m)
502541,Lapsed,Silver,Nashville,Produce,0.9694,1,High,147.0929,Monitor (no paid action),0.0,No purchase in 6+ months; No marketing emails opened in last 3m; Spend $0/month (last 3m)
501413,Lapsed,Gold,Portland,Bakery,0.9694,1,High,188.6386,Monitor (no paid action),0.0,No purchase in 6+ months; No marketing emails opened in last 3m; Spend $0/month (last 3m)
500365,Lapsed,Silver,Boise,Produce,0.9694,1,High,147.5555,Monitor (no paid action),0.0,No purchase in 6+ months; No marketing emails opened in last 3m; Spend $0/month (last 3m)
502174,Lapsed,Gold,Columbus,Beverages,0.9691,1,High,181.8017,Monitor (no paid action),0.0,No purchase in 6+ months; No marketing emails opened in last 3m; Spend $0/month (last 3m)
501659,Lapsed,Platinum,Denver,Household,0.9691,1,High,222.8106,Monitor (no paid action),0.0,No purchase in 6+ months; No marketing emails opened in last 3m; Spend $0/month (last 3m)
500310,Lapsed,Gold,Madison,Produce,0.9691,1,High,317.9627,Monitor (no paid action),0.0,No purchase in 6+ months; No marketing emails opened in last 3m; Spend $0/month (last 3m)
501069,Lapsed,Silver,Denver,Personal Care,0.969,1,High,113.8622,Monitor (no paid action),0.0,No purchase in 6+ months; No marketing emails opened in last 3m; Spend $0/month (last 3m)
501175,Lapsed,Gold,Austin,Frozen Foods,0.9685,1,High,260.8071,Monitor (no paid action),0.0,No purchase in 6+ months; No marketing emails opened in last 3m; Spend $0/month (last 3m)
501449,Lapsed,Platinum,Austin,Produce,0.9682,1,High,274.5369,Monitor (no paid action),0.0,No purchase in 6+ months; No marketing emails opened in last 3m; Spend $0/month (last 3m)
502586,Lapsed,Silver,Austin,Beverages,0.9681,1,High,188.0305,Monitor (no paid action),0.0,No purchase in 6+ months; No marketing emails opened in last 3m; Spend $0/month (last 3m)
500222,Lapsed,Silver,Denver,Dairy,0.9678,1,High,354.0795,Monitor (no paid action),0.0,No purchase for 5 months; No marketing emails opened in last 3m; Spend $0/month (last 3m)
501802,Lapsed,Platinum,Portland,Personal Care,0.9678,1,High,336.9703,Monitor (no paid action),0.0,No purchase in 6+ months; No marketing emails opened in last 3m; Spend $0/month (last 3m)
501213,Lapsed,Silver,Nashville,Frozen Foods,0.9676,1,High,191.8106,Monitor (no paid action),0.0,No purchase in 6+ months; No marketing emails opened in last 3m; Spend $0/month (last 3m)
501824,Lapsed,Silver,Spokane,Personal Care,0.9673,1,High,223.9177,Monitor (no paid action),0.0,No purchase in 6+ months; No marketing emails opened in last 3m; Spend $0/month (last 3m)
500333,Lapsed,Gold,Tulsa,Household,0.9672,1,High,318.0078,Monitor (no paid action),0.0,No purchase in 6+ months; No marketing emails opened in last 3m; Spend $0/month (last 3m)
501260,Lapsed,Silver,Tulsa,Household,0.9672,1,High,205.8315,Monitor (no paid action),0.0,No purchase in 6+ months; No marketing emails opened in last 3m; Spend $0/month (last 3m)
502032,Lapsed,Silver,Nashville,Frozen Foods,0.9671,1,High,317.7751,Monitor (no paid action),0.0,No purchase in 6+ months; No marketing emails opened in last 3m; Spend $0/month (last 3m)
502556,Lapsed,Silver,Portland,Beverages,0.967,1,High,179.4576,Monitor (no paid action),0.0,No purchase in 6+ months; No marketing emails opened in last 3m; Spend $0/month (last 3m)
501117,Lapsed,Gold,Madison,Frozen Foods,0.9669,1,High,178.0384,Monitor (no paid action),0.0,No purchase in 6+ months; No marketing emails opened in last 3m; Spend $0/month (last 3m)
501974,Lapsed,Silver,Portland,Frozen Foods,0.9667,1,High,251.6185,Monitor (no paid action),0.0,No purchase in 6+ months; No marketing emails opened in last 3m; Spend $0/month (last 3m)
500874,Lapsed,Gold,Boise,Household,0.9666,1,High,368.628,Monitor (no paid action),0.0,No purchase in 6+ months; No marketing emails opened in last 3m; Spend $0/month (last 3m)
500492,Lapsed,Silver,Columbus,Beverages,0.9663,1,High,122.7928,Monitor (no paid action),0.0,No purchase in 6+ months; No marketing emails opened in last 3m; Spend $0/month (last 3m)
502222,Lapsed,Silver,Spokane,Personal Care,0.9659,1,High,213.5016,Monitor (no paid action),0.0,No purchase in 6+ months; No marketing emails opened in last 3m; Spend $0/month (last 3m)
501558,Lapsed,Silver,Nashville,Frozen Foods,0.9658,1,High,177.4874,Monitor (no paid action),0.0,No purchase in 6+ months; No marketing emails opened in last 3m; Spend $0/month (last 3m)
501118,Lapsed,Gold,Portland,Beverages,0.965,1,High,191.1381,Monitor (no paid action),0.0,No purchase in 6+ months; No marketing emails opened in last 3m; Spend $0/month (last 3m)
500249,Lapsed,Gold,Boise,Beverages,0.9649,1,High,345.8569,Monitor (no paid action),0.0,No purchase in 6+ months; No marketing emails opened in last 3m; Spend $0/month (last 3m)
500436,Lapsed,Silver,Spokane,Produce,0.9639,1,High,203.4399,Monitor (no paid action),0.0,No purchase in 6+ months; No marketing emails opened in last 3m; Spend $0/month (last 3m)
501293,Lapsed,Silver,Spokane,Beverages,0.9636,1,High,379.214,Monitor (no paid action),0.0,No purchase in 6+ months; No marketing emails opened in last 3m; Spend $0/month (last 3m)
500776,Lapsed,Silver,Boise,Beverages,0.9631,1,High,246.3296,Monitor (no paid action),0.0,No purchase for 5 months; No marketing emails opened in last 3m; Spend $0/month (last 3m)
500607,Lapsed,Gold,Tulsa,Beverages,0.9627,1,High,297.1422,Monitor (no paid action),0.0,No purchase in 6+ months; No marketing emails opened in last 3m; Spend $0/month (last 3m)
501681,Lapsed,Gold,Boise,Produce,0.9615,1,High,126.3475,Monitor (no paid action),0.0,No purchase in 6+ months; No marketing emails opened in last 3m; Spend $0/month (last 3m)
501097,Lapsed,Silver,Spokane,Personal Care,0.9595,1,High,295.4036,Monitor (no paid action),0.0,No purchase in 6+ months; No marketing emails opened in last 3m; Spend $0/month (last 3m)
501423,Lapsed,Gold,Spokane,Produce,0.9593,1,High,183.9625,Monitor (no paid action),0.0,No purchase in 6+ months; No marketing emails opened in last 3m; Spend $0/month (last 3m)
500109,Lapsed,Silver,Nashville,Household,0.9589,1,High,196.2829,Monitor (no paid action),0.0,No purchase in 6+ months; No marketing emails opened in last 3m; Spend $0/month (last 3m)
500585,Lapsed,Silver,Denver,Snacks,0.9584,1,High,305.0533,Monitor (no paid action),0.0,No purchases in last 3m; No marketing emails opened in last 3m; Spend $0/month (last 3m)
501252,Lapsed,Gold,Portland,Beverages,0.9582,1,High,368.1252,Monitor (no paid action),0.0,No purchase in 6+ months; No marketing emails opened in last 3m; Spend $0/month (last 3m)
501604,Lapsed,Silver,Boise,Beverages,0.9582,1,High,247.4457,Monitor (no paid action),0.0,No purchase in 6+ months; No marketing emails opened in last 3m; Spend $0/month (last 3m)
501411,Lapsed,Silver,Tulsa,Dairy,0.9574,1,High,224.1924,Monitor (no paid action),0.0,No purchase in 6+ months; No marketing emails opened in last 3m; Spend $0/month (last 3m)
500719,Lapsed,Silver,Boise,Beverages,0.9567,1,High,185.4614,Monitor (no paid action),0.0,No purchase in 6+ months; No marketing emails opened in last 3m; Spend $0/month (last 3m)
500971,Lapsed,Gold,Portland,Snacks,0.9565,1,High,228.4738,Monitor (no paid action),0.0,No purchase in 6+ months; No marketing emails opened in last 3m; Spend $0/month (last 3m)
502199,Lapsed,Silver,Tulsa,Snacks,0.9564,1,High,185.7456,Monitor (no paid action),0.0,No purchase in 6+ months; No marketing emails opened in last 3m; Spend $0/month (last 3m)
500416,Lapsed,Gold,Raleigh,Bakery,0.955,1,High,360.1964,Monitor (no paid action),0.0,No purchase for 4 months; Spend $0/month (last 3m); No app use in last 3m
502537,Active,Silver,Spokane,Personal Care,0.9547,1,High,228.5961,Monitor (no paid action),0.0,Transactions trending down (-1.1/month); 0.7 transactions/month (last 3m); Spend $9/month (last 3m)
502386,Lapsed,Silver,Tulsa,Dairy,0.9503,1,High,172.8281,Monitor (no paid action),0.0,No purchase for 5 months; No marketing emails opened in last 3m; Spend $0/month (last 3m)
502078,Lapsed,Silver,Madison,Household,0.9482,1,High,273.6125,Monitor (no paid action),0.0,No purchases in last 3m; No marketing emails opened in last 3m; Spend $0/month (last 3m)
502186,Lapsed,Silver,Raleigh,Beverages,0.948,1,High,217.6897,Monitor (no paid action),0.0,No purchase in 6+ months; No marketing emails opened in last 3m; Spend $0/month (last 3m)
500568,Active,Silver,Denver,Produce,0.9417,1,High,129.9047,Monitor (no paid action),0.0,0.3 transactions/month (last 3m); 2 support tickets in last 3m; No marketing emails opened in last 3m
500955,Lapsed,Silver,Raleigh,Snacks,0.9404,1,High,339.9643,Monitor (no paid action),0.0,No purchase for 4 months; Spend $0/month (last 3m); Buys 0.0 categories/month
501746,Lapsed,Silver,Tulsa,Produce,0.9387,1,High,321.0223,Monitor (no paid action),0.0,No purchases in last 3m; No marketing emails opened in last 3m; Spend $0/month (last 3m)
501019,Lapsed,Silver,Boise,Bakery,0.9374,1,High,154.2697,Monitor (no paid action),0.0,No purchases in last 3m; No marketing emails opened in last 3m; Spend $0/month (last 3m)
502542,Lapsed,Silver,Spokane,Household,0.9365,1,High,155.2229,Monitor (no paid action),0.0,No purchases in last 3m; No marketing emails opened in last 3m; Spend $0/month (last 3m)
500309,Lapsed,Silver,Madison,Snacks,0.9253,1,High,291.1703,Monitor (no paid action),0.0,No purchases in last 3m; No marketing emails opened in last 3m; Spend $0/month (last 3m)
501990,Lapsed,Silver,Denver,Beverages,0.9063,1,High,176.8791,Monitor (no paid action),0.0,No purchases in last 3m; Spend $0/month (last 3m); Buys 0.0 categories/month
500596,Active,Silver,Madison,Dairy,0.9009,1,High,161.4317,Monitor (no paid action),0.0,0.3 transactions/month (last 3m); No marketing emails opened in last 3m; Spend $9/month (last 3m)
500624,Active,Silver,Austin,Dairy,0.891,1,High,254.111,Monitor (no paid action),0.0,0.3 transactions/month (last 3m); Spend $9/month (last 3m); No app use in last 3m
500398,Active,Gold,Nashville,Household,0.882,1,High,216.587,Monitor (no paid action),0.0,0.3 transactions/month (last 3m); Spend $13/month (last 3m); No app use in last 3m
501627,Active,Silver,Raleigh,Personal Care,0.8569,1,High,176.9379,Monitor (no paid action),0.0,1.0 transactions/month (last 3m); No app use in last 3m; Spend $26/month (last 3m)
502404,Active,Silver,Spokane,Household,0.8534,1,High,153.3325,Monitor (no paid action),0.0,0.3 transactions/month (last 3m); Spend $9/month (last 3m); Opens 0.3 emails/month
501129,Lapsed,Platinum,Madison,Personal Care,0.852,1,High,249.0438,Monitor (no paid action),0.0,No purchase in 6+ months; Spend $0/month (last 3m); Buys 0.0 categories/month
501304,Active,Silver,Tulsa,Dairy,0.8375,1,High,141.6052,Monitor (no paid action),0.0,0.7 transactions/month (last 3m); Spend $19/month (last 3m); No app use in last 3m
501626,Active,Gold,Portland,Frozen Foods,0.818,1,High,147.9405,Monitor (no paid action),0.0,0.3 transactions/month (last 3m); Spend $7/month (last 3m); Buys 0.0 categories/month
500627,Active,Silver,Raleigh,Frozen Foods,0.7986,1,High,152.9128,Monitor (no paid action),0.0,0.7 transactions/month (last 3m); Spend $18/month (last 3m); App use 0.3 sessions/month
501472,Active,Silver,Raleigh,Dairy,0.7659,1,High,166.232,Monitor (no paid action),0.0,0.3 transactions/month (last 3m); Spend $13/month (last 3m); Buys 0.0 categories/month
501072,Active,Silver,Tulsa,Bakery,0.7654,1,High,157.534,Monitor (no paid action),0.0,1.0 transactions/month (last 3m); Spend $23/month (last 3m); App use trending down
501253,Active,Silver,Boise,Personal Care,0.6688,1,High,224.9693,Monitor (no paid action),0.0,1.3 transactions/month (last 3m); No app use in last 3m; Spend $39/month (last 3m)
502132,Active,Silver,Boise,Household,0.659,1,High,132.9878,Monitor (no paid action),0.0,No app use in last 3m; Spend $29/month (last 3m); Only 1 transaction(s) last month
502493,Active,Silver,Columbus,Snacks,0.6395,1,High,178.5326,Monitor (no paid action),0.0,1.0 transactions/month (last 3m); No marketing emails opened in last 3m; Spend $26/month (last 3m)
500175,Active,Silver,Boise,Produce,0.6128,1,High,176.8674,Monitor (no paid action),0.0,0.7 transactions/month (last 3m); Spend $17/month (last 3m); No app use in last 3m
500544,Active,Platinum,Austin,Dairy,0.6119,1,High,253.4084,Monitor (no paid action),0.0,0.3 transactions/month (last 3m); Spend $17/month (last 3m); No app use in last 3m
501176,Active,Gold,Nashville,Household,0.6016,1,High,137.4816,Monitor (no paid action),0.0,0.3 transactions/month (last 3m); Spend +300% vs prior 3m; No app use in last 3m
500271,Active,Gold,Tulsa,Dairy,0.5947,1,High,239.572,Monitor (no paid action),0.0,1.0 transactions/month (last 3m); No app use in last 3m; Spend $40/month (last 3m)
502578,Active,Silver,Boise,Frozen Foods,0.5688,1,High,109.7044,Monitor (no paid action),0.0,1.0 transactions/month (last 3m); No marketing emails opened in last 3m; Spend $24/month (last 3m)
500453,Active,Silver,Nashville,Beverages,0.5585,1,High,105.3391,Monitor (no paid action),0.0,1.0 transactions/month (last 3m); No marketing emails opened in last 3m; Spend $23/month (last 3m)
502022,Active,Silver,Columbus,Frozen Foods,0.5497,1,High,167.5298,Monitor (no paid action),0.0,1.7 transactions/month (last 3m); No app use in last 3m; Spend $30/month (last 3m)
500455,Active,Silver,Nashville,Snacks,0.5219,1,High,81.9165,Monitor (no paid action),0.0,0.7 transactions/month (last 3m); Spend $14/month (last 3m); No app use in last 3m
502030,Active,Silver,Austin,Frozen Foods,0.5177,1,High,98.4849,Monitor (no paid action),0.0,Spend +300% vs prior 3m; 1.3 transactions/month (last 3m); App use 0.7 sessions/month
502311,Active,Gold,Spokane,Household,0.4946,1,High,74.2992,Monitor (no paid action),0.0,0.3 transactions/month (last 3m); Spend $9/month (last 3m); No app use in last 3m
500648,Active,Silver,Nashville,Beverages,0.4767,1,High,223.061,Monitor (no paid action),0.0,1.0 transactions/month (last 3m); Spend $22/month (last 3m); Transactions trending down (-0.5/month)
502206,Active,Silver,Portland,Frozen Foods,0.4749,1,High,107.8007,Monitor (no paid action),0.0,0.3 transactions/month (last 3m); Spend $9/month (last 3m); No app use in last 3m
501834,Active,Silver,Columbus,Household,0.4712,1,High,234.1695,Monitor (no paid action),0.0,0.3 transactions/month (last 3m); No marketing emails opened in last 3m; Spend $12/month (last 3m)
500337,Active,Gold,Austin,Bakery,0.4455,1,High,265.4571,Monitor (no paid action),0.0,No transactions last month; Spend +214% vs prior 3m; Buys 0.7 categories/month
502139,Active,Gold,Raleigh,Snacks,0.441,1,High,202.8485,Monitor (no paid action),0.0,0.7 transactions/month (last 3m); 2 support tickets in last 3m; Spend $19/month (last 3m)
501388,Active,Gold,Madison,Household,0.4312,1,High,62.222,Monitor (no paid action),0.0,0.3 transactions/month (last 3m); Spend $8/month (last 3m); No app use in last 3m
501137,Active,Silver,Spokane,Household,0.4254,1,High,264.4418,Monitor (no paid action),0.0,1.0 transactions/month (last 3m); Transactions trending down (-0.8/month); Spend $23/month (last 3m)
501716,Active,Silver,Austin,Bakery,0.4223,1,High,149.6947,Monitor (no paid action),0.0,1.7 transactions/month (last 3m); Opens 0.3 emails/month; Buys 0.3 categories/month
500782,Active,Silver,Columbus,Frozen Foods,0.4209,1,High,206.1279,Monitor (no paid action),0.0,2 support tickets in last 3m; No transactions last month; Spend $70/month (last 3m)
502518,Active,Gold,Denver,Frozen Foods,0.4159,1,High,129.1232,Monitor (no paid action),0.0,0.7 transactions/month (last 3m); Spend $16/month (last 3m); App use 0.3 sessions/month
502045,Active,Silver,Denver,Frozen Foods,0.4104,1,High,204.5922,Monitor (no paid action),0.0,Transactions trending down (-1.3/month); No transactions last month; Spend $26/month (last 3m)
500031,Active,Silver,Columbus,Personal Care,0.4104,1,High,162.8654,Monitor (no paid action),0.0,0.7 transactions/month (last 3m); No marketing emails opened in last 3m; Spend $17/month (last 3m)
500672,Active,Silver,Raleigh,Snacks,0.4068,1,High,186.9101,Monitor (no paid action),0.0,1.0 transactions/month (last 3m); Spend $24/month (last 3m); App use 0.7 sessions/month
500277,Active,Gold,Madison,Dairy,0.3966,1,High,265.9772,Monitor (no paid action),0.0,Transactions trending down (-1.0/month); No transactions last month; Spend $48/month (last 3m)
502049,Active,Silver,Nashville,Bakery,0.3928,1,High,112.3271,Monitor (no paid action),0.0,No transactions last month; Spend $35/month (last 3m); Preferred category: Bakery
502576,Active,Silver,Portland,Beverages,0.3842,1,High,70.7419,Monitor (no paid action),0.0,0.3 transactions/month (last 3m); Spend +300% vs prior 3m; Buys 0.0 categories/month
502460,Active,Silver,Boise,Produce,0.3802,1,High,209.6481,Monitor (no paid action),0.0,No marketing emails opened in last 3m; No transactions last month; App use -90% vs prior 3m
501395,Active,Silver,Madison,Personal Care,0.3783,1,High,203.5476,Monitor (no paid action),0.0,No transactions last month; Formal complaint in last 3m; Spend $50/month (last 3m)
500650,Active,Silver,Portland,Bakery,0.369,0,Medium,188.2114,Monitor (no paid action),0.0,3 support tickets in last 3m; No marketing emails opened in last 3m; Only 1 transaction(s) last month
500899,Active,Gold,Denver,Beverages,0.3578,0,Medium,88.1231,Monitor (no paid action),0.0,0.3 transactions/month (last 3m); Spend +300% vs prior 3m; App use 0.3 sessions/month
501082,Active,Silver,Boise,Produce,0.3453,0,Medium,169.4201,Monitor (no paid action),0.0,No transactions last month; Opens 0.3 emails/month; Spend $43/month (last 3m)
501241,Active,Silver,Boise,Bakery,0.3386,0,Medium,156.987,Monitor (no paid action),0.0,Only 1 transaction(s) last month; Transactions trending down (-0.6/month); Spend $51/month (last 3m)
500378,Active,Silver,Austin,Beverages,0.3384,0,Medium,159.471,Monitor (no paid action),0.0,Transactions trending down (-0.9/month); No marketing emails opened in last 3m; 1.7 transactions/month (last 3m)
500896,Active,Gold,Denver,Produce,0.3287,0,Medium,162.2107,Monitor (no paid action),0.0,1.0 transactions/month (last 3m); Spend $36/month (last 3m); App use 0.3 sessions/month
500169,Active,Gold,Nashville,Beverages,0.3181,0,Medium,244.4538,Monitor (no paid action),0.0,Transactions trending down (-1.0/month); No marketing emails opened in last 3m; No transactions last month
502226,Active,Silver,Nashville,Frozen Foods,0.3132,0,Medium,215.7099,Monitor (no paid action),0.0,1.0 transactions/month (last 3m); No marketing emails opened in last 3m; Spend $31/month (last 3m)
501764,Active,Silver,Denver,Household,0.3119,0,Medium,130.283,Monitor (no paid action),0.0,1.7 transactions/month (last 3m); Spend $39/month (last 3m); Buys 0.0 categories/month
500758,Active,Gold,Nashville,Produce,0.3095,0,Medium,251.575,Monitor (no paid action),0.0,No transactions last month; App use 0.3 sessions/month; Opens 0.3 emails/month
502149,Active,Silver,Austin,Household,0.3091,0,Medium,93.2961,Monitor (no paid action),0.0,No app use in last 3m; 2.0 transactions/month (last 3m); Opens 0.3 emails/month
500504,Active,Silver,Denver,Frozen Foods,0.3082,0,Medium,146.479,Monitor (no paid action),0.0,1.0 transactions/month (last 3m); Spend $32/month (last 3m); Opens 0.3 emails/month
502573,Active,Silver,Nashville,Frozen Foods,0.308,0,Medium,164.9494,Monitor (no paid action),0.0,1.0 transactions/month (last 3m); No app use in last 3m; Spend $43/month (last 3m)
500330,Active,Silver,Denver,Produce,0.3043,0,Medium,222.2892,Monitor (no paid action),0.0,Transactions trending down (-1.1/month); No marketing emails opened in last 3m; No transactions last month
501248,Active,Gold,Boise,Bakery,0.2996,0,Medium,110.116,Monitor (no paid action),0.0,No transactions last month; Spend $49/month (last 3m); App use 0.7 sessions/month
502455,Active,Gold,Madison,Household,0.2993,0,Medium,164.7451,Monitor (no paid action),0.0,No transactions last month; Transactions trending down (-0.7/month); App use 0.3 sessions/month
502116,Active,Silver,Columbus,Household,0.2988,0,Medium,168.6024,Monitor (no paid action),0.0,No transactions last month; Spend $39/month (last 3m); Buys 0.7 categories/month
500652,Active,Gold,Portland,Dairy,0.2974,0,Medium,98.5783,Monitor (no paid action),0.0,No transactions last month; Spend $41/month (last 3m); App use 0.7 sessions/month
500604,Active,Silver,Columbus,Bakery,0.2966,0,Medium,74.3158,Monitor (no paid action),0.0,0.5 transactions/month (last 3m); Spend $12/month (last 3m); Buys 0.5 categories/month
500061,Active,Gold,Columbus,Snacks,0.289,0,Medium,95.7057,Monitor (no paid action),0.0,No marketing emails opened in last 3m; 2.0 transactions/month (last 3m); Buys 0.0 categories/month
501777,Active,Platinum,Madison,Personal Care,0.2749,0,Medium,139.7546,Monitor (no paid action),0.0,0.3 transactions/month (last 3m); Spend $13/month (last 3m); Buys 0.7 categories/month
501667,Active,Platinum,Columbus,Frozen Foods,0.2724,0,Medium,262.6801,Monitor (no paid action),0.0,No transactions last month; Spend $64/month (last 3m); 1 support tickets in last 3m
502401,Active,Silver,Denver,Bakery,0.2693,0,Medium,240.2551,Monitor (no paid action),0.0,Transactions trending down (-1.5/month); No transactions last month; App use trending down
500946,Active,Silver,Tulsa,Personal Care,0.2643,0,Medium,50.1519,Monitor (no paid action),0.0,No marketing emails opened in last 3m; 1.5 transactions/month (last 3m); No app use in last 3m
501393,Active,Platinum,Spokane,Snacks,0.2604,0,Medium,157.307,Monitor (no paid action),0.0,1.3 transactions/month (last 3m); Opens 0.3 emails/month; Formal complaint in last 3m
501250,Active,Platinum,Portland,Personal Care,0.255,0,Medium,204.3303,Monitor (no paid action),0.0,No transactions last month; Transactions trending down (-0.7/month); App use -89% vs prior 3m
500072,Active,Silver,Columbus,Personal Care,0.253,0,Medium,127.4564,Monitor (no paid action),0.0,Opens 0.3 emails/month; Spend $53/month (last 3m); 2.3 transactions/month (last 3m)
501925,Active,Silver,Denver,Frozen Foods,0.253,0,Medium,246.7929,Monitor (no paid action),0.0,Transactions trending down (-1.6/month); No transactions last month; App use -60% vs prior 3m
500188,Active,Silver,Spokane,Frozen Foods,0.251,0,Medium,238.5465,Monitor (no paid action),0.0,No marketing emails opened in last 3m; No transactions last month; Transactions trending down (-0.6/month)
501935,Active,Silver,Austin,Frozen Foods,0.2381,0,Medium,40.0898,Monitor (no paid action),0.0,0.7 transactions/month (last 3m); Spend $16/month (last 3m); App use 0.7 sessions/month
500012,Active,Silver,Columbus,Frozen Foods,0.2362,0,Medium,153.2045,Monitor (no paid action),0.0,No transactions last month; Transactions trending down (-0.9/month); Spend $52/month (last 3m)
501551,Active,Silver,Portland,Bakery,0.2342,0,Medium,53.2902,Monitor (no paid action),0.0,1.0 transactions/month (last 3m); Spend $28/month (last 3m); 1 support tickets in last 3m
500835,Active,Silver,Austin,Snacks,0.2302,0,Medium,143.6032,Monitor (no paid action),0.0,No marketing emails opened in last 3m; 2.0 transactions/month (last 3m); Spend $42/month (last 3m)
502214,Active,Silver,Boise,Produce,0.2275,0,Medium,134.3347,Monitor (no paid action),0.0,Transactions trending down (-1.1/month); No transactions last month; Spend $43/month (last 3m)
500661,Active,Platinum,Madison,Household,0.2251,0,Medium,116.306,Monitor (no paid action),0.0,1.3 transactions/month (last 3m); Formal complaint in last 3m; Spend $53/month (last 3m)
501320,Active,Platinum,Tulsa,Snacks,0.2233,0,Medium,212.1235,Monitor (no paid action),0.0,0.7 transactions/month (last 3m); Transactions trending down (-1.0/month); Spend $35/month (last 3m)
500927,Active,Gold,Raleigh,Frozen Foods,0.2227,0,Medium,141.1596,Monitor (no paid action),0.0,Transactions trending down (-1.0/month); 1.7 transactions/month (last 3m); Opens 0.3 emails/month
502507,Active,Silver,Austin,Household,0.2091,0,Medium,49.7455,Monitor (no paid action),0.0,Spend +300% vs prior 3m; No marketing emails opened in last 3m; 1.5 transactions/month (last 3m)
502382,Active,Platinum,Madison,Produce,0.2091,0,Medium,75.8446,Monitor (no paid action),0.0,1.0 transactions/month (last 3m); App use 0.3 sessions/month; Spend $44/month (last 3m)
500751,Active,Silver,Spokane,Dairy,0.2086,0,Medium,31.3761,Monitor (no paid action),0.0,0.5 transactions/month (last 3m); Spend $13/month (last 3m); Buys 0.0 categories/month
501373,Active,Silver,Portland,Bakery,0.2062,0,Medium,109.4349,Monitor (no paid action),0.0,1.7 transactions/month (last 3m); Buys 0.0 categories/month; 1 support tickets in last 3m
501246,Active,Gold,Portland,Frozen Foods,0.2044,0,Medium,97.3508,Monitor (no paid action),0.0,1.3 transactions/month (last 3m); 3 support tickets in 6m; App use 0.3 sessions/month
500283,Active,Silver,Raleigh,Produce,0.2038,0,Medium,96.0682,Monitor (no paid action),0.0,2 support tickets in last 3m; App use 0.7 sessions/month; 2.7 transactions/month (last 3m)
500280,Active,Silver,Raleigh,Bakery,0.2013,0,Medium,76.5473,Monitor (no paid action),0.0,Transactions trending down (-0.8/month); 1.7 transactions/month (last 3m); Spend $39/month (last 3m)
501194,Active,Silver,Denver,Produce,0.2005,0,Medium,132.2206,Monitor (no paid action),0.0,No marketing emails opened in last 3m; No transactions last month; Transactions trending down (-0.6/month)
501489,Active,Silver,Denver,Dairy,0.2003,0,Medium,52.2311,Monitor (no paid action),0.0,0.7 transactions/month (last 3m); Spend $22/month (last 3m); App use 0.3 sessions/month
502251,Active,Silver,Raleigh,Household,0.1964,0,Medium,53.0175,Monitor (no paid action),0.0,1.0 transactions/month (last 3m); No marketing emails opened in last 3m; Spend $34/month (last 3m)
500473,Active,Silver,Portland,Produce,0.1964,0,Medium,89.6667,Monitor (no paid action),0.0,No marketing emails opened in last 3m; No transactions last month; Spend $58/month (last 3m)
500156,Active,Silver,Tulsa,Dairy,0.195,0,Medium,75.7519,Monitor (no paid action),0.0,1.0 transactions/month (last 3m); Spend $29/month (last 3m); App use 0.3 sessions/month
502141,Active,Gold,Spokane,Produce,0.1945,0,Medium,193.1209,Monitor (no paid action),0.0,Transactions trending down (-1.4/month); No transactions last month; Opens 0.3 emails/month
500626,Active,Silver,Boise,Produce,0.1932,0,Medium,101.4739,Monitor (no paid action),0.0,Transactions trending down (-2.0/month); Opens 0.3 emails/month; 1 support tickets in last 3m
500440,Active,Silver,Madison,Snacks,0.193,0,Medium,126.4277,Monitor (no paid action),0.0,Transactions trending down (-0.7/month); Only 1 transaction(s) last month; Opens 0.3 emails/month
501368,Active,Gold,Nashville,Frozen Foods,0.1927,0,Medium,37.9758,Monitor (no paid action),0.0,0.7 transactions/month (last 3m); Spend $24/month (last 3m); Formal complaint in last 3m
500346,Active,Silver,Denver,Personal Care,0.1923,0,Medium,97.8995,Monitor (no paid action),0.0,No app use in last 3m; Only 1 transaction(s) last month; Formal complaint in last 3m
501138,Active,Gold,Raleigh,Dairy,0.1909,0,Medium,37.4653,Monitor (no paid action),0.0,0.3 transactions/month (last 3m); Spend $12/month (last 3m); App use 0.3 sessions/month
501731,Active,Silver,Boise,Frozen Foods,0.1905,0,Medium,112.444,Monitor (no paid action),0.0,No transactions last month; App use -80% vs prior 3m; Opted in to marketing
501805,Active,Gold,Austin,Produce,0.1899,0,Medium,189.6842,Monitor (no paid action),0.0,0.7 transactions/month (last 3m); Transactions trending down (-1.0/month); Spend $23/month (last 3m)
502164,Active,Silver,Columbus,Personal Care,0.186,0,Medium,239.2721,Monitor (no paid action),0.0,Transactions trending down (-1.1/month); No marketing emails opened in last 3m; No transactions last month
501761,Active,Silver,Tulsa,Produce,0.1829,0,Medium,118.347,Monitor (no paid action),0.0,No marketing emails opened in last 3m; Transactions trending down (-0.9/month); 1 support tickets in last 3m
502225,Active,Gold,Columbus,Household,0.182,0,Medium,196.5765,Monitor (no paid action),0.0,Transactions trending down (-1.1/month); No transactions last month; App use -56% vs prior 3m
501464,Active,Gold,Austin,Dairy,0.1803,0,Medium,58.2098,Monitor (no paid action),0.0,2 support tickets in last 3m; 1.0 transactions/month (last 3m); Spend $34/month (last 3m)
501718,Active,Silver,Spokane,Household,0.1798,0,Medium,128.3834,Monitor (no paid action),0.0,No marketing emails opened in last 3m; No transactions last month; App use 0.5 sessions/month
500831,Active,Silver,Denver,Household,0.1792,0,Medium,125.8943,Monitor (no paid action),0.0,2 support tickets in last 3m; No marketing emails opened in last 3m; App use 0.3 sessions/month
501897,Active,Silver,Madison,Snacks,0.1771,0,Medium,64.4382,Monitor (no paid action),0.0,3 support tickets in last 3m; Only 1 transaction(s) last month; App use 0.7 sessions/month
500165,Active,Gold,Columbus,Frozen Foods,0.1751,0,Medium,103.988,Monitor (no paid action),0.0,Transactions trending down (-1.3/month); No marketing emails opened in last 3m; 1.7 transactions/month (last 3m)
501532,Active,Silver,Columbus,Beverages,0.1713,0,Medium,153.6782,Monitor (no paid action),0.0,Transactions trending down (-1.3/month); No transactions last month; Spend $73/month (last 3m)
502582,Active,Silver,Raleigh,Bakery,0.1685,0,Medium,74.2407,Monitor (no paid action),0.0,1.0 transactions/month (last 3m); Spend $30/month (last 3m); Formal complaint in last 3m
502547,Active,Platinum,Nashville,Beverages,0.167,0,Medium,194.1225,Monitor (no paid action),0.0,Transactions trending down (-0.9/month); No transactions last month; Opens 0.3 emails/month
502211,Active,Gold,Portland,Beverages,0.158,0,Medium,65.9751,Monitor (no paid action),0.0,0.7 transactions/month (last 3m); Spend $25/month (last 3m); App use -67% vs prior 3m
502340,Active,Platinum,Raleigh,Frozen Foods,0.1553,0,Medium,88.8942,Monitor (no paid action),0.0,Opens 0.3 emails/month; Formal complaint in last 3m; App use 0.7 sessions/month
500943,Active,Gold,Raleigh,Personal Care,0.1546,0,Medium,111.5302,Monitor (no paid action),0.0,No marketing emails opened in last 3m; Transactions trending down (-0.9/month); No transactions last month
500149,Active,Silver,Austin,Snacks,0.1525,0,Medium,54.866,Monitor (no paid action),0.0,No transactions last month; Spend $41/month (last 3m); Opens 0.3 emails/month
501890,Active,Silver,Portland,Dairy,0.1517,0,Medium,56.6225,Monitor (no paid action),0.0,0.7 transactions/month (last 3m); Spend $30/month (last 3m); Opens 0.3 emails/month
500623,Active,Silver,Raleigh,Frozen Foods,0.1509,0,Medium,60.3707,Monitor (no paid action),0.0,1.0 transactions/month (last 3m); Spend $31/month (last 3m); Opens 0.3 emails/month
501417,Active,Gold,Madison,Household,0.1507,0,Medium,83.7282,Monitor (no paid action),0.0,No transactions last month; Transactions trending down (-0.6/month); App use -46% vs prior 3m
502324,Active,Silver,Raleigh,Household,0.149,0,Medium,66.5235,Monitor (no paid action),0.0,Spend +300% vs prior 3m; 1.7 transactions/month (last 3m); No app use in last 3m
500279,Active,Silver,Nashville,Snacks,0.1484,0,Medium,82.2696,Monitor (no paid action),0.0,No transactions last month; Transactions trending down (-0.6/month); Spend $49/month (last 3m)
500464,Active,Gold,Nashville,Dairy,0.1462,0,Medium,114.2376,Monitor (no paid action),0.0,1.3 transactions/month (last 3m); Opens 0.3 emails/month; Transactions trending down (-0.6/month)
502478,Active,Gold,Tulsa,Personal Care,0.1423,0,Medium,99.7755,Monitor (no paid action),0.0,No transactions last month; Buys 0.3 categories/month; Opted in to marketing
501861,Active,Gold,Nashville,Household,0.1412,0,Medium,92.5614,Monitor (no paid action),0.0,No marketing emails opened in last 3m; No transactions last month; Buys 0.3 categories/month
501439,Active,Gold,Austin,Snacks,0.1334,0,Medium,161.039,Monitor (no paid action),0.0,2 support tickets in last 3m; Only 1 transaction(s) last month; Transactions trending down (-0.6/month)
500490,Active,Silver,Raleigh,Beverages,0.1299,0,Medium,67.1269,Monitor (no paid action),0.0,1.0 transactions/month (last 3m); Spend $27/month (last 3m); 1 support tickets in last 3m
501240,Active,Silver,Tulsa,Produce,0.1299,0,Medium,60.5515,Monitor (no paid action),0.0,No transactions last month; App use 0.3 sessions/month; Spend $65/month (last 3m)
500223,Active,Gold,Spokane,Snacks,0.129,0,Medium,71.3818,Monitor (no paid action),0.0,1.0 transactions/month (last 3m); No marketing emails opened in last 3m; Transactions trending down (-0.8/month)
500957,Active,Platinum,Austin,Personal Care,0.1247,0,Medium,133.4983,Monitor (no paid action),0.0,Transactions trending down (-1.2/month); 1.0 transactions/month (last 3m); Spend $36/month (last 3m)
501347,Active,Silver,Spokane,Beverages,0.1207,0,Medium,127.9237,Monitor (no paid action),0.0,Transactions trending down (-1.1/month); No transactions last month; Opens 0.3 emails/month
501606,Active,Gold,Boise,Bakery,0.1205,0,Medium,184.1612,Monitor (no paid action),0.0,Transactions trending down (-1.1/month); No transactions last month; Preferred category: Bakery
502178,Active,Platinum,Nashville,Household,0.1198,0,Medium,70.5715,Monitor (no paid action),0.0,No transactions last month; Formal complaint in last 3m; Transactions trending down (-0.4/month)
501048,Active,Silver,Columbus,Produce,0.1183,0,Medium,52.2014,Monitor (no paid action),0.0,Transactions trending down (-1.0/month); No marketing emails opened in last 3m; Only 1 transaction(s) last month
500854,Active,Silver,Spokane,Dairy,0.1174,0,Medium,74.4069,Monitor (no paid action),0.0,1.3 transactions/month (last 3m); Transactions trending down (-0.8/month); No app use in last 3m
500965,Active,Gold,Nashville,Frozen Foods,0.1164,0,Medium,23.5612,Monitor (no paid action),0.0,0.3 transactions/month (last 3m); Spend +300% vs prior 3m; Buys 0.3 categories/month
500956,Active,Gold,Denver,Household,0.1158,0,Medium,186.5595,Monitor (no paid action),0.0,Transactions trending down (-1.0/month); No transactions last month; Opens 0.3 emails/month
501936,Active,Gold,Denver,Produce,0.1129,0,Medium,33.2112,Monitor (no paid action),0.0,1.7 transactions/month (last 3m); Spend $45/month (last 3m); Buys 0.3 categories/month
500949,Active,Silver,Raleigh,Snacks,0.109,0,Medium,78.9803,Monitor (no paid action),0.0,No transactions last month; Transactions trending down (-0.7/month); Opens 0.3 emails/month
502047,Active,Silver,Tulsa,Bakery,0.1089,0,Medium,47.2327,Monitor (no paid action),0.0,0.5 transactions/month (last 3m); Spend $13/month (last 3m); Preferred category: Bakery
500243,Active,Silver,Spokane,Household,0.1084,0,Medium,118.6497,Monitor (no paid action),0.0,Transactions trending down (-0.9/month); No transactions last month; App use -87% vs prior 3m
500220,Active,Gold,Denver,Snacks,0.1074,0,Medium,80.7733,Monitor (no paid action),0.0,No marketing emails opened in last 3m; Transactions trending down (-0.7/month); Only 1 transaction(s) last month
502278,Active,Gold,Raleigh,Snacks,0.1057,0,Medium,61.6146,Monitor (no paid action),0.0,No transactions last month; Spend $51/month (last 3m); Opens 0.5 emails/month
500508,Active,Silver,Portland,Bakery,0.1057,0,Medium,50.9107,Monitor (no paid action),0.0,No marketing emails opened in last 3m; 3 support tickets in 6m; 2.3 transactions/month (last 3m)
500476,Active,Silver,Spokane,Frozen Foods,0.1051,0,Medium,79.5054,Monitor (no paid action),0.0,Transactions trending down (-0.8/month); App use 0.3 sessions/month; Opens 0.3 emails/month
500572,Active,Silver,Boise,Frozen Foods,0.1047,0,Medium,14.18,Monitor (no paid action),0.0,0.7 transactions/month (last 3m); Spend $10/month (last 3m); Transactions trending down (-0.5/month)
502272,Active,Silver,Columbus,Bakery,0.1046,0,Medium,55.7487,Monitor (no paid action),0.0,No marketing emails opened in last 3m; Only 1 transaction(s) last month; Preferred category: Bakery
501876,Active,Silver,Raleigh,Frozen Foods,0.1041,0,Medium,84.569,Monitor (no paid action),0.0,2 support tickets in last 3m; Transactions trending down (-0.7/month); Opens 0.3 emails/month
501857,Active,Silver,Madison,Household,0.1038,0,Medium,31.8778,Monitor (no paid action),0.0,1.0 transactions/month (last 3m); Spend $31/month (last 3m); Buys 0.0 categories/month
500306,Active,Silver,Columbus,Beverages,0.1034,0,Medium,40.3062,Monitor (no paid action),0.0,2.0 transactions/month (last 3m); Opens 0.3 emails/month; Spend $65/month (last 3m)
500482,Active,Silver,Spokane,Household,0.1016,0,Medium,89.005,Monitor (no paid action),0.0,3 support tickets in last 3m; Only 1 transaction(s) last month; Opted in to marketing
500523,Active,Silver,Tulsa,Household,0.1015,0,Medium,104.5515,Monitor (no paid action),0.0,No marketing emails opened in last 3m; No transactions last month; App use -47% vs prior 3m
501447,Active,Gold,Spokane,Produce,0.0984,0,Low,128.4867,Monitor (no paid action),0.0,2 support tickets in last 3m; No marketing emails opened in last 3m; Transactions trending down (-0.5/month)
500877,Active,Gold,Tulsa,Household,0.0982,0,Low,63.0762,Monitor (no paid action),0.0,1.7 transactions/month (last 3m); Formal complaint in last 3m; Spend $64/month (last 3m)
501758,Active,Silver,Portland,Frozen Foods,0.0978,0,Low,54.0598,Monitor (no paid action),0.0,3 support tickets in last 3m; Transactions trending down (-0.6/month); Spend $65/month (last 3m)
501334,Active,Silver,Portland,Dairy,0.0974,0,Low,44.9246,Monitor (no paid action),0.0,0.7 transactions/month (last 3m); Spend $26/month (last 3m); Buys 0.3 categories/month
502343,Active,Gold,Denver,Beverages,0.0973,0,Low,38.3058,Monitor (no paid action),0.0,Only 1 transaction(s) last month; Opens 0.3 emails/month; Spend $48/month (last 3m)
500195,Active,Silver,Madison,Beverages,0.0961,0,Low,47.7643,Monitor (no paid action),0.0,No marketing emails opened in last 3m; No app use in last 3m; Spend +190% vs prior 3m
501768,Active,Silver,Madison,Household,0.096,0,Low,28.9128,Monitor (no paid action),0.0,No marketing emails opened in last 3m; Only 1 transaction(s) last month; Spend $50/month (last 3m)
500439,Active,Gold,Portland,Personal Care,0.0951,0,Low,68.778,Monitor (no paid action),0.0,No transactions last month; App use 0.3 sessions/month; Transactions trending down (-0.5/month)
500805,Active,Silver,Boise,Produce,0.0947,0,Low,45.049,Monitor (no paid action),0.0,No marketing emails opened in last 3m; Only 1 transaction(s) last month; App use 0.5 sessions/month
501225,Active,Platinum,Tulsa,Snacks,0.0945,0,Low,71.522,Monitor (no paid action),0.0,1.7 transactions/month (last 3m); Opens 0.3 emails/month; Spend $65/month (last 3m)
501883,Active,Platinum,Madison,Snacks,0.0924,0,Low,51.7667,Monitor (no paid action),0.0,1.0 transactions/month (last 3m); Spend $33/month (last 3m); App use -50% vs prior 3m
500772,Active,Silver,Portland,Personal Care,0.0921,0,Low,51.007,Monitor (no paid action),0.0,1.7 transactions/month (last 3m); App use 0.3 sessions/month; Transactions trending down (-0.5/month)
501942,Active,Gold,Spokane,Household,0.0915,0,Low,80.9358,Monitor (no paid action),0.0,Transactions trending down (-0.8/month); Only 1 transaction(s) last month; Spend $69/month (last 3m)
500792,Active,Silver,Nashville,Produce,0.0913,0,Low,24.4261,Monitor (no paid action),0.0,Transactions trending down (-2.0/month); 2 support tickets in last 3m; Spend $45/month (last 3m)
501814,Active,Silver,Tulsa,Dairy,0.0906,0,Low,58.6846,Monitor (no paid action),0.0,No transactions last month; App use 0.3 sessions/month; Opted in to marketing
500100,Active,Gold,Portland,Produce,0.0902,0,Low,51.486,Monitor (no paid action),0.0,1.0 transactions/month (last 3m); Spend $28/month (last 3m); Buys 0.0 categories/month
502201,Active,Silver,Madison,Frozen Foods,0.0891,0,Low,52.5248,Monitor (no paid action),0.0,1.7 transactions/month (last 3m); App use 0.3 sessions/month; Transactions trending down (-0.5/month)
500424,Active,Gold,Boise,Personal Care,0.0886,0,Low,75.8501,Monitor (no paid action),0.0,2.0 transactions/month (last 3m); App use 0.3 sessions/month; Buys 0.3 categories/month
501874,Active,Silver,Tulsa,Snacks,0.0877,0,Low,32.6593,Monitor (no paid action),0.0,1.3 transactions/month (last 3m); No app use in last 3m; Spend $42/month (last 3m)
501353,Active,Platinum,Portland,Bakery,0.0875,0,Low,84.8426,Monitor (no paid action),0.0,No marketing emails opened in last 3m; Only 1 transaction(s) last month; 1 support tickets in last 3m
502036,Active,Silver,Tulsa,Beverages,0.0872,0,Low,38.2282,Monitor (no paid action),0.0,1.3 transactions/month (last 3m); Spend $36/month (last 3m); Opens 0.3 emails/month
500693,Active,Silver,Nashville,Frozen Foods,0.0864,0,Low,63.1601,Monitor (no paid action),0.0,No marketing emails opened in last 3m; No transactions last month; Opted in to marketing
500674,Active,Silver,Portland,Produce,0.0861,0,Low,94.7984,Monitor (no paid action),0.0,Transactions trending down (-1.2/month); No marketing emails opened in last 3m; 1 support tickets in last 3m
501652,Active,Gold,Boise,Bakery,0.0857,0,Low,104.283,Monitor (no paid action),0.0,No transactions last month; App use 0.5 sessions/month; Opens 0.5 emails/month
500703,Active,Silver,Boise,Personal Care,0.0855,0,Low,22.8719,Monitor (no paid action),0.0,1.7 transactions/month (last 3m); Spend $28/month (last 3m); Buys 0.7 categories/month
500982,Active,Gold,Denver,Produce,0.0851,0,Low,60.3476,Monitor (no paid action),0.0,2 support tickets in last 3m; App use -67% vs prior 3m; Opened 0.0 emails/month before
500736,Active,Platinum,Austin,Household,0.0842,0,Low,47.3383,Monitor (no paid action),0.0,Only 1 transaction(s) last month; Formal complaint in last 3m; Spend +103% vs prior 3m
500336,Active,Platinum,Raleigh,Frozen Foods,0.0841,0,Low,46.8744,Monitor (no paid action),0.0,0.7 transactions/month (last 3m); Spend $36/month (last 3m); Opens 0.3 emails/month
502464,Active,Gold,Raleigh,Bakery,0.0826,0,Low,43.1557,Monitor (no paid action),0.0,1.3 transactions/month (last 3m); Spend $49/month (last 3m); Transactions trending down (-0.5/month)
500761,Active,Platinum,Austin,Personal Care,0.0824,0,Low,138.5693,Monitor (no paid action),0.0,Transactions trending down (-2.5/month); Buys 0.3 categories/month; 1 support tickets in last 3m
502216,Active,Silver,Austin,Dairy,0.0813,0,Low,39.4741,Monitor (no paid action),0.0,Only 1 transaction(s) last month; Spend $48/month (last 3m); Transactions trending down (-0.4/month)
501526,Active,Gold,Tulsa,Produce,0.0812,0,Low,34.9658,Monitor (no paid action),0.0,1.3 transactions/month (last 3m); Spend $40/month (last 3m); Opens 0.3 emails/month
501500,Active,Silver,Boise,Dairy,0.0809,0,Low,32.309,Monitor (no paid action),0.0,1.7 transactions/month (last 3m); Spend $50/month (last 3m); 1 support tickets in last 3m
502126,Active,Silver,Tulsa,Snacks,0.0797,0,Low,21.4392,Monitor (no paid action),0.0,1.3 transactions/month (last 3m); Spend $30/month (last 3m); App use 0.3 sessions/month
501772,Active,Silver,Columbus,Produce,0.0783,0,Low,23.5492,Monitor (no paid action),0.0,1.0 transactions/month (last 3m); Spend $34/month (last 3m); App use 0.3 sessions/month
500030,Active,Platinum,Spokane,Dairy,0.0773,0,Low,32.8826,Monitor (no paid action),0.0,0.5 transactions/month (last 3m); Spend $20/month (last 3m); App use -81% vs prior 3m
502329,Active,Silver,Spokane,Personal Care,0.077,0,Low,55.8924,Monitor (no paid action),0.0,1 support tickets in last 3m; Only 2 transaction(s) last month; Opted in to marketing
501828,Active,Gold,Austin,Bakery,0.0764,0,Low,39.6027,Monitor (no paid action),0.0,No marketing emails opened in last 3m; 2.5 transactions/month (last 3m); Preferred category: Bakery
501331,Active,Gold,Nashville,Dairy,0.0762,0,Low,53.0266,Monitor (no paid action),0.0,No transactions last month; Opens 0.3 emails/month; Transactions trending down (-0.5/month)
500160,Active,Platinum,Madison,Snacks,0.0756,0,Low,67.2542,Monitor (no paid action),0.0,No transactions last month; App use 0.3 sessions/month; Opted in to marketing
502428,Active,Silver,Nashville,Personal Care,0.0752,0,Low,40.2806,Monitor (no paid action),0.0,Transactions trending down (-1.5/month); Only 2 transaction(s) last month; Opted in to marketing
501696,Active,Gold,Austin,Snacks,0.0751,0,Low,32.4707,Monitor (no paid action),0.0,Opens 0.3 emails/month; 2.3 transactions/month (last 3m); 1 support tickets in last 3m
500384,Active,Silver,Boise,Produce,0.0749,0,Low,28.85,Monitor (no paid action),0.0,1.7 transactions/month (last 3m); Spend $42/month (last 3m); Opted in to marketing
500308,Active,Silver,Raleigh,Frozen Foods,0.073,0,Low,38.3823,Monitor (no paid action),0.0,2 support tickets in last 3m; Spend $65/month (last 3m); Opted in to marketing
500102,Active,Silver,Madison,Produce,0.0722,0,Low,43.1055,Monitor (no paid action),0.0,Transactions trending down (-2.5/month); Only 2 transaction(s) last month; Opted in to marketing
502029,Active,Silver,Denver,Bakery,0.0719,0,Low,22.3437,Monitor (no paid action),0.0,1.0 transactions/month (last 3m); Spend $30/month (last 3m); App use -62% vs prior 3m
502344,Active,Gold,Austin,Frozen Foods,0.0714,0,Low,38.5336,Monitor (no paid action),0.0,No transactions last month; Transactions trending down (-0.6/month); Spend $70/month (last 3m)
502534,Active,Gold,Columbus,Personal Care,0.071,0,Low,23.755,Monitor (no paid action),0.0,No transactions last month; Spend $47/month (last 3m); Buys 0.7 categories/month
500509,Active,Silver,Austin,Beverages,0.0707,0,Low,36.5933,Monitor (no paid action),0.0,1 support tickets in last 3m; Buys 0.7 categories/month; Opted in to marketing
500080,Active,Platinum,Denver,Dairy,0.0701,0,Low,83.017,Monitor (no paid action),0.0,No transactions last month; Transactions trending down (-0.6/month); App use -60% vs prior 3m
501458,Active,Silver,Denver,Dairy,0.0699,0,Low,33.766,Monitor (no paid action),0.0,Transactions trending down (-0.7/month); Opens 0.3 emails/month; Spend $64/month (last 3m)
501607,Active,Silver,Raleigh,Frozen Foods,0.069,0,Low,68.882,Monitor (no paid action),0.0,No marketing emails opened in last 3m; Transactions trending down (-0.9/month); No transactions last month
500493,Active,Platinum,Austin,Produce,0.0677,0,Low,100.2601,Monitor (no paid action),0.0,No marketing emails opened in last 3m; Transactions trending down (-0.6/month); App use 0.7 sessions/month
501785,Active,Gold,Tulsa,Dairy,0.0673,0,Low,57.2034,Monitor (no paid action),0.0,Transactions trending down (-0.7/month); Only 2 transaction(s) last month; App use -50% vs prior 3m
500193,Active,Gold,Denver,Household,0.0671,0,Low,20.7837,Monitor (no paid action),0.0,No transactions last month; Spend $44/month (last 3m); Opted in to marketing
501453,Active,Silver,Boise,Dairy,0.0664,0,Low,23.9658,Monitor (no paid action),0.0,No transactions last month; Spend $36/month (last 3m); App use 0.3 sessions/month
501997,Active,Platinum,Tulsa,Household,0.0648,0,Low,55.5371,Monitor (no paid action),0.0,No marketing emails opened in last 3m; Only 1 transaction(s) last month; App use 0.7 sessions/month
500414,Active,Silver,Portland,Produce,0.0643,0,Low,11.1048,Monitor (no paid action),0.0,0.3 transactions/month (last 3m); Spend $9/month (last 3m); Buys 0.0 categories/month
500530,Active,Platinum,Portland,Personal Care,0.0637,0,Low,49.6295,Monitor (no paid action),0.0,No marketing emails opened in last 3m; Only 1 transaction(s) last month; No coupons redeemed in last 3m
501988,Active,Silver,Raleigh,Produce,0.063,0,Low,26.6044,Monitor (no paid action),0.0,2.3 transactions/month (last 3m); App use -62% vs prior 3m; Opted in to marketing
502370,Active,Gold,Boise,Frozen Foods,0.063,0,Low,31.4069,Monitor (no paid action),0.0,No marketing emails opened in last 3m; Only 1 transaction(s) last month; Spend $69/month (last 3m)
501939,Active,Silver,Nashville,Frozen Foods,0.0619,0,Low,24.7136,Monitor (no paid action),0.0,Only 1 transaction(s) last month; Spend $59/month (last 3m); Transactions trending down (-0.5/month)
500465,Active,Gold,Boise,Beverages,0.0611,0,Low,29.3851,Monitor (no paid action),0.0,No marketing emails opened in last 3m; App use 0.5 sessions/month; 2.5 transactions/month (last 3m)
501975,Active,Gold,Columbus,Personal Care,0.0607,0,Low,12.2115,Monitor (no paid action),0.0,1.3 transactions/month (last 3m); Spend $26/month (last 3m); App use -71% vs prior 3m
500578,Active,Silver,Nashville,Produce,0.06,0,Low,17.373,Monitor (no paid action),0.0,2.0 transactions/month (last 3m); App use 0.3 sessions/month; Spend $47/month (last 3m)
500635,Active,Platinum,Boise,Frozen Foods,0.0594,0,Low,34.1051,Monitor (no paid action),0.0,1.3 transactions/month (last 3m); Opens 0.3 emails/month; Spend $52/month (last 3m)
500313,Active,Gold,Portland,Dairy,0.0585,0,Low,151.3648,Monitor (no paid action),0.0,Transactions trending down (-3.1/month); No transactions last month; Opens 0.3 emails/month
501238,Active,Gold,Austin,Bakery,0.0574,0,Low,43.2121,Monitor (no paid action),0.0,3 support tickets in 6m; Preferred category: Bakery; Opted in to marketing
501886,Active,Gold,Spokane,Beverages,0.0566,0,Low,31.8697,Monitor (no paid action),0.0,App use 0.3 sessions/month; 2.7 transactions/month (last 3m); Opted in to marketing
500123,Active,Silver,Raleigh,Personal Care,0.0552,0,Low,78.6102,Monitor (no paid action),0.0,Transactions trending down (-1.5/month); No transactions last month; App use -50% vs prior 3m
502590,Active,Silver,Spokane,Personal Care,0.0552,0,Low,37.9148,Monitor (no paid action),0.0,Transactions trending down (-0.7/month); 2.0 transactions/month (last 3m); Opens 0.3 emails/month
500093,Active,Gold,Denver,Household,0.0539,0,Low,51.1288,Monitor (no paid action),0.0,Transactions trending down (-0.5/month); Only 2 transaction(s) last month; Opted in to marketing
502290,Active,Gold,Tulsa,Frozen Foods,0.0538,0,Low,44.2077,Monitor (no paid action),0.0,Only 1 transaction(s) last month; Formal complaint in last 3m; Opted in to marketing
500521,Active,Silver,Nashville,Household,0.053,0,Low,50.5428,Monitor (no paid action),0.0,Transactions trending down (-1.5/month); Only 1 transaction(s) last month; Spend $74/month (last 3m)
502254,Active,Silver,Columbus,Beverages,0.0516,0,Low,29.2189,Monitor (no paid action),0.0,2.0 transactions/month (last 3m); 1 support tickets in last 3m; Spend $73/month (last 3m)
501516,Active,Gold,Tulsa,Produce,0.0516,0,Low,34.8323,Monitor (no paid action),0.0,Transactions trending down (-0.8/month); 1 support tickets in last 3m; 2.7 transactions/month (last 3m)
500224,Active,Gold,Nashville,Beverages,0.0515,0,Low,21.6081,Monitor (no paid action),0.0,Formal complaint in last 3m; Spend +127% vs prior 3m; Buys 0.7 categories/month
502320,Active,Silver,Austin,Bakery,0.051,0,Low,29.7269,Monitor (no paid action),0.0,Only 1 transaction(s) last month; Transactions trending down (-0.5/month); 1 support tickets in last 3m
502374,Active,Silver,Spokane,Bakery,0.0504,0,Low,37.1852,Monitor (no paid action),0.0,Opens 0.3 emails/month; App use 0.7 sessions/month; Preferred category: Bakery
501139,Active,Gold,Spokane,Dairy,0.0502,0,Low,20.3749,Monitor (no paid action),0.0,No marketing emails opened in last 3m; Only 1 transaction(s) last month; Spend $68/month (last 3m)
500150,Active,Platinum,Boise,Frozen Foods,0.0485,0,Low,32.2532,Monitor (no paid action),0.0,No marketing emails opened in last 3m; 2.0 transactions/month (last 3m); New member (<4 months of history)
501575,Active,Platinum,Denver,Snacks,0.0481,0,Low,24.6129,Monitor (no paid action),0.0,App use 0.3 sessions/month; 2.7 transactions/month (last 3m); Opted in to marketing
501170,Active,Silver,Tulsa,Bakery,0.0479,0,Low,9.8303,Monitor (no paid action),0.0,1.7 transactions/month (last 3m); No app use in last 3m; Spend $33/month (last 3m)
500709,Active,Gold,Raleigh,Bakery,0.0472,0,Low,45.396,Monitor (no paid action),0.0,No transactions last month; Preferred category: Bakery; Transactions trending down (-0.4/month)
502512,Active,Silver,Austin,Frozen Foods,0.0468,0,Low,31.2394,Monitor (no paid action),0.0,No transactions last month; Opted in to marketing; App use was 0.7 sessions/month
502553,Active,Gold,Spokane,Dairy,0.0468,0,Low,14.4194,Monitor (no paid action),0.0,No marketing emails opened in last 3m; 2.0 transactions/month (last 3m); Spend $55/month (last 3m)
501523,Active,Gold,Madison,Personal Care,0.0467,0,Low,71.7982,Monitor (no paid action),0.0,No transactions last month; Transactions trending down (-0.7/month); 1 support tickets in last 3m
500397,Active,Gold,Denver,Bakery,0.0464,0,Low,29.1786,Monitor (no paid action),0.0,1.7 transactions/month (last 3m); No app use in last 3m; Preferred category: Bakery
500592,Active,Gold,Tulsa,Bakery,0.0452,0,Low,17.6023,Monitor (no paid action),0.0,Formal complaint in last 3m; 2.3 transactions/month (last 3m); Spend $66/month (last 3m)
500642,Active,Silver,Columbus,Snacks,0.045,0,Low,48.0701,Monitor (no paid action),0.0,No marketing emails opened in last 3m; App use -73% vs prior 3m; 1 support tickets in last 3m
502591,Active,Silver,Raleigh,Personal Care,0.0436,0,Low,25.5459,Monitor (no paid action),0.0,Transactions trending down (-0.9/month); No transactions last month; Spend $43/month (last 3m)
501134,Active,Gold,Columbus,Bakery,0.0435,0,Low,46.3265,Monitor (no paid action),0.0,2 support tickets in last 3m; Opens 0.3 emails/month; Preferred category: Bakery
500190,Active,Gold,Tulsa,Produce,0.0428,0,Low,42.2187,Monitor (no paid action),0.0,Formal complaint in last 3m; Transactions trending down (-0.5/month); Opted in to marketing
501440,Active,Silver,Raleigh,Frozen Foods,0.0427,0,Low,36.1085,Monitor (no paid action),0.0,2 support tickets in last 3m; Opens 0.3 emails/month; Transactions trending down (-0.5/month)
500952,Active,Silver,Spokane,Beverages,0.0422,0,Low,22.1093,Monitor (no paid action),0.0,No marketing emails opened in last 3m; Transactions trending down (-0.7/month); Only 1 transaction(s) last month
501763,Active,Silver,Austin,Dairy,0.042,0,Low,29.7624,Monitor (no paid action),0.0,Only 1 transaction(s) last month; App use was 0.0 sessions/month; Spend $74/month (last 3m)
500775,Active,Gold,Denver,Frozen Foods,0.0415,0,Low,46.8277,Monitor (no paid action),0.0,No transactions last month; Opens 0.3 emails/month; Transactions trending down (-0.4/month)
502172,Active,Silver,Madison,Dairy,0.0414,0,Low,36.5895,Monitor (no paid action),0.0,No transactions last month; Transactions trending down (-0.6/month); Opted in to marketing
501153,Active,Gold,Portland,Bakery,0.0408,0,Low,29.323,Monitor (no paid action),0.0,No marketing emails opened in last 3m; Preferred category: Bakery; 2 support tickets in 6m
502352,Active,Silver,Tulsa,Personal Care,0.0406,0,Low,13.2026,Monitor (no paid action),0.0,2 support tickets in last 3m; Spend +134% vs prior 3m; Opted in to marketing
500737,Active,Silver,Raleigh,Household,0.0405,0,Low,13.279,Monitor (no paid action),0.0,1.7 transactions/month (last 3m); Spend $37/month (last 3m); Transactions trending down (-0.5/month)
502237,Active,Silver,Austin,Snacks,0.0396,0,Low,13.7171,Monitor (no paid action),0.0,2 support tickets in last 3m; 1.7 transactions/month (last 3m); Spend $56/month (last 3m)
502477,Active,Gold,Tulsa,Frozen Foods,0.0393,0,Low,31.2977,Monitor (no paid action),0.0,Transactions trending down (-0.6/month); Opens 0.5 emails/month; Opted in to marketing
502439,Active,Silver,Portland,Beverages,0.0393,0,Low,18.9357,Monitor (no paid action),0.0,Only 1 transaction(s) last month; 1 support tickets in last 3m; Spend $78/month (last 3m)
502467,Active,Silver,Madison,Snacks,0.0387,0,Low,23.6155,Monitor (no paid action),0.0,1.3 transactions/month (last 3m); Spend $41/month (last 3m); Transactions trending down (-0.6/month)
501671,Active,Silver,Austin,Personal Care,0.0384,0,Low,36.2806,Monitor (no paid action),0.0,2 support tickets in last 3m; Transactions trending down (-0.8/month); Opted in to marketing
502538,Active,Silver,Tulsa,Household,0.0382,0,Low,57.1056,Monitor (no paid action),0.0,Transactions trending down (-2.4/month); Only 2 transaction(s) last month; Opted in to marketing
501855,Active,Silver,Tulsa,Personal Care,0.0381,0,Low,23.7763,Monitor (no paid action),0.0,Opens 0.3 emails/month; 1 support tickets in last 3m; Spend +98% vs prior 3m
501537,Active,Silver,Austin,Household,0.038,0,Low,65.436,Monitor (no paid action),0.0,Transactions trending down (-1.3/month); No marketing emails opened in last 3m; 2.5 transactions/month (last 3m)
501856,Active,Gold,Tulsa,Bakery,0.0376,0,Low,29.3048,Monitor (no paid action),0.0,App use 0.3 sessions/month; 1 support tickets in last 3m; Preferred category: Bakery
500900,Active,Platinum,Spokane,Frozen Foods,0.0375,0,Low,41.3563,Monitor (no paid action),0.0,Opens 0.3 emails/month; 1 support tickets in last 3m; Transactions trending down (-0.4/month)
501198,Active,Silver,Raleigh,Household,0.0374,0,Low,13.5373,Monitor (no paid action),0.0,Opens 0.3 emails/month; App use -56% vs prior 3m; Only 2 transaction(s) last month
501402,Active,Silver,Raleigh,Produce,0.0374,0,Low,30.8467,Monitor (no paid action),0.0,Opens 0.3 emails/month; 1 support tickets in last 3m; Transactions trending down (-0.3/month)
501661,Active,Platinum,Austin,Snacks,0.0373,0,Low,21.811,Monitor (no paid action),0.0,No marketing emails opened in last 3m; Spend +157% vs prior 3m; App use -78% vs prior 3m
500325,Active,Silver,Austin,Dairy,0.0373,0,Low,18.4631,Monitor (no paid action),0.0,2.0 transactions/month (last 3m); Transactions trending down (-0.6/month); Spend $53/month (last 3m)
501264,Active,Silver,Portland,Household,0.037,0,Low,15.7106,Monitor (no paid action),0.0,Spend +300% vs prior 3m; Opens 0.3 emails/month; App use -67% vs prior 3m
502389,Active,Silver,Nashville,Personal Care,0.0364,0,Low,35.7975,Monitor (no paid action),0.0,Transactions trending down (-1.9/month); Opted in to marketing; Spend $79/month (last 3m)
500757,Active,Gold,Madison,Produce,0.0364,0,Low,29.6997,Monitor (no paid action),0.0,Transactions trending down (-0.8/month); Only 1 transaction(s) last month; Opens 0.3 emails/month
500706,Active,Silver,Spokane,Personal Care,0.0363,0,Low,39.5117,Monitor (no paid action),0.0,Transactions trending down (-1.2/month); 1 support tickets in last 3m; Only 2 transaction(s) last month
502102,Active,Platinum,Nashville,Household,0.0359,0,Low,15.0121,Monitor (no paid action),0.0,Spend +300% vs prior 3m; 1.7 transactions/month (last 3m); Opted in to marketing
500191,Active,Gold,Madison,Bakery,0.0355,0,Low,31.7879,Monitor (no paid action),0.0,No marketing emails opened in last 3m; Preferred category: Bakery; Opted in to marketing
501701,Active,Gold,Raleigh,Personal Care,0.0355,0,Low,27.0025,Monitor (no paid action),0.0,No marketing emails opened in last 3m; 2.3 transactions/month (last 3m); No coupons redeemed in last 3m
502194,Active,Silver,Madison,Household,0.035,0,Low,7.4454,Monitor (no paid action),0.0,1.5 transactions/month (last 3m); Spend $23/month (last 3m); Opens 0.5 emails/month
502338,Active,Silver,Spokane,Bakery,0.0349,0,Low,15.2256,Monitor (no paid action),0.0,Opens 0.3 emails/month; 1 support tickets in last 3m; Preferred category: Bakery
500673,Active,Gold,Boise,Beverages,0.0348,0,Low,30.2149,Monitor (no paid action),0.0,Only 1 transaction(s) last month; Transactions trending down (-0.4/month); Opted in to marketing
500679,Active,Gold,Nashville,Household,0.0348,0,Low,14.8165,Monitor (no paid action),0.0,No transactions last month; App use 0.7 sessions/month; Buys 0.7 categories/month
500460,Active,Silver,Tulsa,Personal Care,0.0339,0,Low,9.3816,Monitor (no paid action),0.0,1.3 transactions/month (last 3m); No app use in last 3m; Spend $34/month (last 3m)
502523,Active,Silver,Nashville,Dairy,0.0335,0,Low,28.757,Monitor (no paid action),0.0,1 support tickets in last 3m; Only 2 transaction(s) last month; Opted in to marketing
501361,Active,Silver,Portland,Dairy,0.0334,0,Low,5.9799,Monitor (no paid action),0.0,0.7 transactions/month (last 3m); Spend $21/month (last 3m); Opted in to marketing
501441,Active,Platinum,Raleigh,Dairy,0.0333,0,Low,12.6801,Monitor (no paid action),0.0,1.7 transactions/month (last 3m); Spend $63/month (last 3m); App use was 0.0 sessions/month
500182,Active,Silver,Nashville,Household,0.0332,0,Low,16.8274,Monitor (no paid action),0.0,Opens 0.3 emails/month; App use 0.7 sessions/month; Only 2 transaction(s) last month
500707,Active,Silver,Raleigh,Household,0.0331,0,Low,7.7444,Monitor (no paid action),0.0,1.7 transactions/month (last 3m); Spend +194% vs prior 3m; App use 0.7 sessions/month
501207,Active,Gold,Tulsa,Dairy,0.033,0,Low,29.4513,Monitor (no paid action),0.0,Opens 0.3 emails/month; App use -55% vs prior 3m; Only 2 transaction(s) last month
500953,Active,Silver,Boise,Snacks,0.0329,0,Low,18.9162,Monitor (no paid action),0.0,Opens 0.3 emails/month; Opted in to marketing; App use 1.0 sessions/month
500857,Active,Silver,Austin,Household,0.0328,0,Low,27.5268,Monitor (no paid action),0.0,Transactions trending down (-0.7/month); Only 2 transaction(s) last month; Opted in to marketing
502400,Active,Silver,Denver,Snacks,0.0326,0,Low,8.9793,Monitor (no paid action),0.0,1.7 transactions/month (last 3m); Spend $41/month (last 3m); Opted in to marketing
502336,Active,Silver,Raleigh,Snacks,0.0324,0,Low,16.2998,Monitor (no paid action),0.0,No marketing emails opened in last 3m; No app use in last 3m; New member (<4 months of history)
500114,Active,Gold,Denver,Bakery,0.0322,0,Low,8.8772,Monitor (no paid action),0.0,Only 1 transaction(s) last month; Spend $46/month (last 3m); App use 0.5 sessions/month
501683,Active,Silver,Tulsa,Household,0.0322,0,Low,23.2435,Monitor (no paid action),0.0,2 support tickets in last 3m; Transactions trending down (-0.5/month); Opted in to marketing
502154,Active,Gold,Austin,Bakery,0.0321,0,Low,19.9122,Monitor (no paid action),0.0,No marketing emails opened in last 3m; Spend +208% vs prior 3m; App use -73% vs prior 3m
500505,Active,Silver,Spokane,Frozen Foods,0.032,0,Low,10.1533,Monitor (no paid action),0.0,Spend +300% vs prior 3m; App use -67% vs prior 3m; 1 support tickets in last 3m
501571,Active,Gold,Columbus,Bakery,0.032,0,Low,20.9833,Monitor (no paid action),0.0,Formal complaint in last 3m; 2.5 transactions/month (last 3m); Preferred category: Bakery
500844,Active,Silver,Portland,Frozen Foods,0.0319,0,Low,11.5313,Monitor (no paid action),0.0,Only 1 transaction(s) last month; Spend $44/month (last 3m); Opted in to marketing
502017,Active,Silver,Raleigh,Personal Care,0.0316,0,Low,21.7199,Monitor (no paid action),0.0,Formal complaint in last 3m; Transactions trending down (-0.6/month); Opted in to marketing
500731,Active,Silver,Nashville,Dairy,0.0313,0,Low,37.8751,Monitor (no paid action),0.0,Transactions trending down (-1.1/month); No transactions last month; Formal complaint in last 3m
501343,Active,Gold,Nashville,Frozen Foods,0.0312,0,Low,10.2656,Monitor (no paid action),0.0,1.3 transactions/month (last 3m); Spend $44/month (last 3m); Opted in to marketing
501346,Active,Silver,Raleigh,Household,0.0312,0,Low,12.9261,Monitor (no paid action),0.0,1.7 transactions/month (last 3m); Spend $48/month (last 3m); No coupons redeemed in last 3m
500803,Active,Gold,Nashville,Snacks,0.0311,0,Low,49.3797,Monitor (no paid action),0.0,No marketing emails opened in last 3m; No transactions last month; Transactions trending down (-0.8/month)
502452,Active,Gold,Austin,Bakery,0.031,0,Low,23.6297,Monitor (no paid action),0.0,Opens 0.5 emails/month; Only 2 transaction(s) last month; Preferred category: Bakery
501594,Active,Silver,Spokane,Beverages,0.0309,0,Low,21.8518,Monitor (no paid action),0.0,No marketing emails opened in last 3m; Formal complaint in last 3m; App use 1.0 sessions/month
500311,Active,Silver,Madison,Bakery,0.0309,0,Low,21.8835,Monitor (no paid action),0.0,2.0 transactions/month (last 3m); Preferred category: Bakery; Opted in to marketing
501632,Active,Silver,Nashville,Dairy,0.0306,0,Low,26.7343,Monitor (no paid action),0.0,3 support tickets in last 3m; App use 0.3 sessions/month; Opted in to marketing
502217,Active,Silver,Tulsa,Produce,0.03,0,Low,25.3914,Monitor (no paid action),0.0,Transactions trending down (-0.9/month); No marketing emails opened in last 3m; Only 2 transaction(s) last month
500973,Active,Platinum,Denver,Produce,0.0299,0,Low,16.9482,Monitor (no paid action),0.0,Only 1 transaction(s) last month; Opted in to marketing; App use 1.0 sessions/month
501148,Active,Silver,Nashville,Personal Care,0.0298,0,Low,25.1872,Monitor (no paid action),0.0,Transactions trending down (-1.0/month); Only 1 transaction(s) last month; Opens 0.3 emails/month
501927,Active,Silver,Denver,Snacks,0.0296,0,Low,27.0748,Monitor (no paid action),0.0,Opens 0.3 emails/month; App use -75% vs prior 3m; Buys 0.7 categories/month
500293,Active,Silver,Portland,Bakery,0.0296,0,Low,24.458,Monitor (no paid action),0.0,Transactions trending down (-0.7/month); Preferred category: Bakery; Opted in to marketing
501460,Active,Gold,Denver,Household,0.0292,0,Low,21.8346,Monitor (no paid action),0.0,1 support tickets in last 3m; Only 2 transaction(s) last month; Opted in to marketing
501991,Active,Silver,Denver,Personal Care,0.0291,0,Low,12.5835,Monitor (no paid action),0.0,No app use in last 3m; 2.0 transactions/month (last 3m); Spend $72/month (last 3m)
500161,Active,Silver,Tulsa,Frozen Foods,0.029,0,Low,36.6056,Monitor (no paid action),0.0,Transactions trending down (-1.4/month); No transactions last month; App use -50% vs prior 3m
500533,Active,Silver,Madison,Dairy,0.029,0,Low,25.9819,Monitor (no paid action),0.0,No transactions last month; Transactions trending down (-0.5/month); Opted in to marketing
501867,Active,Silver,Madison,Household,0.0287,0,Low,34.3532,Monitor (no paid action),0.0,Transactions trending down (-1.1/month); 2.7 transactions/month (last 3m); Opted in to marketing
501431,Active,Silver,Nashville,Personal Care,0.0286,0,Low,9.1443,Monitor (no paid action),0.0,Only 1 transaction(s) last month; Spend $53/month (last 3m); 44% of trips use a promotion
501646,Active,Gold,Tulsa,Frozen Foods,0.0283,0,Low,14.4451,Monitor (no paid action),0.0,1 support tickets in last 3m; 2.7 transactions/month (last 3m); Opted in to marketing
502346,Active,Gold,Portland,Dairy,0.0278,0,Low,32.1002,Monitor (no paid action),0.0,Transactions trending down (-1.1/month); No marketing emails opened in last 3m; 1.5 transactions/month (last 3m)
501403,Active,Platinum,Austin,Household,0.0276,0,Low,16.9107,Monitor (no paid action),0.0,No marketing emails opened in last 3m; Buys 0.7 categories/month; Only 2 transaction(s) last month
500112,Active,Silver,Madison,Frozen Foods,0.0275,0,Low,15.3077,Monitor (no paid action),0.0,No marketing emails opened in last 3m; Transactions trending down (-0.6/month); Spend $69/month (last 3m)
500930,Active,Silver,Spokane,Bakery,0.0275,0,Low,18.3639,Monitor (no paid action),0.0,Only 1 transaction(s) last month; Transactions trending down (-0.5/month); Preferred category: Bakery
502067,Active,Gold,Portland,Personal Care,0.0272,0,Low,11.9396,Monitor (no paid action),0.0,No marketing emails opened in last 3m; 2.3 transactions/month (last 3m); Spend $85/month (last 3m)
500214,Active,Silver,Raleigh,Produce,0.0272,0,Low,13.5995,Monitor (no paid action),0.0,No transactions last month; Transactions trending down (-0.8/month); Buys 0.7 categories/month
501047,Active,Silver,Madison,Snacks,0.027,0,Low,20.1877,Monitor (no paid action),0.0,Transactions trending down (-0.6/month); Only 2 transaction(s) last month; Opted in to marketing
500411,Active,Gold,Austin,Household,0.0269,0,Low,23.1621,Monitor (no paid action),0.0,Transactions trending down (-0.7/month); App use 0.5 sessions/month; Opens 0.5 emails/month
502023,Active,Gold,Portland,Snacks,0.0268,0,Low,11.2109,Monitor (no paid action),0.0,1.7 transactions/month (last 3m); Spend $57/month (last 3m); App use 0.7 sessions/month
502138,Active,Gold,Denver,Frozen Foods,0.0266,0,Low,18.9187,Monitor (no paid action),0.0,No marketing emails opened in last 3m; Transactions trending down (-0.5/month); App use -50% vs prior 3m
500359,Active,Platinum,Tulsa,Snacks,0.0264,0,Low,24.7567,Monitor (no paid action),0.0,Only 1 transaction(s) last month; Opens 0.3 emails/month; Spend $74/month (last 3m)
500793,Active,Silver,Columbus,Frozen Foods,0.0262,0,Low,15.1632,Monitor (no paid action),0.0,Opted in to marketing; No coupons redeemed in last 3m; Spend $79/month (last 3m)
500441,Active,Silver,Denver,Household,0.0262,0,Low,14.3962,Monitor (no paid action),0.0,2.3 transactions/month (last 3m); 1 support tickets in last 3m; Spend $70/month (last 3m)
501310,Active,Silver,Denver,Beverages,0.026,0,Low,6.6527,Monitor (no paid action),0.0,1.3 transactions/month (last 3m); Opens 0.3 emails/month; Spend $47/month (last 3m)
501154,Active,Silver,Raleigh,Dairy,0.0258,0,Low,13.1131,Monitor (no paid action),0.0,Opens 0.3 emails/month; 2.3 transactions/month (last 3m); Spend $61/month (last 3m)
502243,Active,Silver,Boise,Snacks,0.0254,0,Low,7.7964,Monitor (no paid action),0.0,Only 1 transaction(s) last month; Formal complaint in last 3m; Spend $44/month (last 3m)
500029,Active,Silver,Denver,Produce,0.0253,0,Low,17.176,Monitor (no paid action),0.0,Transactions trending down (-0.9/month); Opens 0.3 emails/month; 1 support tickets in last 3m
502106,Active,Gold,Spokane,Snacks,0.0252,0,Low,33.2472,Monitor (no paid action),0.0,Transactions trending down (-1.7/month); 3 support tickets in last 3m; Opens 0.3 emails/month
500433,Active,Gold,Nashville,Frozen Foods,0.0252,0,Low,15.1646,Monitor (no paid action),0.0,App use 0.3 sessions/month; Opens 0.3 emails/month; Only 2 transaction(s) last month
501348,Active,Silver,Boise,Beverages,0.0252,0,Low,35.7597,Monitor (no paid action),0.0,Transactions trending down (-1.5/month); No transactions last month; 1 support tickets in last 3m
500818,Active,Silver,Nashville,Dairy,0.0251,0,Low,9.7212,Monitor (no paid action),0.0,No transactions last month; Spend $62/month (last 3m); Opted in to marketing
500770,Active,Gold,Raleigh,Produce,0.0251,0,Low,15.3809,Monitor (no paid action),0.0,Opted in to marketing; App use 1.0 sessions/month; No coupons redeemed in last 3m
500657,Active,Gold,Denver,Bakery,0.025,0,Low,9.99,Monitor (no paid action),0.0,App use 0.7 sessions/month; Preferred category: Bakery; Opted in to marketing
501053,Active,Silver,Spokane,Household,0.025,0,Low,12.5153,Monitor (no paid action),0.0,App use 0.7 sessions/month; 1 support tickets in last 3m; Opted in to marketing
502204,Active,Gold,Raleigh,Frozen Foods,0.0235,0,Low,9.5325,Monitor (no paid action),0.0,2.0 transactions/month (last 3m); Opens 0.3 emails/month; App use 0.7 sessions/month
501786,Active,Silver,Tulsa,Snacks,0.0234,0,Low,21.1466,Monitor (no paid action),0.0,Transactions trending down (-1.1/month); Only 1 transaction(s) last month; Spend $81/month (last 3m)
501745,Active,Gold,Nashville,Produce,0.0234,0,Low,31.485,Monitor (no paid action),0.0,Transactions trending down (-2.2/month); Only 1 transaction(s) last month; Opted in to marketing
502399,Active,Silver,Austin,Bakery,0.0233,0,Low,22.5895,Monitor (no paid action),0.0,Transactions trending down (-0.8/month); Only 2 transaction(s) last month; Preferred category: Bakery
500740,Active,Silver,Nashville,Produce,0.0233,0,Low,14.2768,Monitor (no paid action),0.0,1.3 transactions/month (last 3m); Spend $38/month (last 3m); Buys 0.3 categories/month
501285,Active,Silver,Columbus,Bakery,0.0232,0,Low,11.1051,Monitor (no paid action),0.0,Opens 0.3 emails/month; 1 support tickets in last 3m; Preferred category: Bakery
501591,Active,Silver,Denver,Snacks,0.0231,0,Low,10.7994,Monitor (no paid action),0.0,2.3 transactions/month (last 3m); App use 0.7 sessions/month; Spend $63/month (last 3m)
501275,Active,Silver,Austin,Beverages,0.0231,0,Low,17.9549,Monitor (no paid action),0.0,Transactions trending down (-1.1/month); Only 2 transaction(s) last month; Opted in to marketing
501452,Active,Gold,Raleigh,Personal Care,0.023,0,Low,27.6517,Monitor (no paid action),0.0,2 support tickets in last 3m; Transactions trending down (-0.8/month); Opted in to marketing
501940,Active,Silver,Raleigh,Snacks,0.0228,0,Low,9.4326,Monitor (no paid action),0.0,Transactions trending down (-0.8/month); Opens 0.3 emails/month; Spend $42/month (last 3m)
500917,Active,Silver,Tulsa,Household,0.0227,0,Low,12.8102,Monitor (no paid action),0.0,App use 0.5 sessions/month; Buys 0.5 categories/month; Opted in to marketing
501004,Active,Gold,Spokane,Household,0.0225,0,Low,21.2962,Monitor (no paid action),0.0,Transactions trending down (-0.7/month); Buys 0.7 categories/month; 2.7 transactions/month (last 3m)
502322,Active,Silver,Tulsa,Produce,0.0225,0,Low,13.6123,Monitor (no paid action),0.0,Transactions trending down (-1.1/month); No marketing emails opened in last 3m; 2.3 transactions/month (last 3m)
500708,Active,Silver,Austin,Bakery,0.0223,0,Low,10.2762,Monitor (no paid action),0.0,Spend $53/month (last 3m); App use 0.7 sessions/month; Preferred category: Bakery
500890,Active,Silver,Nashville,Frozen Foods,0.0222,0,Low,21.9873,Monitor (no paid action),0.0,Only 2 transaction(s) last month; Opted in to marketing; App use -43% vs prior 3m
502358,Active,Gold,Raleigh,Dairy,0.0218,0,Low,26.5203,Monitor (no paid action),0.0,2 support tickets in last 3m; Opted in to marketing; App use -33% vs prior 3m
500405,Active,Silver,Spokane,Frozen Foods,0.0217,0,Low,19.1827,Monitor (no paid action),0.0,No transactions last month; Transactions trending down (-0.7/month); Opted in to marketing
501723,Active,Platinum,Madison,Produce,0.0217,0,Low,18.0483,Monitor (no paid action),0.0,Transactions trending down (-0.5/month); 2.3 transactions/month (last 3m); Opted in to marketing
500375,Active,Silver,Portland,Dairy,0.0215,0,Low,8.1234,Monitor (no paid action),0.0,Opens 0.3 emails/month; Transactions trending down (-0.5/month); Spend $63/month (last 3m)
502005,Active,Platinum,Portland,Beverages,0.0213,0,Low,19.6776,Monitor (no paid action),0.0,Only 1 transaction(s) last month; Opted in to marketing; 2 support tickets in 6m
502424,Active,Gold,Nashville,Bakery,0.0212,0,Low,13.8726,Monitor (no paid action),0.0,Opens 0.3 emails/month; Preferred category: Bakery; App use -43% vs prior 3m
501778,Active,Platinum,Raleigh,Snacks,0.0212,0,Low,8.2036,Monitor (no paid action),0.0,1.0 transactions/month (last 3m); Spend $44/month (last 3m); Opted in to marketing
501845,Active,Silver,Portland,Dairy,0.0212,0,Low,7.1784,Monitor (no paid action),0.0,Only 2 transaction(s) last month; Spend $70/month (last 3m); Opted in to marketing
500539,Active,Silver,Columbus,Beverages,0.0212,0,Low,13.012,Monitor (no paid action),0.0,Only 1 transaction(s) last month; Opted in to marketing; App use 1.0 sessions/month
501564,Active,Silver,Nashville,Produce,0.0212,0,Low,16.7419,Monitor (no paid action),0.0,2 support tickets in last 3m; Opted in to marketing; Opened 0.0 emails/month before
501364,Active,Gold,Denver,Frozen Foods,0.0209,0,Low,11.9426,Monitor (no paid action),0.0,Formal complaint in last 3m; Spend +120% vs prior 3m; Opted in to marketing
501042,Active,Gold,Portland,Beverages,0.0209,0,Low,21.039,Monitor (no paid action),0.0,No marketing emails opened in last 3m; Only 2 transaction(s) last month; 2 support tickets in 6m
502599,Active,Silver,Raleigh,Bakery,0.0208,0,Low,22.9603,Monitor (no paid action),0.0,Transactions trending down (-1.3/month); Formal complaint in last 3m; Only 2 transaction(s) last month
500477,Active,Platinum,Portland,Produce,0.0207,0,Low,10.029,Monitor (no paid action),0.0,1.3 transactions/month (last 3m); Buys 0.7 categories/month; Spend $67/month (last 3m)
502136,Active,Silver,Madison,Personal Care,0.0206,0,Low,11.9716,Monitor (no paid action),0.0,App use -62% vs prior 3m; Only 2 transaction(s) last month; Opted in to marketing
501410,Active,Silver,Tulsa,Snacks,0.0205,0,Low,16.6063,Monitor (no paid action),0.0,Transactions trending down (-1.0/month); Opens 0.3 emails/month; Formal complaint in last 3m
502450,Active,Gold,Spokane,Bakery,0.0204,0,Low,10.6678,Monitor (no paid action),0.0,1.7 transactions/month (last 3m); Spend $62/month (last 3m); Preferred category: Bakery
502004,Active,Platinum,Spokane,Beverages,0.0203,0,Low,23.3931,Monitor (no paid action),0.0,No marketing emails opened in last 3m; App use -60% vs prior 3m; 1 support tickets in last 3m
501333,Active,Gold,Portland,Bakery,0.0202,0,Low,10.4171,Monitor (no paid action),0.0,2.0 transactions/month (last 3m); Spend $48/month (last 3m); Preferred category: Bakery
501328,Active,Platinum,Tulsa,Household,0.0202,0,Low,14.7776,Monitor (no paid action),0.0,Opens 0.3 emails/month; 2.3 transactions/month (last 3m); App use 1.0 sessions/month
502300,Active,Silver,Tulsa,Personal Care,0.02,0,Low,16.8844,Monitor (no paid action),0.0,Transactions trending down (-0.7/month); 2.3 transactions/month (last 3m); App use -57% vs prior 3m
501998,Active,Silver,Austin,Personal Care,0.02,0,Low,7.3366,Monitor (no paid action),0.0,2.0 transactions/month (last 3m); Spend $51/month (last 3m); App use -50% vs prior 3m
501916,Active,Silver,Portland,Household,0.02,0,Low,9.9747,Monitor (no paid action),0.0,2.3 transactions/month (last 3m); Spend $60/month (last 3m); Transactions trending down (-0.3/month)
502171,Active,Silver,Columbus,Household,0.0199,0,Low,10.8354,Monitor (no paid action),0.0,No marketing emails opened in last 3m; Spend +262% vs prior 3m; City: Columbus
500684,Active,Silver,Tulsa,Personal Care,0.0197,0,Low,23.2995,Monitor (no paid action),0.0,Transactions trending down (-1.0/month); No coupons redeemed in last 3m; Opened 0.0 emails/month before
502437,Active,Silver,Columbus,Beverages,0.0195,0,Low,14.334,Monitor (no paid action),0.0,1.5 transactions/month (last 3m); Spend $33/month (last 3m); Buys 0.5 categories/month
501372,Active,Gold,Nashville,Bakery,0.0194,0,Low,23.4923,Monitor (no paid action),0.0,Preferred category: Bakery; App use 1.0 sessions/month; Opened 0.0 emails/month before
500931,Active,Silver,Columbus,Snacks,0.019,0,Low,5.5582,Monitor (no paid action),0.0,2.0 transactions/month (last 3m); Spend $52/month (last 3m); Buys 0.7 categories/month
502305,Active,Gold,Portland,Beverages,0.019,0,Low,10.9535,Monitor (no paid action),0.0,2 support tickets in last 3m; Opens 0.3 emails/month; 40% of trips use a promotion
501355,Active,Silver,Raleigh,Frozen Foods,0.019,0,Low,6.2388,Monitor (no paid action),0.0,Only 1 transaction(s) last month; Spend $39/month (last 3m); Opted in to marketing
500050,Active,Platinum,Denver,Frozen Foods,0.0188,0,Low,14.3424,Monitor (no paid action),0.0,No marketing emails opened in last 3m; 1 support tickets in last 3m; No coupons redeemed in last 3m
501960,Active,Silver,Columbus,Snacks,0.0187,0,Low,12.6286,Monitor (no paid action),0.0,App use -50% vs prior 3m; City: Columbus; Opens 0.7 emails/month
500746,Active,Gold,Portland,Bakery,0.0186,0,Low,14.4588,Monitor (no paid action),0.0,Only 1 transaction(s) last month; Preferred category: Bakery; Opted in to marketing
500363,Active,Silver,Columbus,Bakery,0.0186,0,Low,18.0814,Monitor (no paid action),0.0,Opens 0.3 emails/month; App use -67% vs prior 3m; Preferred category: Bakery
501282,Active,Silver,Austin,Beverages,0.0185,0,Low,13.8256,Monitor (no paid action),0.0,No app use in last 3m; Formal complaint in last 3m; Opted in to marketing
501289,Active,Platinum,Raleigh,Household,0.0185,0,Low,24.1839,Monitor (no paid action),0.0,2 support tickets in last 3m; App use 0.3 sessions/month; Opted in to marketing
501114,Active,Gold,Denver,Snacks,0.0185,0,Low,9.8797,Monitor (no paid action),0.0,No marketing emails opened in last 3m; 2.5 transactions/month (last 3m); New member (<4 months of history)
501302,Active,Silver,Raleigh,Household,0.0184,0,Low,15.2851,Monitor (no paid action),0.0,Spend $61/month (last 3m); 1 support tickets in last 3m; 2.7 transactions/month (last 3m)
500838,Active,Gold,Nashville,Bakery,0.0184,0,Low,13.0585,Monitor (no paid action),0.0,No marketing emails opened in last 3m; App use 0.7 sessions/month; Preferred category: Bakery
500058,Active,Platinum,Boise,Snacks,0.0184,0,Low,22.5809,Monitor (no paid action),0.0,App use -90% vs prior 3m; Opens 0.3 emails/month; Transactions trending down (-0.5/month)
500103,Active,Gold,Portland,Dairy,0.0184,0,Low,13.1785,Monitor (no paid action),0.0,1 support tickets in last 3m; App use -55% vs prior 3m; Opted in to marketing
501725,Active,Gold,Columbus,Bakery,0.0182,0,Low,11.1849,Monitor (no paid action),0.0,Formal complaint in last 3m; Preferred category: Bakery; Opted in to marketing
501492,Active,Platinum,Columbus,Snacks,0.0181,0,Low,12.814,Monitor (no paid action),0.0,3 support tickets in 6m; 2.3 transactions/month (last 3m); Opted in to marketing
502180,Active,Gold,Tulsa,Produce,0.0178,0,Low,14.7795,Monitor (no paid action),0.0,Transactions trending down (-1.0/month); Only 2 transaction(s) last month; Opted in to marketing
501750,Active,Gold,Raleigh,Snacks,0.0178,0,Low,11.3575,Monitor (no paid action),0.0,2.3 transactions/month (last 3m); Spend $67/month (last 3m); Opted in to marketing
501541,Active,Silver,Nashville,Personal Care,0.0178,0,Low,8.6608,Monitor (no paid action),0.0,1 support tickets in last 3m; Only 2 transaction(s) last month; Opted in to marketing
500837,Active,Silver,Portland,Bakery,0.0177,0,Low,13.3397,Monitor (no paid action),0.0,Transactions trending down (-0.6/month); 1 support tickets in last 3m; Preferred category: Bakery
501949,Active,Silver,Madison,Beverages,0.0177,0,Low,16.5179,Monitor (no paid action),0.0,App use -67% vs prior 3m; Opted in to marketing; 3.0 transactions/month (last 3m)
502422,Active,Gold,Austin,Beverages,0.0175,0,Low,6.6419,Monitor (no paid action),0.0,2.0 transactions/month (last 3m); Buys 0.7 categories/month; Spend $66/month (last 3m)
500975,Active,Gold,Austin,Beverages,0.0174,0,Low,11.6865,Monitor (no paid action),0.0,Transactions trending down (-0.9/month); Only 1 transaction(s) last month; Opted in to marketing
501390,Active,Gold,Denver,Household,0.0174,0,Low,8.9789,Monitor (no paid action),0.0,Opens 0.3 emails/month; 2.3 transactions/month (last 3m); Spend $67/month (last 3m)
501276,Active,Silver,Columbus,Bakery,0.0173,0,Low,12.1047,Monitor (no paid action),0.0,Transactions trending down (-0.9/month); Preferred category: Bakery; Opted in to marketing
501037,Active,Silver,Nashville,Dairy,0.0172,0,Low,7.8172,Monitor (no paid action),0.0,Only 1 transaction(s) last month; Opens 0.5 emails/month; Spend $76/month (last 3m)
500682,Active,Silver,Columbus,Personal Care,0.0171,0,Low,8.7282,Monitor (no paid action),0.0,Opens 0.3 emails/month; Opted in to marketing; New member (<4 months of history)
501115,Active,Gold,Nashville,Frozen Foods,0.0171,0,Low,20.031,Monitor (no paid action),0.0,Transactions trending down (-0.9/month); Opens 0.3 emails/month; Formal complaint in last 3m
501152,Active,Silver,Boise,Produce,0.0171,0,Low,9.2972,Monitor (no paid action),0.0,App use 0.3 sessions/month; Opted in to marketing; Opens 0.7 emails/month
501711,Active,Silver,Austin,Personal Care,0.017,0,Low,9.2242,Monitor (no paid action),0.0,Transactions trending down (-0.4/month); App use -50% vs prior 3m; Opted in to marketing
501080,Active,Platinum,Tulsa,Snacks,0.0169,0,Low,17.1545,Monitor (no paid action),0.0,Transactions trending down (-0.8/month); Only 1 transaction(s) last month; App use -67% vs prior 3m
500645,Active,Gold,Spokane,Frozen Foods,0.0168,0,Low,13.2142,Monitor (no paid action),0.0,No transactions last month; Transactions trending down (-0.7/month); No coupons redeemed in last 3m
502179,Active,Silver,Spokane,Bakery,0.0167,0,Low,3.8241,Monitor (no paid action),0.0,Spend $40/month (last 3m); 2.3 transactions/month (last 3m); Buys 0.7 categories/month
501471,Active,Silver,Nashville,Personal Care,0.0167,0,Low,16.611,Monitor (no paid action),0.0,Opted in to marketing; 2 support tickets in 6m; App use 1.0 sessions/month
502153,Active,Silver,Madison,Household,0.0166,0,Low,9.1125,Monitor (no paid action),0.0,Opted in to marketing; Spend +78% vs prior 3m; App use 1.3 sessions/month
502233,Active,Silver,Denver,Personal Care,0.0166,0,Low,8.9904,Monitor (no paid action),0.0,Opens 0.3 emails/month; 2.3 transactions/month (last 3m); Spend $71/month (last 3m)
500402,Active,Silver,Tulsa,Dairy,0.0166,0,Low,7.1191,Monitor (no paid action),0.0,No transactions last month; Spend $75/month (last 3m); No coupons redeemed in last 3m
501896,Active,Gold,Boise,Snacks,0.0166,0,Low,18.5876,Monitor (no paid action),0.0,No marketing emails opened in last 3m; Transactions trending down (-0.8/month); No coupons redeemed in last 3m
500563,Active,Silver,Raleigh,Frozen Foods,0.0162,0,Low,13.5736,Monitor (no paid action),0.0,Only 1 transaction(s) last month; App use 0.3 sessions/month; Opted in to marketing
502002,Active,Gold,Nashville,Personal Care,0.0162,0,Low,20.1227,Monitor (no paid action),0.0,No transactions last month; App use -46% vs prior 3m; No coupons redeemed in last 3m
501425,Active,Silver,Columbus,Snacks,0.0161,0,Low,9.6825,Monitor (no paid action),0.0,3 support tickets in 6m; Opens 0.3 emails/month; App use was 0.3 sessions/month
501493,Active,Gold,Raleigh,Produce,0.016,0,Low,11.6999,Monitor (no paid action),0.0,2.0 transactions/month (last 3m); Opens 0.3 emails/month; 40% of trips use a promotion
501059,Active,Gold,Raleigh,Personal Care,0.0159,0,Low,11.5714,Monitor (no paid action),0.0,Opens 0.3 emails/month; Only 2 transaction(s) last month; No coupons redeemed in last 3m
501463,Active,Platinum,Austin,Dairy,0.0159,0,Low,14.8809,Monitor (no paid action),0.0,App use 0.3 sessions/month; Opened 0.0 emails/month before; Home-store price tier: Value
500601,Active,Silver,Tulsa,Household,0.0159,0,Low,12.3754,Monitor (no paid action),0.0,Transactions trending down (-0.7/month); Only 2 transaction(s) last month; Opted in to marketing
501529,Active,Silver,Tulsa,Frozen Foods,0.0159,0,Low,7.9701,Monitor (no paid action),0.0,1 support tickets in last 3m; Opted in to marketing; No coupons redeemed in last 3m
501408,Active,Silver,Tulsa,Beverages,0.0159,0,Low,5.3007,Monitor (no paid action),0.0,Transactions trending down (-1.2/month); Opens 0.3 emails/month; Spend $49/month (last 3m)
501554,Active,Gold,Spokane,Bakery,0.0158,0,Low,20.1522,Monitor (no paid action),0.0,Transactions trending down (-0.7/month); Buys 0.5 categories/month; Preferred category: Bakery
500571,Active,Silver,Austin,Snacks,0.0157,0,Low,9.5183,Monitor (no paid action),0.0,No app use in last 3m; 1 support tickets in last 3m; Opted in to marketing
502532,Active,Silver,Columbus,Snacks,0.0157,0,Low,8.28,Monitor (no paid action),0.0,1 support tickets in last 3m; Opted in to marketing; City: Columbus
500413,Active,Gold,Spokane,Household,0.0157,0,Low,10.2484,Monitor (no paid action),0.0,1 support tickets in last 3m; Only 2 transaction(s) last month; Opted in to marketing
500443,Active,Silver,Portland,Dairy,0.0156,0,Low,3.7824,Monitor (no paid action),0.0,1.0 transactions/month (last 3m); Spend $22/month (last 3m); Buys 0.5 categories/month
501365,Active,Platinum,Nashville,Dairy,0.0155,0,Low,14.1826,Monitor (no paid action),0.0,2.0 transactions/month (last 3m); Opens 0.3 emails/month; Opted in to marketing
500213,Active,Gold,Madison,Snacks,0.0155,0,Low,10.7854,Monitor (no paid action),0.0,Opens 0.3 emails/month; Formal complaint in last 3m; Transactions trending down (-0.6/month)
501007,Active,Silver,Tulsa,Dairy,0.0155,0,Low,9.7359,Monitor (no paid action),0.0,1 support tickets in last 3m; Opted in to marketing; App use -25% vs prior 3m
500009,Active,Silver,Tulsa,Dairy,0.0154,0,Low,5.0492,Monitor (no paid action),0.0,No marketing emails opened in last 3m; Spend $59/month (last 3m); App use -57% vs prior 3m
502143,Active,Gold,Columbus,Snacks,0.0154,0,Low,12.2383,Monitor (no paid action),0.0,Only 2 transaction(s) last month; Transactions trending down (-0.4/month); Opted in to marketing
502117,Active,Silver,Raleigh,Beverages,0.0153,0,Low,3.1525,Monitor (no paid action),0.0,Spend +300% vs prior 3m; 1.7 transactions/month (last 3m); App use 0.3 sessions/month
500615,Active,Silver,Madison,Personal Care,0.0153,0,Low,9.1999,Monitor (no paid action),0.0,3 support tickets in 6m; Opted in to marketing; App use -33% vs prior 3m
500001,Active,Silver,Madison,Frozen Foods,0.0152,0,Low,9.5246,Monitor (no paid action),0.0,Transactions trending down (-0.6/month); Opted in to marketing; No coupons redeemed in last 3m
500427,Active,Silver,Nashville,Household,0.0152,0,Low,7.7064,Monitor (no paid action),0.0,Transactions trending down (-1.5/month); Only 1 transaction(s) last month; Spend $71/month (last 3m)
500710,Active,Platinum,Austin,Snacks,0.015,0,Low,24.8968,Monitor (no paid action),0.0,No transactions last month; Transactions trending down (-0.8/month); Opted in to marketing
502297,Active,Silver,Boise,Snacks,0.015,0,Low,10.4897,Monitor (no paid action),0.0,App use 0.3 sessions/month; Opens 0.7 emails/month; Home-store price tier: Value
502381,Active,Silver,Spokane,Frozen Foods,0.0149,0,Low,12.165,Monitor (no paid action),0.0,Transactions trending down (-1.1/month); No marketing emails opened in last 3m; Spend $70/month (last 3m)
501043,Active,Gold,Nashville,Bakery,0.0149,0,Low,7.5076,Monitor (no paid action),0.0,Opens 0.3 emails/month; Preferred category: Bakery; 2.7 transactions/month (last 3m)
500901,Active,Silver,Tulsa,Household,0.0149,0,Low,13.3125,Monitor (no paid action),0.0,App use 0.3 sessions/month; Only 2 transaction(s) last month; Opted in to marketing
502142,Active,Silver,Denver,Dairy,0.0148,0,Low,10.7096,Monitor (no paid action),0.0,Only 1 transaction(s) last month; Transactions trending down (-0.5/month); 1 support tickets in last 3m
501513,Active,Silver,Nashville,Snacks,0.0148,0,Low,14.8443,Monitor (no paid action),0.0,Transactions trending down (-1.4/month); Opens 0.3 emails/month; Only 2 transaction(s) last month
500389,Active,Silver,Spokane,Dairy,0.0147,0,Low,14.2339,Monitor (no paid action),0.0,No transactions last month; Transactions trending down (-0.9/month); Opted in to marketing
500004,Active,Gold,Spokane,Snacks,0.0147,0,Low,10.2969,Monitor (no paid action),0.0,2 support tickets in last 3m; Transactions trending down (-0.5/month); Spend $68/month (last 3m)
500106,Active,Platinum,Austin,Personal Care,0.0147,0,Low,17.1439,Monitor (no paid action),0.0,Opens 0.3 emails/month; Transactions trending down (-0.4/month); Home-store price tier: Value
500238,Active,Gold,Madison,Bakery,0.0147,0,Low,9.48,Monitor (no paid action),0.0,Buys 0.3 categories/month; Preferred category: Bakery; Opted in to marketing
501401,Active,Silver,Raleigh,Bakery,0.0145,0,Low,5.7436,Monitor (no paid action),0.0,1 support tickets in last 3m; Preferred category: Bakery; Spend +98% vs prior 3m
501882,Active,Gold,Spokane,Produce,0.0145,0,Low,6.3117,Monitor (no paid action),0.0,Formal complaint in last 3m; Spend $69/month (last 3m); 2.7 transactions/month (last 3m)
502494,Active,Silver,Nashville,Snacks,0.0144,0,Low,7.7646,Monitor (no paid action),0.0,2.7 transactions/month (last 3m); Opens 0.7 emails/month; Spend $90/month (last 3m)
501587,Active,Gold,Boise,Frozen Foods,0.0143,0,Low,12.9429,Monitor (no paid action),0.0,Buys 0.7 categories/month; Opted in to marketing; No coupons redeemed in last 3m
501370,Active,Silver,Portland,Snacks,0.0143,0,Low,8.6923,Monitor (no paid action),0.0,Formal complaint in last 3m; Opted in to marketing; App use was 0.3 sessions/month
502210,Active,Gold,Austin,Bakery,0.0142,0,Low,12.255,Monitor (no paid action),0.0,Spend +300% vs prior 3m; App use -67% vs prior 3m; Only 2 transaction(s) last month
500025,Active,Gold,Raleigh,Frozen Foods,0.0142,0,Low,9.4789,Monitor (no paid action),0.0,Only 2 transaction(s) last month; Opted in to marketing; App use 1.0 sessions/month
500403,Active,Silver,Columbus,Beverages,0.0141,0,Low,10.6526,Monitor (no paid action),0.0,1 support tickets in last 3m; City: Columbus; Home-store price tier: Value
500963,Active,Silver,Madison,Produce,0.014,0,Low,9.7814,Monitor (no paid action),0.0,Transactions trending down (-0.7/month); App use -50% vs prior 3m; Opted in to marketing
502440,Active,Gold,Raleigh,Household,0.014,0,Low,9.1018,Monitor (no paid action),0.0,2.3 transactions/month (last 3m); Opted in to marketing; Buys 1.0 categories/month
501079,Active,Gold,Denver,Bakery,0.0139,0,Low,10.9796,Monitor (no paid action),0.0,Opens 0.3 emails/month; Only 2 transaction(s) last month; Preferred category: Bakery
500696,Active,Platinum,Columbus,Beverages,0.0138,0,Low,17.9302,Monitor (no paid action),0.0,Only 1 transaction(s) last month; Transactions trending down (-0.6/month); Opted in to marketing
500007,Active,Platinum,Tulsa,Frozen Foods,0.0137,0,Low,11.2209,Monitor (no paid action),0.0,Only 1 transaction(s) last month; App use 0.7 sessions/month; Opted in to marketing
502514,Active,Silver,Boise,Frozen Foods,0.0135,0,Low,6.5187,Monitor (no paid action),0.0,Transactions trending down (-1.0/month); 2.0 transactions/month (last 3m); Spend $42/month (last 3m)
500847,Active,Silver,Nashville,Dairy,0.0133,0,Low,7.8578,Monitor (no paid action),0.0,Transactions trending down (-1.1/month); No marketing emails opened in last 3m; 2.3 transactions/month (last 3m)
500292,Active,Gold,Spokane,Snacks,0.0132,0,Low,7.2716,Monitor (no paid action),0.0,Opens 0.3 emails/month; Formal complaint in last 3m; New member (<4 months of history)
501787,Active,Gold,Portland,Produce,0.0131,0,Low,10.8678,Monitor (no paid action),0.0,No marketing emails opened in last 3m; App use -62% vs prior 3m; No coupons redeemed in last 3m
502378,Active,Platinum,Columbus,Frozen Foods,0.013,0,Low,10.5894,Monitor (no paid action),0.0,Spend +300% vs prior 3m; No transactions last month; Opted in to marketing
501647,Active,Silver,Columbus,Household,0.0128,0,Low,7.6717,Monitor (no paid action),0.0,No marketing emails opened in last 3m; App use -67% vs prior 3m; City: Columbus
500527,Active,Gold,Raleigh,Beverages,0.0128,0,Low,9.8254,Monitor (no paid action),0.0,1 support tickets in last 3m; Opted in to marketing; Redeemed 0.0 coupons/month before
500919,Active,Gold,Columbus,Personal Care,0.0126,0,Low,13.358,Monitor (no paid action),0.0,Transactions trending down (-0.7/month); 1 support tickets in last 3m; Opted in to marketing
501509,Active,Silver,Spokane,Beverages,0.0124,0,Low,7.0292,Monitor (no paid action),0.0,App use 0.3 sessions/month; 1 support tickets in last 3m; Only 2 transaction(s) last month
501511,Active,Silver,Denver,Beverages,0.0124,0,Low,11.3117,Monitor (no paid action),0.0,Transactions trending down (-0.8/month); Opens 0.3 emails/month; App use -33% vs prior 3m
500263,Active,Platinum,Madison,Dairy,0.0124,0,Low,6.5761,Monitor (no paid action),0.0,2.3 transactions/month (last 3m); Opted in to marketing; No coupons redeemed in last 3m
502414,Active,Gold,Spokane,Dairy,0.0124,0,Low,13.4495,Monitor (no paid action),0.0,No marketing emails opened in last 3m; Only 2 transaction(s) last month; App use -50% vs prior 3m
500177,Active,Silver,Denver,Produce,0.0122,0,Low,7.656,Monitor (no paid action),0.0,No app use in last 3m; Only 1 transaction(s) last month; Opted in to marketing
502310,Active,Silver,Denver,Frozen Foods,0.0122,0,Low,10.0526,Monitor (no paid action),0.0,Opens 0.3 emails/month; Only 2 transaction(s) last month; Age unknown
500391,Active,Silver,Raleigh,Beverages,0.012,0,Low,4.3949,Monitor (no paid action),0.0,No marketing emails opened in last 3m; 1 support tickets in last 3m; Spend $68/month (last 3m)
500520,Active,Platinum,Madison,Dairy,0.012,0,Low,15.8966,Monitor (no paid action),0.0,Opens 0.3 emails/month; Opted in to marketing; No coupons redeemed in last 3m
500458,Active,Gold,Denver,Beverages,0.0119,0,Low,3.0895,Monitor (no paid action),0.0,0.7 transactions/month (last 3m); Spend $26/month (last 3m); Buys 0.0 categories/month
501430,Active,Gold,Spokane,Bakery,0.0119,0,Low,12.9752,Monitor (no paid action),0.0,2 support tickets in last 3m; No marketing emails opened in last 3m; Preferred category: Bakery
500929,Active,Platinum,Boise,Beverages,0.0119,0,Low,6.6933,Monitor (no paid action),0.0,Only 1 transaction(s) last month; App use 0.3 sessions/month; Opted in to marketing
500817,Active,Gold,Tulsa,Household,0.0118,0,Low,10.5267,Monitor (no paid action),0.0,Transactions trending down (-0.6/month); 1 support tickets in last 3m; Only 2 transaction(s) last month
501419,Active,Silver,Columbus,Bakery,0.0118,0,Low,12.0135,Monitor (no paid action),0.0,Transactions trending down (-0.8/month); Only 2 transaction(s) last month; Preferred category: Bakery
502476,Active,Platinum,Denver,Frozen Foods,0.0117,0,Low,12.7388,Monitor (no paid action),0.0,No marketing emails opened in last 3m; Spend +118% vs prior 3m; Opted in to marketing
500688,Active,Gold,Madison,Snacks,0.0117,0,Low,12.7248,Monitor (no paid action),0.0,Transactions trending down (-0.8/month); 1 support tickets in last 3m; Opted in to marketing
501735,Active,Silver,Tulsa,Household,0.0116,0,Low,3.0838,Monitor (no paid action),0.0,1.5 transactions/month (last 3m); Spend $37/month (last 3m); 3 support tickets in 6m
502390,Active,Gold,Portland,Dairy,0.0116,0,Low,10.8787,Monitor (no paid action),0.0,1 support tickets in last 3m; Opted in to marketing; No coupons redeemed in last 3m
501123,Active,Gold,Madison,Bakery,0.0116,0,Low,6.0551,Monitor (no paid action),0.0,2 support tickets in last 3m; Spend +144% vs prior 3m; Preferred category: Bakery
501446,Active,Silver,Spokane,Beverages,0.0115,0,Low,3.6304,Monitor (no paid action),0.0,1.7 transactions/month (last 3m); Spend $56/month (last 3m); Opted in to marketing
500253,Active,Silver,Raleigh,Produce,0.0115,0,Low,9.5897,Monitor (no paid action),0.0,Formal complaint in last 3m; Buys 0.3 categories/month; Opted in to marketing
500535,Active,Silver,Columbus,Produce,0.0114,0,Low,7.8948,Monitor (no paid action),0.0,1 support tickets in last 3m; Transactions trending down (-0.4/month); Opted in to marketing
502044,Active,Gold,Austin,Snacks,0.0114,0,Low,5.6572,Monitor (no paid action),0.0,Only 1 transaction(s) last month; Opted in to marketing; Spend $76/month (last 3m)
500370,Active,Silver,Austin,Household,0.0113,0,Low,6.9065,Monitor (no paid action),0.0,Only 1 transaction(s) last month; Buys 0.7 categories/month; Opted in to marketing
501760,Active,Silver,Nashville,Beverages,0.011,0,Low,10.5792,Monitor (no paid action),0.0,Only 1 transaction(s) last month; App use 0.7 sessions/month; Opted in to marketing
500658,Active,Gold,Columbus,Dairy,0.0109,0,Low,10.4383,Monitor (no paid action),0.0,Transactions trending down (-0.9/month); App use -59% vs prior 3m; Opted in to marketing
502505,Active,Silver,Denver,Personal Care,0.0109,0,Low,12.2303,Monitor (no paid action),0.0,App use -93% vs prior 3m; Opens 0.3 emails/month; Preferred category: Personal Care
500466,Active,Gold,Madison,Beverages,0.0109,0,Low,7.8052,Monitor (no paid action),0.0,Transactions trending down (-1.1/month); 1.7 transactions/month (last 3m); Spend $60/month (last 3m)
500546,Active,Silver,Tulsa,Snacks,0.0109,0,Low,8.4895,Monitor (no paid action),0.0,1 support tickets in last 3m; Only 2 transaction(s) last month; Opted in to marketing
500139,Active,Gold,Nashville,Produce,0.0108,0,Low,7.377,Monitor (no paid action),0.0,Opens 0.3 emails/month; 3.0 transactions/month (last 3m); Home-store price tier: Value
502496,Active,Silver,Boise,Bakery,0.0106,0,Low,4.7582,Monitor (no paid action),0.0,Only 2 transaction(s) last month; Preferred category: Bakery; App use 1.0 sessions/month
502245,Active,Gold,Spokane,Produce,0.0106,0,Low,5.8359,Monitor (no paid action),0.0,Transactions trending down (-1.5/month); Only 1 transaction(s) last month; Opted in to marketing
500655,Active,Silver,Columbus,Produce,0.0106,0,Low,6.2937,Monitor (no paid action),0.0,No marketing emails opened in last 3m; Transactions trending down (-0.5/month); Only 2 transaction(s) last month
501699,Active,Gold,Boise,Snacks,0.0106,0,Low,4.9333,Monitor (no paid action),0.0,App use 0.7 sessions/month; Spend $70/month (last 3m); 2.7 transactions/month (last 3m)
500294,Active,Silver,Raleigh,Household,0.0105,0,Low,3.0411,Monitor (no paid action),0.0,Spend $48/month (last 3m); 2.5 transactions/month (last 3m); Opted in to marketing
500678,Active,Gold,Boise,Bakery,0.0105,0,Low,6.8009,Monitor (no paid action),0.0,3 support tickets in 6m; Preferred category: Bakery; Opted in to marketing
500471,Active,Gold,Denver,Snacks,0.0105,0,Low,10.866,Monitor (no paid action),0.0,Opens 0.3 emails/month; Transactions trending down (-0.6/month); 1 support tickets in last 3m
500322,Active,Silver,Raleigh,Dairy,0.0104,0,Low,5.8815,Monitor (no paid action),0.0,1.7 transactions/month (last 3m); Spend $49/month (last 3m); Opted in to marketing
502531,Active,Platinum,Tulsa,Personal Care,0.0104,0,Low,17.4249,Monitor (no paid action),0.0,Transactions trending down (-0.9/month); Opens 0.3 emails/month; Only 2 transaction(s) last month
502387,Active,Silver,Portland,Beverages,0.0104,0,Low,6.7608,Monitor (no paid action),0.0,Transactions trending down (-1.6/month); 1 support tickets in last 3m; Spend $64/month (last 3m)
500852,Active,Silver,Raleigh,Bakery,0.0104,0,Low,6.517,Monitor (no paid action),0.0,Spend +300% vs prior 3m; 1 support tickets in last 3m; Preferred category: Bakery
502495,Active,Silver,Denver,Dairy,0.0104,0,Low,8.0707,Monitor (no paid action),0.0,Formal complaint in last 3m; Opted in to marketing; Buys 1.3 categories/month
501040,Active,Gold,Madison,Household,0.0102,0,Low,8.1916,Monitor (no paid action),0.0,1 support tickets in last 3m; Opens 0.7 emails/month; Redeemed 0.0 coupons/month before
501342,Active,Silver,Spokane,Produce,0.0101,0,Low,7.5373,Monitor (no paid action),0.0,1 support tickets in last 3m; Buys 1.0 categories/month; App use was 0.7 sessions/month
501943,Active,Silver,Austin,Personal Care,0.0101,0,Low,6.9569,Monitor (no paid action),0.0,App use -55% vs prior 3m; Only 2 transaction(s) last month; Opted in to marketing
500020,Active,Silver,Spokane,Produce,0.01,0,Low,3.8894,Monitor (no paid action),0.0,No marketing emails opened in last 3m; Spend +139% vs prior 3m; App use 0.7 sessions/month
501675,Active,Gold,Portland,Household,0.01,0,Low,9.262,Monitor (no paid action),0.0,Transactions trending down (-0.7/month); Age unknown; App use -29% vs prior 3m
501713,Active,Silver,Austin,Snacks,0.0099,0,Low,5.5375,Monitor (no paid action),0.0,Only 1 transaction(s) last month; Spend +111% vs prior 3m; Opted in to marketing
500524,Active,Silver,Madison,Personal Care,0.0099,0,Low,4.6917,Monitor (no paid action),0.0,Only 1 transaction(s) last month; Opted in to marketing; Spend $80/month (last 3m)
502313,Active,Gold,Spokane,Personal Care,0.0099,0,Low,4.0674,Monitor (no paid action),0.0,0.7 transactions/month (last 3m); Spend $18/month (last 3m); Opens 0.3 emails/month
500638,Active,Silver,Austin,Personal Care,0.0098,0,Low,10.1988,Monitor (no paid action),0.0,Transactions trending down (-0.5/month); Only 2 transaction(s) last month; Opted in to marketing
500559,Active,Platinum,Madison,Dairy,0.0098,0,Low,6.2341,Monitor (no paid action),0.0,Formal complaint in last 3m; Opted in to marketing; New member (<4 months of history)
502034,Active,Gold,Columbus,Dairy,0.0097,0,Low,6.8288,Monitor (no paid action),0.0,No marketing emails opened in last 3m; App use 0.5 sessions/month; Opted in to marketing
501017,Active,Silver,Raleigh,Dairy,0.0097,0,Low,6.889,Monitor (no paid action),0.0,Transactions trending down (-0.9/month); Buys 0.5 categories/month; Opens 0.5 emails/month
501308,Active,Silver,Madison,Bakery,0.0096,0,Low,2.9024,Monitor (no paid action),0.0,No transactions last month; Spend $39/month (last 3m); Preferred category: Bakery
502559,Active,Gold,Madison,Frozen Foods,0.0095,0,Low,6.8319,Monitor (no paid action),0.0,Opens 0.3 emails/month; App use -44% vs prior 3m; No coupons redeemed in last 3m
500212,Active,Gold,Madison,Bakery,0.0093,0,Low,6.4778,Monitor (no paid action),0.0,Transactions trending down (-1.1/month); Preferred category: Bakery; Opted in to marketing
500323,Active,Silver,Portland,Beverages,0.0091,0,Low,5.2592,Monitor (no paid action),0.0,Transactions trending down (-0.7/month); Spend $50/month (last 3m); 2.3 transactions/month (last 3m)
501963,Active,Silver,Denver,Dairy,0.0091,0,Low,6.2907,Monitor (no paid action),0.0,Opens 0.3 emails/month; 2.7 transactions/month (last 3m); Spend $81/month (last 3m)
500187,Active,Silver,Columbus,Dairy,0.0091,0,Low,4.6362,Monitor (no paid action),0.0,Opted in to marketing; No coupons redeemed in last 3m; City: Columbus
500228,Active,Silver,Spokane,Frozen Foods,0.0091,0,Low,7.6665,Monitor (no paid action),0.0,App use 0.3 sessions/month; Opted in to marketing; 2 support tickets in 6m
501728,Active,Silver,Madison,Produce,0.009,0,Low,7.9842,Monitor (no paid action),0.0,No marketing emails opened in last 3m; No app use in last 3m; Buys 0.7 categories/month
502471,Active,Silver,Boise,Dairy,0.009,0,Low,5.208,Monitor (no paid action),0.0,Formal complaint in last 3m; Transactions trending down (-0.6/month); Opted in to marketing
502565,Active,Gold,Spokane,Personal Care,0.0088,0,Low,7.6242,Monitor (no paid action),0.0,Opens 0.5 emails/month; Only 2 transaction(s) last month; Opted in to marketing
501076,Active,Silver,Portland,Beverages,0.0087,0,Low,5.5803,Monitor (no paid action),0.0,No marketing emails opened in last 3m; Only 2 transaction(s) last month; Spend $76/month (last 3m)
501314,Active,Silver,Denver,Snacks,0.0087,0,Low,9.7305,Monitor (no paid action),0.0,Formal complaint in last 3m; Transactions trending down (-0.5/month); Only 2 transaction(s) last month
500011,Active,Silver,Austin,Household,0.0087,0,Low,4.6891,Monitor (no paid action),0.0,Opens 0.3 emails/month; Formal complaint in last 3m; New member (<4 months of history)
501899,Active,Gold,Columbus,Frozen Foods,0.0087,0,Low,10.6003,Monitor (no paid action),0.0,No marketing emails opened in last 3m; Transactions trending down (-0.7/month); App use -44% vs prior 3m
500350,Active,Silver,Denver,Beverages,0.0087,0,Low,5.8465,Monitor (no paid action),0.0,Transactions trending down (-0.6/month); Spend $54/month (last 3m); 2.3 transactions/month (last 3m)
500507,Active,Silver,Boise,Household,0.0086,0,Low,5.0991,Monitor (no paid action),0.0,Transactions trending down (-0.6/month); Opted in to marketing; App use 1.0 sessions/month
501242,Active,Silver,Boise,Beverages,0.0086,0,Low,3.3185,Monitor (no paid action),0.0,Spend $44/month (last 3m); 2.3 transactions/month (last 3m); Transactions trending down (-0.5/month)
502056,Active,Silver,Portland,Household,0.0086,0,Low,4.244,Monitor (no paid action),0.0,Only 1 transaction(s) last month; App use 0.3 sessions/month; Opted in to marketing
501340,Active,Platinum,Spokane,Frozen Foods,0.0086,0,Low,7.2615,Monitor (no paid action),0.0,App use 0.3 sessions/month; 2.7 transactions/month (last 3m); Opted in to marketing
501854,Active,Silver,Tulsa,Personal Care,0.0085,0,Low,6.5351,Monitor (no paid action),0.0,Transactions trending down (-1.0/month); Only 2 transaction(s) last month; Opted in to marketing
500078,Active,Platinum,Boise,Bakery,0.0085,0,Low,5.1934,Monitor (no paid action),0.0,Preferred category: Bakery; 2.7 transactions/month (last 3m); Opted in to marketing
500791,Active,Silver,Boise,Frozen Foods,0.0085,0,Low,5.0003,Monitor (no paid action),0.0,Only 1 transaction(s) last month; Opted in to marketing; Transactions trending down (-0.4/month)
500620,Active,Gold,Columbus,Frozen Foods,0.0085,0,Low,8.3156,Monitor (no paid action),0.0,Transactions trending down (-0.5/month); Buys 0.7 categories/month; Opted in to marketing
501542,Active,Silver,Columbus,Dairy,0.0085,0,Low,7.6939,Monitor (no paid action),0.0,Opted in to marketing; City: Columbus; App use -27% vs prior 3m
501712,Active,Gold,Raleigh,Frozen Foods,0.0084,0,Low,3.9049,Monitor (no paid action),0.0,Only 2 transaction(s) last month; Opted in to marketing; No coupons redeemed in last 3m
501931,Active,Silver,Austin,Snacks,0.0084,0,Low,6.6617,Monitor (no paid action),0.0,Transactions trending down (-2.0/month); New member (<4 months of history); App use trending down
502000,Active,Silver,Tulsa,Beverages,0.0084,0,Low,3.1923,Monitor (no paid action),0.0,2.0 transactions/month (last 3m); Spend $64/month (last 3m); Opens 0.5 emails/month
501273,Active,Gold,Raleigh,Beverages,0.0083,0,Low,6.8925,Monitor (no paid action),0.0,App use -50% vs prior 3m; Opted in to marketing; 3.0 transactions/month (last 3m)
501923,Active,Silver,Columbus,Beverages,0.0083,0,Low,9.7743,Monitor (no paid action),0.0,3 support tickets in 6m; Opens 0.3 emails/month; Transactions trending down (-0.4/month)
500528,Active,Silver,Boise,Beverages,0.0083,0,Low,7.481,Monitor (no paid action),0.0,App use -52% vs prior 3m; Opened 0.0 emails/month before; 3.0 transactions/month (last 3m)
501592,Active,Silver,Spokane,Beverages,0.0083,0,Low,6.7314,Monitor (no paid action),0.0,No transactions last month; Opted in to marketing; App use 1.0 sessions/month
501503,Active,Silver,Raleigh,Produce,0.0083,0,Low,3.4838,Monitor (no paid action),0.0,Spend $63/month (last 3m); Transactions trending down (-0.5/month); Only 2 transaction(s) last month
500537,Active,Gold,Boise,Snacks,0.0083,0,Low,4.2817,Monitor (no paid action),0.0,1 support tickets in last 3m; Opted in to marketing; Spend $83/month (last 3m)
501280,Active,Gold,Denver,Frozen Foods,0.0082,0,Low,7.6749,Monitor (no paid action),0.0,Transactions trending down (-0.7/month); Only 1 transaction(s) last month; Opted in to marketing
502234,Active,Silver,Portland,Produce,0.0082,0,Low,8.062,Monitor (no paid action),0.0,Opens 0.3 emails/month; Formal complaint in last 3m; Opted in to marketing
500251,Active,Gold,Boise,Frozen Foods,0.0082,0,Low,4.7237,Monitor (no paid action),0.0,Opens 0.3 emails/month; Buys 0.7 categories/month; 2.7 transactions/month (last 3m)
502257,Active,Silver,Boise,Household,0.0081,0,Low,3.1548,Monitor (no paid action),0.0,Spend +300% vs prior 3m; 2.3 transactions/month (last 3m); 1 support tickets in last 3m
501015,Active,Silver,Madison,Dairy,0.0081,0,Low,3.4127,Monitor (no paid action),0.0,No marketing emails opened in last 3m; Spend +147% vs prior 3m; 2.5 transactions/month (last 3m)
501793,Active,Silver,Austin,Household,0.008,0,Low,2.4661,Monitor (no paid action),0.0,App use 0.5 sessions/month; Spend $65/month (last 3m); No coupons redeemed in last 3m
500148,Active,Silver,Madison,Personal Care,0.008,0,Low,5.5818,Monitor (no paid action),0.0,No marketing emails opened in last 3m; App use 1.0 sessions/month; Preferred category: Personal Care
501952,Active,Silver,Tulsa,Snacks,0.008,0,Low,3.3584,Monitor (no paid action),0.0,No marketing emails opened in last 3m; Spend $67/month (last 3m); Only 3 transaction(s) last month
501524,Active,Gold,Austin,Personal Care,0.0078,0,Low,8.19,Monitor (no paid action),0.0,No marketing emails opened in last 3m; App use 1.0 sessions/month; Redeemed 0.0 coupons/month before
502021,Active,Platinum,Denver,Personal Care,0.0078,0,Low,13.031,Monitor (no paid action),0.0,Opens 0.3 emails/month; App use 1.0 sessions/month; Buys 1.3 categories/month
500630,Active,Silver,Raleigh,Produce,0.0077,0,Low,5.6081,Monitor (no paid action),0.0,Opens 0.3 emails/month; App use 1.0 sessions/month; Home-store price tier: Value
500111,Active,Platinum,Denver,Household,0.0077,0,Low,7.0644,Monitor (no paid action),0.0,No marketing emails opened in last 3m; 1 support tickets in last 3m; Age unknown
501992,Active,Gold,Portland,Frozen Foods,0.0076,0,Low,6.765,Monitor (no paid action),0.0,Transactions trending down (-1.0/month); 1.5 transactions/month (last 3m); Spend $63/month (last 3m)
502051,Active,Silver,Denver,Snacks,0.0075,0,Low,5.366,Monitor (no paid action),0.0,Only 2 transaction(s) last month; Opted in to marketing; Transactions trending down (-0.3/month)
501341,Active,Platinum,Portland,Snacks,0.0075,0,Low,10.8796,Monitor (no paid action),0.0,Transactions trending down (-0.7/month); 1 support tickets in last 3m; 2.7 transactions/month (last 3m)
502072,Active,Silver,Spokane,Produce,0.0075,0,Low,4.0027,Monitor (no paid action),0.0,Buys 0.7 categories/month; Transactions trending down (-0.4/month); Opted in to marketing
502176,Active,Silver,Madison,Personal Care,0.0074,0,Low,4.5767,Monitor (no paid action),0.0,Opted in to marketing; App use -33% vs prior 3m; Opens 0.7 emails/month
501461,Active,Gold,Madison,Frozen Foods,0.0074,0,Low,9.6101,Monitor (no paid action),0.0,1 support tickets in last 3m; Opted in to marketing; App use -36% vs prior 3m
502366,Active,Gold,Portland,Produce,0.0074,0,Low,9.8377,Monitor (no paid action),0.0,No marketing emails opened in last 3m; 1 support tickets in last 3m; App use -57% vs prior 3m
501158,Active,Silver,Columbus,Snacks,0.0073,0,Low,5.837,Monitor (no paid action),0.0,App use 0.5 sessions/month; Transactions trending down (-0.5/month); Opens 0.5 emails/month
502118,Active,Silver,Austin,Frozen Foods,0.0073,0,Low,6.7776,Monitor (no paid action),0.0,Opens 0.3 emails/month; Formal complaint in last 3m; Transactions trending down (-0.5/month)
500691,Active,Gold,Spokane,Produce,0.0073,0,Low,7.2814,Monitor (no paid action),0.0,Transactions trending down (-0.5/month); 1 support tickets in last 3m; Opted in to marketing
501187,Active,Gold,Spokane,Produce,0.0073,0,Low,6.6291,Monitor (no paid action),0.0,No marketing emails opened in last 3m; Transactions trending down (-0.4/month); 3.0 transactions/month (last 3m)
500200,Active,Silver,Madison,Dairy,0.0073,0,Low,2.2006,Monitor (no paid action),0.0,Spend $63/month (last 3m); Opted in to marketing; App use 1.0 sessions/month
501217,Active,Silver,Austin,Household,0.0073,0,Low,8.4438,Monitor (no paid action),0.0,Opted in to marketing; Transactions trending down (-0.3/month); App use -14% vs prior 3m
501819,Active,Silver,Raleigh,Personal Care,0.0072,0,Low,3.0383,Monitor (no paid action),0.0,2.3 transactions/month (last 3m); Spend $62/month (last 3m); App use 1.3 sessions/month
501825,Active,Silver,Madison,Personal Care,0.0072,0,Low,6.3132,Monitor (no paid action),0.0,Transactions trending down (-0.9/month); App use -56% vs prior 3m; Opted in to marketing
502413,Active,Silver,Denver,Personal Care,0.0072,0,Low,8.2367,Monitor (no paid action),0.0,App use -67% vs prior 3m; 1 support tickets in last 3m; Opted in to marketing
502209,Active,Silver,Portland,Beverages,0.0071,0,Low,10.2823,Monitor (no paid action),0.0,No transactions last month; Opens 0.3 emails/month; App use -71% vs prior 3m
501147,Active,Silver,Portland,Dairy,0.007,0,Low,4.4593,Monitor (no paid action),0.0,Only 2 transaction(s) last month; Opted in to marketing; Spend $83/month (last 3m)
501032,Active,Gold,Columbus,Frozen Foods,0.007,0,Low,2.3761,Monitor (no paid action),0.0,1.0 transactions/month (last 3m); Spend $22/month (last 3m); Opted in to marketing
501269,Active,Silver,Madison,Produce,0.007,0,Low,4.6967,Monitor (no paid action),0.0,Spend +300% vs prior 3m; 44% of trips use a promotion; Opens 0.7 emails/month
501957,Active,Platinum,Boise,Snacks,0.0069,0,Low,2.7534,Monitor (no paid action),0.0,1.3 transactions/month (last 3m); Spend $64/month (last 3m); 1 support tickets in last 3m
500967,Active,Gold,Denver,Snacks,0.0069,0,Low,6.3677,Monitor (no paid action),0.0,Transactions trending down (-0.9/month); Opens 0.3 emails/month; 1 support tickets in last 3m
500006,Active,Silver,Nashville,Snacks,0.0069,0,Low,3.7698,Monitor (no paid action),0.0,No marketing emails opened in last 3m; Spend +185% vs prior 3m; 2 support tickets in 6m
500240,Active,Gold,Portland,Bakery,0.0069,0,Low,11.3373,Monitor (no paid action),0.0,Transactions trending down (-2.5/month); Preferred category: Bakery; Opted in to marketing
500911,Active,Silver,Denver,Produce,0.0069,0,Low,3.1092,Monitor (no paid action),0.0,2 support tickets in last 3m; Buys 0.3 categories/month; Opted in to marketing
500986,Active,Silver,Denver,Personal Care,0.0069,0,Low,3.1592,Monitor (no paid action),0.0,1 support tickets in last 3m; Spend $65/month (last 3m); Opted in to marketing
502148,Active,Gold,Denver,Household,0.0068,0,Low,2.5458,Monitor (no paid action),0.0,Spend $58/month (last 3m); Opted in to marketing; App use 1.0 sessions/month
500633,Active,Silver,Denver,Personal Care,0.0068,0,Low,6.1583,Monitor (no paid action),0.0,Formal complaint in last 3m; Opted in to marketing; App use -40% vs prior 3m
501111,Active,Gold,Portland,Beverages,0.0068,0,Low,6.1926,Monitor (no paid action),0.0,App use -55% vs prior 3m; Only 2 transaction(s) last month; Opted in to marketing
502488,Active,Silver,Tulsa,Bakery,0.0068,0,Low,2.484,Monitor (no paid action),0.0,Spend $65/month (last 3m); Preferred category: Bakery; Opted in to marketing
501917,Active,Silver,Boise,Frozen Foods,0.0067,0,Low,3.4123,Monitor (no paid action),0.0,No app use in last 3m; Opted in to marketing; Spend $81/month (last 3m)
501589,Active,Silver,Nashville,Dairy,0.0067,0,Low,4.0703,Monitor (no paid action),0.0,2 support tickets in last 3m; Opens 0.7 emails/month; Redeemed 0.0 coupons/month before
501090,Active,Silver,Columbus,Bakery,0.0067,0,Low,5.8488,Monitor (no paid action),0.0,2 support tickets in last 3m; Preferred category: Bakery; Opted in to marketing
500794,Active,Gold,Nashville,Produce,0.0067,0,Low,3.2349,Monitor (no paid action),0.0,2.3 transactions/month (last 3m); Spend $73/month (last 3m); Opted in to marketing
500932,Active,Silver,Boise,Snacks,0.0066,0,Low,3.4853,Monitor (no paid action),0.0,1 support tickets in last 3m; Only 2 transaction(s) last month; Opted in to marketing
500095,Active,Gold,Portland,Personal Care,0.0066,0,Low,4.6114,Monitor (no paid action),0.0,No marketing emails opened in last 3m; Spend +130% vs prior 3m; Only 2 transaction(s) last month
501769,Active,Platinum,Denver,Produce,0.0066,0,Low,7.4803,Monitor (no paid action),0.0,App use 0.7 sessions/month; 1 support tickets in last 3m; Spend +93% vs prior 3m
500179,Active,Silver,Tulsa,Bakery,0.0066,0,Low,4.4807,Monitor (no paid action),0.0,No marketing emails opened in last 3m; 1 support tickets in last 3m; Preferred category: Bakery
501362,Active,Gold,Boise,Snacks,0.0065,0,Low,11.1832,Monitor (no paid action),0.0,Transactions trending down (-1.4/month); 1 support tickets in last 3m; Opted in to marketing
500355,Active,Gold,Spokane,Beverages,0.0065,0,Low,11.0481,Monitor (no paid action),0.0,No transactions last month; 3 support tickets in 6m; Opted in to marketing
502497,Active,Silver,Denver,Frozen Foods,0.0065,0,Low,6.195,Monitor (no paid action),0.0,Opens 0.3 emails/month; Transactions trending down (-0.3/month); City: Denver
500404,Active,Gold,Denver,Produce,0.0065,0,Low,8.413,Monitor (no paid action),0.0,Only 1 transaction(s) last month; Transactions trending down (-0.6/month); 1 support tickets in last 3m
502335,Active,Silver,Boise,Household,0.0065,0,Low,5.0777,Monitor (no paid action),0.0,No marketing emails opened in last 3m; Buys 1.3 categories/month; App use -12% vs prior 3m
502524,Active,Gold,Raleigh,Snacks,0.0064,0,Low,6.5104,Monitor (no paid action),0.0,Opens 0.3 emails/month; Formal complaint in last 3m; Spend +91% vs prior 3m
500142,Active,Platinum,Nashville,Produce,0.0063,0,Low,5.4857,Monitor (no paid action),0.0,Formal complaint in last 3m; Only 2 transaction(s) last month; Buys 1.0 categories/month
500194,Active,Gold,Tulsa,Beverages,0.0063,0,Low,4.7954,Monitor (no paid action),0.0,Transactions trending down (-0.6/month); Opted in to marketing; 3.0 transactions/month (last 3m)
502470,Active,Platinum,Nashville,Household,0.0063,0,Low,7.773,Monitor (no paid action),0.0,2 support tickets in last 3m; Transactions trending down (-0.6/month); Only 2 transaction(s) last month
500880,Active,Silver,Tulsa,Dairy,0.0063,0,Low,3.2297,Monitor (no paid action),0.0,2.7 transactions/month (last 3m); Opted in to marketing; Spend +82% vs prior 3m
502516,Active,Platinum,Columbus,Household,0.0062,0,Low,4.347,Monitor (no paid action),0.0,Only 2 transaction(s) last month; Opted in to marketing; App use 1.0 sessions/month
502120,Active,Silver,Madison,Frozen Foods,0.0062,0,Low,4.3106,Monitor (no paid action),0.0,Transactions trending down (-0.6/month); Opted in to marketing; Spend $84/month (last 3m)
502239,Active,Silver,Austin,Beverages,0.0062,0,Low,4.5463,Monitor (no paid action),0.0,Only 1 transaction(s) last month; Opted in to marketing; Spend +61% vs prior 3m
502402,Active,Gold,Boise,Beverages,0.0061,0,Low,7.9808,Monitor (no paid action),0.0,Transactions trending down (-1.0/month); Opens 0.3 emails/month; Opted in to marketing
501305,Active,Silver,Portland,Frozen Foods,0.0061,0,Low,3.5429,Monitor (no paid action),0.0,1.7 transactions/month (last 3m); Spend $53/month (last 3m); 1 support tickets in last 3m
500556,Active,Gold,Portland,Personal Care,0.0061,0,Low,4.7903,Monitor (no paid action),0.0,Opens 0.3 emails/month; Transactions trending down (-0.5/month); Preferred category: Personal Care
502081,Active,Silver,Denver,Bakery,0.006,0,Low,6.4221,Monitor (no paid action),0.0,3 support tickets in 6m; Transactions trending down (-0.6/month); Preferred category: Bakery
502218,Active,Silver,Raleigh,Personal Care,0.006,0,Low,6.5303,Monitor (no paid action),0.0,Transactions trending down (-1.5/month); Opted in to marketing; New member (<4 months of history)
500593,Active,Silver,Spokane,Personal Care,0.0059,0,Low,3.4655,Monitor (no paid action),0.0,Opted in to marketing; 2 support tickets in 6m; Transactions trending down (-0.3/month)
501155,Active,Silver,Denver,Frozen Foods,0.0059,0,Low,5.5785,Monitor (no paid action),0.0,Opened 0.0 emails/month before; App use -33% vs prior 3m; Redeemed 0.0 coupons/month before
500555,Active,Silver,Columbus,Snacks,0.0058,0,Low,4.0125,Monitor (no paid action),0.0,Transactions trending down (-0.5/month); 1 support tickets in last 3m; Only 2 transaction(s) last month
502568,Active,Silver,Boise,Beverages,0.0058,0,Low,4.5353,Monitor (no paid action),0.0,App use -73% vs prior 3m; Spend +104% vs prior 3m; Opted in to marketing
501193,Active,Platinum,Denver,Frozen Foods,0.0058,0,Low,6.8918,Monitor (no paid action),0.0,Transactions trending down (-1.0/month); No marketing emails opened in last 3m; 1 support tickets in last 3m
502182,Active,Gold,Tulsa,Snacks,0.0057,0,Low,7.9483,Monitor (no paid action),0.0,No marketing emails opened in last 3m; 1 support tickets in last 3m; App use -40% vs prior 3m
500744,Active,Platinum,Columbus,Household,0.0056,0,Low,8.0472,Monitor (no paid action),0.0,1 support tickets in last 3m; Transactions trending down (-0.5/month); Only 2 transaction(s) last month
501120,Active,Silver,Tulsa,Personal Care,0.0056,0,Low,2.9599,Monitor (no paid action),0.0,Spend +93% vs prior 3m; Opted in to marketing; No coupons redeemed in last 3m
500273,Active,Gold,Columbus,Household,0.0056,0,Low,1.7561,Monitor (no paid action),0.0,1.5 transactions/month (last 3m); Spend $52/month (last 3m); Opted in to marketing
500662,Active,Silver,Nashville,Dairy,0.0056,0,Low,3.3776,Monitor (no paid action),0.0,No marketing emails opened in last 3m; Transactions trending down (-0.5/month); Spend $88/month (last 3m)
501044,Active,Silver,Boise,Dairy,0.0056,0,Low,2.3562,Monitor (no paid action),0.0,Spend $70/month (last 3m); No coupons redeemed in last 3m; New member (<4 months of history)
501557,Active,Silver,Boise,Produce,0.0055,0,Low,5.8098,Monitor (no paid action),0.0,App use 0.7 sessions/month; Transactions trending down (-0.5/month); Opted in to marketing
501223,Active,Silver,Raleigh,Beverages,0.0054,0,Low,3.1084,Monitor (no paid action),0.0,Opted in to marketing; No coupons redeemed in last 3m; Spend $90/month (last 3m)
500233,Active,Gold,Madison,Household,0.0054,0,Low,8.7976,Monitor (no paid action),0.0,Transactions trending down (-1.2/month); Only 1 transaction(s) last month; Opted in to marketing
500840,Active,Gold,Austin,Household,0.0054,0,Low,5.2515,Monitor (no paid action),0.0,Transactions trending down (-0.5/month); Opened 0.0 emails/month before; App use -33% vs prior 3m
500051,Active,Silver,Boise,Personal Care,0.0053,0,Low,3.4813,Monitor (no paid action),0.0,1 support tickets in last 3m; Opted in to marketing; Preferred category: Personal Care
501826,Active,Silver,Spokane,Personal Care,0.0053,0,Low,3.6705,Monitor (no paid action),0.0,Opted in to marketing; App use 1.0 sessions/month; Opens 0.7 emails/month
500922,Active,Silver,Columbus,Household,0.0052,0,Low,5.245,Monitor (no paid action),0.0,Opened 0.0 emails/month before; App use -40% vs prior 3m; City: Columbus
501567,Active,Gold,Denver,Produce,0.0052,0,Low,6.3408,Monitor (no paid action),0.0,Transactions trending down (-1.5/month); Opted in to marketing; No coupons redeemed in last 3m
502517,Active,Gold,Madison,Snacks,0.0052,0,Low,5.7891,Monitor (no paid action),0.0,Only 1 transaction(s) last month; App use -57% vs prior 3m; Opted in to marketing
501658,Active,Gold,Raleigh,Dairy,0.0051,0,Low,5.8048,Monitor (no paid action),0.0,Transactions trending down (-1.1/month); 1 support tickets in last 3m; Opted in to marketing
501955,Active,Silver,Nashville,Snacks,0.0051,0,Low,4.4382,Monitor (no paid action),0.0,App use 0.3 sessions/month; Formal complaint in last 3m; Opted in to marketing
502528,Active,Platinum,Austin,Snacks,0.0051,0,Low,6.3841,Monitor (no paid action),0.0,Formal complaint in last 3m; Only 2 transaction(s) last month; App use was 0.0 sessions/month
501465,Active,Gold,Denver,Household,0.0051,0,Low,5.0225,Monitor (no paid action),0.0,1 support tickets in last 3m; App use -52% vs prior 3m; No coupons redeemed in last 3m
501726,Active,Silver,Nashville,Snacks,0.0051,0,Low,7.1369,Monitor (no paid action),0.0,No marketing emails opened in last 3m; App use 0.7 sessions/month; 1 support tickets in last 3m
501848,Active,Gold,Raleigh,Frozen Foods,0.0051,0,Low,3.9597,Monitor (no paid action),0.0,Opens 0.3 emails/month; 1 support tickets in last 3m; Age unknown
501319,Active,Gold,Columbus,Beverages,0.0051,0,Low,3.0274,Monitor (no paid action),0.0,Only 2 transaction(s) last month; Opted in to marketing; City: Columbus
501668,Active,Silver,Columbus,Bakery,0.005,0,Low,7.0714,Monitor (no paid action),0.0,1 support tickets in last 3m; Preferred category: Bakery; Opted in to marketing
502195,Active,Silver,Madison,Household,0.005,0,Low,1.6906,Monitor (no paid action),0.0,Spend $57/month (last 3m); 2.7 transactions/month (last 3m); Opted in to marketing
502577,Active,Silver,Austin,Beverages,0.005,0,Low,2.4405,Monitor (no paid action),0.0,2.0 transactions/month (last 3m); App use trending down; Spend $59/month (last 3m)
500552,Active,Gold,Denver,Bakery,0.005,0,Low,4.7473,Monitor (no paid action),0.0,Opens 0.3 emails/month; Transactions trending down (-0.5/month); Preferred category: Bakery
502316,Active,Gold,Portland,Bakery,0.005,0,Low,4.1806,Monitor (no paid action),0.0,1 support tickets in last 3m; Preferred category: Bakery; Spend +100% vs prior 3m
501547,Active,Silver,Portland,Bakery,0.005,0,Low,7.3118,Monitor (no paid action),0.0,Transactions trending down (-0.9/month); 1 support tickets in last 3m; Preferred category: Bakery
502484,Active,Silver,Spokane,Snacks,0.005,0,Low,3.7343,Monitor (no paid action),0.0,1 support tickets in last 3m; Opted in to marketing; Spend +39% vs prior 3m
501803,Active,Silver,Austin,Frozen Foods,0.0049,0,Low,4.0363,Monitor (no paid action),0.0,App use -50% vs prior 3m; Opted in to marketing; No coupons redeemed in last 3m
500999,Active,Gold,Columbus,Personal Care,0.0049,0,Low,5.0607,Monitor (no paid action),0.0,No marketing emails opened in last 3m; 1 support tickets in last 3m; No coupons redeemed in last 3m
501386,Active,Gold,Spokane,Snacks,0.0049,0,Low,4.383,Monitor (no paid action),0.0,Formal complaint in last 3m; Opted in to marketing; Opens 0.7 emails/month
500907,Active,Platinum,Madison,Household,0.0049,0,Low,6.4158,Monitor (no paid action),0.0,1 support tickets in last 3m; 2.7 transactions/month (last 3m); Opted in to marketing
502244,Active,Gold,Columbus,Personal Care,0.0049,0,Low,4.1325,Monitor (no paid action),0.0,No marketing emails opened in last 3m; App use 0.7 sessions/month; City: Columbus
500764,Active,Silver,Portland,Frozen Foods,0.0049,0,Low,6.6704,Monitor (no paid action),0.0,2 support tickets in last 3m; Opted in to marketing; App use -29% vs prior 3m
502598,Active,Silver,Spokane,Beverages,0.0048,0,Low,3.1227,Monitor (no paid action),0.0,1 support tickets in last 3m; Buys 0.7 categories/month; Opted in to marketing
500660,Active,Silver,Columbus,Household,0.0048,0,Low,2.9986,Monitor (no paid action),0.0,No marketing emails opened in last 3m; City: Columbus; Spend $89/month (last 3m)
500748,Active,Silver,Tulsa,Personal Care,0.0047,0,Low,4.3071,Monitor (no paid action),0.0,Transactions trending down (-0.6/month); 1 support tickets in last 3m; Opted in to marketing
500695,Active,Gold,Columbus,Frozen Foods,0.0047,0,Low,3.0341,Monitor (no paid action),0.0,Transactions trending down (-1.1/month); Only 1 transaction(s) last month; Opted in to marketing
502294,Active,Gold,Denver,Personal Care,0.0047,0,Low,2.9404,Monitor (no paid action),0.0,App use -67% vs prior 3m; Opted in to marketing; No coupons redeemed in last 3m
502250,Active,Gold,Columbus,Personal Care,0.0047,0,Low,3.472,Monitor (no paid action),0.0,Opens 0.3 emails/month; Opted in to marketing; Transactions trending down (-0.4/month)
501743,Active,Gold,Columbus,Produce,0.0047,0,Low,2.4525,Monitor (no paid action),0.0,1 support tickets in last 3m; Opted in to marketing; No coupons redeemed in last 3m
501191,Active,Silver,Nashville,Household,0.0046,0,Low,2.5789,Monitor (no paid action),0.0,App use -69% vs prior 3m; 1 support tickets in last 3m; Opted in to marketing
501345,Active,Gold,Spokane,Household,0.0046,0,Low,7.7343,Monitor (no paid action),0.0,Transactions trending down (-1.2/month); Opens 0.5 emails/month; No coupons redeemed in last 3m
500287,Active,Gold,Madison,Household,0.0045,0,Low,4.6699,Monitor (no paid action),0.0,1 support tickets in last 3m; Opted in to marketing; App use -25% vs prior 3m
501565,Active,Silver,Austin,Household,0.0045,0,Low,2.8458,Monitor (no paid action),0.0,2.3 transactions/month (last 3m); 1 support tickets in last 3m; Spend $72/month (last 3m)
500671,Active,Silver,Portland,Frozen Foods,0.0045,0,Low,5.0299,Monitor (no paid action),0.0,Transactions trending down (-1.1/month); Opted in to marketing; No coupons redeemed in last 3m
502020,Active,Silver,Spokane,Snacks,0.0045,0,Low,3.6717,Monitor (no paid action),0.0,Opted in to marketing; Opens 0.7 emails/month; Buys 1.3 categories/month
502454,Active,Silver,Madison,Dairy,0.0045,0,Low,2.5884,Monitor (no paid action),0.0,No app use in last 3m; Opens 0.5 emails/month; Opted in to marketing
501337,Active,Silver,Portland,Frozen Foods,0.0044,0,Low,3.0926,Monitor (no paid action),0.0,Formal complaint in last 3m; Spend +125% vs prior 3m; Opted in to marketing
501966,Active,Silver,Austin,Personal Care,0.0044,0,Low,3.841,Monitor (no paid action),0.0,2 support tickets in last 3m; Spend +133% vs prior 3m; Opted in to marketing
500117,Active,Gold,Madison,Snacks,0.0044,0,Low,3.2591,Monitor (no paid action),0.0,1 support tickets in last 3m; Home-store price tier: Value; App use 1.3 sessions/month
501093,Active,Platinum,Denver,Household,0.0044,0,Low,3.8231,Monitor (no paid action),0.0,App use 0.3 sessions/month; Opted in to marketing; Age unknown
501226,Active,Silver,Boise,Snacks,0.0043,0,Low,4.5714,Monitor (no paid action),0.0,No marketing emails opened in last 3m; App use 0.7 sessions/month; 0 formal complaints in 6m
502491,Active,Silver,Spokane,Produce,0.0043,0,Low,2.3677,Monitor (no paid action),0.0,Transactions trending down (-0.8/month); Only 1 transaction(s) last month; App use was 0.0 sessions/month
502025,Active,Platinum,Raleigh,Household,0.0043,0,Low,6.7526,Monitor (no paid action),0.0,Transactions trending down (-1.9/month); No marketing emails opened in last 3m; Only 2 transaction(s) last month
500088,Active,Silver,Austin,Dairy,0.0043,0,Low,2.8452,Monitor (no paid action),0.0,Formal complaint in last 3m; App use -70% vs prior 3m; Opted in to marketing
500565,Active,Platinum,Tulsa,Snacks,0.0042,0,Low,5.4589,Monitor (no paid action),0.0,Opens 0.3 emails/month; 2 support tickets in 6m; No coupons redeemed in last 3m
500848,Active,Silver,Spokane,Snacks,0.0042,0,Low,2.7027,Monitor (no paid action),0.0,Transactions trending down (-0.4/month); Opted in to marketing; App use 1.3 sessions/month
500602,Active,Gold,Tulsa,Beverages,0.0042,0,Low,4.176,Monitor (no paid action),0.0,Transactions trending down (-0.9/month); Only 1 transaction(s) last month; Opted in to marketing
500908,Active,Platinum,Nashville,Household,0.0042,0,Low,4.1951,Monitor (no paid action),0.0,Transactions trending down (-0.6/month); Buys 1.0 categories/month; 3.0 transactions/month (last 3m)
501049,Active,Silver,Tulsa,Bakery,0.0042,0,Low,2.3067,Monitor (no paid action),0.0,Opens 0.5 emails/month; Preferred category: Bakery; Opted in to marketing
501818,Active,Silver,Nashville,Snacks,0.0042,0,Low,2.022,Monitor (no paid action),0.0,Transactions trending down (-1.0/month); Opens 0.3 emails/month; Spend $68/month (last 3m)
500735,Active,Silver,Raleigh,Dairy,0.0042,0,Low,3.8843,Monitor (no paid action),0.0,No marketing emails opened in last 3m; Transactions trending down (-0.6/month); Opted in to marketing
501694,Active,Silver,Columbus,Personal Care,0.0041,0,Low,4.3871,Monitor (no paid action),0.0,Opens 0.5 emails/month; Opted in to marketing; New member (<4 months of history)
502351,Active,Silver,Boise,Household,0.0041,0,Low,5.782,Monitor (no paid action),0.0,Transactions trending down (-1.5/month); Opted in to marketing; Home-store price tier: Value
500491,Active,Silver,Tulsa,Beverages,0.0041,0,Low,2.8603,Monitor (no paid action),0.0,Opens 0.3 emails/month; No coupons redeemed in last 3m; Transactions trending down (-0.3/month)
502145,Active,Platinum,Columbus,Bakery,0.0041,0,Low,7.4958,Monitor (no paid action),0.0,No marketing emails opened in last 3m; 1 support tickets in last 3m; Preferred category: Bakery
502472,Active,Silver,Tulsa,Bakery,0.0041,0,Low,4.7774,Monitor (no paid action),0.0,Transactions trending down (-0.9/month); Preferred category: Bakery; Opened 0.0 emails/month before
501880,Active,Silver,Denver,Beverages,0.004,0,Low,1.6081,Monitor (no paid action),0.0,Formal complaint in last 3m; 2.3 transactions/month (last 3m); Opted in to marketing
501255,Active,Gold,Austin,Bakery,0.004,0,Low,4.7148,Monitor (no paid action),0.0,Transactions trending down (-0.7/month); Preferred category: Bakery; Opted in to marketing
502594,Active,Silver,Madison,Dairy,0.0039,0,Low,3.4175,Monitor (no paid action),0.0,Only 2 transaction(s) last month; App use -33% vs prior 3m; Opens 0.7 emails/month
501172,Active,Silver,Boise,Personal Care,0.0039,0,Low,3.6868,Monitor (no paid action),0.0,No transactions last month; Transactions trending down (-0.7/month); Opted in to marketing
501026,Active,Gold,Boise,Beverages,0.0039,0,Low,4.1736,Monitor (no paid action),0.0,Opens 0.3 emails/month; App use -67% vs prior 3m; Only 3 transaction(s) last month
500010,Active,Platinum,Boise,Personal Care,0.0039,0,Low,2.2154,Monitor (no paid action),0.0,Spend +166% vs prior 3m; 2.5 transactions/month (last 3m); Opens 0.5 emails/month
500339,Active,Silver,Madison,Produce,0.0038,0,Low,3.7411,Monitor (no paid action),0.0,Opens 0.5 emails/month; Opted in to marketing; New member (<4 months of history)
502016,Active,Silver,Portland,Produce,0.0038,0,Low,2.6542,Monitor (no paid action),0.0,Opted in to marketing; Buys 1.0 categories/month; 3.0 transactions/month (last 3m)
502196,Active,Silver,Columbus,Personal Care,0.0038,0,Low,2.6604,Monitor (no paid action),0.0,Opens 0.3 emails/month; Spend +109% vs prior 3m; City: Columbus
500502,Active,Silver,Boise,Dairy,0.0038,0,Low,2.6468,Monitor (no paid action),0.0,1 support tickets in last 3m; Spend +94% vs prior 3m; Opted in to marketing
501077,Active,Gold,Portland,Personal Care,0.0038,0,Low,5.0449,Monitor (no paid action),0.0,No marketing emails opened in last 3m; No coupons redeemed in last 3m; App use -36% vs prior 3m
501261,Active,Platinum,Denver,Frozen Foods,0.0038,0,Low,4.3618,Monitor (no paid action),0.0,No marketing emails opened in last 3m; Transactions trending down (-0.9/month); Home-store price tier: Value
501396,Active,Gold,Nashville,Bakery,0.0038,0,Low,3.6633,Monitor (no paid action),0.0,Formal complaint in last 3m; Preferred category: Bakery; Opted in to marketing
501611,Active,Silver,Tulsa,Snacks,0.0037,0,Low,3.5387,Monitor (no paid action),0.0,No marketing emails opened in last 3m; Transactions trending down (-0.5/month); App use -45% vs prior 3m
501742,Active,Gold,Madison,Produce,0.0037,0,Low,4.334,Monitor (no paid action),0.0,App use 0.3 sessions/month; Opted in to marketing; Home-store price tier: Value
501720,Active,Platinum,Austin,Beverages,0.0037,0,Low,5.2719,Monitor (no paid action),0.0,Transactions trending down (-0.8/month); App use -56% vs prior 3m; Opted in to marketing
502515,Active,Silver,Raleigh,Household,0.0037,0,Low,3.2262,Monitor (no paid action),0.0,Transactions trending down (-0.4/month); Opted in to marketing; App use -37% vs prior 3m
500729,Active,Gold,Austin,Frozen Foods,0.0037,0,Low,4.0619,Monitor (no paid action),0.0,2 support tickets in last 3m; Opted in to marketing; Home-store price tier: Value
501977,Active,Silver,Denver,Dairy,0.0037,0,Low,3.9294,Monitor (no paid action),0.0,No coupons redeemed in last 3m; Opens 0.7 emails/month; Buys 1.3 categories/month
500551,Active,Silver,Portland,Produce,0.0037,0,Low,2.5891,Monitor (no paid action),0.0,2 support tickets in last 3m; New member (<4 months of history); Buys 1.7 categories/month
500843,Active,Silver,Portland,Frozen Foods,0.0036,0,Low,2.483,Monitor (no paid action),0.0,Transactions trending down (-1.1/month); Only 2 transaction(s) last month; Opted in to marketing
500326,Active,Silver,Boise,Dairy,0.0036,0,Low,3.0505,Monitor (no paid action),0.0,App use 0.3 sessions/month; Opted in to marketing; No coupons redeemed in last 3m
500448,Active,Gold,Spokane,Frozen Foods,0.0036,0,Low,3.179,Monitor (no paid action),0.0,No app use in last 3m; Opted in to marketing; Spend +78% vs prior 3m
500656,Active,Silver,Spokane,Household,0.0036,0,Low,3.0987,Monitor (no paid action),0.0,1 support tickets in last 3m; Opened 0.0 emails/month before; App use -33% vs prior 3m
500670,Active,Silver,Raleigh,Dairy,0.0036,0,Low,3.0119,Monitor (no paid action),0.0,Transactions trending down (-0.7/month); Opted in to marketing; App use -33% vs prior 3m
500381,Active,Silver,Raleigh,Household,0.0036,0,Low,2.6159,Monitor (no paid action),0.0,3 support tickets in 6m; Transactions trending down (-0.4/month); Opted in to marketing
502327,Active,Silver,Madison,Household,0.0036,0,Low,4.3175,Monitor (no paid action),0.0,Only 2 transaction(s) last month; Opted in to marketing; No coupons redeemed in last 3m
501579,Active,Gold,Tulsa,Frozen Foods,0.0036,0,Low,3.5927,Monitor (no paid action),0.0,Opens 0.3 emails/month; Transactions trending down (-0.5/month); 2.7 transactions/month (last 3m)
500372,Active,Silver,Tulsa,Beverages,0.0035,0,Low,1.4947,Monitor (no paid action),0.0,Opens 0.3 emails/month; Spend +109% vs prior 3m; 2.7 transactions/month (last 3m)
501214,Active,Gold,Nashville,Beverages,0.0035,0,Low,5.8307,Monitor (no paid action),0.0,Opens 0.3 emails/month; App use -60% vs prior 3m; Transactions trending down (-0.4/month)
502462,Active,Silver,Portland,Snacks,0.0035,0,Low,3.8014,Monitor (no paid action),0.0,No marketing emails opened in last 3m; App use -62% vs prior 3m; Transactions trending down (-0.3/month)
502130,Active,Silver,Madison,Personal Care,0.0035,0,Low,2.4117,Monitor (no paid action),0.0,No marketing emails opened in last 3m; Buys 0.7 categories/month; Preferred category: Personal Care
502151,Active,Gold,Madison,Household,0.0035,0,Low,2.3534,Monitor (no paid action),0.0,Transactions trending down (-0.4/month); 3.0 transactions/month (last 3m); Opened 0.3 emails/month before
501657,Active,Gold,Portland,Beverages,0.0035,0,Low,2.4509,Monitor (no paid action),0.0,Transactions trending down (-0.7/month); Opted in to marketing; App use was 0.3 sessions/month
500525,Active,Gold,Spokane,Personal Care,0.0034,0,Low,3.4771,Monitor (no paid action),0.0,Opted in to marketing; App use 1.3 sessions/month; Preferred category: Personal Care
501827,Active,Silver,Austin,Bakery,0.0034,0,Low,2.0873,Monitor (no paid action),0.0,No marketing emails opened in last 3m; Formal complaint in last 3m; Spend +148% vs prior 3m
500665,Active,Silver,Tulsa,Frozen Foods,0.0034,0,Low,3.0794,Monitor (no paid action),0.0,Transactions trending down (-0.9/month); 1 support tickets in last 3m; Opted in to marketing
500261,Active,Silver,Nashville,Bakery,0.0034,0,Low,2.5144,Monitor (no paid action),0.0,Only 1 transaction(s) last month; 1 support tickets in last 3m; Preferred category: Bakery
500393,Active,Silver,Austin,Dairy,0.0034,0,Low,3.7897,Monitor (no paid action),0.0,Transactions trending down (-0.5/month); Opted in to marketing; No coupons redeemed in last 3m
501816,Active,Silver,Austin,Snacks,0.0034,0,Low,4.5855,Monitor (no paid action),0.0,2 support tickets in last 3m; Opted in to marketing; App use -44% vs prior 3m
502019,Active,Silver,Raleigh,Frozen Foods,0.0033,0,Low,3.3399,Monitor (no paid action),0.0,2 support tickets in last 3m; Opted in to marketing; App use 1.0 sessions/month
501274,Active,Silver,Nashville,Beverages,0.0033,0,Low,2.2402,Monitor (no paid action),0.0,Opens 0.3 emails/month; Opted in to marketing; Transactions trending down (-0.4/month)
501083,Active,Silver,Portland,Snacks,0.0033,0,Low,0.8351,Monitor (no paid action),0.0,2.0 transactions/month (last 3m); Spend $42/month (last 3m); New member (<4 months of history)
502080,Active,Gold,Denver,Beverages,0.0032,0,Low,3.2858,Monitor (no paid action),0.0,Opens 0.3 emails/month; Formal complaint in last 3m; Home-store price tier: Value
501928,Active,Gold,Austin,Bakery,0.0032,0,Low,3.7113,Monitor (no paid action),0.0,Preferred category: Bakery; Opted in to marketing; Home-store price tier: Value
502558,Active,Silver,Raleigh,Frozen Foods,0.0032,0,Low,3.4617,Monitor (no paid action),0.0,Opted in to marketing; No coupons redeemed in last 3m; Home-store price tier: Value
501820,Active,Gold,Nashville,Produce,0.0032,0,Low,2.6438,Monitor (no paid action),0.0,Opted in to marketing; Transactions trending down (-0.4/month); No coupons redeemed in last 3m
500104,Active,Silver,Tulsa,Bakery,0.0031,0,Low,1.2979,Monitor (no paid action),0.0,Spend $69/month (last 3m); Preferred category: Bakery; Opted in to marketing
500685,Active,Silver,Madison,Bakery,0.0031,0,Low,2.5318,Monitor (no paid action),0.0,No marketing emails opened in last 3m; App use 0.5 sessions/month; Preferred category: Bakery
501888,Active,Silver,Boise,Personal Care,0.0031,0,Low,2.3427,Monitor (no paid action),0.0,Opted in to marketing; App use -44% vs prior 3m; Home-store price tier: Value
501584,Active,Silver,Columbus,Produce,0.0031,0,Low,1.7643,Monitor (no paid action),0.0,Opted in to marketing; City: Columbus; Spend +59% vs prior 3m
501586,Active,Silver,Raleigh,Beverages,0.0031,0,Low,1.6333,Monitor (no paid action),0.0,Only 2 transaction(s) last month; App use was 0.0 sessions/month; Home-store price tier: Value
502385,Active,Silver,Spokane,Snacks,0.0031,0,Low,2.6405,Monitor (no paid action),0.0,Only 1 transaction(s) last month; Transactions trending down (-0.6/month); Opted in to marketing
501832,Active,Silver,Portland,Household,0.0031,0,Low,2.9669,Monitor (no paid action),0.0,Formal complaint in last 3m; Opted in to marketing; App use trending down
500098,Active,Gold,Raleigh,Beverages,0.0031,0,Low,2.8204,Monitor (no paid action),0.0,App use -75% vs prior 3m; Opted in to marketing; Age unknown
501183,Active,Silver,Tulsa,Dairy,0.0031,0,Low,2.2858,Monitor (no paid action),0.0,No marketing emails opened in last 3m; No coupons redeemed in last 3m; Home-store price tier: Value
501150,Active,Silver,Boise,Household,0.003,0,Low,2.7974,Monitor (no paid action),0.0,1 support tickets in last 3m; Opted in to marketing; No coupons redeemed in last 3m
501456,Active,Silver,Austin,Bakery,0.003,0,Low,3.1082,Monitor (no paid action),0.0,Opens 0.3 emails/month; Preferred category: Bakery; App use -50% vs prior 3m
501234,Active,Gold,Denver,Snacks,0.003,0,Low,3.8345,Monitor (no paid action),0.0,No marketing emails opened in last 3m; Transactions trending down (-0.4/month); City: Denver
501290,Active,Silver,Boise,Snacks,0.003,0,Low,1.8087,Monitor (no paid action),0.0,No marketing emails opened in last 3m; App use was 0.0 sessions/month; Transactions trending down (-0.4/month)
502325,Active,Silver,Raleigh,Produce,0.003,0,Low,1.8592,Monitor (no paid action),0.0,Opted in to marketing; No coupons redeemed in last 3m; New member (<4 months of history)
501081,Active,Silver,Raleigh,Beverages,0.003,0,Low,5.1535,Monitor (no paid action),0.0,2 support tickets in last 3m; Opted in to marketing; Transactions trending down (-0.4/month)
501550,Active,Gold,Madison,Beverages,0.003,0,Low,3.33,Monitor (no paid action),0.0,Opens 0.3 emails/month; 1 support tickets in last 3m; Transactions trending down (-0.4/month)
500595,Active,Silver,Denver,Produce,0.0029,0,Low,2.9786,Monitor (no paid action),0.0,Opted in to marketing; App use 1.0 sessions/month; No coupons redeemed in last 3m
500184,Active,Gold,Nashville,Produce,0.0029,0,Low,3.602,Monitor (no paid action),0.0,Opted in to marketing; 3.0 transactions/month (last 3m); Home-store price tier: Value
502441,Active,Gold,Madison,Personal Care,0.0029,0,Low,1.4963,Monitor (no paid action),0.0,1.5 transactions/month (last 3m); Spend $39/month (last 3m); Buys 0.5 categories/month
500432,Active,Platinum,Madison,Dairy,0.0028,0,Low,1.7707,Monitor (no paid action),0.0,Only 1 transaction(s) last month; Opted in to marketing; App use 1.3 sessions/month
501677,Active,Silver,Denver,Bakery,0.0028,0,Low,1.9935,Monitor (no paid action),0.0,Opens 0.3 emails/month; Preferred category: Bakery; Spend $91/month (last 3m)
500369,Active,Platinum,Tulsa,Frozen Foods,0.0028,0,Low,3.6399,Monitor (no paid action),0.0,Formal complaint in last 3m; App use -82% vs prior 3m; Transactions trending down (-0.5/month)
502203,Active,Gold,Raleigh,Personal Care,0.0027,0,Low,2.9541,Monitor (no paid action),0.0,1 support tickets in last 3m; Transactions trending down (-0.4/month); Opens 0.7 emails/month
501717,Active,Platinum,Tulsa,Beverages,0.0027,0,Low,2.8224,Monitor (no paid action),0.0,No coupons redeemed in last 3m; Opened 0.0 emails/month before; 3.0 transactions/month (last 3m)
500923,Active,Silver,Columbus,Beverages,0.0027,0,Low,2.2984,Monitor (no paid action),0.0,Transactions trending down (-0.9/month); Opens 0.3 emails/month; Only 2 transaction(s) last month
502270,Active,Silver,Tulsa,Frozen Foods,0.0027,0,Low,2.9164,Monitor (no paid action),0.0,No marketing emails opened in last 3m; 1 support tickets in last 3m; Redeemed 0.0 coupons/month before
502317,Active,Silver,Columbus,Household,0.0027,0,Low,1.8402,Monitor (no paid action),0.0,App use 0.5 sessions/month; 1 support tickets in last 3m; Opted in to marketing
502129,Active,Gold,Boise,Personal Care,0.0027,0,Low,2.3914,Monitor (no paid action),0.0,2.5 transactions/month (last 3m); Opted in to marketing; 2 support tickets in 6m
501487,Active,Silver,Denver,Frozen Foods,0.0027,0,Low,3.2261,Monitor (no paid action),0.0,Opens 0.3 emails/month; Transactions trending down (-0.5/month); City: Denver
502084,Active,Silver,Columbus,Household,0.0027,0,Low,2.7821,Monitor (no paid action),0.0,Transactions trending down (-0.5/month); Opted in to marketing; New member (<4 months of history)
501109,Active,Gold,Portland,Beverages,0.0027,0,Low,2.6493,Monitor (no paid action),0.0,Transactions trending down (-0.5/month); 1 support tickets in last 3m; Opted in to marketing
501002,Active,Silver,Spokane,Beverages,0.0027,0,Low,2.9944,Monitor (no paid action),0.0,App use 0.3 sessions/month; Opens 0.3 emails/month; 0 formal complaints in 6m
501714,Active,Gold,Portland,Snacks,0.0026,0,Low,3.1194,Monitor (no paid action),0.0,2 support tickets in last 3m; Transactions trending down (-0.7/month); Opened 0.0 emails/month before
500296,Active,Gold,Denver,Dairy,0.0026,0,Low,3.0463,Monitor (no paid action),0.0,Opens 0.5 emails/month; No coupons redeemed in last 3m; New member (<4 months of history)
502082,Active,Silver,Columbus,Frozen Foods,0.0026,0,Low,2.6069,Monitor (no paid action),0.0,1 support tickets in last 3m; Opted in to marketing; No coupons redeemed in last 3m
500862,Active,Platinum,Spokane,Personal Care,0.0026,0,Low,1.639,Monitor (no paid action),0.0,2.0 transactions/month (last 3m); App use 0.7 sessions/month; Spend $69/month (last 3m)
501994,Active,Gold,Spokane,Beverages,0.0026,0,Low,3.157,Monitor (no paid action),0.0,2 support tickets in last 3m; Transactions trending down (-0.5/month); Opted in to marketing
502096,Active,Silver,Boise,Household,0.0026,0,Low,1.2401,Monitor (no paid action),0.0,Spend $71/month (last 3m); Opted in to marketing; App use -33% vs prior 3m
501686,Active,Silver,Austin,Beverages,0.0026,0,Low,3.093,Monitor (no paid action),0.0,Transactions trending down (-0.6/month); Opted in to marketing; Opens 0.7 emails/month
502282,Active,Gold,Nashville,Dairy,0.0026,0,Low,1.0039,Monitor (no paid action),0.0,Spend +300% vs prior 3m; Opted in to marketing; App use was 0.3 sessions/month
501678,Active,Silver,Austin,Produce,0.0026,0,Low,1.2971,Monitor (no paid action),0.0,No marketing emails opened in last 3m; Redeemed 0.0 coupons/month before; Spend $102/month (last 3m)
501136,Active,Silver,Madison,Snacks,0.0026,0,Low,2.0536,Monitor (no paid action),0.0,App use -62% vs prior 3m; Opted in to marketing; Buys 1.7 categories/month
501539,Active,Silver,Austin,Bakery,0.0025,0,Low,2.568,Monitor (no paid action),0.0,Opens 0.3 emails/month; 1 support tickets in last 3m; Preferred category: Bakery
501568,Active,Gold,Columbus,Personal Care,0.0025,0,Low,3.2772,Monitor (no paid action),0.0,Formal complaint in last 3m; Opted in to marketing; City: Columbus
501078,Active,Platinum,Madison,Dairy,0.0025,0,Low,2.9429,Monitor (no paid action),0.0,No transactions last month; Opted in to marketing; No coupons redeemed in last 3m
500753,Active,Silver,Nashville,Beverages,0.0024,0,Low,1.0679,Monitor (no paid action),0.0,No marketing emails opened in last 3m; Home-store price tier: Value; Redeemed 0.0 coupons/month before
502377,Active,Silver,Raleigh,Produce,0.0024,0,Low,3.0329,Monitor (no paid action),0.0,1 support tickets in last 3m; Opted in to marketing; Transactions trending down (-0.3/month)
500742,Active,Silver,Tulsa,Snacks,0.0024,0,Low,2.7431,Monitor (no paid action),0.0,Formal complaint in last 3m; Transactions trending down (-0.5/month); Opted in to marketing
500113,Active,Silver,Boise,Bakery,0.0024,0,Low,1.7631,Monitor (no paid action),0.0,Preferred category: Bakery; Opted in to marketing; Home-store price tier: Value
501512,Active,Silver,Austin,Personal Care,0.0024,0,Low,2.0273,Monitor (no paid action),0.0,Opted in to marketing; Transactions trending down (-0.3/month); Preferred category: Personal Care
501481,Active,Silver,Boise,Personal Care,0.0024,0,Low,1.345,Monitor (no paid action),0.0,Spend $65/month (last 3m); Only 2 transaction(s) last month; Opted in to marketing
500183,Active,Gold,Portland,Produce,0.0023,0,Low,0.9714,Monitor (no paid action),0.0,App use 0.3 sessions/month; Buys 0.7 categories/month; Opted in to marketing
500594,Active,Gold,Boise,Frozen Foods,0.0023,0,Low,1.1352,Monitor (no paid action),0.0,Opted in to marketing; 3.0 transactions/month (last 3m); Spend +61% vs prior 3m
501734,Active,Platinum,Portland,Dairy,0.0023,0,Low,2.1637,Monitor (no paid action),0.0,Opens 0.5 emails/month; App use 1.0 sessions/month; New member (<4 months of history)
502299,Active,Silver,Austin,Beverages,0.0023,0,Low,1.9998,Monitor (no paid action),0.0,No marketing emails opened in last 3m; 1 support tickets in last 3m; No coupons redeemed in last 3m
500774,Active,Silver,Denver,Household,0.0023,0,Low,3.0947,Monitor (no paid action),0.0,Transactions trending down (-0.8/month); Opted in to marketing; App use -22% vs prior 3m
500543,Active,Silver,Madison,Personal Care,0.0023,0,Low,3.3943,Monitor (no paid action),0.0,Transactions trending down (-1.2/month); 1 support tickets in last 3m; Opted in to marketing
500800,Active,Silver,Spokane,Personal Care,0.0023,0,Low,1.6714,Monitor (no paid action),0.0,Opens 0.3 emails/month; Home-store price tier: Value; App use 1.3 sessions/month
500515,Active,Platinum,Austin,Household,0.0023,0,Low,1.4969,Monitor (no paid action),0.0,Only 2 transaction(s) last month; Opted in to marketing; Spend +58% vs prior 3m
501416,Active,Silver,Portland,Personal Care,0.0023,0,Low,1.5582,Monitor (no paid action),0.0,No coupons redeemed in last 3m; New member (<4 months of history); Preferred category: Personal Care
501782,Active,Silver,Denver,Household,0.0023,0,Low,1.3751,Monitor (no paid action),0.0,Opted in to marketing; 3.0 transactions/month (last 3m); Home-store price tier: Value
501534,Active,Silver,Spokane,Produce,0.0023,0,Low,1.9864,Monitor (no paid action),0.0,Opens 0.3 emails/month; App use was 0.3 sessions/month; Home-store price tier: Value
501640,Active,Gold,Boise,Frozen Foods,0.0023,0,Low,4.6914,Monitor (no paid action),0.0,Transactions trending down (-3.5/month); Formal complaint in last 3m; Opted in to marketing
501357,Active,Silver,Columbus,Beverages,0.0022,0,Low,0.9713,Monitor (no paid action),0.0,No coupons redeemed in last 3m; City: Columbus; Spend +63% vs prior 3m
501501,Active,Gold,Boise,Household,0.0022,0,Low,3.0145,Monitor (no paid action),0.0,Transactions trending down (-1.0/month); Opens 0.3 emails/month; No coupons redeemed in last 3m
500766,Active,Silver,Portland,Household,0.0022,0,Low,1.6672,Monitor (no paid action),0.0,Formal complaint in last 3m; Opted in to marketing; Redeemed 0.0 coupons/month before
500181,Active,Gold,Spokane,Beverages,0.0022,0,Low,2.8773,Monitor (no paid action),0.0,Transactions trending down (-0.7/month); Opens 0.3 emails/month; Buys 1.3 categories/month
501775,Active,Gold,Raleigh,Snacks,0.0022,0,Low,1.3642,Monitor (no paid action),0.0,No marketing emails opened in last 3m; 43% of trips use a promotion; Spend +43% vs prior 3m
500447,Active,Silver,Tulsa,Personal Care,0.0022,0,Low,1.7428,Monitor (no paid action),0.0,No marketing emails opened in last 3m; No coupons redeemed in last 3m; App use 1.3 sessions/month
500033,Active,Silver,Nashville,Beverages,0.0022,0,Low,2.1002,Monitor (no paid action),0.0,Only 1 transaction(s) last month; Formal complaint in last 3m; Opted in to marketing
502083,Active,Silver,Columbus,Personal Care,0.0022,0,Low,0.9992,Monitor (no paid action),0.0,Buys 0.5 categories/month; 2.5 transactions/month (last 3m); Spend $65/month (last 3m)
500357,Active,Silver,Boise,Produce,0.0021,0,Low,1.4195,Monitor (no paid action),0.0,Transactions trending down (-0.8/month); Formal complaint in last 3m; Buys 0.7 categories/month
501780,Active,Silver,Columbus,Frozen Foods,0.0021,0,Low,2.9188,Monitor (no paid action),0.0,1 support tickets in last 3m; Opted in to marketing; No coupons redeemed in last 3m
502355,Active,Gold,Raleigh,Personal Care,0.0021,0,Low,2.546,Monitor (no paid action),0.0,No marketing emails opened in last 3m; Opted in to marketing; No coupons redeemed in last 3m
501843,Active,Silver,Madison,Dairy,0.0021,0,Low,1.4007,Monitor (no paid action),0.0,Opens 0.3 emails/month; App use -14% vs prior 3m; Buys 1.7 categories/month
500686,Active,Gold,Nashville,Frozen Foods,0.0021,0,Low,3.3347,Monitor (no paid action),0.0,Formal complaint in last 3m; Opted in to marketing; App use -29% vs prior 3m
500383,Active,Silver,Madison,Produce,0.0021,0,Low,1.5197,Monitor (no paid action),0.0,Opted in to marketing; No coupons redeemed in last 3m; App use 1.3 sessions/month
500912,Active,Platinum,Columbus,Dairy,0.0021,0,Low,3.5445,Monitor (no paid action),0.0,App use -67% vs prior 3m; 1 support tickets in last 3m; Opened 0.0 emails/month before
500332,Active,Platinum,Nashville,Household,0.0021,0,Low,3.5316,Monitor (no paid action),0.0,Transactions trending down (-0.5/month); New member (<4 months of history); Opens 0.7 emails/month
501151,Active,Gold,Spokane,Snacks,0.0021,0,Low,2.3564,Monitor (no paid action),0.0,1 support tickets in last 3m; Opted in to marketing; Transactions trending down (-0.4/month)
500115,Active,Gold,Austin,Dairy,0.002,0,Low,1.352,Monitor (no paid action),0.0,Opted in to marketing; App use -44% vs prior 3m; Gender: Unknown
502090,Active,Silver,Spokane,Snacks,0.002,0,Low,1.2498,Monitor (no paid action),0.0,Opted in to marketing; Redeemed 0.0 coupons/month before; Spend +41% vs prior 3m
500992,Active,Gold,Portland,Beverages,0.002,0,Low,1.4904,Monitor (no paid action),0.0,1 support tickets in last 3m; Opted in to marketing; No coupons redeemed in last 3m
502296,Active,Silver,Columbus,Dairy,0.002,0,Low,1.956,Monitor (no paid action),0.0,Formal complaint in last 3m; Opted in to marketing; City: Columbus
501450,Active,Gold,Austin,Produce,0.002,0,Low,1.6617,Monitor (no paid action),0.0,No marketing emails opened in last 3m; No coupons redeemed in last 3m; Home-store price tier: Value
501428,Active,Silver,Madison,Dairy,0.002,0,Low,1.6,Monitor (no paid action),0.0,Transactions trending down (-1.0/month); Opted in to marketing; Home-store price tier: Value
500379,Active,Silver,Tulsa,Dairy,0.002,0,Low,1.2815,Monitor (no paid action),0.0,Spend $65/month (last 3m); Opted in to marketing; Transactions trending down (-0.2/month)
501215,Active,Silver,Denver,Dairy,0.002,0,Low,2.0309,Monitor (no paid action),0.0,Opens 0.3 emails/month; Transactions trending down (-0.5/month); City: Denver
500071,Active,Gold,Portland,Snacks,0.002,0,Low,3.7579,Monitor (no paid action),0.0,No marketing emails opened in last 3m; Formal complaint in last 3m; Transactions trending down (-0.5/month)
502411,Active,Gold,Denver,Snacks,0.002,0,Low,1.9839,Monitor (no paid action),0.0,1 support tickets in last 3m; App use -47% vs prior 3m; Opted in to marketing
500064,Active,Gold,Spokane,Bakery,0.002,0,Low,2.3817,Monitor (no paid action),0.0,Opens 0.3 emails/month; 1 support tickets in last 3m; Preferred category: Bakery
502031,Active,Silver,Nashville,Frozen Foods,0.002,0,Low,2.1436,Monitor (no paid action),0.0,Opted in to marketing; Opened 0.0 emails/month before; App use -30% vs prior 3m
502109,Active,Gold,Portland,Frozen Foods,0.0019,0,Low,2.3471,Monitor (no paid action),0.0,2 support tickets in last 3m; Opted in to marketing; App use -36% vs prior 3m
502539,Active,Platinum,Spokane,Frozen Foods,0.0019,0,Low,1.98,Monitor (no paid action),0.0,App use was 0.0 sessions/month; Opted in to marketing; Buys 1.0 categories/month
500266,Active,Silver,Tulsa,Bakery,0.0019,0,Low,1.7029,Monitor (no paid action),0.0,1 support tickets in last 3m; Preferred category: Bakery; Opened 0.0 emails/month before
502188,Active,Silver,Tulsa,Produce,0.0019,0,Low,2.5644,Monitor (no paid action),0.0,Transactions trending down (-1.9/month); App use -52% vs prior 3m; Opted in to marketing
501950,Active,Platinum,Portland,Household,0.0019,0,Low,1.6369,Monitor (no paid action),0.0,Formal complaint in last 3m; Opted in to marketing; Buys 1.0 categories/month
501094,Active,Silver,Tulsa,Bakery,0.0019,0,Low,1.307,Monitor (no paid action),0.0,Transactions trending down (-1.0/month); Preferred category: Bakery; Opted in to marketing
502513,Active,Platinum,Tulsa,Beverages,0.0019,0,Low,1.7346,Monitor (no paid action),0.0,App use -55% vs prior 3m; No coupons redeemed in last 3m; Opens 0.7 emails/month
501201,Active,Silver,Raleigh,Frozen Foods,0.0019,0,Low,2.7505,Monitor (no paid action),0.0,No marketing emails opened in last 3m; No coupons redeemed in last 3m; Transactions trending down (-0.4/month)
500028,Active,Gold,Denver,Frozen Foods,0.0019,0,Low,2.4923,Monitor (no paid action),0.0,Transactions trending down (-1.1/month); 1 support tickets in last 3m; Opted in to marketing
501964,Active,Platinum,Boise,Household,0.0019,0,Low,1.4997,Monitor (no paid action),0.0,Opted in to marketing; Redeemed 0.0 coupons/month before; App use was 1.0 sessions/month
502189,Active,Silver,Columbus,Household,0.0019,0,Low,1.46,Monitor (no paid action),0.0,Only 1 transaction(s) last month; Opted in to marketing; No coupons redeemed in last 3m
501435,Active,Silver,Madison,Dairy,0.0018,0,Low,1.8499,Monitor (no paid action),0.0,Transactions trending down (-1.2/month); Opted in to marketing; No coupons redeemed in last 3m
500231,Active,Silver,Portland,Dairy,0.0018,0,Low,1.2516,Monitor (no paid action),0.0,Formal complaint in last 3m; Opted in to marketing; App use -29% vs prior 3m
502121,Active,Gold,Madison,Bakery,0.0018,0,Low,2.3983,Monitor (no paid action),0.0,Transactions trending down (-0.5/month); Preferred category: Bakery; Opted in to marketing
501958,Active,Silver,Madison,Beverages,0.0018,0,Low,1.4731,Monitor (no paid action),0.0,Opens 0.3 emails/month; Transactions trending down (-0.3/month); Buys 1.3 categories/month
501598,Active,Gold,Columbus,Produce,0.0018,0,Low,1.1517,Monitor (no paid action),0.0,App use -62% vs prior 3m; Opted in to marketing; City: Columbus
501315,Active,Silver,Denver,Personal Care,0.0018,0,Low,1.4436,Monitor (no paid action),0.0,1 support tickets in last 3m; Opens 0.7 emails/month; Preferred category: Personal Care
500489,Active,Gold,Columbus,Beverages,0.0018,0,Low,2.8848,Monitor (no paid action),0.0,Opens 0.3 emails/month; 1 support tickets in last 3m; City: Columbus
501301,Active,Silver,Madison,Produce,0.0018,0,Low,1.2112,Monitor (no paid action),0.0,App use -62% vs prior 3m; Opted in to marketing; Only 3 transaction(s) last month
500589,Active,Platinum,Boise,Bakery,0.0018,0,Low,1.8635,Monitor (no paid action),0.0,Preferred category: Bakery; 2.7 transactions/month (last 3m); Opted in to marketing
501800,Active,Silver,Nashville,Bakery,0.0018,0,Low,1.2802,Monitor (no paid action),0.0,Opens 0.3 emails/month; App use -82% vs prior 3m; 1 support tickets in last 3m
500305,Active,Silver,Boise,Dairy,0.0018,0,Low,1.2553,Monitor (no paid action),0.0,Opted in to marketing; App use -44% vs prior 3m; Buys 1.3 categories/month
501504,Active,Gold,Raleigh,Beverages,0.0018,0,Low,1.9378,Monitor (no paid action),0.0,1 support tickets in last 3m; Opted in to marketing; New member (<4 months of history)
502074,Active,Silver,Denver,Beverages,0.0018,0,Low,1.8013,Monitor (no paid action),0.0,Opens 0.3 emails/month; Formal complaint in last 3m; Opted in to marketing
501180,Active,Gold,Austin,Household,0.0017,0,Low,2.6586,Monitor (no paid action),0.0,No marketing emails opened in last 3m; Transactions trending down (-0.5/month); No coupons redeemed in last 3m
501577,Active,Gold,Nashville,Personal Care,0.0017,0,Low,1.9428,Monitor (no paid action),0.0,Opened 0.0 emails/month before; Transactions trending down (-0.4/month); Preferred category: Personal Care
501488,Active,Silver,Raleigh,Household,0.0017,0,Low,1.3588,Monitor (no paid action),0.0,App use -40% vs prior 3m; Opens 0.7 emails/month; Home-store price tier: Value
500934,Active,Platinum,Tulsa,Personal Care,0.0017,0,Low,1.493,Monitor (no paid action),0.0,Opened 0.0 emails/month before; App use 1.3 sessions/month; Preferred category: Personal Care
502398,Active,Gold,Austin,Household,0.0017,0,Low,1.1107,Monitor (no paid action),0.0,Opens 0.3 emails/month; Formal complaint in last 3m; App use was 0.3 sessions/month
501254,Active,Silver,Spokane,Produce,0.0017,0,Low,1.2829,Monitor (no paid action),0.0,App use -47% vs prior 3m; Opens 0.7 emails/month; Spend $96/month (last 3m)
501915,Active,Silver,Raleigh,Produce,0.0017,0,Low,1.9129,Monitor (no paid action),0.0,Transactions trending down (-0.5/month); Opted in to marketing; No coupons redeemed in last 3m
502328,Active,Silver,Spokane,Household,0.0017,0,Low,1.6132,Monitor (no paid action),0.0,Opens 0.3 emails/month; Home-store price tier: Value; App use 1.3 sessions/month
501624,Active,Gold,Spokane,Produce,0.0017,0,Low,1.4467,Monitor (no paid action),0.0,Opens 0.3 emails/month; Home-store price tier: Value; Redeemed 0.0 coupons/month before
501375,Active,Silver,Raleigh,Snacks,0.0017,0,Low,1.0464,Monitor (no paid action),0.0,App use -57% vs prior 3m; Opted in to marketing; Spend $102/month (last 3m)
502465,Active,Gold,Columbus,Snacks,0.0017,0,Low,1.5224,Monitor (no paid action),0.0,1 support tickets in last 3m; Transactions trending down (-0.4/month); Opted in to marketing
502077,Active,Gold,Austin,Bakery,0.0017,0,Low,1.7106,Monitor (no paid action),0.0,Preferred category: Bakery; Opted in to marketing; App use -30% vs prior 3m
500021,Active,Gold,Raleigh,Frozen Foods,0.0017,0,Low,1.435,Monitor (no paid action),0.0,Opens 0.3 emails/month; Transactions trending down (-0.6/month); Redeems 0.3 coupons/month
501934,Active,Gold,Raleigh,Personal Care,0.0016,0,Low,1.9986,Monitor (no paid action),0.0,No marketing emails opened in last 3m; Transactions trending down (-0.7/month); 1 support tickets in last 3m
501858,Active,Silver,Boise,Produce,0.0016,0,Low,1.8982,Monitor (no paid action),0.0,No marketing emails opened in last 3m; Formal complaint in last 3m; Home-store price tier: Value
500307,Active,Gold,Spokane,Snacks,0.0016,0,Low,1.073,Monitor (no paid action),0.0,No marketing emails opened in last 3m; Opted in to marketing; Buys 1.7 categories/month
501131,Active,Gold,Spokane,Beverages,0.0016,0,Low,2.2269,Monitor (no paid action),0.0,Transactions trending down (-0.8/month); Opted in to marketing; No coupons redeemed in last 3m
501497,Active,Silver,Austin,Personal Care,0.0016,0,Low,2.093,Monitor (no paid action),0.0,Transactions trending down (-0.5/month); Opted in to marketing; Opens 0.7 emails/month
500713,Active,Silver,Tulsa,Frozen Foods,0.0016,0,Low,1.4174,Monitor (no paid action),0.0,No marketing emails opened in last 3m; App use was 1.0 sessions/month; 36% of trips use a promotion
500629,Active,Gold,Columbus,Beverages,0.0016,0,Low,1.2971,Monitor (no paid action),0.0,Opens 0.3 emails/month; Only 2 transaction(s) last month; Spend +94% vs prior 3m
502309,Active,Gold,Austin,Personal Care,0.0016,0,Low,1.3249,Monitor (no paid action),0.0,Opted in to marketing; No coupons redeemed in last 3m; Home-store price tier: Value
502481,Active,Gold,Boise,Produce,0.0016,0,Low,1.6148,Monitor (no paid action),0.0,Opens 0.3 emails/month; App use -69% vs prior 3m; Opted in to marketing
500367,Active,Silver,Denver,Frozen Foods,0.0016,0,Low,0.8882,Monitor (no paid action),0.0,Opted in to marketing; Opened 0.3 emails/month before; Spend $98/month (last 3m)
502406,Active,Silver,Spokane,Snacks,0.0016,0,Low,1.1127,Monitor (no paid action),0.0,Opted in to marketing; Home-store price tier: Value; App use -14% vs prior 3m
502521,Active,Silver,Raleigh,Bakery,0.0016,0,Low,1.0047,Monitor (no paid action),0.0,Preferred category: Bakery; Opted in to marketing; Buys 1.7 categories/month
500059,Active,Silver,Madison,Household,0.0016,0,Low,1.3425,Monitor (no paid action),0.0,Formal complaint in last 3m; Only 2 transaction(s) last month; Opted in to marketing
500054,Active,Gold,Madison,Snacks,0.0016,0,Low,1.634,Monitor (no paid action),0.0,2 support tickets in last 3m; Spend +108% vs prior 3m; Opted in to marketing
501773,Active,Silver,Boise,Bakery,0.0016,0,Low,1.3548,Monitor (no paid action),0.0,Only 2 transaction(s) last month; Preferred category: Bakery; Opted in to marketing
500015,Active,Platinum,Raleigh,Personal Care,0.0016,0,Low,1.9575,Monitor (no paid action),0.0,Opted in to marketing; Buys 1.3 categories/month; Preferred category: Personal Care
502048,Active,Silver,Columbus,Snacks,0.0015,0,Low,1.9285,Monitor (no paid action),0.0,Spend +131% vs prior 3m; 1 support tickets in last 3m; Opted in to marketing
502334,Active,Silver,Boise,Beverages,0.0015,0,Low,1.072,Monitor (no paid action),0.0,3 support tickets in 6m; Opted in to marketing; Opens 0.7 emails/month
501593,Active,Silver,Boise,Bakery,0.0015,0,Low,1.0406,Monitor (no paid action),0.0,No marketing emails opened in last 3m; Only 2 transaction(s) last month; Preferred category: Bakery
502456,Active,Gold,Boise,Beverages,0.0015,0,Low,1.4766,Monitor (no paid action),0.0,1 support tickets in last 3m; Opted in to marketing; Transactions trending down (-0.4/month)
501101,Active,Silver,Boise,Frozen Foods,0.0015,0,Low,1.7491,Monitor (no paid action),0.0,Opted in to marketing; Home-store price tier: Value; App use -18% vs prior 3m
500526,Active,Gold,Madison,Snacks,0.0015,0,Low,0.7774,Monitor (no paid action),0.0,Opens 0.3 emails/month; App use was 0.7 sessions/month; Buys 1.7 categories/month
500338,Active,Silver,Austin,Beverages,0.0015,0,Low,1.282,Monitor (no paid action),0.0,2 support tickets in last 3m; No marketing emails opened in last 3m; App use -56% vs prior 3m
501000,Active,Gold,Austin,Beverages,0.0015,0,Low,1.8298,Monitor (no paid action),0.0,Opens 0.3 emails/month; No coupons redeemed in last 3m; Spend +81% vs prior 3m
500046,Active,Platinum,Boise,Bakery,0.0015,0,Low,2.7042,Monitor (no paid action),0.0,Preferred category: Bakery; Opted in to marketing; Opens 0.7 emails/month
501628,Active,Silver,Boise,Household,0.0015,0,Low,1.0482,Monitor (no paid action),0.0,Opted in to marketing; Home-store price tier: Value; Transactions trending down (-0.2/month)
501914,Active,Silver,Spokane,Beverages,0.0014,0,Low,1.7244,Monitor (no paid action),0.0,App use -94% vs prior 3m; Opted in to marketing; Transactions trending down (-0.4/month)
501741,Active,Platinum,Denver,Household,0.0014,0,Low,1.6215,Monitor (no paid action),0.0,Spend +184% vs prior 3m; 1 support tickets in last 3m; Opted in to marketing
501533,Active,Silver,Denver,Dairy,0.0014,0,Low,0.933,Monitor (no paid action),0.0,Opens 0.3 emails/month; Spend +149% vs prior 3m; 1 support tickets in last 3m
500789,Active,Gold,Denver,Snacks,0.0014,0,Low,1.2902,Monitor (no paid action),0.0,App use 0.3 sessions/month; Opted in to marketing; No coupons redeemed in last 3m
500154,Active,Gold,Spokane,Bakery,0.0014,0,Low,0.9835,Monitor (no paid action),0.0,Only 2 transaction(s) last month; Preferred category: Bakery; Opted in to marketing
502219,Active,Silver,Raleigh,Dairy,0.0014,0,Low,1.5405,Monitor (no paid action),0.0,Opted in to marketing; Opens 0.7 emails/month; Home-store price tier: Value
500480,Active,Silver,Raleigh,Produce,0.0014,0,Low,1.2415,Monitor (no paid action),0.0,Opted in to marketing; 2 support tickets in 6m; No coupons redeemed in last 3m
501546,Active,Platinum,Spokane,Beverages,0.0014,0,Low,1.2871,Monitor (no paid action),0.0,Opted in to marketing; Home-store price tier: Value; Buys 1.3 categories/month
501779,Active,Gold,Nashville,Dairy,0.0014,0,Low,0.8416,Monitor (no paid action),0.0,Opted in to marketing; Spend +70% vs prior 3m; 3.0 transactions/month (last 3m)
500859,Active,Silver,Spokane,Household,0.0014,0,Low,1.4371,Monitor (no paid action),0.0,Opted in to marketing; No coupons redeemed in last 3m; Buys 1.0 categories/month
500083,Active,Gold,Portland,Bakery,0.0014,0,Low,1.3724,Monitor (no paid action),0.0,1 support tickets in last 3m; Preferred category: Bakery; Opted in to marketing
502342,Active,Silver,Denver,Frozen Foods,0.0014,0,Low,1.627,Monitor (no paid action),0.0,No marketing emails opened in last 3m; App use -33% vs prior 3m; Spend +61% vs prior 3m
502135,Active,Silver,Denver,Frozen Foods,0.0014,0,Low,1.2838,Monitor (no paid action),0.0,1 support tickets in last 3m; Buys 0.7 categories/month; Opted in to marketing
500749,Active,Gold,Columbus,Dairy,0.0013,0,Low,0.8214,Monitor (no paid action),0.0,Opened 0.0 emails/month before; City: Columbus; Home-store price tier: Value
500016,Active,Platinum,Boise,Snacks,0.0013,0,Low,1.4644,Monitor (no paid action),0.0,Opens 0.5 emails/month; Opted in to marketing; Home-store price tier: Value
501174,Active,Silver,Spokane,Dairy,0.0013,0,Low,0.8184,Monitor (no paid action),0.0,Only 2 transaction(s) last month; Opted in to marketing; Age unknown
500993,Active,Gold,Tulsa,Beverages,0.0013,0,Low,1.028,Monitor (no paid action),0.0,Opens 0.3 emails/month; 1 support tickets in last 3m; No coupons redeemed in last 3m
501676,Active,Gold,Columbus,Personal Care,0.0013,0,Low,1.3241,Monitor (no paid action),0.0,Opted in to marketing; No coupons redeemed in last 3m; New member (<4 months of history)
502549,Active,Platinum,Nashville,Frozen Foods,0.0013,0,Low,1.4923,Monitor (no paid action),0.0,Formal complaint in last 3m; Opted in to marketing; Transactions trending down (-0.4/month)
501967,Active,Gold,Portland,Beverages,0.0013,0,Low,0.6476,Monitor (no paid action),0.0,2.7 transactions/month (last 3m); Opted in to marketing; Spend $85/month (last 3m)
500810,Active,Silver,Boise,Bakery,0.0013,0,Low,1.9375,Monitor (no paid action),0.0,Opens 0.3 emails/month; Preferred category: Bakery; App use -17% vs prior 3m
500846,Active,Silver,Raleigh,Frozen Foods,0.0013,0,Low,1.167,Monitor (no paid action),0.0,Opted in to marketing; Buys 1.7 categories/month; Redeems 0.3 coupons/month
500328,Active,Silver,Tulsa,Dairy,0.0013,0,Low,1.3861,Monitor (no paid action),0.0,Opted in to marketing; App use -37% vs prior 3m; Home-store price tier: Value
500617,Active,Platinum,Raleigh,Frozen Foods,0.0013,0,Low,2.2876,Monitor (no paid action),0.0,No marketing emails opened in last 3m; Transactions trending down (-0.4/month); Buys 1.0 categories/month
500435,Active,Silver,Boise,Produce,0.0013,0,Low,0.6562,Monitor (no paid action),0.0,No marketing emails opened in last 3m; 2 support tickets in 6m; Spend $82/month (last 3m)
500110,Active,Platinum,Madison,Snacks,0.0013,0,Low,2.5834,Monitor (no paid action),0.0,Formal complaint in last 3m; App use -40% vs prior 3m; Opens 0.7 emails/month
501946,Active,Gold,Tulsa,Produce,0.0013,0,Low,1.1663,Monitor (no paid action),0.0,Formal complaint in last 3m; Opted in to marketing; New member (<4 months of history)
502357,Active,Gold,Denver,Frozen Foods,0.0013,0,Low,0.7262,Monitor (no paid action),0.0,Opted in to marketing; Spend $85/month (last 3m); Home-store price tier: Value
502146,Active,Silver,Tulsa,Bakery,0.0013,0,Low,1.1836,Monitor (no paid action),0.0,Opens 0.3 emails/month; Preferred category: Bakery; Buys 1.3 categories/month
501330,Active,Gold,Boise,Produce,0.0013,0,Low,1.6611,Monitor (no paid action),0.0,Opens 0.3 emails/month; 1 support tickets in last 3m; No coupons redeemed in last 3m
501309,Active,Silver,Nashville,Snacks,0.0013,0,Low,1.0634,Monitor (no paid action),0.0,1 support tickets in last 3m; Opted in to marketing; App use -22% vs prior 3m
501020,Active,Silver,Raleigh,Frozen Foods,0.0013,0,Low,0.5514,Monitor (no paid action),0.0,2.0 transactions/month (last 3m); Spend $47/month (last 3m); Opted in to marketing
500898,Active,Silver,Spokane,Bakery,0.0013,0,Low,0.7032,Monitor (no paid action),0.0,Preferred category: Bakery; Opted in to marketing; Spend $85/month (last 3m)
501707,Active,Gold,Nashville,Personal Care,0.0013,0,Low,1.8646,Monitor (no paid action),0.0,2 support tickets in last 3m; Opted in to marketing; Transactions trending down (-0.3/month)
502069,Active,Silver,Nashville,Bakery,0.0013,0,Low,0.8071,Monitor (no paid action),0.0,Preferred category: Bakery; Opted in to marketing; Spend $75/month (last 3m)
501321,Active,Gold,Columbus,Beverages,0.0012,0,Low,1.0985,Monitor (no paid action),0.0,App use 0.7 sessions/month; Opted in to marketing; Buys 1.0 categories/month
501702,Active,Gold,Portland,Produce,0.0012,0,Low,1.5131,Monitor (no paid action),0.0,2 support tickets in last 3m; Opted in to marketing; App use -14% vs prior 3m
502040,Active,Silver,Austin,Beverages,0.0012,0,Low,1.2313,Monitor (no paid action),0.0,Opted in to marketing; Transactions trending down (-0.3/month); Home-store price tier: Value
502417,Active,Gold,Spokane,Snacks,0.0012,0,Low,0.6008,Monitor (no paid action),0.0,App use -58% vs prior 3m; Opted in to marketing; No coupons redeemed in last 3m
501996,Active,Gold,Raleigh,Beverages,0.0012,0,Low,1.088,Monitor (no paid action),0.0,Opted in to marketing; Home-store price tier: Value; Transactions trending down (-0.3/month)
500809,Active,Gold,Spokane,Bakery,0.0012,0,Low,0.9555,Monitor (no paid action),0.0,Opens 0.3 emails/month; App use -58% vs prior 3m; Preferred category: Bakery
502572,Active,Platinum,Denver,Snacks,0.0012,0,Low,1.3567,Monitor (no paid action),0.0,3 support tickets in 6m; Opted in to marketing; City: Denver
500858,Active,Silver,Nashville,Snacks,0.0012,0,Low,1.1454,Monitor (no paid action),0.0,3 support tickets in 6m; App use was 0.7 sessions/month; Home-store price tier: Value
500497,Active,Gold,Madison,Household,0.0012,0,Low,1.4176,Monitor (no paid action),0.0,No marketing emails opened in last 3m; Formal complaint in last 3m; Buys 1.0 categories/month
501937,Active,Gold,Spokane,Frozen Foods,0.0012,0,Low,0.9688,Monitor (no paid action),0.0,Opens 0.3 emails/month; Spend +109% vs prior 3m; App use was 0.7 sessions/month
500318,Active,Silver,Tulsa,Snacks,0.0012,0,Low,1.1012,Monitor (no paid action),0.0,Opted in to marketing; No coupons redeemed in last 3m; Home-store price tier: Value
501581,Active,Silver,Tulsa,Personal Care,0.0012,0,Low,0.6236,Monitor (no paid action),0.0,Opens 0.3 emails/month; Spend +74% vs prior 3m; Redeemed 0.0 coupons/month before
502064,Active,Silver,Tulsa,Beverages,0.0012,0,Low,1.6621,Monitor (no paid action),0.0,Opted in to marketing; App use -27% vs prior 3m; Transactions trending down (-0.3/month)
501597,Active,Gold,Raleigh,Dairy,0.0012,0,Low,1.0716,Monitor (no paid action),0.0,Transactions trending down (-0.4/month); Opted in to marketing; Only 3 transaction(s) last month
501572,Active,Platinum,Boise,Bakery,0.0012,0,Low,3.0273,Monitor (no paid action),0.0,Transactions trending down (-2.0/month); Opens 0.3 emails/month; 1 support tickets in last 3m
501011,Active,Gold,Columbus,Personal Care,0.0011,0,Low,0.4773,Monitor (no paid action),0.0,Spend +148% vs prior 3m; 2.3 transactions/month (last 3m); Opted in to marketing
502392,Active,Platinum,Austin,Bakery,0.0011,0,Low,1.1847,Monitor (no paid action),0.0,Only 2 transaction(s) last month; Preferred category: Bakery; New member (<4 months of history)
501143,Active,Platinum,Austin,Bakery,0.0011,0,Low,2.0255,Monitor (no paid action),0.0,No marketing emails opened in last 3m; Preferred category: Bakery; Transactions trending down (-0.4/month)
501054,Active,Gold,Columbus,Beverages,0.0011,0,Low,1.4141,Monitor (no paid action),0.0,Opens 0.3 emails/month; City: Columbus; Home-store price tier: Value
501519,Active,Platinum,Raleigh,Personal Care,0.0011,0,Low,1.4756,Monitor (no paid action),0.0,App use -60% vs prior 3m; Opted in to marketing; Preferred category: Personal Care
501130,Active,Silver,Tulsa,Dairy,0.0011,0,Low,0.8328,Monitor (no paid action),0.0,Opted in to marketing; Buys 1.3 categories/month; Redeemed 0.0 coupons/month before
500275,Active,Gold,Boise,Produce,0.0011,0,Low,0.9507,Monitor (no paid action),0.0,Opted in to marketing; Spend $99/month (last 3m); 3.3 transactions/month (last 3m)
500705,Active,Silver,Raleigh,Dairy,0.0011,0,Low,0.6511,Monitor (no paid action),0.0,1 support tickets in last 3m; Opted in to marketing; Spend +61% vs prior 3m
500300,Active,Silver,Boise,Household,0.0011,0,Low,0.8897,Monitor (no paid action),0.0,App use -57% vs prior 3m; Opted in to marketing; Home-store price tier: Value
500368,Active,Silver,Columbus,Household,0.0011,0,Low,1.4347,Monitor (no paid action),0.0,Opens 0.3 emails/month; 1 support tickets in last 3m; Opted in to marketing
500166,Active,Silver,Boise,Dairy,0.0011,0,Low,0.3582,Monitor (no paid action),0.0,Only 1 transaction(s) last month; Spend $67/month (last 3m); Opted in to marketing
501585,Active,Platinum,Madison,Household,0.0011,0,Low,1.206,Monitor (no paid action),0.0,Spend +300% vs prior 3m; No marketing emails opened in last 3m; Only 3 transaction(s) last month
501424,Active,Gold,Portland,Bakery,0.0011,0,Low,0.6094,Monitor (no paid action),0.0,Preferred category: Bakery; App use -50% vs prior 3m; Opted in to marketing
500506,Active,Gold,Raleigh,Snacks,0.001,0,Low,1.1768,Monitor (no paid action),0.0,App use -60% vs prior 3m; Opted in to marketing; No coupons redeemed in last 3m
501721,Active,Gold,Portland,Dairy,0.001,0,Low,0.9853,Monitor (no paid action),0.0,1 support tickets in last 3m; Opted in to marketing; Transactions trending down (-0.3/month)
502271,Active,Gold,Raleigh,Frozen Foods,0.001,0,Low,1.1148,Monitor (no paid action),0.0,Opted in to marketing; Transactions trending down (-0.4/month); Only 3 transaction(s) last month
500162,Active,Gold,Tulsa,Dairy,0.001,0,Low,1.3549,Monitor (no paid action),0.0,No marketing emails opened in last 3m; Age unknown; New member (<4 months of history)
502165,Active,Gold,Tulsa,Personal Care,0.001,0,Low,1.1719,Monitor (no paid action),0.0,5 support tickets in 6m; Transactions trending down (-0.8/month); Opted in to marketing
501182,Active,Silver,Portland,Household,0.001,0,Low,0.6051,Monitor (no paid action),0.0,Transactions trending down (-0.5/month); Opted in to marketing; No coupons redeemed in last 3m
501462,Active,Gold,Denver,Frozen Foods,0.001,0,Low,1.2211,Monitor (no paid action),0.0,Formal complaint in last 3m; Spend +147% vs prior 3m; App use -57% vs prior 3m
500474,Active,Gold,Austin,Snacks,0.001,0,Low,1.2801,Monitor (no paid action),0.0,Opens 0.3 emails/month; No coupons redeemed in last 3m; App use -33% vs prior 3m
502177,Active,Silver,Spokane,Snacks,0.001,0,Low,1.1224,Monitor (no paid action),0.0,Opens 0.3 emails/month; App use -78% vs prior 3m; 0 formal complaints in 6m
500747,Active,Gold,Denver,Household,0.001,0,Low,1.0359,Monitor (no paid action),0.0,Opens 0.3 emails/month; App use -30% vs prior 3m; City: Denver
500500,Active,Silver,Denver,Bakery,0.001,0,Low,0.3963,Monitor (no paid action),0.0,Opens 0.3 emails/month; Preferred category: Bakery; Spend $70/month (last 3m)
502231,Active,Gold,Madison,Personal Care,0.001,0,Low,0.8744,Monitor (no paid action),0.0,Formal complaint in last 3m; Opted in to marketing; Preferred category: Personal Care
501629,Active,Silver,Denver,Beverages,0.001,0,Low,0.5652,Monitor (no paid action),0.0,2 support tickets in last 3m; Opted in to marketing; Home-store price tier: Value
501841,Active,Gold,Tulsa,Bakery,0.0009,0,Low,0.8137,Monitor (no paid action),0.0,Preferred category: Bakery; Opted in to marketing; No coupons redeemed in last 3m
501956,Active,Platinum,Nashville,Beverages,0.0009,0,Low,1.6829,Monitor (no paid action),0.0,Formal complaint in last 3m; App use -46% vs prior 3m; Opted in to marketing
500784,Active,Silver,Columbus,Snacks,0.0009,0,Low,1.0439,Monitor (no paid action),0.0,Transactions trending down (-0.9/month); No coupons redeemed in last 3m; Age unknown
502405,Active,Gold,Austin,Beverages,0.0009,0,Low,0.5046,Monitor (no paid action),0.0,Opens 0.3 emails/month; Home-store price tier: Value; Redeemed 0.0 coupons/month before
500360,Active,Platinum,Boise,Dairy,0.0009,0,Low,1.1811,Monitor (no paid action),0.0,Transactions trending down (-0.7/month); Opted in to marketing; Opens 0.7 emails/month
501178,Active,Silver,Portland,Personal Care,0.0009,0,Low,0.8277,Monitor (no paid action),0.0,Opens 0.7 emails/month; Buys 1.3 categories/month; Preferred category: Personal Care
501041,Active,Silver,Raleigh,Dairy,0.0009,0,Low,1.046,Monitor (no paid action),0.0,Opted in to marketing; Home-store price tier: Value; Redeemed 0.0 coupons/month before
501751,Active,Gold,Portland,Bakery,0.0009,0,Low,0.7801,Monitor (no paid action),0.0,1 support tickets in last 3m; Preferred category: Bakery; App use -22% vs prior 3m
501648,Active,Gold,Columbus,Frozen Foods,0.0009,0,Low,0.745,Monitor (no paid action),0.0,Transactions trending down (-0.5/month); Opted in to marketing; City: Columbus
501074,Active,Silver,Denver,Produce,0.0009,0,Low,0.7983,Monitor (no paid action),0.0,No marketing emails opened in last 3m; No coupons redeemed in last 3m; App use -27% vs prior 3m
500485,Active,Gold,Portland,Frozen Foods,0.0009,0,Low,0.6885,Monitor (no paid action),0.0,Spend +103% vs prior 3m; Opted in to marketing; App use -22% vs prior 3m
502286,Active,Platinum,Spokane,Frozen Foods,0.0009,0,Low,0.9451,Monitor (no paid action),0.0,2 support tickets in last 3m; Opted in to marketing; App use -37% vs prior 3m
501035,Active,Silver,Portland,Snacks,0.0009,0,Low,0.6722,Monitor (no paid action),0.0,No coupons redeemed in last 3m; Age unknown; Only 3 transaction(s) last month
501851,Active,Gold,Portland,Dairy,0.0009,0,Low,0.687,Monitor (no paid action),0.0,Opens 0.7 emails/month; Home-store price tier: Value; Buys 1.3 categories/month
500616,Active,Gold,Austin,Beverages,0.0009,0,Low,0.7437,Monitor (no paid action),0.0,Opted in to marketing; 46% of trips use a promotion; App use was 1.3 sessions/month
500304,Active,Platinum,Nashville,Frozen Foods,0.0009,0,Low,1.0883,Monitor (no paid action),0.0,Opens 0.3 emails/month; App use -20% vs prior 3m; Redeems 0.3 coupons/month
500171,Active,Silver,Spokane,Bakery,0.0008,0,Low,1.3807,Monitor (no paid action),0.0,No marketing emails opened in last 3m; Preferred category: Bakery; App use -29% vs prior 3m
500811,Active,Gold,Portland,Produce,0.0008,0,Low,1.0712,Monitor (no paid action),0.0,Opted in to marketing; Home-store price tier: Value; App use -17% vs prior 3m
500206,Active,Gold,Raleigh,Produce,0.0008,0,Low,1.0437,Monitor (no paid action),0.0,Opens 0.7 emails/month; Home-store price tier: Value; Only 3 transaction(s) last month
501025,Active,Silver,Raleigh,Personal Care,0.0008,0,Low,0.7483,Monitor (no paid action),0.0,Opted in to marketing; Preferred category: Personal Care; Transactions trending down (-0.3/month)
500821,Active,Platinum,Denver,Bakery,0.0008,0,Low,1.022,Monitor (no paid action),0.0,App use 0.3 sessions/month; Preferred category: Bakery; Opted in to marketing
502575,Active,Silver,Tulsa,Personal Care,0.0008,0,Low,1.2499,Monitor (no paid action),0.0,Formal complaint in last 3m; Opted in to marketing; New member (<4 months of history)
501690,Active,Silver,Portland,Frozen Foods,0.0008,0,Low,0.6069,Monitor (no paid action),0.0,Transactions trending down (-0.5/month); Opted in to marketing; New member (<4 months of history)
501323,Active,Silver,Raleigh,Dairy,0.0008,0,Low,0.7998,Monitor (no paid action),0.0,2 support tickets in last 3m; Transactions trending down (-0.8/month); Opted in to marketing
500174,Active,Silver,Portland,Dairy,0.0008,0,Low,0.8022,Monitor (no paid action),0.0,Opted in to marketing; App use 1.3 sessions/month; 36% of trips use a promotion
500297,Active,Platinum,Austin,Frozen Foods,0.0008,0,Low,0.6826,Monitor (no paid action),0.0,Opted in to marketing; No coupons redeemed in last 3m; App use was 0.3 sessions/month
500605,Active,Platinum,Raleigh,Bakery,0.0008,0,Low,1.1537,Monitor (no paid action),0.0,App use -71% vs prior 3m; Transactions trending down (-0.5/month); Preferred category: Bakery
501448,Active,Gold,Tulsa,Beverages,0.0008,0,Low,0.8012,Monitor (no paid action),0.0,Transactions trending down (-0.5/month); Opted in to marketing; No coupons redeemed in last 3m
501757,Active,Silver,Spokane,Beverages,0.0008,0,Low,0.4372,Monitor (no paid action),0.0,App use was 1.0 sessions/month; Opened 0.7 emails/month before; 0 formal complaints in 6m
500960,Active,Silver,Nashville,Produce,0.0008,0,Low,0.706,Monitor (no paid action),0.0,3 support tickets in 6m; App use -56% vs prior 3m; Opted in to marketing
500711,Active,Gold,Spokane,Produce,0.0008,0,Low,0.6731,Monitor (no paid action),0.0,No marketing emails opened in last 3m; Home-store price tier: Value; Spend +31% vs prior 3m
502298,Active,Gold,Denver,Household,0.0008,0,Low,0.6676,Monitor (no paid action),0.0,Opted in to marketing; Opens 0.7 emails/month; Home-store price tier: Value
500331,Active,Silver,Raleigh,Personal Care,0.0008,0,Low,0.9629,Monitor (no paid action),0.0,Only 2 transaction(s) last month; Opted in to marketing; Buys 1.3 categories/month
500423,Active,Platinum,Boise,Snacks,0.0008,0,Low,1.0967,Monitor (no paid action),0.0,Transactions trending down (-0.5/month); Opted in to marketing; App use 1.5 sessions/month
501057,Active,Silver,Nashville,Produce,0.0008,0,Low,0.9259,Monitor (no paid action),0.0,2 support tickets in last 3m; Transactions trending down (-0.7/month); Opened 0.0 emails/month before
501009,Active,Gold,Boise,Bakery,0.0008,0,Low,1.0672,Monitor (no paid action),0.0,Opens 0.3 emails/month; 1 support tickets in last 3m; Preferred category: Bakery
500668,Active,Silver,Nashville,Beverages,0.0008,0,Low,0.6365,Monitor (no paid action),0.0,Formal complaint in last 3m; Opted in to marketing; 46% of trips use a promotion
500548,Active,Silver,Boise,Personal Care,0.0008,0,Low,0.5277,Monitor (no paid action),0.0,No marketing emails opened in last 3m; Home-store price tier: Value; Preferred category: Personal Care
500554,Active,Platinum,Portland,Household,0.0008,0,Low,0.8333,Monitor (no paid action),0.0,3 support tickets in last 3m; Opted in to marketing; App use -37% vs prior 3m
502042,Active,Gold,Columbus,Household,0.0007,0,Low,0.7322,Monitor (no paid action),0.0,Opens 0.5 emails/month; Opted in to marketing; City: Columbus
501359,Active,Gold,Columbus,Bakery,0.0007,0,Low,1.0784,Monitor (no paid action),0.0,Preferred category: Bakery; Opted in to marketing; City: Columbus
500730,Active,Platinum,Raleigh,Beverages,0.0007,0,Low,1.3622,Monitor (no paid action),0.0,Transactions trending down (-0.5/month); App use -48% vs prior 3m; Opted in to marketing
501846,Active,Silver,Madison,Household,0.0007,0,Low,0.9429,Monitor (no paid action),0.0,Transactions trending down (-1.1/month); No marketing emails opened in last 3m; Home-store price tier: Value
501188,Active,Silver,Raleigh,Dairy,0.0007,0,Low,1.083,Monitor (no paid action),0.0,Opens 0.3 emails/month; App use -44% vs prior 3m; Transactions trending down (-0.2/month)
502360,Active,Silver,Tulsa,Dairy,0.0007,0,Low,1.1299,Monitor (no paid action),0.0,Transactions trending down (-1.6/month); Opens 0.5 emails/month; Home-store price tier: Value
502475,Active,Gold,Raleigh,Frozen Foods,0.0007,0,Low,0.5361,Monitor (no paid action),0.0,App use -62% vs prior 3m; Opted in to marketing; Opens 0.7 emails/month
501124,Active,Gold,Austin,Dairy,0.0007,0,Low,0.8991,Monitor (no paid action),0.0,Opted in to marketing; Home-store price tier: Value; Redeemed 0.0 coupons/month before
502212,Active,Silver,Boise,Frozen Foods,0.0007,0,Low,0.3743,Monitor (no paid action),0.0,Spend +139% vs prior 3m; App use 0.7 sessions/month; Opted in to marketing
500192,Active,Silver,Spokane,Beverages,0.0007,0,Low,0.3811,Monitor (no paid action),0.0,Opted in to marketing; Spend +79% vs prior 3m; App use was 0.7 sessions/month
501865,Active,Gold,Boise,Bakery,0.0007,0,Low,0.4685,Monitor (no paid action),0.0,1 support tickets in last 3m; Preferred category: Bakery; App use -46% vs prior 3m
502427,Active,Gold,Tulsa,Bakery,0.0007,0,Low,0.9668,Monitor (no paid action),0.0,No marketing emails opened in last 3m; Preferred category: Bakery; 2 support tickets in 6m
500726,Active,Silver,Tulsa,Frozen Foods,0.0007,0,Low,0.4674,Monitor (no paid action),0.0,Opens 0.3 emails/month; App use was 1.3 sessions/month; 0 formal complaints in 6m
500351,Active,Gold,Madison,Household,0.0007,0,Low,0.6927,Monitor (no paid action),0.0,1 support tickets in last 3m; Spend +109% vs prior 3m; Opted in to marketing
501105,Active,Silver,Nashville,Frozen Foods,0.0007,0,Low,0.9931,Monitor (no paid action),0.0,App use -50% vs prior 3m; Opens 0.7 emails/month; Home-store price tier: Value
500229,Active,Silver,Tulsa,Produce,0.0007,0,Low,0.2694,Monitor (no paid action),0.0,2.0 transactions/month (last 3m); Spend $56/month (last 3m); App use was 0.0 sessions/month
501912,Active,Platinum,Nashville,Beverages,0.0007,0,Low,0.6095,Monitor (no paid action),0.0,App use 0.3 sessions/month; Opted in to marketing; Home-store price tier: Value
502065,Active,Silver,Tulsa,Frozen Foods,0.0007,0,Low,0.3893,Monitor (no paid action),0.0,App use -55% vs prior 3m; Opted in to marketing; Redeems 0.3 coupons/month
502159,Active,Silver,Tulsa,Produce,0.0007,0,Low,0.3415,Monitor (no paid action),0.0,Opted in to marketing; App use 1.0 sessions/month; New member (<4 months of history)
500825,Active,Silver,Portland,Bakery,0.0007,0,Low,0.4318,Monitor (no paid action),0.0,Preferred category: Bakery; No coupons redeemed in last 3m; New member (<4 months of history)
501498,Active,Silver,Nashville,Bakery,0.0007,0,Low,0.4243,Monitor (no paid action),0.0,Spend +121% vs prior 3m; Preferred category: Bakery; Opted in to marketing
502236,Active,Silver,Portland,Produce,0.0007,0,Low,0.4193,Monitor (no paid action),0.0,Transactions trending down (-1.3/month); Opted in to marketing; App use -36% vs prior 3m
501400,Active,Gold,Austin,Dairy,0.0007,0,Low,0.7151,Monitor (no paid action),0.0,Opens 0.3 emails/month; 1 support tickets in last 3m; App use 1.3 sessions/month
502474,Active,Gold,Columbus,Personal Care,0.0007,0,Low,0.5493,Monitor (no paid action),0.0,Spend +105% vs prior 3m; City: Columbus; Home-store price tier: Value
500312,Active,Silver,Columbus,Produce,0.0007,0,Low,1.0348,Monitor (no paid action),0.0,No marketing emails opened in last 3m; 1 support tickets in last 3m; Transactions trending down (-0.4/month)
501482,Active,Silver,Nashville,Personal Care,0.0007,0,Low,0.2959,Monitor (no paid action),0.0,No marketing emails opened in last 3m; Spend +94% vs prior 3m; App use was 0.7 sessions/month
502289,Active,Gold,Madison,Bakery,0.0007,0,Low,1.0643,Monitor (no paid action),0.0,App use -67% vs prior 3m; Preferred category: Bakery; Opted in to marketing
501637,Active,Silver,Boise,Produce,0.0006,0,Low,0.8187,Monitor (no paid action),0.0,Opens 0.5 emails/month; Opted in to marketing; No coupons redeemed in last 3m
500288,Active,Gold,Denver,Personal Care,0.0006,0,Low,0.6363,Monitor (no paid action),0.0,Buys 0.5 categories/month; App use was 0.0 sessions/month; Opted in to marketing
500863,Active,Gold,Austin,Produce,0.0006,0,Low,0.7994,Monitor (no paid action),0.0,Transactions trending down (-1.6/month); Opens 0.3 emails/month; Buys 1.0 categories/month
501664,Active,Gold,Raleigh,Beverages,0.0006,0,Low,0.2558,Monitor (no paid action),0.0,Opens 0.5 emails/month; App use was 0.0 sessions/month; Buys 1.0 categories/month
501381,Active,Gold,Portland,Snacks,0.0006,0,Low,0.6344,Monitor (no paid action),0.0,No marketing emails opened in last 3m; Home-store price tier: Value; Spend +50% vs prior 3m
501283,Active,Silver,Tulsa,Dairy,0.0006,0,Low,1.1667,Monitor (no paid action),0.0,App use -62% vs prior 3m; 1 support tickets in last 3m; Opened 0.0 emails/month before
502588,Active,Gold,Madison,Household,0.0006,0,Low,0.7968,Monitor (no paid action),0.0,1 support tickets in last 3m; Opted in to marketing; Redeemed 0.0 coupons/month before
501642,Active,Platinum,Madison,Personal Care,0.0006,0,Low,0.6447,Monitor (no paid action),0.0,Opted in to marketing; No coupons redeemed in last 3m; Preferred category: Personal Care
500646,Active,Gold,Columbus,Bakery,0.0006,0,Low,1.0583,Monitor (no paid action),0.0,Opens 0.3 emails/month; Only 2 transaction(s) last month; Preferred category: Bakery
500888,Active,Platinum,Tulsa,Personal Care,0.0006,0,Low,0.5432,Monitor (no paid action),0.0,Opens 0.3 emails/month; Preferred category: Personal Care; Spend +50% vs prior 3m
501222,Active,Silver,Spokane,Frozen Foods,0.0006,0,Low,0.3184,Monitor (no paid action),0.0,Spend +107% vs prior 3m; Only 2 transaction(s) last month; Opted in to marketing
501796,Active,Silver,Raleigh,Dairy,0.0006,0,Low,0.3669,Monitor (no paid action),0.0,Opted in to marketing; App use -17% vs prior 3m; Average basket $18
501898,Active,Silver,Tulsa,Produce,0.0006,0,Low,0.4178,Monitor (no paid action),0.0,App use was 0.0 sessions/month; Opted in to marketing; Home-store price tier: Value
501327,Active,Gold,Austin,Beverages,0.0006,0,Low,0.5163,Monitor (no paid action),0.0,1 support tickets in last 3m; Opted in to marketing; 45% of trips use a promotion
500664,Active,Silver,Austin,Frozen Foods,0.0006,0,Low,0.4886,Monitor (no paid action),0.0,Opted in to marketing; Home-store price tier: Value; 37% of trips use a promotion
501704,Active,Gold,Nashville,Snacks,0.0006,0,Low,0.5766,Monitor (no paid action),0.0,App use -75% vs prior 3m; Opted in to marketing; Redeemed 0.0 coupons/month before
500687,Active,Platinum,Madison,Household,0.0006,0,Low,0.6122,Monitor (no paid action),0.0,1 support tickets in last 3m; Opted in to marketing; App use -44% vs prior 3m
502028,Active,Silver,Spokane,Dairy,0.0006,0,Low,0.4857,Monitor (no paid action),0.0,2 support tickets in last 3m; Opted in to marketing; 34% of trips use a promotion
500345,Active,Silver,Denver,Snacks,0.0006,0,Low,0.315,Monitor (no paid action),0.0,Spend $88/month (last 3m); City: Denver; 3.3 transactions/month (last 3m)
501050,Active,Silver,Denver,Produce,0.0006,0,Low,0.4134,Monitor (no paid action),0.0,Opted in to marketing; Transactions trending down (-0.3/month); Redeemed 0.0 coupons/month before
500765,Active,Gold,Boise,Personal Care,0.0006,0,Low,0.666,Monitor (no paid action),0.0,No marketing emails opened in last 3m; 1 support tickets in last 3m; Preferred category: Personal Care
500091,Active,Silver,Raleigh,Frozen Foods,0.0006,0,Low,0.5568,Monitor (no paid action),0.0,Opens 0.3 emails/month; App use -45% vs prior 3m; Home-store price tier: Value
501739,Active,Gold,Spokane,Household,0.0006,0,Low,0.5566,Monitor (no paid action),0.0,Opted in to marketing; No coupons redeemed in last 3m; App use -29% vs prior 3m
500241,Active,Silver,Columbus,Bakery,0.0006,0,Low,0.3472,Monitor (no paid action),0.0,Preferred category: Bakery; Spend $73/month (last 3m); Opted in to marketing
502564,Active,Gold,Portland,Frozen Foods,0.0006,0,Low,0.6013,Monitor (no paid action),0.0,Opted in to marketing; 36% of trips use a promotion; 0 formal complaints in 6m
502362,Active,Silver,Nashville,Dairy,0.0006,0,Low,0.7899,Monitor (no paid action),0.0,Opted in to marketing; Opens 0.7 emails/month; Redeems 0.3 coupons/month
502369,Active,Silver,Madison,Dairy,0.0006,0,Low,0.5447,Monitor (no paid action),0.0,App use 0.5 sessions/month; 1 support tickets in last 3m; Opted in to marketing
502527,Active,Gold,Tulsa,Snacks,0.0006,0,Low,0.6294,Monitor (no paid action),0.0,No app use in last 3m; Opted in to marketing; 40% of trips use a promotion
501922,Active,Silver,Denver,Beverages,0.0006,0,Low,0.8436,Monitor (no paid action),0.0,Opens 0.3 emails/month; 1 support tickets in last 3m; Transactions trending down (-0.4/month)
502569,Active,Silver,Raleigh,Frozen Foods,0.0006,0,Low,0.3566,Monitor (no paid action),0.0,No marketing emails opened in last 3m; Spend +186% vs prior 3m; App use was 0.3 sessions/month
501468,Active,Silver,Raleigh,Produce,0.0006,0,Low,1.0184,Monitor (no paid action),0.0,Opens 0.3 emails/month; Formal complaint in last 3m; App use -50% vs prior 3m
501236,Active,Silver,Austin,Produce,0.0006,0,Low,0.4405,Monitor (no paid action),0.0,App use -30% vs prior 3m; Opens 0.7 emails/month; Spend +34% vs prior 3m
501753,Active,Silver,Boise,Beverages,0.0006,0,Low,0.7193,Monitor (no paid action),0.0,Transactions trending down (-1.2/month); Opted in to marketing; App use -31% vs prior 3m
500966,Active,Silver,Columbus,Personal Care,0.0006,0,Low,0.4296,Monitor (no paid action),0.0,Spend +139% vs prior 3m; Opted in to marketing; City: Columbus
501822,Active,Gold,Denver,Snacks,0.0006,0,Low,0.3088,Monitor (no paid action),0.0,Spend +162% vs prior 3m; Formal complaint in last 3m; App use was 1.0 sessions/month
501933,Active,Silver,Tulsa,Produce,0.0006,0,Low,0.318,Monitor (no paid action),0.0,App use -54% vs prior 3m; Opted in to marketing; Opens 0.7 emails/month
500199,Active,Silver,Boise,Produce,0.0006,0,Low,0.736,Monitor (no paid action),0.0,No marketing emails opened in last 3m; App use -43% vs prior 3m; Spend +37% vs prior 3m
500550,Active,Platinum,Denver,Snacks,0.0006,0,Low,0.8541,Monitor (no paid action),0.0,No marketing emails opened in last 3m; City: Denver; Gender: F
501438,Active,Silver,Spokane,Frozen Foods,0.0005,0,Low,0.2723,Monitor (no paid action),0.0,2.3 transactions/month (last 3m); Spend $69/month (last 3m); Opted in to marketing
500018,Active,Gold,Spokane,Personal Care,0.0005,0,Low,0.4033,Monitor (no paid action),0.0,App use -67% vs prior 3m; Opted in to marketing; Preferred category: Personal Care
501232,Active,Silver,Nashville,Produce,0.0005,0,Low,0.6775,Monitor (no paid action),0.0,Transactions trending down (-0.6/month); Opted in to marketing; Home-store price tier: Value
502302,Active,Gold,Madison,Household,0.0005,0,Low,0.467,Monitor (no paid action),0.0,Opted in to marketing; Spend +52% vs prior 3m; App use was 1.0 sessions/month
501224,Active,Silver,Austin,Personal Care,0.0005,0,Low,0.3906,Monitor (no paid action),0.0,Opted in to marketing; No coupons redeemed in last 3m; Preferred category: Personal Care
501466,Active,Silver,Boise,Frozen Foods,0.0005,0,Low,0.6104,Monitor (no paid action),0.0,2 support tickets in last 3m; Opted in to marketing; Opened 0.0 emails/month before
500780,Active,Silver,Madison,Bakery,0.0005,0,Low,0.4985,Monitor (no paid action),0.0,Opens 0.3 emails/month; Preferred category: Bakery; No coupons redeemed in last 3m
501415,Active,Silver,Portland,Household,0.0005,0,Low,0.4727,Monitor (no paid action),0.0,App use -50% vs prior 3m; Spend +96% vs prior 3m; Opted in to marketing
500558,Active,Silver,Denver,Snacks,0.0005,0,Low,0.3674,Monitor (no paid action),0.0,Opted in to marketing; App use was 1.0 sessions/month; City: Denver
501266,Active,Silver,Boise,Frozen Foods,0.0005,0,Low,0.6885,Monitor (no paid action),0.0,Opens 0.3 emails/month; Home-store price tier: Value; App use -18% vs prior 3m
501692,Active,Gold,Spokane,Frozen Foods,0.0005,0,Low,0.3159,Monitor (no paid action),0.0,1 support tickets in last 3m; Opted in to marketing; No coupons redeemed in last 3m
502397,Active,Silver,Boise,Dairy,0.0005,0,Low,0.5144,Monitor (no paid action),0.0,Opted in to marketing; No coupons redeemed in last 3m; Home-store price tier: Value
500299,Active,Silver,Denver,Beverages,0.0005,0,Low,0.4184,Monitor (no paid action),0.0,Opted in to marketing; Home-store price tier: Value; Spend $91/month (last 3m)
500828,Active,Silver,Boise,Bakery,0.0005,0,Low,0.4653,Monitor (no paid action),0.0,Preferred category: Bakery; Buys 1.0 categories/month; Redeemed 0.0 coupons/month before
502046,Active,Silver,Boise,Snacks,0.0005,0,Low,0.4609,Monitor (no paid action),0.0,App use -61% vs prior 3m; Opted in to marketing; Home-store price tier: Value
501235,Active,Silver,Spokane,Dairy,0.0005,0,Low,0.414,Monitor (no paid action),0.0,Only 2 transaction(s) last month; Opted in to marketing; App use was 0.3 sessions/month
501160,Active,Silver,Spokane,Bakery,0.0005,0,Low,0.3003,Monitor (no paid action),0.0,Spend +144% vs prior 3m; 1 support tickets in last 3m; Preferred category: Bakery
500066,Active,Silver,Tulsa,Household,0.0005,0,Low,0.2711,Monitor (no paid action),0.0,Opted in to marketing; Spend +35% vs prior 3m; App use was 1.3 sessions/month
500438,Active,Silver,Denver,Snacks,0.0005,0,Low,1.0011,Monitor (no paid action),0.0,2 support tickets in last 3m; No marketing emails opened in last 3m; Transactions trending down (-0.9/month)
500349,Active,Silver,Nashville,Bakery,0.0005,0,Low,0.6454,Monitor (no paid action),0.0,1 support tickets in last 3m; Preferred category: Bakery; Opted in to marketing
500598,Active,Silver,Columbus,Dairy,0.0005,0,Low,0.6606,Monitor (no paid action),0.0,No marketing emails opened in last 3m; Transactions trending down (-0.4/month); City: Columbus
502011,Active,Gold,Tulsa,Produce,0.0005,0,Low,0.5854,Monitor (no paid action),0.0,Opens 0.3 emails/month; 1 support tickets in last 3m; Spend +65% vs prior 3m
502500,Active,Gold,Portland,Snacks,0.0005,0,Low,0.3765,Monitor (no paid action),0.0,Transactions trending down (-0.6/month); 1 support tickets in last 3m; Opted in to marketing
501006,Active,Platinum,Spokane,Beverages,0.0005,0,Low,0.5939,Monitor (no paid action),0.0,Opted in to marketing; App use -33% vs prior 3m; Home-store price tier: Value
501199,Active,Silver,Madison,Snacks,0.0005,0,Low,0.3715,Monitor (no paid action),0.0,Opted in to marketing; Home-store price tier: Value; 39% of trips use a promotion
501263,Active,Gold,Madison,Produce,0.0005,0,Low,0.3308,Monitor (no paid action),0.0,3 support tickets in 6m; App use 0.3 sessions/month; Opted in to marketing
500542,Active,Silver,Denver,Snacks,0.0005,0,Low,0.3517,Monitor (no paid action),0.0,3 support tickets in 6m; Opens 0.5 emails/month; App use was 0.7 sessions/month
501674,Active,Silver,Raleigh,Bakery,0.0005,0,Low,0.394,Monitor (no paid action),0.0,Preferred category: Bakery; Opted in to marketing; Spend +88% vs prior 3m
501976,Active,Silver,Tulsa,Frozen Foods,0.0005,0,Low,0.2452,Monitor (no paid action),0.0,1.7 transactions/month (last 3m); Spend $52/month (last 3m); Opted in to marketing
500823,Active,Gold,Spokane,Bakery,0.0005,0,Low,0.3035,Monitor (no paid action),0.0,Preferred category: Bakery; Opted in to marketing; App use 1.0 sessions/month
502536,Active,Platinum,Boise,Beverages,0.0004,0,Low,0.7748,Monitor (no paid action),0.0,Opens 0.3 emails/month; Formal complaint in last 3m; Home-store price tier: Value
500155,Active,Gold,Raleigh,Dairy,0.0004,0,Low,0.3864,Monitor (no paid action),0.0,Formal complaint in last 3m; Opted in to marketing; App use -22% vs prior 3m
500002,Active,Silver,Spokane,Beverages,0.0004,0,Low,0.5471,Monitor (no paid action),0.0,2 support tickets in last 3m; Spend +83% vs prior 3m; Opened 0.3 emails/month before
501292,Active,Silver,Boise,Personal Care,0.0004,0,Low,0.1737,Monitor (no paid action),0.0,Opted in to marketing; Spend $75/month (last 3m); App use was 0.3 sessions/month
500122,Active,Silver,Denver,Frozen Foods,0.0004,0,Low,0.3514,Monitor (no paid action),0.0,Transactions trending down (-0.9/month); Opted in to marketing; 42% of trips use a promotion
500733,Active,Gold,Tulsa,Snacks,0.0004,0,Low,0.6227,Monitor (no paid action),0.0,Opted in to marketing; Home-store price tier: Value; Transactions trending down (-0.2/month)
501405,Active,Silver,Boise,Household,0.0004,0,Low,0.3877,Monitor (no paid action),0.0,Opens 0.3 emails/month; Spend +160% vs prior 3m; No coupons redeemed in last 3m
500131,Active,Silver,Boise,Beverages,0.0004,0,Low,0.5307,Monitor (no paid action),0.0,App use -69% vs prior 3m; 1 support tickets in last 3m; Opted in to marketing
501288,Active,Silver,Nashville,Personal Care,0.0004,0,Low,0.2043,Monitor (no paid action),0.0,Opted in to marketing; Preferred category: Personal Care; App use -23% vs prior 3m
501132,Active,Gold,Tulsa,Frozen Foods,0.0004,0,Low,0.4203,Monitor (no paid action),0.0,Transactions trending down (-0.6/month); Opted in to marketing; No coupons redeemed in last 3m
502173,Active,Silver,Madison,Beverages,0.0004,0,Low,0.3497,Monitor (no paid action),0.0,Opted in to marketing; App use was 1.0 sessions/month; Spend +45% vs prior 3m
501797,Active,Platinum,Columbus,Beverages,0.0004,0,Low,0.4982,Monitor (no paid action),0.0,1 support tickets in last 3m; No coupons redeemed in last 3m; City: Columbus
501889,Active,Gold,Tulsa,Snacks,0.0004,0,Low,0.6361,Monitor (no paid action),0.0,Opted in to marketing; No coupons redeemed in last 3m; Opens 0.7 emails/month
502432,Active,Gold,Boise,Bakery,0.0004,0,Low,0.423,Monitor (no paid action),0.0,No marketing emails opened in last 3m; 1 support tickets in last 3m; Preferred category: Bakery
500390,Active,Platinum,Denver,Household,0.0004,0,Low,0.7041,Monitor (no paid action),0.0,No marketing emails opened in last 3m; Formal complaint in last 3m; App use -58% vs prior 3m
501710,Active,Gold,Portland,Produce,0.0004,0,Low,0.522,Monitor (no paid action),0.0,1 support tickets in last 3m; Spend +96% vs prior 3m; Opted in to marketing
500538,Active,Gold,Tulsa,Beverages,0.0004,0,Low,0.4767,Monitor (no paid action),0.0,No marketing emails opened in last 3m; New member (<4 months of history); 34% of trips use a promotion
502348,Active,Silver,Tulsa,Household,0.0004,0,Low,0.3593,Monitor (no paid action),0.0,Opens 0.3 emails/month; 1 support tickets in last 3m; App use -50% vs prior 3m
500976,Active,Silver,Tulsa,Snacks,0.0004,0,Low,0.3024,Monitor (no paid action),0.0,Opted in to marketing; Redeemed 0.0 coupons/month before; App use was 1.3 sessions/month
501709,Active,Platinum,Madison,Beverages,0.0004,0,Low,0.4894,Monitor (no paid action),0.0,Opens 0.3 emails/month; 2 support tickets in 6m; App use -43% vs prior 3m
500870,Active,Gold,Denver,Produce,0.0004,0,Low,0.5929,Monitor (no paid action),0.0,App use -45% vs prior 3m; Opens 0.7 emails/month; Home-store price tier: Value
500205,Active,Gold,Tulsa,Household,0.0004,0,Low,0.6473,Monitor (no paid action),0.0,Opted in to marketing; No coupons redeemed in last 3m; Home-store price tier: Value
501271,Active,Silver,Boise,Snacks,0.0004,0,Low,0.4837,Monitor (no paid action),0.0,1 support tickets in last 3m; Opted in to marketing; Opened 0.0 emails/month before
500910,Active,Silver,Nashville,Produce,0.0004,0,Low,0.3538,Monitor (no paid action),0.0,Opens 0.3 emails/month; App use -50% vs prior 3m; 0 formal complaints in 6m
502043,Active,Silver,Raleigh,Snacks,0.0004,0,Low,0.4576,Monitor (no paid action),0.0,App use 0.3 sessions/month; Opens 0.3 emails/month; Spend +44% vs prior 3m
501313,Active,Silver,Tulsa,Frozen Foods,0.0004,0,Low,0.4015,Monitor (no paid action),0.0,No marketing emails opened in last 3m; 39% of trips use a promotion; Transactions trending down (-0.2/month)
500980,Active,Gold,Tulsa,Frozen Foods,0.0004,0,Low,0.6896,Monitor (no paid action),0.0,Transactions trending down (-0.5/month); Opened 0.0 emails/month before; App use -25% vs prior 3m
501306,Active,Silver,Spokane,Snacks,0.0004,0,Low,0.5494,Monitor (no paid action),0.0,Transactions trending down (-1.3/month); Opens 0.3 emails/month; No coupons redeemed in last 3m
502269,Active,Platinum,Madison,Dairy,0.0004,0,Low,0.6314,Monitor (no paid action),0.0,1 support tickets in last 3m; Opted in to marketing; No coupons redeemed in last 3m
501528,Active,Silver,Nashville,Frozen Foods,0.0004,0,Low,0.3815,Monitor (no paid action),0.0,App use -78% vs prior 3m; Opted in to marketing; 42% of trips use a promotion
500412,Active,Silver,Tulsa,Personal Care,0.0004,0,Low,0.3708,Monitor (no paid action),0.0,Opted in to marketing; App use was 0.7 sessions/month; Preferred category: Personal Care
500048,Active,Silver,Denver,Produce,0.0004,0,Low,0.3768,Monitor (no paid action),0.0,App use was 0.7 sessions/month; Spend +63% vs prior 3m; Opens 0.7 emails/month
501349,Active,Silver,Columbus,Frozen Foods,0.0004,0,Low,0.3295,Monitor (no paid action),0.0,Opted in to marketing; City: Columbus; Transactions trending down (-0.2/month)
501387,Active,Silver,Columbus,Snacks,0.0004,0,Low,0.358,Monitor (no paid action),0.0,Opens 0.3 emails/month; App use -44% vs prior 3m; City: Columbus
500434,Active,Silver,Austin,Beverages,0.0004,0,Low,0.3312,Monitor (no paid action),0.0,Opted in to marketing; App use 1.0 sessions/month; Home-store price tier: Value
501325,Active,Gold,Nashville,Frozen Foods,0.0004,0,Low,0.3192,Monitor (no paid action),0.0,Opted in to marketing; No coupons redeemed in last 3m; Home-store price tier: Value
501689,Active,Platinum,Spokane,Household,0.0004,0,Low,0.4232,Monitor (no paid action),0.0,Spend +102% vs prior 3m; Opted in to marketing; Home-store price tier: Value
500914,Active,Silver,Boise,Personal Care,0.0004,0,Low,0.2394,Monitor (no paid action),0.0,Home-store price tier: Value; Preferred category: Personal Care; Spend +41% vs prior 3m
502416,Active,Silver,Portland,Snacks,0.0004,0,Low,0.2829,Monitor (no paid action),0.0,Opened 0.0 emails/month before; Spend +67% vs prior 3m; Home-store price tier: Value
501096,Active,Silver,Denver,Frozen Foods,0.0004,0,Low,0.2783,Monitor (no paid action),0.0,Opens 0.3 emails/month; Opted in to marketing; No coupons redeemed in last 3m
500285,Active,Gold,Columbus,Produce,0.0004,0,Low,0.3853,Monitor (no paid action),0.0,No coupons redeemed in last 3m; City: Columbus; Spend +64% vs prior 3m
500429,Active,Gold,Columbus,Produce,0.0004,0,Low,0.5392,Monitor (no paid action),0.0,Opens 0.3 emails/month; City: Columbus; Home-store price tier: Value
500717,Active,Silver,Raleigh,Snacks,0.0004,0,Low,0.381,Monitor (no paid action),0.0,No marketing emails opened in last 3m; 1 support tickets in last 3m; App use -40% vs prior 3m
501014,Active,Silver,Raleigh,Bakery,0.0004,0,Low,0.2434,Monitor (no paid action),0.0,Formal complaint in last 3m; Preferred category: Bakery; Opted in to marketing
500697,Active,Gold,Tulsa,Dairy,0.0003,0,Low,0.3683,Monitor (no paid action),0.0,No coupons redeemed in last 3m; Buys 1.0 categories/month; Opens 0.7 emails/month
501921,Active,Silver,Denver,Beverages,0.0003,0,Low,0.2717,Monitor (no paid action),0.0,1 support tickets in last 3m; Transactions trending down (-0.4/month); Opted in to marketing
501060,Active,Silver,Boise,Produce,0.0003,0,Low,0.229,Monitor (no paid action),0.0,Transactions trending down (-0.6/month); Opted in to marketing; 43% of trips use a promotion
502543,Active,Silver,Raleigh,Snacks,0.0003,0,Low,0.2985,Monitor (no paid action),0.0,Opted in to marketing; New member (<4 months of history); 0 formal complaints in 6m
501909,Active,Gold,Madison,Household,0.0003,0,Low,0.3547,Monitor (no paid action),0.0,Spend +68% vs prior 3m; Home-store price tier: Value; Redeems 0.3 coupons/month
501850,Active,Platinum,Portland,Frozen Foods,0.0003,0,Low,0.639,Monitor (no paid action),0.0,No marketing emails opened in last 3m; New member (<4 months of history); 0 formal complaints in 6m
500373,Active,Silver,Madison,Personal Care,0.0003,0,Low,0.4309,Monitor (no paid action),0.0,Formal complaint in last 3m; Preferred category: Personal Care; Opened 0.3 emails/month before
501527,Active,Silver,Denver,Snacks,0.0003,0,Low,0.3525,Monitor (no paid action),0.0,1 support tickets in last 3m; Opted in to marketing; App use -36% vs prior 3m
501601,Active,Silver,Tulsa,Household,0.0003,0,Low,0.4146,Monitor (no paid action),0.0,Opted in to marketing; Buys 1.7 categories/month; 0 formal complaints in 6m
500245,Active,Gold,Columbus,Produce,0.0003,0,Low,0.364,Monitor (no paid action),0.0,No marketing emails opened in last 3m; 2 support tickets in 6m; No coupons redeemed in last 3m
502583,Active,Gold,Spokane,Dairy,0.0003,0,Low,0.37,Monitor (no paid action),0.0,Formal complaint in last 3m; Opted in to marketing; Home-store price tier: Value
500208,Active,Silver,Spokane,Household,0.0003,0,Low,0.1812,Monitor (no paid action),0.0,Home-store price tier: Value; Opened 0.3 emails/month before; Spend +48% vs prior 3m
500909,Active,Silver,Denver,Bakery,0.0003,0,Low,0.3904,Monitor (no paid action),0.0,No marketing emails opened in last 3m; Transactions trending down (-0.7/month); Preferred category: Bakery
500321,Active,Silver,Raleigh,Snacks,0.0003,0,Low,0.4219,Monitor (no paid action),0.0,1 support tickets in last 3m; Opted in to marketing; 36% of trips use a promotion
501159,Active,Silver,Spokane,Dairy,0.0003,0,Low,0.3744,Monitor (no paid action),0.0,Opted in to marketing; New member (<4 months of history); Opens 0.7 emails/month
500475,Active,Silver,Nashville,Household,0.0003,0,Low,0.1764,Monitor (no paid action),0.0,1 support tickets in last 3m; Opted in to marketing; Home-store price tier: Value
501549,Active,Silver,Denver,Frozen Foods,0.0003,0,Low,0.297,Monitor (no paid action),0.0,No marketing emails opened in last 3m; Age unknown; Home-store price tier: Value
500356,Active,Silver,Spokane,Personal Care,0.0003,0,Low,0.361,Monitor (no paid action),0.0,1 support tickets in last 3m; No coupons redeemed in last 3m; Opened 0.0 emails/month before
500597,Active,Gold,Raleigh,Dairy,0.0003,0,Low,0.3109,Monitor (no paid action),0.0,Opted in to marketing; Home-store price tier: Value; Spend +34% vs prior 3m
500495,Active,Gold,Madison,Personal Care,0.0003,0,Low,0.2641,Monitor (no paid action),0.0,Opted in to marketing; App use -24% vs prior 3m; Preferred category: Personal Care
501382,Active,Silver,Austin,Frozen Foods,0.0003,0,Low,0.2914,Monitor (no paid action),0.0,Opted in to marketing; 2 support tickets in 6m; App use -36% vs prior 3m
502248,Active,Silver,Tulsa,Snacks,0.0003,0,Low,0.4641,Monitor (no paid action),0.0,Opens 0.3 emails/month; 0 formal complaints in 6m; Gender: F
501206,Active,Gold,Tulsa,Snacks,0.0003,0,Low,0.3417,Monitor (no paid action),0.0,Formal complaint in last 3m; App use -46% vs prior 3m; Opted in to marketing
500040,Active,Silver,Nashville,Dairy,0.0003,0,Low,0.2737,Monitor (no paid action),0.0,1 support tickets in last 3m; Opted in to marketing; Gender: F
502306,Active,Platinum,Madison,Frozen Foods,0.0003,0,Low,0.6083,Monitor (no paid action),0.0,1 support tickets in last 3m; Opted in to marketing; Buys 1.3 categories/month
500609,Active,Silver,Boise,Beverages,0.0003,0,Low,0.3423,Monitor (no paid action),0.0,App use -67% vs prior 3m; Opted in to marketing; Spend +54% vs prior 3m
502319,Active,Gold,Denver,Household,0.0003,0,Low,0.4444,Monitor (no paid action),0.0,Formal complaint in last 3m; Opened 0.0 emails/month before; Home-store price tier: Value
502367,Active,Silver,Columbus,Dairy,0.0003,0,Low,0.2839,Monitor (no paid action),0.0,Opted in to marketing; City: Columbus; 0 formal complaints in 6m
500826,Active,Silver,Austin,Dairy,0.0003,0,Low,0.2954,Monitor (no paid action),0.0,Opted in to marketing; No coupons redeemed in last 3m; App use -33% vs prior 3m
502519,Active,Gold,Nashville,Personal Care,0.0003,0,Low,0.3154,Monitor (no paid action),0.0,Opens 0.3 emails/month; Preferred category: Personal Care; Spend +31% vs prior 3m
501510,Active,Gold,Columbus,Produce,0.0003,0,Low,0.4855,Monitor (no paid action),0.0,Spend +114% vs prior 3m; 1 support tickets in last 3m; No coupons redeemed in last 3m
500570,Active,Silver,Portland,Produce,0.0003,0,Low,0.4636,Monitor (no paid action),0.0,3 support tickets in 6m; Opens 0.3 emails/month; App use trending down
502371,Active,Silver,Portland,Frozen Foods,0.0003,0,Low,0.3276,Monitor (no paid action),0.0,No marketing emails opened in last 3m; New member (<4 months of history); 0 formal complaints in 6m
501436,Active,Platinum,Nashville,Snacks,0.0003,0,Low,0.5835,Monitor (no paid action),0.0,No marketing emails opened in last 3m; Transactions trending down (-0.3/month); App use -30% vs prior 3m
500258,Active,Silver,Raleigh,Dairy,0.0003,0,Low,0.1963,Monitor (no paid action),0.0,Only 2 transaction(s) last month; Opted in to marketing; App use was 0.7 sessions/month
501239,Active,Silver,Raleigh,Personal Care,0.0003,0,Low,0.2041,Monitor (no paid action),0.0,Opted in to marketing; Home-store price tier: Value; Preferred category: Personal Care
501073,Active,Gold,Raleigh,Beverages,0.0003,0,Low,0.2471,Monitor (no paid action),0.0,Transactions trending down (-0.5/month); Opted in to marketing; New member (<4 months of history)
500291,Active,Gold,Nashville,Beverages,0.0003,0,Low,0.3358,Monitor (no paid action),0.0,Opted in to marketing; Redeems 0.3 coupons/month; 0 formal complaints in 6m
501810,Active,Silver,Nashville,Dairy,0.0003,0,Low,0.24,Monitor (no paid action),0.0,Opted in to marketing; Home-store price tier: Value; App use was 1.3 sessions/month
501801,Active,Platinum,Boise,Dairy,0.0003,0,Low,0.3472,Monitor (no paid action),0.0,1 support tickets in last 3m; Opted in to marketing; Home-store price tier: Value
500610,Active,Gold,Raleigh,Beverages,0.0003,0,Low,0.2568,Monitor (no paid action),0.0,App use -67% vs prior 3m; Opted in to marketing; Opened 0.0 emails/month before
500892,Active,Silver,Portland,Snacks,0.0003,0,Low,0.2872,Monitor (no paid action),0.0,Opted in to marketing; Spend +88% vs prior 3m; App use -33% vs prior 3m
501979,Active,Gold,Austin,Household,0.0003,0,Low,0.288,Monitor (no paid action),0.0,Opted in to marketing; No coupons redeemed in last 3m; Spend +37% vs prior 3m
502359,Active,Silver,Austin,Produce,0.0003,0,Low,0.5186,Monitor (no paid action),0.0,Opens 0.3 emails/month; Formal complaint in last 3m; Home-store price tier: Value
502560,Active,Silver,Denver,Bakery,0.0003,0,Low,0.2981,Monitor (no paid action),0.0,No marketing emails opened in last 3m; Preferred category: Bakery; Home-store price tier: Value
500767,Active,Platinum,Madison,Beverages,0.0003,0,Low,0.3476,Monitor (no paid action),0.0,Transactions trending down (-0.8/month); Opted in to marketing; App use -40% vs prior 3m
500096,Active,Platinum,Madison,Dairy,0.0003,0,Low,0.3532,Monitor (no paid action),0.0,Age unknown; App use -42% vs prior 3m; Opens 0.7 emails/month
501789,Active,Gold,Spokane,Snacks,0.0003,0,Low,0.1705,Monitor (no paid action),0.0,Opted in to marketing; 2 support tickets in 6m; Only 3 transaction(s) last month
502436,Active,Silver,Tulsa,Snacks,0.0003,0,Low,0.1611,Monitor (no paid action),0.0,Opted in to marketing; Redeemed 0.0 coupons/month before; Average basket $17
501024,Active,Silver,Portland,Frozen Foods,0.0003,0,Low,0.327,Monitor (no paid action),0.0,1 support tickets in last 3m; Opened 0.0 emails/month before; Redeemed 0.0 coupons/month before
500721,Active,Gold,Spokane,Personal Care,0.0003,0,Low,0.2319,Monitor (no paid action),0.0,Formal complaint in last 3m; Opted in to marketing; Redeemed 0.0 coupons/month before
502057,Active,Platinum,Raleigh,Beverages,0.0003,0,Low,0.4556,Monitor (no paid action),0.0,Opens 0.3 emails/month; App use -80% vs prior 3m; Spend +78% vs prior 3m
500141,Active,Silver,Nashville,Bakery,0.0003,0,Low,0.3432,Monitor (no paid action),0.0,Opens 0.3 emails/month; Preferred category: Bakery; App use -36% vs prior 3m
502596,Active,Gold,Nashville,Bakery,0.0003,0,Low,0.3662,Monitor (no paid action),0.0,Opens 0.3 emails/month; Preferred category: Bakery; 0 formal complaints in 6m
501969,Active,Gold,Columbus,Snacks,0.0003,0,Low,0.3589,Monitor (no paid action),0.0,1 support tickets in last 3m; Opted in to marketing; Opened 0.0 emails/month before
500038,Active,Silver,Spokane,Snacks,0.0003,0,Low,0.1356,Monitor (no paid action),0.0,3 support tickets in 6m; Spend +112% vs prior 3m; Opted in to marketing
500714,Active,Silver,Portland,Personal Care,0.0003,0,Low,0.2695,Monitor (no paid action),0.0,Opens 0.3 emails/month; No coupons redeemed in last 3m; App use -33% vs prior 3m
501068,Active,Gold,Madison,Snacks,0.0002,0,Low,0.3354,Monitor (no paid action),0.0,Opens 0.3 emails/month; 1 support tickets in last 3m; No coupons redeemed in last 3m
500861,Active,Silver,Raleigh,Bakery,0.0002,0,Low,0.1755,Monitor (no paid action),0.0,Preferred category: Bakery; Opted in to marketing; Home-store price tier: Value
501031,Active,Silver,Boise,Frozen Foods,0.0002,0,Low,0.3056,Monitor (no paid action),0.0,Transactions trending down (-0.6/month); Opted in to marketing; App use -11% vs prior 3m
501608,Active,Silver,Madison,Snacks,0.0002,0,Low,0.2249,Monitor (no paid action),0.0,1 support tickets in last 3m; Opted in to marketing; Opens 0.7 emails/month
502468,Active,Silver,Boise,Personal Care,0.0002,0,Low,0.2937,Monitor (no paid action),0.0,App use -42% vs prior 3m; Opened 0.0 emails/month before; Redeemed 0.0 coupons/month before
500875,Active,Silver,Nashville,Frozen Foods,0.0002,0,Low,0.2151,Monitor (no paid action),0.0,Opens 0.3 emails/month; Redeemed 0.0 coupons/month before; Spend +37% vs prior 3m
501010,Active,Platinum,Raleigh,Snacks,0.0002,0,Low,0.4086,Monitor (no paid action),0.0,2 support tickets in last 3m; Opted in to marketing; Spend +65% vs prior 3m
500364,Active,Silver,Madison,Dairy,0.0002,0,Low,0.2117,Monitor (no paid action),0.0,Opted in to marketing; Transactions trending down (-0.3/month); Redeems 0.3 coupons/month
500347,Active,Silver,Austin,Snacks,0.0002,0,Low,0.173,Monitor (no paid action),0.0,Transactions trending down (-0.5/month); Opted in to marketing; No coupons redeemed in last 3m
501259,Active,Gold,Tulsa,Frozen Foods,0.0002,0,Low,0.3492,Monitor (no paid action),0.0,No marketing emails opened in last 3m; 1 support tickets in last 3m; Spend +71% vs prior 3m
500003,Active,Gold,Tulsa,Frozen Foods,0.0002,0,Low,0.2263,Monitor (no paid action),0.0,2 support tickets in 6m; Opens 0.7 emails/month; Redeemed 0.0 coupons/month before
500531,Active,Silver,Spokane,Frozen Foods,0.0002,0,Low,0.1321,Monitor (no paid action),0.0,Spend +143% vs prior 3m; Opted in to marketing; No coupons redeemed in last 3m
500073,Active,Silver,Madison,Frozen Foods,0.0002,0,Low,0.1099,Monitor (no paid action),0.0,Opted in to marketing; Spend +64% vs prior 3m; Home-store price tier: Value
501682,Active,Gold,Austin,Dairy,0.0002,0,Low,0.263,Monitor (no paid action),0.0,Spend +100% vs prior 3m; App use -37% vs prior 3m; Home-store price tier: Value
501045,Active,Gold,Nashville,Personal Care,0.0002,0,Low,0.1416,Monitor (no paid action),0.0,No marketing emails opened in last 3m; 2 support tickets in 6m; Spend +67% vs prior 3m
502287,Active,Gold,Spokane,Beverages,0.0002,0,Low,0.2662,Monitor (no paid action),0.0,Spend +300% vs prior 3m; App use -58% vs prior 3m; Opted in to marketing
501204,Active,Silver,Boise,Household,0.0002,0,Low,0.3332,Monitor (no paid action),0.0,1 support tickets in last 3m; Opted in to marketing; App use -25% vs prior 3m
500517,Active,Silver,Tulsa,Household,0.0002,0,Low,0.3465,Monitor (no paid action),0.0,1 support tickets in last 3m; Opted in to marketing; App use -45% vs prior 3m
502486,Active,Platinum,Portland,Snacks,0.0002,0,Low,0.2957,Monitor (no paid action),0.0,Opted in to marketing; Only 3 transaction(s) last month; Spend +31% vs prior 3m
500728,Active,Silver,Denver,Snacks,0.0002,0,Low,0.2146,Monitor (no paid action),0.0,Opens 0.3 emails/month; Transactions trending down (-0.4/month); City: Denver
500371,Active,Silver,Tulsa,Produce,0.0002,0,Low,0.3399,Monitor (no paid action),0.0,Buys 0.7 categories/month; Opted in to marketing; App use -12% vs prior 3m
501863,Active,Gold,Tulsa,Household,0.0002,0,Low,0.2392,Monitor (no paid action),0.0,Opted in to marketing; App use -12% vs prior 3m; 35% of trips use a promotion
500979,Active,Silver,Boise,Frozen Foods,0.0002,0,Low,0.2697,Monitor (no paid action),0.0,Buys 0.5 categories/month; 1 support tickets in last 3m; Opted in to marketing
501228,Active,Silver,Nashville,Beverages,0.0002,0,Low,0.1553,Monitor (no paid action),0.0,Opted in to marketing; No coupons redeemed in last 3m; App use -43% vs prior 3m
502075,Active,Silver,Raleigh,Beverages,0.0002,0,Low,0.2728,Monitor (no paid action),0.0,Transactions trending down (-0.4/month); App use -44% vs prior 3m; Home-store price tier: Value
502192,Active,Gold,Spokane,Beverages,0.0002,0,Low,0.208,Monitor (no paid action),0.0,Opted in to marketing; No coupons redeemed in last 3m; New member (<4 months of history)
500830,Active,Silver,Austin,Dairy,0.0002,0,Low,0.1127,Monitor (no paid action),0.0,App use -67% vs prior 3m; Opted in to marketing; Spend +87% vs prior 3m
502442,Active,Gold,Tulsa,Personal Care,0.0002,0,Low,0.2309,Monitor (no paid action),0.0,No marketing emails opened in last 3m; Age unknown; Preferred category: Personal Care
501125,Active,Silver,Raleigh,Snacks,0.0002,0,Low,0.307,Monitor (no paid action),0.0,No marketing emails opened in last 3m; No coupons redeemed in last 3m; App use trending down
500562,Active,Platinum,Columbus,Household,0.0002,0,Low,0.2398,Monitor (no paid action),0.0,Opens 0.3 emails/month; City: Columbus; Spend +30% vs prior 3m
501051,Active,Silver,Nashville,Snacks,0.0002,0,Low,0.2199,Monitor (no paid action),0.0,Opens 0.3 emails/month; Opted in to marketing; Transactions trending down (-0.3/month)
500881,Active,Gold,Denver,Frozen Foods,0.0002,0,Low,0.2327,Monitor (no paid action),0.0,Transactions trending down (-0.8/month); Opted in to marketing; App use -36% vs prior 3m
501559,Active,Gold,Columbus,Personal Care,0.0002,0,Low,0.2975,Monitor (no paid action),0.0,Opens 0.3 emails/month; City: Columbus; Home-store price tier: Value
500841,Active,Silver,Boise,Bakery,0.0002,0,Low,0.0948,Monitor (no paid action),0.0,Preferred category: Bakery; App use -50% vs prior 3m; Opted in to marketing
501954,Active,Silver,Denver,Dairy,0.0002,0,Low,0.1984,Monitor (no paid action),0.0,Opted in to marketing; No coupons redeemed in last 3m; Home-store price tier: Value
500636,Active,Gold,Raleigh,Bakery,0.0002,0,Low,0.2305,Monitor (no paid action),0.0,App use -73% vs prior 3m; Preferred category: Bakery; Opted in to marketing
502557,Active,Silver,Raleigh,Frozen Foods,0.0002,0,Low,0.2414,Monitor (no paid action),0.0,1 support tickets in last 3m; Opted in to marketing; Redeemed 0.0 coupons/month before
502242,Active,Silver,Columbus,Frozen Foods,0.0002,0,Low,0.3375,Monitor (no paid action),0.0,City: Columbus; App use -30% vs prior 3m; Opened 0.3 emails/month before
502502,Active,Gold,Tulsa,Bakery,0.0002,0,Low,0.2601,Monitor (no paid action),0.0,Preferred category: Bakery; Opted in to marketing; 2 support tickets in 6m
500053,Active,Gold,Austin,Bakery,0.0002,0,Low,0.251,Monitor (no paid action),0.0,Preferred category: Bakery; Opted in to marketing; New member (<4 months of history)
500422,Active,Silver,Nashville,Produce,0.0002,0,Low,0.1956,Monitor (no paid action),0.0,Opted in to marketing; Home-store price tier: Value; App use -17% vs prior 3m
502155,Active,Silver,Columbus,Bakery,0.0002,0,Low,0.2423,Monitor (no paid action),0.0,Preferred category: Bakery; Opted in to marketing; City: Columbus
501625,Active,Gold,Columbus,Personal Care,0.0002,0,Low,0.2966,Monitor (no paid action),0.0,Opted in to marketing; City: Columbus; Preferred category: Personal Care
500136,Active,Gold,Columbus,Dairy,0.0002,0,Low,0.2033,Monitor (no paid action),0.0,No marketing emails opened in last 3m; App use -37% vs prior 3m; City: Columbus
501634,Active,Silver,Madison,Frozen Foods,0.0002,0,Low,0.2595,Monitor (no paid action),0.0,Opens 0.3 emails/month; 1 support tickets in last 3m; Home-store price tier: Value
500574,Active,Silver,Tulsa,Beverages,0.0002,0,Low,0.2006,Monitor (no paid action),0.0,1 support tickets in last 3m; Opted in to marketing; Home-store price tier: Value
500128,Active,Gold,Boise,Produce,0.0002,0,Low,0.1447,Monitor (no paid action),0.0,Formal complaint in last 3m; Opted in to marketing; Home-store price tier: Value
502379,Active,Silver,Austin,Household,0.0002,0,Low,0.1374,Monitor (no paid action),0.0,Formal complaint in last 3m; Opted in to marketing; No coupons redeemed in last 3m
500013,Active,Silver,Denver,Personal Care,0.0002,0,Low,0.1719,Monitor (no paid action),0.0,Preferred category: Personal Care; City: Denver; App use -11% vs prior 3m
501203,Active,Silver,Boise,Personal Care,0.0002,0,Low,0.0976,Monitor (no paid action),0.0,Spend +103% vs prior 3m; Opted in to marketing; App use 1.0 sessions/month
502061,Active,Silver,Raleigh,Produce,0.0002,0,Low,0.1364,Monitor (no paid action),0.0,1 support tickets in last 3m; Opted in to marketing; Spend +47% vs prior 3m
501339,Active,Silver,Denver,Bakery,0.0002,0,Low,0.1334,Monitor (no paid action),0.0,Preferred category: Bakery; Opted in to marketing; Spend +78% vs prior 3m
502461,Active,Silver,Portland,Dairy,0.0002,0,Low,0.1222,Monitor (no paid action),0.0,Opted in to marketing; App use -14% vs prior 3m; Opened 0.7 emails/month before
502552,Active,Silver,Raleigh,Frozen Foods,0.0002,0,Low,0.1487,Monitor (no paid action),0.0,1 support tickets in last 3m; Opted in to marketing; App use was 0.3 sessions/month
500839,Active,Silver,Columbus,Household,0.0002,0,Low,0.1917,Monitor (no paid action),0.0,Opted in to marketing; Transactions trending down (-0.4/month); City: Columbus
500450,Active,Silver,Austin,Bakery,0.0002,0,Low,0.1274,Monitor (no paid action),0.0,Preferred category: Bakery; Opted in to marketing; City: Austin
501864,Active,Platinum,Madison,Produce,0.0002,0,Low,0.1762,Monitor (no paid action),0.0,Opted in to marketing; Opens 0.7 emails/month; App use trending down
500063,Active,Platinum,Nashville,Produce,0.0002,0,Low,0.2914,Monitor (no paid action),0.0,No marketing emails opened in last 3m; New member (<4 months of history); Home-store price tier: Value
502580,Active,Silver,Boise,Produce,0.0002,0,Low,0.0652,Monitor (no paid action),0.0,App use 0.3 sessions/month; Opens 0.3 emails/month; Spend +125% vs prior 3m
501705,Active,Silver,Boise,Personal Care,0.0002,0,Low,0.1295,Monitor (no paid action),0.0,1 support tickets in last 3m; Opted in to marketing; No coupons redeemed in last 3m
502266,Active,Gold,Spokane,Produce,0.0002,0,Low,0.1761,Monitor (no paid action),0.0,Spend +105% vs prior 3m; Opted in to marketing; Redeems 0.3 coupons/month
500510,Active,Silver,Tulsa,Snacks,0.0002,0,Low,0.1787,Monitor (no paid action),0.0,Formal complaint in last 3m; App use -31% vs prior 3m; Home-store price tier: Value
502318,Active,Gold,Columbus,Dairy,0.0002,0,Low,0.1532,Monitor (no paid action),0.0,Formal complaint in last 3m; App use -53% vs prior 3m; Opted in to marketing
502124,Active,Silver,Tulsa,Personal Care,0.0002,0,Low,0.2695,Monitor (no paid action),0.0,Transactions trending down (-0.9/month); Formal complaint in last 3m; Opted in to marketing
500052,Active,Gold,Portland,Snacks,0.0001,0,Low,0.2371,Monitor (no paid action),0.0,Opens 0.3 emails/month; Transactions trending down (-0.5/month); 1 support tickets in last 3m
502356,Active,Silver,Columbus,Produce,0.0001,0,Low,0.2075,Monitor (no paid action),0.0,No coupons redeemed in last 3m; City: Columbus; App use -30% vs prior 3m
501457,Active,Platinum,Nashville,Bakery,0.0001,0,Low,0.1566,Monitor (no paid action),0.0,Preferred category: Bakery; Opted in to marketing; 2 support tickets in 6m
501823,Active,Gold,Boise,Beverages,0.0001,0,Low,0.2446,Monitor (no paid action),0.0,Transactions trending down (-1.1/month); Opens 0.5 emails/month; Opted in to marketing
501719,Active,Silver,Columbus,Frozen Foods,0.0001,0,Low,0.1075,Monitor (no paid action),0.0,Opted in to marketing; New member (<4 months of history); City: Columbus
502499,Active,Silver,Columbus,Beverages,0.0001,0,Low,0.1443,Monitor (no paid action),0.0,Opted in to marketing; City: Columbus; Home-store price tier: Value
500270,Active,Gold,Raleigh,Produce,0.0001,0,Low,0.1557,Monitor (no paid action),0.0,No marketing emails opened in last 3m; 1 support tickets in last 3m; Home-store price tier: Value
500619,Active,Silver,Raleigh,Dairy,0.0001,0,Low,0.0861,Monitor (no paid action),0.0,Opens 0.3 emails/month; Spend +59% vs prior 3m; App use -25% vs prior 3m
500127,Active,Silver,Columbus,Dairy,0.0001,0,Low,0.1503,Monitor (no paid action),0.0,Opened 0.0 emails/month before; City: Columbus; Redeems 0.3 coupons/month
502326,Active,Silver,Madison,Frozen Foods,0.0001,0,Low,0.1334,Monitor (no paid action),0.0,App use -56% vs prior 3m; Opted in to marketing; Redeemed 0.0 coupons/month before
502279,Active,Silver,Denver,Dairy,0.0001,0,Low,0.139,Monitor (no paid action),0.0,Opted in to marketing; No coupons redeemed in last 3m; City: Denver
502546,Active,Silver,Columbus,Snacks,0.0001,0,Low,0.1121,Monitor (no paid action),0.0,Opted in to marketing; App use was 0.5 sessions/month; City: Columbus
502307,Active,Silver,Tulsa,Personal Care,0.0001,0,Low,0.1792,Monitor (no paid action),0.0,Opens 0.3 emails/month; Transactions trending down (-0.5/month); 1 support tickets in last 3m
502510,Active,Silver,Spokane,Personal Care,0.0001,0,Low,0.1801,Monitor (no paid action),0.0,1 support tickets in last 3m; Opted in to marketing; No coupons redeemed in last 3m
501389,Active,Gold,Nashville,Bakery,0.0001,0,Low,0.2059,Monitor (no paid action),0.0,Opens 0.3 emails/month; Preferred category: Bakery; Transactions trending down (-0.2/month)
500553,Active,Silver,Denver,Beverages,0.0001,0,Low,0.0818,Monitor (no paid action),0.0,Opted in to marketing; Spend $90/month (last 3m); City: Denver
500126,Active,Gold,Spokane,Beverages,0.0001,0,Low,0.2024,Monitor (no paid action),0.0,Transactions trending down (-0.5/month); Opted in to marketing; No coupons redeemed in last 3m
500618,Active,Silver,Austin,Produce,0.0001,0,Low,0.1608,Monitor (no paid action),0.0,Opens 0.3 emails/month; Transactions trending down (-0.4/month); App use was 0.7 sessions/month
502445,Active,Gold,Tulsa,Frozen Foods,0.0001,0,Low,0.1467,Monitor (no paid action),0.0,Opted in to marketing; App use -27% vs prior 3m; Home-store price tier: Value
502585,Active,Gold,Portland,Bakery,0.0001,0,Low,0.1833,Monitor (no paid action),0.0,Preferred category: Bakery; Opted in to marketing; Spend +77% vs prior 3m
501157,Active,Silver,Raleigh,Household,0.0001,0,Low,0.1103,Monitor (no paid action),0.0,3 support tickets in last 3m; Spend +77% vs prior 3m; 44% of trips use a promotion
500487,Active,Silver,Portland,Household,0.0001,0,Low,0.1299,Monitor (no paid action),0.0,App use -33% vs prior 3m; Opens 0.7 emails/month; Home-store price tier: Value
502511,Active,Silver,Nashville,Produce,0.0001,0,Low,0.115,Monitor (no paid action),0.0,Opted in to marketing; App use 1.0 sessions/month; 50% of trips use a promotion
500407,Active,Platinum,Nashville,Snacks,0.0001,0,Low,0.2066,Monitor (no paid action),0.0,Transactions trending down (-0.4/month); Opted in to marketing; 0 formal complaints in 6m
500060,Active,Silver,Raleigh,Frozen Foods,0.0001,0,Low,0.1347,Monitor (no paid action),0.0,Opens 0.3 emails/month; 1 support tickets in last 3m; Spend +95% vs prior 3m
502274,Active,Silver,Tulsa,Bakery,0.0001,0,Low,0.1045,Monitor (no paid action),0.0,No marketing emails opened in last 3m; Spend +116% vs prior 3m; Preferred category: Bakery
501119,Active,Gold,Nashville,Frozen Foods,0.0001,0,Low,0.1611,Monitor (no paid action),0.0,Opted in to marketing; 42% of trips use a promotion; Spend +37% vs prior 3m
502395,Active,Silver,Denver,Snacks,0.0001,0,Low,0.1089,Monitor (no paid action),0.0,67% of trips use a promotion; New member (<4 months of history); City: Denver
500879,Active,Gold,Boise,Frozen Foods,0.0001,0,Low,0.0933,Monitor (no paid action),0.0,Opted in to marketing; Home-store price tier: Value; App use was 1.5 sessions/month
502487,Active,Gold,Tulsa,Personal Care,0.0001,0,Low,0.1199,Monitor (no paid action),0.0,App use -33% vs prior 3m; Preferred category: Personal Care; 35% of trips use a promotion
502263,Active,Platinum,Nashville,Snacks,0.0001,0,Low,0.2048,Monitor (no paid action),0.0,Opens 0.3 emails/month; Spend +109% vs prior 3m; No coupons redeemed in last 3m
502094,Active,Platinum,Raleigh,Snacks,0.0001,0,Low,0.0984,Monitor (no paid action),0.0,Formal complaint in last 3m; 2.7 transactions/month (last 3m); Opted in to marketing
500334,Active,Gold,Columbus,Dairy,0.0001,0,Low,0.1216,Monitor (no paid action),0.0,Opened 0.0 emails/month before; City: Columbus; App use was 0.7 sessions/month
501202,Active,Silver,Austin,Beverages,0.0001,0,Low,0.1264,Monitor (no paid action),0.0,Opens 0.3 emails/month; Transactions trending down (-0.3/month); 38% of trips use a promotion
502205,Active,Gold,Austin,Personal Care,0.0001,0,Low,0.1113,Monitor (no paid action),0.0,Opted in to marketing; New member (<4 months of history); Preferred category: Personal Care
500938,Active,Gold,Denver,Household,0.0001,0,Low,0.1769,Monitor (no paid action),0.0,Opens 0.3 emails/month; 1 support tickets in last 3m; App use -18% vs prior 3m
502157,Active,Silver,Denver,Household,0.0001,0,Low,0.0592,Monitor (no paid action),0.0,No coupons redeemed in last 3m; App use was 0.7 sessions/month; Spend +61% vs prior 3m
502449,Active,Silver,Columbus,Snacks,0.0001,0,Low,0.128,Monitor (no paid action),0.0,Opted in to marketing; City: Columbus; 37% of trips use a promotion
500541,Active,Silver,Austin,Beverages,0.0001,0,Low,0.1836,Monitor (no paid action),0.0,2 support tickets in last 3m; Opens 0.3 emails/month; Home-store price tier: Value
500134,Active,Gold,Tulsa,Household,0.0001,0,Low,0.1474,Monitor (no paid action),0.0,2 support tickets in last 3m; Opted in to marketing; Home-store price tier: Value
502099,Active,Silver,Madison,Beverages,0.0001,0,Low,0.0766,Monitor (no paid action),0.0,Opted in to marketing; App use -44% vs prior 3m; Buys 1.0 categories/month
502240,Active,Silver,Portland,Dairy,0.0001,0,Low,0.1347,Monitor (no paid action),0.0,Home-store price tier: Value; Opened 0.3 emails/month before; App use -10% vs prior 3m
502332,Active,Silver,Spokane,Personal Care,0.0001,0,Low,0.0996,Monitor (no paid action),0.0,Opted in to marketing; Spend +61% vs prior 3m; Home-store price tier: Value
501219,Active,Gold,Columbus,Dairy,0.0001,0,Low,0.1417,Monitor (no paid action),0.0,App use -55% vs prior 3m; Opted in to marketing; City: Columbus
500250,Active,Silver,Columbus,Beverages,0.0001,0,Low,0.1108,Monitor (no paid action),0.0,Formal complaint in last 3m; Spend +104% vs prior 3m; Opted in to marketing
502227,Active,Platinum,Nashville,Produce,0.0001,0,Low,0.1248,Monitor (no paid action),0.0,Opted in to marketing; No coupons redeemed in last 3m; App use was 1.0 sessions/month
501311,Active,Silver,Raleigh,Dairy,0.0001,0,Low,0.1155,Monitor (no paid action),0.0,App use trending down; Opens 0.3 emails/month; Spend +95% vs prior 3m
501164,Active,Gold,Tulsa,Dairy,0.0001,0,Low,0.1436,Monitor (no paid action),0.0,Opens 0.3 emails/month; App use -60% vs prior 3m; Redeems 0.3 coupons/month
500479,Active,Silver,Portland,Snacks,0.0001,0,Low,0.0999,Monitor (no paid action),0.0,3 support tickets in last 3m; Opted in to marketing; 39% of trips use a promotion
500039,Active,Silver,Tulsa,Dairy,0.0001,0,Low,0.1328,Monitor (no paid action),0.0,Opens 0.3 emails/month; 1 support tickets in last 3m; Opted in to marketing
502446,Active,Silver,Tulsa,Bakery,0.0001,0,Low,0.1033,Monitor (no paid action),0.0,Preferred category: Bakery; Opted in to marketing; Home-store price tier: Value
501651,Active,Silver,Madison,Household,0.0001,0,Low,0.0852,Monitor (no paid action),0.0,Opted in to marketing; No coupons redeemed in last 3m; 0 formal complaints in 6m
501767,Active,Silver,Madison,Frozen Foods,0.0001,0,Low,0.1185,Monitor (no paid action),0.0,1 support tickets in last 3m; Opted in to marketing; Home-store price tier: Value
501555,Active,Silver,Madison,Bakery,0.0001,0,Low,0.0787,Monitor (no paid action),0.0,Preferred category: Bakery; Opted in to marketing; 0 formal complaints in 6m
501247,Active,Silver,Boise,Dairy,0.0001,0,Low,0.0912,Monitor (no paid action),0.0,Spend +121% vs prior 3m; 1 support tickets in last 3m; No coupons redeemed in last 3m
501700,Active,Silver,Boise,Produce,0.0001,0,Low,0.0795,Monitor (no paid action),0.0,Transactions trending down (-0.9/month); Opted in to marketing; Average basket $15
502119,Active,Gold,Raleigh,Household,0.0001,0,Low,0.0712,Monitor (no paid action),0.0,Opted in to marketing; Spend +57% vs prior 3m; Redeems 0.3 coupons/month
500940,Active,Silver,Austin,Dairy,0.0001,0,Low,0.0991,Monitor (no paid action),0.0,Transactions trending down (-0.5/month); Opted in to marketing; App use was 1.0 sessions/month
501089,Active,Silver,Madison,Personal Care,0.0001,0,Low,0.0915,Monitor (no paid action),0.0,Opted in to marketing; Preferred category: Personal Care; Only 3 transaction(s) last month
500743,Active,Platinum,Portland,Household,0.0001,0,Low,0.1194,Monitor (no paid action),0.0,Opens 0.3 emails/month; Spend +58% vs prior 3m; App use was 1.3 sessions/month
500824,Active,Silver,Denver,Personal Care,0.0001,0,Low,0.1156,Monitor (no paid action),0.0,1 support tickets in last 3m; Opted in to marketing; Spend +70% vs prior 3m
500788,Active,Silver,Spokane,Frozen Foods,0.0001,0,Low,0.1523,Monitor (no paid action),0.0,Transactions trending down (-0.6/month); Opted in to marketing; Home-store price tier: Value
500008,Active,Platinum,Boise,Beverages,0.0001,0,Low,0.1471,Monitor (no paid action),0.0,No marketing emails opened in last 3m; Redeemed 0.0 coupons/month before; App use -14% vs prior 3m
500599,Active,Silver,Denver,Snacks,0.0001,0,Low,0.0748,Monitor (no paid action),0.0,1 support tickets in last 3m; Opted in to marketing; Home-store price tier: Value
500667,Active,Platinum,Madison,Frozen Foods,0.0001,0,Low,0.0749,Monitor (no paid action),0.0,Opted in to marketing; No coupons redeemed in last 3m; App use was 0.5 sessions/month
501086,Active,Gold,Columbus,Frozen Foods,0.0001,0,Low,0.0789,Monitor (no paid action),0.0,Opted in to marketing; City: Columbus; App use was 1.3 sessions/month
500041,Active,Silver,Madison,Personal Care,0.0001,0,Low,0.0918,Monitor (no paid action),0.0,Opted in to marketing; Preferred category: Personal Care; Spend +30% vs prior 3m
502321,Active,Silver,Austin,Frozen Foods,0.0001,0,Low,0.1259,Monitor (no paid action),0.0,Opted in to marketing; 2 support tickets in 6m; Spend +66% vs prior 3m
500408,Active,Silver,Tulsa,Produce,0.0001,0,Low,0.0823,Monitor (no paid action),0.0,1 support tickets in last 3m; Opted in to marketing; Home-store price tier: Value
502038,Active,Silver,Columbus,Produce,0.0001,0,Low,0.0862,Monitor (no paid action),0.0,Opted in to marketing; City: Columbus; 34% of trips use a promotion
501322,Active,Gold,Austin,Snacks,0.0001,0,Low,0.1438,Monitor (no paid action),0.0,1 support tickets in last 3m; Opened 0.0 emails/month before; Spend +67% vs prior 3m
502592,Active,Platinum,Spokane,Personal Care,0.0001,0,Low,0.1001,Monitor (no paid action),0.0,Opens 0.3 emails/month; Spend +112% vs prior 3m; No coupons redeemed in last 3m
501379,Active,Gold,Portland,Dairy,0.0001,0,Low,0.0802,Monitor (no paid action),0.0,Opens 0.3 emails/month; Home-store price tier: Value; Spend +26% vs prior 3m
501205,Active,Silver,Spokane,Beverages,0.0001,0,Low,0.0857,Monitor (no paid action),0.0,Opted in to marketing; Redeems 0.3 coupons/month; Gender: F
500342,Active,Silver,Spokane,Dairy,0.0001,0,Low,0.0774,Monitor (no paid action),0.0,2 support tickets in last 3m; Opted in to marketing; 39% of trips use a promotion
500380,Active,Silver,Madison,Bakery,0.0001,0,Low,0.0936,Monitor (no paid action),0.0,Preferred category: Bakery; No coupons redeemed in last 3m; Opens 0.7 emails/month
500315,Active,Platinum,Spokane,Household,0.0001,0,Low,0.1596,Monitor (no paid action),0.0,1 support tickets in last 3m; Opted in to marketing; App use -38% vs prior 3m
500915,Active,Gold,Portland,Frozen Foods,0.0001,0,Low,0.1401,Monitor (no paid action),0.0,Formal complaint in last 3m; Opened 0.0 emails/month before; Home-store price tier: Value
501809,Active,Silver,Madison,Bakery,0.0001,0,Low,0.0827,Monitor (no paid action),0.0,Opens 0.3 emails/month; Preferred category: Bakery; App use -7% vs prior 3m
502285,Active,Silver,Madison,Bakery,0.0001,0,Low,0.063,Monitor (no paid action),0.0,Preferred category: Bakery; Home-store price tier: Value; App use was 1.0 sessions/month
501108,Active,Platinum,Denver,Dairy,0.0001,0,Low,0.1376,Monitor (no paid action),0.0,Opted in to marketing; App use -24% vs prior 3m; City: Denver
500143,Active,Silver,Austin,Personal Care,0.0001,0,Low,0.055,Monitor (no paid action),0.0,Opted in to marketing; Preferred category: Personal Care; City: Austin
500133,Active,Silver,Boise,Household,0.0001,0,Low,0.0723,Monitor (no paid action),0.0,App use trending down; Opted in to marketing; Spend +86% vs prior 3m
502112,Active,Silver,Raleigh,Bakery,0.0001,0,Low,0.1112,Monitor (no paid action),0.0,Preferred category: Bakery; Opted in to marketing; Opened 0.3 emails/month before
500314,Active,Gold,Austin,Dairy,0.0001,0,Low,0.0773,Monitor (no paid action),0.0,Opted in to marketing; New member (<4 months of history); Home-store price tier: Value
500209,Active,Silver,Madison,Snacks,0.0001,0,Low,0.0333,Monitor (no paid action),0.0,Opens 0.5 emails/month; Spend +111% vs prior 3m; Home-store price tier: Value
501088,Active,Platinum,Spokane,Household,0.0001,0,Low,0.0759,Monitor (no paid action),0.0,Spend +113% vs prior 3m; Opted in to marketing; No coupons redeemed in last 3m
502015,Active,Platinum,Columbus,Frozen Foods,0.0001,0,Low,0.149,Monitor (no paid action),0.0,No coupons redeemed in last 3m; Opened 0.0 emails/month before; City: Columbus
502293,Active,Gold,Portland,Beverages,0.0001,0,Low,0.0471,Monitor (no paid action),0.0,Spend +300% vs prior 3m; App use was 0.0 sessions/month; Opted in to marketing
501027,Active,Silver,Boise,Personal Care,0.0001,0,Low,0.0643,Monitor (no paid action),0.0,1 support tickets in last 3m; Opens 0.5 emails/month; Preferred category: Personal Care
501792,Active,Gold,Spokane,Frozen Foods,0.0001,0,Low,0.0746,Monitor (no paid action),0.0,Opens 0.3 emails/month; New member (<4 months of history); Home-store price tier: Value
500178,Active,Platinum,Spokane,Household,0.0001,0,Low,0.0923,Monitor (no paid action),0.0,Opted in to marketing; 0 months of missing data; Active in 100% of recent months
502571,Active,Platinum,Austin,Frozen Foods,0.0001,0,Low,0.0782,Monitor (no paid action),0.0,Opted in to marketing; App use -22% vs prior 3m; City: Austin
501911,Active,Silver,Boise,Dairy,0.0001,0,Low,0.0372,Monitor (no paid action),0.0,Opted in to marketing; Redeemed 0.0 coupons/month before; Spend +36% vs prior 3m
500920,Active,Silver,Madison,Snacks,0.0001,0,Low,0.0458,Monitor (no paid action),0.0,App use -65% vs prior 3m; Opted in to marketing; 0 formal complaints in 6m
501619,Active,Silver,Madison,Beverages,0.0001,0,Low,0.0648,Monitor (no paid action),0.0,Opted in to marketing; App use -29% vs prior 3m; Redeemed 0.0 coupons/month before
500969,Active,Silver,Boise,Bakery,0.0001,0,Low,0.0481,Monitor (no paid action),0.0,Preferred category: Bakery; Opted in to marketing; Opens 0.7 emails/month
501163,Active,Platinum,Raleigh,Household,0.0001,0,Low,0.1039,Monitor (no paid action),0.0,Opens 0.5 emails/month; App use -55% vs prior 3m; No coupons redeemed in last 3m
500924,Active,Platinum,Madison,Dairy,0.0001,0,Low,0.1117,Monitor (no paid action),0.0,Transactions trending down (-1.5/month); Opted in to marketing; Redeemed 0.0 coupons/month before
500795,Active,Gold,Portland,Household,0.0001,0,Low,0.1064,Monitor (no paid action),0.0,Opted in to marketing; Only 3 transaction(s) last month; Redeems 0.3 coupons/month
502489,Active,Platinum,Raleigh,Frozen Foods,0.0001,0,Low,0.0926,Monitor (no paid action),0.0,Opted in to marketing; App use -33% vs prior 3m; 35% of trips use a promotion
501316,Active,Platinum,Tulsa,Dairy,0.0001,0,Low,0.0949,Monitor (no paid action),0.0,Opted in to marketing; Opened 0.7 emails/month before; 0 formal complaints in 6m
500267,Active,Gold,Nashville,Bakery,0.0001,0,Low,0.0807,Monitor (no paid action),0.0,Preferred category: Bakery; Opted in to marketing; 35% of trips use a promotion
501177,Active,Silver,Tulsa,Personal Care,0.0001,0,Low,0.0928,Monitor (no paid action),0.0,Opted in to marketing; Home-store price tier: Value; Preferred category: Personal Care
500385,Active,Silver,Madison,Personal Care,0.0001,0,Low,0.0663,Monitor (no paid action),0.0,Opted in to marketing; Redeemed 0.0 coupons/month before; Preferred category: Personal Care
501944,Active,Platinum,Tulsa,Personal Care,0.0001,0,Low,0.0683,Monitor (no paid action),0.0,Opens 0.7 emails/month; Preferred category: Personal Care; 0 formal complaints in 6m
500797,Active,Silver,Tulsa,Bakery,0.0001,0,Low,0.0407,Monitor (no paid action),0.0,Preferred category: Bakery; Opened 0.0 emails/month before; App use was 1.0 sessions/month
502160,Active,Silver,Nashville,Household,0.0001,0,Low,0.059,Monitor (no paid action),0.0,Opted in to marketing; App use -42% vs prior 3m; Spend +63% vs prior 3m
501540,Active,Gold,Portland,Household,0.0001,0,Low,0.0819,Monitor (no paid action),0.0,Opted in to marketing; App use was 0.7 sessions/month; Spend +26% vs prior 3m
500400,Active,Gold,Denver,Beverages,0.0001,0,Low,0.0554,Monitor (no paid action),0.0,Opted in to marketing; No coupons redeemed in last 3m; Home-store price tier: Value
501474,Active,Silver,Portland,Personal Care,0.0001,0,Low,0.0449,Monitor (no paid action),0.0,Opted in to marketing; Spend +65% vs prior 3m; Home-store price tier: Value
501018,Active,Gold,Spokane,Dairy,0.0001,0,Low,0.0788,Monitor (no paid action),0.0,No marketing emails opened in last 3m; Opted in to marketing; Home-store price tier: Value
501518,Active,Silver,Boise,Beverages,0.0001,0,Low,0.0486,Monitor (no paid action),0.0,Opted in to marketing; App use -33% vs prior 3m; Buys 1.5 categories/month
500081,Active,Silver,Denver,Household,0.0001,0,Low,0.0546,Monitor (no paid action),0.0,Opted in to marketing; City: Denver; 35% of trips use a promotion
500387,Active,Gold,Raleigh,Household,0.0,0,Low,0.0464,Monitor (no paid action),0.0,App use -50% vs prior 3m; Opted in to marketing; Spend +50% vs prior 3m
500442,Active,Gold,Boise,Beverages,0.0,0,Low,0.1042,Monitor (no paid action),0.0,Transactions trending down (-1.8/month); Opted in to marketing; App use -44% vs prior 3m
502181,Active,Silver,Spokane,Beverages,0.0,0,Low,0.0348,Monitor (no paid action),0.0,Opted in to marketing; No coupons redeemed in last 3m; Spend $104/month (last 3m)
500486,Active,Gold,Raleigh,Produce,0.0,0,Low,0.0425,Monitor (no paid action),0.0,Transactions trending down (-0.7/month); App use was 0.0 sessions/month; Opted in to marketing
500608,Active,Silver,Austin,Beverages,0.0,0,Low,0.0614,Monitor (no paid action),0.0,Opens 0.3 emails/month; 40% of trips use a promotion; City: Austin
500850,Active,Platinum,Tulsa,Household,0.0,0,Low,0.0471,Monitor (no paid action),0.0,Opens 0.5 emails/month; 0 formal complaints in 6m; Active in 100% of recent months
501003,Active,Silver,Portland,Personal Care,0.0,0,Low,0.053,Monitor (no paid action),0.0,Opted in to marketing; Opens 0.7 emails/month; Preferred category: Personal Care
502525,Active,Silver,Columbus,Beverages,0.0,0,Low,0.0692,Monitor (no paid action),0.0,Opens 0.5 emails/month; Transactions trending down (-0.4/month); City: Columbus
500264,Active,Platinum,Spokane,Household,0.0,0,Low,0.0563,Monitor (no paid action),0.0,Opted in to marketing; App use -25% vs prior 3m; Spend +38% vs prior 3m
500698,Active,Silver,Madison,Household,0.0,0,Low,0.0582,Monitor (no paid action),0.0,Opted in to marketing; Redeemed 0.0 coupons/month before; 0 formal complaints in 6m
500301,Active,Silver,Portland,Frozen Foods,0.0,0,Low,0.0311,Monitor (no paid action),0.0,Opens 0.3 emails/month; Home-store price tier: Value; App use was 1.0 sessions/month
502137,Active,Silver,Tulsa,Bakery,0.0,0,Low,0.0594,Monitor (no paid action),0.0,No marketing emails opened in last 3m; 3 support tickets in 6m; Preferred category: Bakery
500959,Active,Gold,Denver,Personal Care,0.0,0,Low,0.0559,Monitor (no paid action),0.0,Opted in to marketing; Redeemed 0.0 coupons/month before; Preferred category: Personal Care
500855,Active,Gold,Nashville,Personal Care,0.0,0,Low,0.0513,Monitor (no paid action),0.0,Opted in to marketing; No coupons redeemed in last 3m; Preferred category: Personal Care
501407,Active,Gold,Raleigh,Beverages,0.0,0,Low,0.0528,Monitor (no paid action),0.0,Opted in to marketing; App use -33% vs prior 3m; Spend +25% vs prior 3m
501553,Active,Gold,Denver,Dairy,0.0,0,Low,0.0777,Monitor (no paid action),0.0,Transactions trending down (-0.4/month); Age unknown; Opened 0.0 emails/month before
500488,Active,Silver,Columbus,Household,0.0,0,Low,0.0479,Monitor (no paid action),0.0,Only 2 transaction(s) last month; Opted in to marketing; City: Columbus
502276,Active,Gold,Boise,Frozen Foods,0.0,0,Low,0.0491,Monitor (no paid action),0.0,Opted in to marketing; Home-store price tier: Value; Redeems 0.3 coupons/month
500446,Active,Gold,Boise,Snacks,0.0,0,Low,0.0656,Monitor (no paid action),0.0,Opted in to marketing; App use trending down; Spend +32% vs prior 3m
502241,Active,Silver,Tulsa,Bakery,0.0,0,Low,0.0586,Monitor (no paid action),0.0,Opens 0.3 emails/month; Spend +142% vs prior 3m; Preferred category: Bakery
501679,Active,Gold,Madison,Beverages,0.0,0,Low,0.0542,Monitor (no paid action),0.0,Transactions trending down (-0.6/month); Opted in to marketing; No coupons redeemed in last 3m
500771,Active,Gold,Columbus,Beverages,0.0,0,Low,0.0377,Monitor (no paid action),0.0,1 support tickets in last 3m; Transactions trending down (-0.4/month); Opted in to marketing
501815,Active,Silver,Boise,Produce,0.0,0,Low,0.044,Monitor (no paid action),0.0,Opted in to marketing; Redeems 0.3 coupons/month; 0 formal complaints in 6m
501380,Active,Gold,Portland,Beverages,0.0,0,Low,0.0478,Monitor (no paid action),0.0,Opted in to marketing; Opened 0.3 emails/month before; Transactions trending down (-0.3/month)
501774,Active,Silver,Columbus,Bakery,0.0,0,Low,0.0696,Monitor (no paid action),0.0,No marketing emails opened in last 3m; 1 support tickets in last 3m; Preferred category: Bakery
501938,Active,Silver,Columbus,Personal Care,0.0,0,Low,0.0485,Monitor (no paid action),0.0,Opted in to marketing; City: Columbus; Redeemed 0.0 coupons/month before
500417,Active,Gold,Denver,Snacks,0.0,0,Low,0.0486,Monitor (no paid action),0.0,Opted in to marketing; No coupons redeemed in last 3m; City: Denver
502419,Active,Gold,Austin,Snacks,0.0,0,Low,0.0443,Monitor (no paid action),0.0,Opens 0.3 emails/month; Home-store price tier: Value; Redeemed 0.0 coupons/month before
502127,Active,Silver,Spokane,Household,0.0,0,Low,0.027,Monitor (no paid action),0.0,Spend +116% vs prior 3m; Opted in to marketing; 45% of trips use a promotion
501901,Active,Platinum,Spokane,Dairy,0.0,0,Low,0.0581,Monitor (no paid action),0.0,1 support tickets in last 3m; Opted in to marketing; No coupons redeemed in last 3m
501211,Active,Silver,Madison,Dairy,0.0,0,Low,0.0444,Monitor (no paid action),0.0,Opted in to marketing; 39% of trips use a promotion; 0 formal complaints in 6m
500070,Active,Gold,Madison,Beverages,0.0,0,Low,0.0567,Monitor (no paid action),0.0,Opted in to marketing; Redeems 0.3 coupons/month; 0 formal complaints in 6m
501366,Active,Gold,Boise,Produce,0.0,0,Low,0.0284,Monitor (no paid action),0.0,Opted in to marketing; Home-store price tier: Value; Redeemed 0.0 coupons/month before
501545,Active,Gold,Denver,Household,0.0,0,Low,0.03,Monitor (no paid action),0.0,Opens 0.7 emails/month; Home-store price tier: Value; App use -17% vs prior 3m
500420,Active,Gold,Columbus,Bakery,0.0,0,Low,0.0554,Monitor (no paid action),0.0,1 support tickets in last 3m; Preferred category: Bakery; Opted in to marketing
500317,Active,Silver,Columbus,Personal Care,0.0,0,Low,0.0444,Monitor (no paid action),0.0,Opens 0.3 emails/month; City: Columbus; Redeemed 0.0 coupons/month before
502431,Active,Gold,Raleigh,Snacks,0.0,0,Low,0.0419,Monitor (no paid action),0.0,No marketing emails opened in last 3m; 2 support tickets in 6m; No coupons redeemed in last 3m
500472,Active,Platinum,Nashville,Personal Care,0.0,0,Low,0.0355,Monitor (no paid action),0.0,Spend +106% vs prior 3m; Opted in to marketing; Preferred category: Personal Care
501697,Active,Gold,Spokane,Produce,0.0,0,Low,0.0556,Monitor (no paid action),0.0,Formal complaint in last 3m; Opted in to marketing; Opens 0.7 emails/month
500741,Active,Gold,Austin,Snacks,0.0,0,Low,0.0318,Monitor (no paid action),0.0,Spend +111% vs prior 3m; Opted in to marketing; Buys 1.7 categories/month
500536,Active,Gold,Boise,Produce,0.0,0,Low,0.0453,Monitor (no paid action),0.0,1 support tickets in last 3m; Opted in to marketing; No coupons redeemed in last 3m
501412,Active,Silver,Denver,Produce,0.0,0,Low,0.0342,Monitor (no paid action),0.0,1 support tickets in last 3m; Opted in to marketing; App use -20% vs prior 3m
501075,Active,Gold,Portland,Personal Care,0.0,0,Low,0.034,Monitor (no paid action),0.0,Opted in to marketing; Home-store price tier: Value; Preferred category: Personal Care
502459,Active,Platinum,Portland,Personal Care,0.0,0,Low,0.0394,Monitor (no paid action),0.0,App use -65% vs prior 3m; 1 support tickets in last 3m; Opted in to marketing
500108,Active,Silver,Columbus,Bakery,0.0,0,Low,0.0345,Monitor (no paid action),0.0,Preferred category: Bakery; Opted in to marketing; Spend +74% vs prior 3m
500172,Active,Gold,Portland,Frozen Foods,0.0,0,Low,0.0533,Monitor (no paid action),0.0,Opted in to marketing; No coupons redeemed in last 3m; Home-store price tier: Value
500215,Active,Silver,Nashville,Frozen Foods,0.0,0,Low,0.0448,Monitor (no paid action),0.0,1 support tickets in last 3m; Opted in to marketing; 0 months of missing data
502361,Active,Silver,Raleigh,Snacks,0.0,0,Low,0.0257,Monitor (no paid action),0.0,Opted in to marketing; 41% of trips use a promotion; Gender: Unknown
502444,Active,Gold,Nashville,Personal Care,0.0,0,Low,0.0377,Monitor (no paid action),0.0,3 support tickets in 6m; Opted in to marketing; Spend +65% vs prior 3m
500216,Active,Gold,Madison,Snacks,0.0,0,Low,0.032,Monitor (no paid action),0.0,Opted in to marketing; Redeemed 0.0 coupons/month before; Spend +57% vs prior 3m
501602,Active,Silver,Boise,Produce,0.0,0,Low,0.0266,Monitor (no paid action),0.0,Opted in to marketing; No coupons redeemed in last 3m; New member (<4 months of history)
501437,Active,Silver,Denver,Snacks,0.0,0,Low,0.0145,Monitor (no paid action),0.0,Opened 0.0 emails/month before; App use -27% vs prior 3m; City: Denver
500430,Active,Silver,Raleigh,Produce,0.0,0,Low,0.0274,Monitor (no paid action),0.0,Opted in to marketing; App use -7% vs prior 3m; Opened 0.7 emails/month before
500067,Active,Silver,Tulsa,Produce,0.0,0,Low,0.0421,Monitor (no paid action),0.0,Transactions trending down (-0.6/month); Opened 0.0 emails/month before; App use -27% vs prior 3m
500732,Active,Gold,Austin,Beverages,0.0,0,Low,0.0181,Monitor (no paid action),0.0,Opens 0.7 emails/month; Home-store price tier: Value; Spend +40% vs prior 3m
500463,Active,Gold,Boise,Dairy,0.0,0,Low,0.0361,Monitor (no paid action),0.0,Opted in to marketing; Spend +69% vs prior 3m; 0 formal complaints in 6m
501432,Active,Gold,Tulsa,Dairy,0.0,0,Low,0.0268,Monitor (no paid action),0.0,1 support tickets in last 3m; Opted in to marketing; 0 months of missing data
501360,Active,Silver,Portland,Beverages,0.0,0,Low,0.0291,Monitor (no paid action),0.0,No marketing emails opened in last 3m; 1 support tickets in last 3m; Home-store price tier: Value
502339,Active,Gold,Boise,Household,0.0,0,Low,0.0303,Monitor (no paid action),0.0,Opted in to marketing; Spend +85% vs prior 3m; App use -40% vs prior 3m
500575,Active,Silver,Spokane,Snacks,0.0,0,Low,0.0283,Monitor (no paid action),0.0,Opted in to marketing; App use -25% vs prior 3m; Spend +47% vs prior 3m
501798,Active,Platinum,Portland,Frozen Foods,0.0,0,Low,0.035,Monitor (no paid action),0.0,Age unknown; Opened 0.0 emails/month before; Home-store price tier: Value
500138,Active,Gold,Columbus,Snacks,0.0,0,Low,0.047,Monitor (no paid action),0.0,1 support tickets in last 3m; Opted in to marketing; No coupons redeemed in last 3m
500268,Active,Silver,Columbus,Beverages,0.0,0,Low,0.0222,Monitor (no paid action),0.0,Transactions trending down (-1.0/month); Opted in to marketing; City: Columbus
500647,Active,Silver,Madison,Produce,0.0,0,Low,0.0261,Monitor (no paid action),0.0,Opted in to marketing; 44% of trips use a promotion; Home-store price tier: Value
500462,Active,Silver,Denver,Bakery,0.0,0,Low,0.0298,Monitor (no paid action),0.0,App use -65% vs prior 3m; Opens 0.5 emails/month; Preferred category: Bakery
500675,Active,Silver,Tulsa,Snacks,0.0,0,Low,0.0206,Monitor (no paid action),0.0,1 support tickets in last 3m; Opted in to marketing; 0 months of missing data
500587,Active,Gold,Columbus,Personal Care,0.0,0,Low,0.0243,Monitor (no paid action),0.0,Opted in to marketing; No coupons redeemed in last 3m; Transactions trending down (-0.3/month)
500913,Active,Silver,Austin,Frozen Foods,0.0,0,Low,0.0199,Monitor (no paid action),0.0,Opted in to marketing; Buys 1.3 categories/month; Opened 0.3 emails/month before
501982,Active,Gold,Nashville,Frozen Foods,0.0,0,Low,0.0215,Monitor (no paid action),0.0,Opted in to marketing; No coupons redeemed in last 3m; Spend +55% vs prior 3m
501650,Active,Platinum,Denver,Snacks,0.0,0,Low,0.037,Monitor (no paid action),0.0,Opens 0.3 emails/month; 1 support tickets in last 3m; Spend +43% vs prior 3m
500676,Active,Silver,Tulsa,Dairy,0.0,0,Low,0.0203,Monitor (no paid action),0.0,1 support tickets in last 3m; Opted in to marketing; App use -40% vs prior 3m
502544,Active,Silver,Madison,Produce,0.0,0,Low,0.0238,Monitor (no paid action),0.0,Opens 0.3 emails/month; Opted in to marketing; Spend +90% vs prior 3m
500057,Active,Silver,Portland,Dairy,0.0,0,Low,0.0261,Monitor (no paid action),0.0,No marketing emails opened in last 3m; 3 support tickets in 6m; App use trending down
500023,Active,Silver,Raleigh,Frozen Foods,0.0,0,Low,0.0171,Monitor (no paid action),0.0,Opted in to marketing; 34% of trips use a promotion; 0 formal complaints in 6m
500062,Active,Gold,Denver,Frozen Foods,0.0,0,Low,0.0211,Monitor (no paid action),0.0,Opted in to marketing; City: Denver; Transactions trending down (-0.2/month)
500358,Active,Silver,Nashville,Beverages,0.0,0,Low,0.0113,Monitor (no paid action),0.0,Opted in to marketing; Opened 0.3 emails/month before; App use was 1.3 sessions/month
501122,Active,Gold,Raleigh,Dairy,0.0,0,Low,0.0135,Monitor (no paid action),0.0,Spend +74% vs prior 3m; Opens 0.7 emails/month; App use -10% vs prior 3m
500335,Active,Silver,Nashville,Bakery,0.0,0,Low,0.0145,Monitor (no paid action),0.0,Preferred category: Bakery; Opted in to marketing; No coupons redeemed in last 3m
500745,Active,Gold,Columbus,Dairy,0.0,0,Low,0.0215,Monitor (no paid action),0.0,City: Columbus; Opens 0.7 emails/month; App use -10% vs prior 3m
500286,Active,Platinum,Nashville,Beverages,0.0,0,Low,0.0231,Monitor (no paid action),0.0,Opens 0.3 emails/month; Transactions trending down (-0.5/month); Opted in to marketing
500180,Active,Platinum,Spokane,Personal Care,0.0,0,Low,0.0257,Monitor (no paid action),0.0,Opted in to marketing; Opens 0.7 emails/month; Preferred category: Personal Care
501738,Active,Silver,Madison,Household,0.0,0,Low,0.0116,Monitor (no paid action),0.0,Opens 0.3 emails/month; No coupons redeemed in last 3m; Spend +76% vs prior 3m
500921,Active,Platinum,Tulsa,Frozen Foods,0.0,0,Low,0.0172,Monitor (no paid action),0.0,App use trending down; Opens 0.7 emails/month; Home-store price tier: Value
501036,Active,Gold,Columbus,Frozen Foods,0.0,0,Low,0.0069,Monitor (no paid action),0.0,Buys 0.5 categories/month; Opted in to marketing; New member (<4 months of history)
500259,Active,Platinum,Portland,Personal Care,0.0,0,Low,0.0239,Monitor (no paid action),0.0,Opens 0.3 emails/month; App use -25% vs prior 3m; Preferred category: Personal Care
500622,Active,Silver,Austin,Beverages,0.0,0,Low,0.017,Monitor (no paid action),0.0,1 support tickets in last 3m; Opted in to marketing; City: Austin
502372,Active,Silver,Columbus,Beverages,0.0,0,Low,0.0145,Monitor (no paid action),0.0,Opted in to marketing; City: Columbus; Spend +68% vs prior 3m
502162,Active,Gold,Spokane,Frozen Foods,0.0,0,Low,0.0133,Monitor (no paid action),0.0,Opted in to marketing; Buys 1.7 categories/month; Redeems 0.3 coupons/month
501552,Active,Gold,Raleigh,Frozen Foods,0.0,0,Low,0.0166,Monitor (no paid action),0.0,Opted in to marketing; Redeemed 0.0 coupons/month before; App use -15% vs prior 3m
500512,Active,Silver,Raleigh,Personal Care,0.0,0,Low,0.018,Monitor (no paid action),0.0,No marketing emails opened in last 3m; App use -40% vs prior 3m; Home-store price tier: Value
502249,Active,Gold,Columbus,Beverages,0.0,0,Low,0.0086,Monitor (no paid action),0.0,Opted in to marketing; Spend +74% vs prior 3m; City: Columbus
502071,Active,Silver,Nashville,Snacks,0.0,0,Low,0.0137,Monitor (no paid action),0.0,Opted in to marketing; App use -25% vs prior 3m; 39% of trips use a promotion
500639,Active,Silver,Boise,Frozen Foods,0.0,0,Low,0.0166,Monitor (no paid action),0.0,Opens 0.3 emails/month; Home-store price tier: Value; Spend +40% vs prior 3m
502323,Active,Platinum,Madison,Household,0.0,0,Low,0.0175,Monitor (no paid action),0.0,Opted in to marketing; No coupons redeemed in last 3m; Age unknown
502115,Active,Gold,Madison,Beverages,0.0,0,Low,0.0117,Monitor (no paid action),0.0,No coupons redeemed in last 3m; Opened 0.0 emails/month before; App use -11% vs prior 3m
500026,Active,Gold,Portland,Dairy,0.0,0,Low,0.0087,Monitor (no paid action),0.0,1 support tickets in last 3m; Opted in to marketing; No coupons redeemed in last 3m
501149,Active,Silver,Portland,Household,0.0,0,Low,0.0086,Monitor (no paid action),0.0,Formal complaint in last 3m; Opted in to marketing; Opened 0.0 emails/month before
500159,Active,Gold,Portland,Dairy,0.0,0,Low,0.0066,Monitor (no paid action),0.0,Spend +76% vs prior 3m; Opens 0.7 emails/month; App use was 1.3 sessions/month
500540,Active,Silver,Madison,Beverages,0.0,0,Low,0.0058,Monitor (no paid action),0.0,Spend +103% vs prior 3m; Opted in to marketing; App use was 0.5 sessions/month
501849,Active,Gold,Nashville,Snacks,0.0,0,Low,0.0082,Monitor (no paid action),0.0,1 support tickets in last 3m; Opted in to marketing; No coupons redeemed in last 3m
500392,Active,Silver,Portland,Household,0.0,0,Low,0.0085,Monitor (no paid action),0.0,New member (<4 months of history); Opens 0.7 emails/month; 39% of trips use a promotion
502566,Active,Silver,Tulsa,Produce,0.0,0,Low,0.0064,Monitor (no paid action),0.0,Opted in to marketing; No coupons redeemed in last 3m; Spend +47% vs prior 3m
502169,Active,Silver,Tulsa,Frozen Foods,0.0,0,Low,0.0075,Monitor (no paid action),0.0,1 support tickets in last 3m; Opted in to marketing; Spend +31% vs prior 3m
500974,Active,Silver,Raleigh,Frozen Foods,0.0,0,Low,0.0084,Monitor (no paid action),0.0,No marketing emails opened in last 3m; 1 support tickets in last 3m; No coupons redeemed in last 3m
501618,Active,Silver,Madison,Beverages,0.0,0,Low,0.0064,Monitor (no paid action),0.0,1 support tickets in last 3m; Opted in to marketing; Opened 0.5 emails/month before
502354,Active,Gold,Denver,Beverages,0.0,0,Low,0.0064,Monitor (no paid action),0.0,Formal complaint in last 3m; Spend +86% vs prior 3m; Opened 0.0 emails/month before
501426,Active,Silver,Denver,Household,0.0,0,Low,0.0062,Monitor (no paid action),0.0,Opted in to marketing; App use -36% vs prior 3m; City: Denver
502393,Active,Silver,Denver,Snacks,0.0,0,Low,0.0042,Monitor (no paid action),0.0,Spend +300% vs prior 3m; App use -70% vs prior 3m; Opted in to marketing
500856,Active,Silver,Raleigh,Frozen Foods,0.0,0,Low,0.0043,Monitor (no paid action),0.0,Opted in to marketing; 45% of trips use a promotion; Home-store price tier: Value
501012,Active,Gold,Tulsa,Personal Care,0.0,0,Low,0.0053,Monitor (no paid action),0.0,Opted in to marketing; Preferred category: Personal Care; Transactions trending down (-0.3/month)
500561,Active,Silver,Raleigh,Bakery,0.0,0,Low,0.0068,Monitor (no paid action),0.0,Preferred category: Bakery; Opted in to marketing; 0 formal complaints in 6m
501907,Active,Gold,Raleigh,Beverages,0.0,0,Low,0.0039,Monitor (no paid action),0.0,Opted in to marketing; Transactions trending down (-0.3/month); App use was 1.0 sessions/month
501281,Active,Silver,Madison,Snacks,0.0,0,Low,0.0092,Monitor (no paid action),0.0,1 support tickets in last 3m; Opted in to marketing; No coupons redeemed in last 3m
502277,Active,Platinum,Portland,Household,0.0,0,Low,0.0072,Monitor (no paid action),0.0,Opted in to marketing; App use -38% vs prior 3m; Home-store price tier: Value
501603,Active,Silver,Madison,Produce,0.0,0,Low,0.0037,Monitor (no paid action),0.0,App use -43% vs prior 3m; Opens 0.7 emails/month; Home-store price tier: Value
500577,Active,Silver,Spokane,Frozen Foods,0.0,0,Low,0.0029,Monitor (no paid action),0.0,Opted in to marketing; Home-store price tier: Value; Spend +43% vs prior 3m
501344,Active,Silver,Denver,Personal Care,0.0,0,Low,0.0041,Monitor (no paid action),0.0,App use -62% vs prior 3m; Opted in to marketing; Home-store price tier: Value
501218,Active,Platinum,Boise,Frozen Foods,0.0,0,Low,0.0067,Monitor (no paid action),0.0,Opted in to marketing; No coupons redeemed in last 3m; New member (<4 months of history)
500255,Active,Gold,Spokane,Household,0.0,0,Low,0.0036,Monitor (no paid action),0.0,Opted in to marketing; Spend +38% vs prior 3m; 0 formal complaints in 6m
502122,Active,Silver,Raleigh,Frozen Foods,0.0,0,Low,0.004,Monitor (no paid action),0.0,Opted in to marketing; Spend +42% vs prior 3m; Redeems 0.3 coupons/month
502409,Active,Platinum,Tulsa,Personal Care,0.0,0,Low,0.0051,Monitor (no paid action),0.0,Opted in to marketing; Preferred category: Personal Care; Transactions trending down (-0.3/month)
500842,Active,Silver,Tulsa,Bakery,0.0,0,Low,0.0052,Monitor (no paid action),0.0,Preferred category: Bakery; Opted in to marketing; Transactions trending down (-0.4/month)
500704,Active,Silver,Madison,Snacks,0.0,0,Low,0.0039,Monitor (no paid action),0.0,Opted in to marketing; Opens 0.7 emails/month; Home-store price tier: Value
500087,Active,Platinum,Madison,Dairy,0.0,0,Low,0.0041,Monitor (no paid action),0.0,Opted in to marketing; New member (<4 months of history); Buys 1.3 categories/month
501609,Active,Platinum,Tulsa,Dairy,0.0,0,Low,0.0049,Monitor (no paid action),0.0,Opens 0.3 emails/month; Spend +41% vs prior 3m; App use -14% vs prior 3m
500257,Active,Silver,Madison,Dairy,0.0,0,Low,0.0021,Monitor (no paid action),0.0,Opens 0.3 emails/month; Spend +88% vs prior 3m; 0 formal complaints in 6m
501562,Active,Silver,Austin,Produce,0.0,0,Low,0.002,Monitor (no paid action),0.0,App use -58% vs prior 3m; Spend +95% vs prior 3m; Opens 0.7 emails/month
501470,Active,Silver,Boise,Beverages,0.0,0,Low,0.002,Monitor (no paid action),0.0,Opted in to marketing; Buys 1.0 categories/month; Spend +63% vs prior 3m
501620,Active,Platinum,Tulsa,Personal Care,0.0,0,Low,0.002,Monitor (no paid action),0.0,Spend +99% vs prior 3m; Opted in to marketing; Preferred category: Personal Care
501835,Active,Silver,Raleigh,Produce,0.0,0,Low,0.0022,Monitor (no paid action),0.0,Opens 0.3 emails/month; 35% of trips use a promotion; 0 formal complaints in 6m
501660,Active,Silver,Tulsa,Beverages,0.0,0,Low,0.002,Monitor (no paid action),0.0,1 support tickets in last 3m; Opted in to marketing; Redeemed 0.0 coupons/month before
502260,Active,Gold,Tulsa,Bakery,0.0,0,Low,0.0019,Monitor (no paid action),0.0,Preferred category: Bakery; Opted in to marketing; Spend +34% vs prior 3m
501480,Active,Gold,Portland,Snacks,0.0,0,Low,0.0018,Monitor (no paid action),0.0,Spend +179% vs prior 3m; Opted in to marketing; 0 formal complaints in 6m
501298,Active,Gold,Nashville,Produce,0.0,0,Low,0.0022,Monitor (no paid action),0.0,No marketing emails opened in last 3m; Redeemed 0.0 coupons/month before; 0 formal complaints in 6m
501144,Active,Gold,Tulsa,Frozen Foods,0.0,0,Low,0.0019,Monitor (no paid action),0.0,Opens 0.3 emails/month; Spend +91% vs prior 3m; Redeems 0.3 coupons/month
500189,Active,Platinum,Madison,Beverages,0.0,0,Low,0.0016,Monitor (no paid action),0.0,Opted in to marketing; Spend +29% vs prior 3m; 0 formal complaints in 6m
501494,Active,Gold,Raleigh,Frozen Foods,0.0,0,Low,0.0014,Monitor (no paid action),0.0,Opted in to marketing; App use -29% vs prior 3m; Home-store price tier: Value
502349,Active,Silver,Columbus,Dairy,0.0,0,Low,0.0019,Monitor (no paid action),0.0,Opens 0.3 emails/month; City: Columbus; Spend +44% vs prior 3m
501167,Active,Gold,Raleigh,Bakery,0.0,0,Low,0.0014,Monitor (no paid action),0.0,Preferred category: Bakery; Opted in to marketing; No coupons redeemed in last 3m
501736,Active,Silver,Portland,Snacks,0.0,0,Low,0.0011,Monitor (no paid action),0.0,Opted in to marketing; 2 support tickets in 6m; Home-store price tier: Value
501870,Active,Silver,Boise,Frozen Foods,0.0,0,Low,0.001,Monitor (no paid action),0.0,Opted in to marketing; Transactions trending down (-0.3/month); 0 formal complaints in 6m
501135,Active,Silver,Portland,Personal Care,0.0,0,Low,0.0007,Monitor (no paid action),0.0,Opens 0.5 emails/month; No coupons redeemed in last 3m; Preferred category: Personal Care
500329,Active,Gold,Boise,Household,0.0,0,Low,0.0005,Monitor (no paid action),0.0,Opted in to marketing; Spend +67% vs prior 3m; Opened 0.7 emails/month before
500516,Active,Silver,Boise,Household,0.0,0,Low,0.0004,Monitor (no paid action),0.0,Opted in to marketing; Spend +90% vs prior 3m; App use was 0.7 sessions/month
501733,Active,Gold,Denver,Snacks,0.0,0,Low,0.0005,Monitor (no paid action),0.0,Opted in to marketing; App use -15% vs prior 3m; City: Denver
500410,Active,Silver,Austin,Bakery,0.0,0,Low,0.0003,Monitor (no paid action),0.0,No marketing emails opened in last 3m; App use trending down; 1 support tickets in last 3m
500978,Active,Silver,Spokane,Bakery,0.0,0,Low,0.0001,Monitor (no paid action),0.0,No marketing emails opened in last 3m; Preferred category: Bakery; App use -24% vs prior 3m
502480,Active,Gold,Spokane,Bakery,0.0,0,Low,0.0002,Monitor (no paid action),0.0,Preferred category: Bakery; Opted in to marketing; Opens 0.7 emails/month
502529,Active,Gold,Madison,Frozen Foods,0.0,0,Low,0.0002,Monitor (no paid action),0.0,Opened 0.0 emails/month before; Spend +42% vs prior 3m; 0 formal complaints in 6m
500712,Active,Silver,Denver,Beverages,0.0,0,Low,0.0001,Monitor (no paid action),0.0,Spend +125% vs prior 3m; Opted in to marketing; No coupons redeemed in last 3m
500812,Active,Gold,Denver,Bakery,0.0,0,Low,0.0002,Monitor (no paid action),0.0,Preferred category: Bakery; Opted in to marketing; 2 support tickets in 6m
500964,Active,Gold,Austin,Snacks,0.0,0,Low,0.0002,Monitor (no paid action),0.0,Opted in to marketing; Home-store price tier: Value; App use -20% vs prior 3m
501231,Active,Silver,Austin,Dairy,0.0,0,Low,0.0002,Monitor (no paid action),0.0,Opted in to marketing; New member (<4 months of history); Home-store price tier: Value
501616,Active,Platinum,Tulsa,Household,0.0,0,Low,0.0003,Monitor (no paid action),0.0,Opted in to marketing; Home-store price tier: Value; App use -23% vs prior 3m
