priority_rank,customer_id,segment,tier,city,preferred_category,churn_probability,risk_band,value_monthly_spend,revenue_at_risk,recommended_action,expected_net_value,top_3_drivers
1,502288,Active,Gold,Raleigh,Dairy,0.89,High,222.76,1185.77,Proactive service call,59.11,Transactions trending down (-1.9/month); No marketing emails opened in last 3m; No transactions last month
2,500989,Active,Platinum,Columbus,Beverages,0.99,High,178.09,1059.6,Proactive service call,51.22,4 support tickets in last 3m; 1.0 transactions/month (last 3m); Transactions trending down (-0.9/month)
3,501335,Active,Silver,Columbus,Dairy,1.0,High,173.65,1038.99,Proactive service call,49.94,3 support tickets in last 3m; Transactions trending down (-1.5/month); 0.5 transactions/month (last 3m)
4,502092,Active,Gold,Austin,Beverages,0.93,High,273.49,1529.48,Personalised coupon,47.36,Transactions trending down (-1.5/month); 0.7 transactions/month (last 3m); No marketing emails opened in last 3m
5,501332,Active,Gold,Boise,Frozen Foods,0.98,High,162.11,954.31,Proactive service call,44.64,Transactions trending down (-1.5/month); 0.7 transactions/month (last 3m); No marketing emails opened in last 3m
6,501442,Active,Platinum,Tulsa,Frozen Foods,0.9,High,174.36,939.11,Proactive service call,43.69,No marketing emails opened in last 3m; No transactions last month; No app use in last 3m
7,502184,Active,Silver,Portland,Beverages,0.9,High,167.39,899.62,Proactive service call,41.23,Transactions trending down (-1.3/month); 1.0 transactions/month (last 3m); No marketing emails opened in last 3m
8,502373,Active,Silver,Spokane,Frozen Foods,1.0,High,143.37,858.08,Proactive service call,38.63,4 support tickets in last 3m; Transactions trending down (-1.8/month); 1.0 transactions/month (last 3m)
9,500853,Active,Gold,Portland,Household,0.95,High,146.09,831.67,Proactive service call,36.98,3 support tickets in last 3m; No marketing emails opened in last 3m; No transactions last month
10,500699,Active,Gold,Portland,Bakery,0.87,High,158.43,822.92,Proactive service call,36.43,No marketing emails opened in last 3m; No transactions last month; Transactions trending down (-0.8/month)
11,500415,Active,Silver,Columbus,Household,0.99,High,133.84,792.98,Proactive service call,34.56,0.7 transactions/month (last 3m); 2 support tickets in last 3m; No marketing emails opened in last 3m
12,500519,Active,Gold,Denver,Bakery,0.94,High,139.36,789.71,Proactive service call,34.36,2 support tickets in last 3m; 1.0 transactions/month (last 3m); No marketing emails opened in last 3m
13,500450,Active,Silver,Austin,Bakery,0.89,High,146.94,785.06,Proactive service call,34.07,Transactions trending down (-3.5/month); No transactions last month; Formal complaint in last 3m
14,501429,Active,Silver,Columbus,Bakery,0.92,High,141.92,782.46,Proactive service call,33.9,Transactions trending down (-1.3/month); No marketing emails opened in last 3m; No transactions last month
15,500827,Active,Gold,Portland,Personal Care,0.95,High,135.32,768.63,Proactive service call,33.04,2 support tickets in last 3m; No marketing emails opened in last 3m; No transactions last month
16,500276,Active,Silver,Portland,Frozen Foods,0.99,High,129.06,763.53,Proactive service call,32.72,6 support tickets in 6m; 0.7 transactions/month (last 3m); Transactions trending down (-0.9/month)
17,500906,Active,Silver,Nashville,Dairy,0.6,High,210.64,755.76,Proactive service call,32.24,Transactions trending down (-1.7/month); 2 support tickets in last 3m; No marketing emails opened in last 3m
18,500845,Active,Gold,Austin,Bakery,0.94,High,130.05,734.69,Proactive service call,30.92,Transactions trending down (-1.1/month); 1.0 transactions/month (last 3m); No marketing emails opened in last 3m
19,500282,Active,Gold,Denver,Frozen Foods,0.96,High,126.75,729.81,Proactive service call,30.61,0.3 transactions/month (last 3m); Transactions trending down (-0.9/month); Spend $12/month (last 3m)
20,500865,Active,Gold,Portland,Dairy,0.87,High,202.0,1053.98,Personalised coupon,29.52,Transactions trending down (-2.1/month); No transactions last month; Spend $37/month (last 3m)
21,501476,Active,Gold,Boise,Bakery,0.98,High,115.63,680.77,Proactive service call,27.55,2 support tickets in last 3m; No marketing emails opened in last 3m; No transactions last month
22,501535,Active,Silver,Tulsa,Snacks,0.98,High,115.09,677.29,Proactive service call,27.33,Transactions trending down (-1.2/month); 0.3 transactions/month (last 3m); No marketing emails opened in last 3m
23,501470,Active,Silver,Boise,Beverages,0.54,High,207.07,674.23,Proactive service call,27.14,Transactions trending down (-1.8/month); No transactions last month; Formal complaint in last 3m
24,501791,Active,Gold,Raleigh,Frozen Foods,0.95,High,118.62,673.19,Proactive service call,27.07,Transactions trending down (-1.1/month); No marketing emails opened in last 3m; 4 support tickets in 6m
25,500778,Active,Gold,Austin,Bakery,0.97,High,113.43,659.18,Proactive service call,26.2,1.0 transactions/month (last 3m); Transactions trending down (-0.7/month); No app use in last 3m
26,501776,Active,Silver,Madison,Bakery,0.91,High,120.7,656.04,Proactive service call,26.0,Transactions trending down (-1.4/month); 0.3 transactions/month (last 3m); No marketing emails opened in last 3m
27,501517,Active,Gold,Denver,Frozen Foods,0.91,High,119.0,650.09,Proactive service call,25.63,2 support tickets in last 3m; Transactions trending down (-1.0/month); No transactions last month
28,501732,Active,Gold,Raleigh,Snacks,0.93,High,169.12,944.5,Personalised coupon,25.42,Transactions trending down (-1.3/month); 0.3 transactions/month (last 3m); No marketing emails opened in last 3m
29,500876,Active,Gold,Nashville,Produce,0.54,High,192.48,628.45,Proactive service call,24.28,4 support tickets in last 3m; Spend +245% vs prior 3m; Only 1 transaction(s) last month
30,500631,Active,Platinum,Austin,Produce,0.89,High,113.99,610.98,Proactive service call,23.19,0.7 transactions/month (last 3m); Transactions trending down (-0.8/month); Spend $32/month (last 3m)
31,501338,Active,Silver,Columbus,Beverages,0.99,High,102.49,610.2,Proactive service call,23.14,3 support tickets in last 3m; Transactions trending down (-1.3/month); 0.3 transactions/month (last 3m)
32,502208,Active,Silver,Boise,Frozen Foods,0.92,High,159.56,879.69,Personalised coupon,22.99,Transactions trending down (-1.5/month); 0.3 transactions/month (last 3m); No marketing emails opened in last 3m
33,500576,Active,Silver,Tulsa,Dairy,0.94,High,156.33,879.5,Personalised coupon,22.98,Transactions trending down (-2.3/month); 0.7 transactions/month (last 3m); No marketing emails opened in last 3m
34,500895,Active,Silver,Madison,Bakery,0.98,High,102.92,604.01,Proactive service call,22.75,Transactions trending down (-1.2/month); 0.3 transactions/month (last 3m); 2 support tickets in last 3m
35,500958,Active,Platinum,Boise,Beverages,0.52,High,277.73,860.74,Personalised coupon,22.28,Transactions trending down (-1.1/month); 0.7 transactions/month (last 3m); Spend $29/month (last 3m)
36,500801,Active,Gold,Raleigh,Frozen Foods,0.95,High,104.64,595.87,Proactive service call,22.24,0.7 transactions/month (last 3m); 2 support tickets in last 3m; No marketing emails opened in last 3m
37,502172,Active,Silver,Madison,Dairy,0.67,High,147.49,591.19,Proactive service call,21.95,No transactions last month; Opens 0.3 emails/month; Formal complaint in last 3m
38,501210,Active,Gold,Austin,Beverages,0.93,High,104.15,582.24,Proactive service call,21.39,2 support tickets in last 3m; 1.0 transactions/month (last 3m); Transactions trending down (-0.8/month)
39,502561,Active,Gold,Denver,Frozen Foods,0.98,High,96.9,570.8,Proactive service call,20.68,Transactions trending down (-1.5/month); 2 support tickets in last 3m; 1.0 transactions/month (last 3m)
40,500092,Active,Silver,Austin,Snacks,0.91,High,148.97,809.01,Personalised coupon,20.34,0.3 transactions/month (last 3m); Spend $10/month (last 3m); Transactions trending down (-0.8/month)
41,501645,Active,Silver,Nashville,Snacks,0.85,High,157.54,803.2,Personalised coupon,20.12,Transactions trending down (-1.3/month); 0.7 transactions/month (last 3m); No marketing emails opened in last 3m
42,501978,Lapsed,Silver,Spokane,Frozen Foods,0.99,High,334.73,1984.59,Win-back offer,20.1,No purchase for 5 months; No marketing emails opened in last 3m; Spend $0/month (last 3m)
43,501039,Lapsed,Silver,Denver,Household,0.99,High,332.26,1981.48,Win-back offer,19.92,No purchase for 5 months; No marketing emails opened in last 3m; Spend $0/month (last 3m)
44,501284,Active,Gold,Austin,Beverages,0.87,High,106.07,553.07,Proactive service call,19.57,2 support tickets in last 3m; Transactions trending down (-0.9/month); No marketing emails opened in last 3m
45,501688,Active,Gold,Boise,Household,0.95,High,137.89,787.65,Personalised coupon,19.54,0.3 transactions/month (last 3m); Transactions trending down (-1.1/month); No marketing emails opened in last 3m
46,500630,Active,Silver,Raleigh,Produce,0.98,High,129.57,760.36,Personalised coupon,18.51,Transactions trending down (-3.0/month); No marketing emails opened in last 3m; No transactions last month
47,501804,Active,Gold,Madison,Snacks,0.9,High,97.18,525.2,Proactive service call,17.83,No marketing emails opened in last 3m; No transactions last month; No app use in last 3m
48,501505,Active,Gold,Spokane,Personal Care,0.94,High,131.07,735.75,Personalised coupon,17.59,0.3 transactions/month (last 3m); Transactions trending down (-0.9/month); No marketing emails opened in last 3m
49,501391,Active,Silver,Madison,Snacks,0.88,High,98.77,518.99,Proactive service call,17.44,Transactions trending down (-1.1/month); No marketing emails opened in last 3m; No transactions last month
50,502551,Active,Gold,Columbus,Dairy,0.91,High,94.88,518.78,Proactive service call,17.42,Transactions trending down (-1.1/month); No marketing emails opened in last 3m; No transactions last month
51,502415,Active,Gold,Madison,Frozen Foods,0.95,High,90.59,517.95,Proactive service call,17.37,1.0 transactions/month (last 3m); No app use in last 3m; Spend $33/month (last 3m)
52,501550,Active,Gold,Madison,Beverages,0.61,High,198.69,726.07,Personalised coupon,17.23,No marketing emails opened in last 3m; Transactions trending down (-0.9/month); No transactions last month
53,501695,Active,Gold,Denver,Bakery,0.7,High,122.66,514.15,Proactive service call,17.13,2 support tickets in last 3m; Transactions trending down (-1.0/month); No transactions last month
54,501295,Active,Gold,Tulsa,Beverages,0.49,High,175.9,513.97,Proactive service call,17.12,Transactions trending down (-1.3/month); No marketing emails opened in last 3m; No transactions last month
55,501495,Lapsed,Silver,Madison,Frozen Foods,0.97,High,294.73,1724.02,Win-back offer,17.1,No purchase in 6+ months; No marketing emails opened in last 3m; Spend $0/month (last 3m)
56,501153,Active,Gold,Portland,Bakery,0.69,High,123.29,510.08,Proactive service call,16.88,2 support tickets in last 3m; No transactions last month; Transactions trending down (-0.6/month)
57,501596,Active,Silver,Raleigh,Beverages,0.85,High,137.69,706.03,Personalised coupon,16.48,Transactions trending down (-2.4/month); No marketing emails opened in last 3m; No transactions last month
58,500950,Active,Gold,Boise,Snacks,0.95,High,88.5,502.49,Proactive service call,16.41,0.3 transactions/month (last 3m); 2 support tickets in last 3m; Spend $10/month (last 3m)
59,500163,Lapsed,Silver,Nashville,Household,0.99,High,284.36,1683.26,Win-back offer,16.33,No purchase in 6+ months; No marketing emails opened in last 3m; Spend $0/month (last 3m)
60,500734,Active,Silver,Columbus,Frozen Foods,0.98,High,84.88,498.53,Proactive service call,16.16,0.3 transactions/month (last 3m); No marketing emails opened in last 3m; Spend $6/month (last 3m)
61,502076,Active,Gold,Columbus,Dairy,0.95,High,121.9,694.93,Personalised coupon,16.06,0.3 transactions/month (last 3m); No marketing emails opened in last 3m; Transactions trending down (-0.9/month)
62,500763,Active,Gold,Austin,Beverages,0.88,High,128.85,681.05,Personalised coupon,15.54,Transactions trending down (-1.4/month); No transactions last month; Buys 0.0 categories/month
63,500643,Active,Silver,Portland,Beverages,0.94,High,85.8,485.43,Proactive service call,15.34,3 support tickets in last 3m; No marketing emails opened in last 3m; No transactions last month
64,501141,Lapsed,Gold,Nashville,Bakery,0.99,High,270.18,1610.12,Win-back offer,15.26,No purchases in last 3m; No marketing emails opened in last 3m; Spend $0/month (last 3m)
65,500361,Lapsed,Gold,Portland,Dairy,0.99,High,268.62,1596.18,Win-back offer,15.15,No purchase for 5 months; Transactions trending down (-1.0/month); No marketing emails opened in last 3m
66,500431,Lapsed,Silver,Portland,Household,0.96,High,263.38,1523.6,Win-back offer,14.75,No purchase in 6+ months; No marketing emails opened in last 3m; Spend $0/month (last 3m)
67,501443,Active,Silver,Boise,Dairy,0.93,High,85.01,472.64,Proactive service call,14.54,2 support tickets in last 3m; No marketing emails opened in last 3m; No transactions last month
68,501392,Active,Silver,Portland,Bakery,0.96,High,82.27,471.5,Proactive service call,14.47,1.0 transactions/month (last 3m); No marketing emails opened in last 3m; Spend $24/month (last 3m)
69,500985,Active,Silver,Austin,Dairy,0.95,High,82.68,470.96,Proactive service call,14.44,0.3 transactions/month (last 3m); 2 support tickets in last 3m; Spend $10/month (last 3m)
70,502171,Active,Silver,Columbus,Household,0.83,High,94.01,470.51,Proactive service call,14.41,Transactions trending down (-1.4/month); 1.0 transactions/month (last 3m); Spend $21/month (last 3m)
71,501918,Active,Gold,Portland,Beverages,0.72,High,150.65,650.02,Personalised coupon,14.38,No marketing emails opened in last 3m; No transactions last month; No app use in last 3m
72,501585,Active,Platinum,Madison,Household,0.61,High,176.47,646.17,Personalised coupon,14.23,0.3 transactions/month (last 3m); Transactions trending down (-1.0/month); No marketing emails opened in last 3m
73,501878,Active,Silver,Boise,Dairy,0.79,High,135.33,645.36,Personalised coupon,14.2,Transactions trending down (-1.2/month); 0.7 transactions/month (last 3m); No app use in last 3m
74,501230,Active,Silver,Columbus,Bakery,0.96,High,80.3,464.31,Proactive service call,14.02,0.3 transactions/month (last 3m); No marketing emails opened in last 3m; Spend $11/month (last 3m)
75,501600,Lapsed,Platinum,Columbus,Household,0.99,High,251.56,1491.76,Win-back offer,13.87,No purchase in 6+ months; No marketing emails opened in last 3m; Spend $0/month (last 3m)
76,501490,Active,Platinum,Tulsa,Bakery,0.89,High,86.29,459.0,Proactive service call,13.69,0.3 transactions/month (last 3m); No marketing emails opened in last 3m; Spend $16/month (last 3m)
77,501016,Lapsed,Gold,Austin,Dairy,0.96,High,246.43,1418.49,Win-back offer,13.48,No purchases in last 3m; No marketing emails opened in last 3m; Spend $0/month (last 3m)
78,502250,Active,Gold,Columbus,Personal Care,0.81,High,128.23,622.46,Personalised coupon,13.34,Transactions trending down (-3.0/month); No transactions last month; App use 0.7 sessions/month
79,500700,Lapsed,Silver,Columbus,Produce,0.99,High,240.24,1426.91,Win-back offer,13.02,Transactions trending down (-2.1/month); No purchases in last 3m; No marketing emails opened in last 3m
80,501583,Lapsed,Gold,Portland,Snacks,1.0,High,237.91,1426.28,Win-back offer,12.84,3 support tickets in last 3m; No purchases in last 3m; No marketing emails opened in last 3m
81,500581,Lapsed,Gold,Tulsa,Personal Care,0.99,High,235.87,1394.94,Win-back offer,12.69,No purchase in 6+ months; No marketing emails opened in last 3m; Spend $0/month (last 3m)
82,500680,Lapsed,Platinum,Columbus,Household,0.97,High,232.69,1357.31,Win-back offer,12.45,No purchase in 6+ months; No marketing emails opened in last 3m; Spend $0/month (last 3m)
83,501056,Active,Gold,Madison,Produce,0.99,High,100.31,595.07,Personalised coupon,12.31,0.7 transactions/month (last 3m); No marketing emails opened in last 3m; Transactions trending down (-0.9/month)
84,501322,Active,Gold,Austin,Snacks,0.34,Medium,292.51,594.54,Personalised coupon,12.3,Transactions trending down (-1.9/month); No marketing emails opened in last 3m; No transactions last month
85,500722,Active,Silver,Austin,Dairy,0.74,High,97.47,434.45,Proactive service call,12.15,No transactions last month; 3 support tickets in 6m; App use 0.3 sessions/month
86,501986,Active,Silver,Tulsa,Bakery,0.41,High,173.19,427.85,Proactive service call,11.74,Transactions trending down (-1.1/month); 2 support tickets in last 3m; Only 1 transaction(s) last month
87,502104,Lapsed,Gold,Columbus,Dairy,0.99,High,221.25,1315.79,Win-back offer,11.59,No purchase in 6+ months; No marketing emails opened in last 3m; Spend $0/month (last 3m)
88,500090,Lapsed,Silver,Spokane,Personal Care,0.98,High,220.2,1301.09,Win-back offer,11.52,No purchases in last 3m; Transactions trending down (-1.1/month); No marketing emails opened in last 3m
89,501987,Active,Silver,Tulsa,Personal Care,0.58,High,121.48,420.73,Proactive service call,11.3,2 support tickets in last 3m; Transactions trending down (-0.7/month); Only 1 transaction(s) last month
90,502108,Lapsed,Platinum,Nashville,Frozen Foods,0.97,High,216.49,1266.09,Win-back offer,11.24,No purchase in 6+ months; No marketing emails opened in last 3m; Spend $0/month (last 3m)
91,500606,Active,Platinum,Columbus,Personal Care,0.9,High,77.7,417.76,Proactive service call,11.11,0.3 transactions/month (last 3m); Spend $16/month (last 3m); App use 0.3 sessions/month
92,500227,Lapsed,Gold,Madison,Bakery,0.99,High,213.81,1273.21,Win-back offer,11.04,No purchase for 4 months; Transactions trending down (-1.0/month); No marketing emails opened in last 3m
93,502197,Lapsed,Platinum,Raleigh,Personal Care,0.99,High,213.39,1273.63,Win-back offer,11.0,No purchases in last 3m; Transactions trending down (-1.1/month); 2 support tickets in last 3m
94,502086,Active,Gold,Madison,Produce,0.92,High,101.66,559.05,Personalised coupon,10.96,Transactions trending down (-1.3/month); No marketing emails opened in last 3m; No transactions last month
95,500085,Active,Gold,Tulsa,Beverages,0.79,High,86.92,412.81,Proactive service call,10.8,No marketing emails opened in last 3m; No transactions last month; Spend $48/month (last 3m)
96,501839,Active,Platinum,Boise,Bakery,0.85,High,107.59,550.92,Personalised coupon,10.66,0.7 transactions/month (last 3m); No marketing emails opened in last 3m; No app use in last 3m
97,502213,Lapsed,Silver,Nashville,Bakery,0.99,High,207.69,1233.78,Win-back offer,10.58,No purchase for 4 months; No marketing emails opened in last 3m; Spend $0/month (last 3m)
98,501900,Active,Gold,Columbus,Bakery,0.91,High,74.43,408.59,Proactive service call,10.54,4 support tickets in last 3m; 1.0 transactions/month (last 3m); No app use in last 3m
99,502267,Lapsed,Gold,Boise,Personal Care,0.97,High,206.8,1201.3,Win-back offer,10.51,No purchase in 6+ months; No marketing emails opened in last 3m; Spend $0/month (last 3m)
100,502187,Lapsed,Silver,Austin,Dairy,0.99,High,205.94,1225.98,Win-back offer,10.45,No purchase for 5 months; No marketing emails opened in last 3m; Spend $0/month (last 3m)
101,500614,Active,Silver,Boise,Personal Care,0.88,High,77.27,406.14,Proactive service call,10.38,2 support tickets in last 3m; 1.0 transactions/month (last 3m); No marketing emails opened in last 3m
102,502509,Active,Gold,Madison,Household,0.56,High,121.13,404.1,Proactive service call,10.26,Transactions trending down (-1.3/month); 2 support tickets in last 3m; 1.7 transactions/month (last 3m)
103,500272,Lapsed,Platinum,Nashville,Snacks,0.97,High,202.57,1178.85,Win-back offer,10.19,No purchase in 6+ months; No marketing emails opened in last 3m; Spend $0/month (last 3m)
104,502545,Lapsed,Silver,Denver,Household,0.98,High,201.69,1184.11,Win-back offer,10.13,No purchase in 6+ months; No marketing emails opened in last 3m; Spend $0/month (last 3m)
105,501297,Lapsed,Silver,Madison,Snacks,0.99,High,200.28,1187.48,Win-back offer,10.02,No purchase in 6+ months; No marketing emails opened in last 3m; Spend $0/month (last 3m)
106,500132,Lapsed,Platinum,Madison,Snacks,0.98,High,199.51,1169.22,Win-back offer,9.96,No purchases in last 3m; No marketing emails opened in last 3m; Spend $0/month (last 3m)
107,502256,Lapsed,Silver,Madison,Frozen Foods,0.99,High,198.06,1173.99,Win-back offer,9.85,No purchase for 4 months; No marketing emails opened in last 3m; Spend $0/month (last 3m)
108,501737,Lapsed,Platinum,Austin,Beverages,0.99,High,196.43,1167.0,Win-back offer,9.73,No purchase for 5 months; No marketing emails opened in last 3m; Spend $0/month (last 3m)
109,501893,Active,Platinum,Spokane,Beverages,0.77,High,114.4,525.49,Personalised coupon,9.71,1.0 transactions/month (last 3m); No marketing emails opened in last 3m; No app use in last 3m
110,500727,Lapsed,Platinum,Boise,Dairy,0.98,High,194.29,1143.25,Win-back offer,9.57,No purchase for 5 months; No marketing emails opened in last 3m; Spend $0/month (last 3m)
111,502070,Lapsed,Platinum,Austin,Beverages,0.99,High,192.81,1148.63,Win-back offer,9.46,No purchases in last 3m; No marketing emails opened in last 3m; Spend $0/month (last 3m)
112,501656,Lapsed,Gold,Boise,Snacks,0.97,High,192.24,1116.57,Win-back offer,9.42,No purchase in 6+ months; No marketing emails opened in last 3m; Spend $0/month (last 3m)
113,502168,Lapsed,Platinum,Madison,Bakery,0.99,High,191.95,1141.35,Win-back offer,9.4,No purchase in 6+ months; No marketing emails opened in last 3m; Spend $0/month (last 3m)
114,500069,Active,Gold,Portland,Dairy,0.68,High,95.7,389.62,Proactive service call,9.35,2 support tickets in last 3m; 1.3 transactions/month (last 3m); No app use in last 3m
115,502337,Active,Silver,Spokane,Snacks,0.8,High,105.14,506.27,Personalised coupon,8.98,1.0 transactions/month (last 3m); No marketing emails opened in last 3m; Spend $34/month (last 3m)
116,501838,Lapsed,Platinum,Denver,Dairy,0.99,High,183.37,1086.18,Win-back offer,8.75,No purchase in 6+ months; No marketing emails opened in last 3m; Spend $0/month (last 3m)
117,501633,Active,Platinum,Nashville,Snacks,0.95,High,87.73,498.71,Personalised coupon,8.7,0.3 transactions/month (last 3m); No marketing emails opened in last 3m; Spend $16/month (last 3m)
118,501277,Active,Silver,Tulsa,Beverages,0.97,High,65.11,378.23,Proactive service call,8.64,4 support tickets in last 3m; 0.7 transactions/month (last 3m); Spend $20/month (last 3m)
119,501669,Lapsed,Platinum,Tulsa,Dairy,0.99,High,180.77,1068.49,Win-back offer,8.56,No purchase in 6+ months; No marketing emails opened in last 3m; Spend $0/month (last 3m)
120,501367,Lapsed,Gold,Spokane,Household,0.99,High,176.01,1047.8,Win-back offer,8.2,No purchase for 4 months; No marketing emails opened in last 3m; Spend $0/month (last 3m)
121,502247,Lapsed,Platinum,Spokane,Produce,0.97,High,175.88,1022.26,Win-back offer,8.19,No purchase in 6+ months; No marketing emails opened in last 3m; Spend $0/month (last 3m)
122,500628,Lapsed,Platinum,Portland,Produce,0.96,High,174.28,1001.44,Win-back offer,8.07,No purchase in 6+ months; No marketing emails opened in last 3m; Spend $0/month (last 3m)
123,500260,Lapsed,Silver,Boise,Household,0.99,High,174.27,1034.96,Win-back offer,8.07,No purchase for 5 months; No marketing emails opened in last 3m; Spend $0/month (last 3m)
124,501300,Lapsed,Platinum,Portland,Frozen Foods,0.98,High,173.98,1019.41,Win-back offer,8.05,No purchase in 6+ months; No marketing emails opened in last 3m; Spend $0/month (last 3m)
125,501033,Lapsed,Platinum,Columbus,Frozen Foods,0.98,High,173.03,1021.4,Win-back offer,7.98,No purchase for 5 months; No marketing emails opened in last 3m; Spend $0/month (last 3m)
126,500702,Lapsed,Silver,Boise,Personal Care,1.0,High,172.71,1033.29,Win-back offer,7.95,No purchase for 5 months; No marketing emails opened in last 3m; Spend $0/month (last 3m)
127,500897,Lapsed,Silver,Columbus,Bakery,0.99,High,171.91,1016.72,Win-back offer,7.89,No purchase in 6+ months; No marketing emails opened in last 3m; Spend $0/month (last 3m)
128,501887,Lapsed,Silver,Raleigh,Dairy,0.99,High,171.32,1017.76,Win-back offer,7.85,Transactions trending down (-1.7/month); No purchases in last 3m; No marketing emails opened in last 3m
129,502059,Lapsed,Platinum,Raleigh,Bakery,1.0,High,171.32,1024.72,Win-back offer,7.85,No purchase in 6+ months; No marketing emails opened in last 3m; Spend $0/month (last 3m)
130,501312,Active,Gold,Tulsa,Frozen Foods,0.94,High,84.56,474.48,Personalised coupon,7.79,Transactions trending down (-1.3/month); 0.3 transactions/month (last 3m); No marketing emails opened in last 3m
131,500232,Lapsed,Silver,Austin,Personal Care,0.98,High,169.89,1003.91,Win-back offer,7.74,No purchase in 6+ months; No marketing emails opened in last 3m; Spend $0/month (last 3m)
132,500820,Lapsed,Silver,Spokane,Dairy,1.0,High,169.88,1014.9,Win-back offer,7.74,No purchases in last 3m; Transactions trending down (-1.0/month); No marketing emails opened in last 3m
133,500119,Lapsed,Silver,Austin,Produce,1.0,High,169.16,1012.57,Win-back offer,7.69,Transactions trending down (-1.6/month); No purchases in last 3m; 2 support tickets in last 3m
134,501190,Lapsed,Gold,Tulsa,Personal Care,0.99,High,169.14,1003.17,Win-back offer,7.69,No purchase in 6+ months; No marketing emails opened in last 3m; Spend $0/month (last 3m)
135,501902,Lapsed,Gold,Madison,Bakery,0.98,High,169.02,990.46,Win-back offer,7.68,No purchase in 6+ months; No marketing emails opened in last 3m; Spend $0/month (last 3m)
136,500125,Lapsed,Silver,Nashville,Personal Care,0.98,High,167.53,985.77,Win-back offer,7.56,No purchase in 6+ months; No marketing emails opened in last 3m; Spend $0/month (last 3m)
137,500802,Active,Gold,Spokane,Beverages,0.83,High,72.72,360.45,Proactive service call,7.53,0.3 transactions/month (last 3m); Spend $13/month (last 3m); No app use in last 3m
138,500692,Lapsed,Silver,Raleigh,Frozen Foods,0.98,High,166.32,980.35,Win-back offer,7.47,Transactions trending down (-1.4/month); No purchases in last 3m; Spend $0/month (last 3m)
139,501879,Active,Silver,Raleigh,Personal Care,0.97,High,61.9,359.51,Proactive service call,7.47,2 support tickets in last 3m; No marketing emails opened in last 3m; No transactions last month
140,502190,Lapsed,Gold,Austin,Frozen Foods,0.99,High,166.04,985.16,Win-back offer,7.45,No purchase in 6+ months; No marketing emails opened in last 3m; Spend $0/month (last 3m)
141,500498,Lapsed,Silver,Columbus,Bakery,1.0,High,165.7,989.79,Win-back offer,7.43,No purchase for 4 months; No marketing emails opened in last 3m; Spend $0/month (last 3m)
142,501574,Lapsed,Gold,Austin,Snacks,0.97,High,165.42,963.53,Win-back offer,7.41,No purchase for 4 months; No marketing emails opened in last 3m; Spend $0/month (last 3m)
143,501783,Lapsed,Gold,Nashville,Household,0.99,High,165.31,980.62,Win-back offer,7.4,No purchase in 6+ months; No marketing emails opened in last 3m; Spend $0/month (last 3m)
144,500611,Lapsed,Gold,Austin,Dairy,0.98,High,165.24,976.51,Win-back offer,7.39,No purchase in 6+ months; No marketing emails opened in last 3m; Spend $0/month (last 3m)
145,500024,Active,Silver,Denver,Produce,0.94,High,82.42,463.15,Personalised coupon,7.37,0.7 transactions/month (last 3m); Spend $14/month (last 3m); No app use in last 3m
146,500514,Lapsed,Gold,Nashville,Beverages,0.99,High,163.46,968.87,Win-back offer,7.26,No purchase in 6+ months; No marketing emails opened in last 3m; Spend $0/month (last 3m)
147,502183,Active,Silver,Raleigh,Frozen Foods,0.91,High,84.52,459.98,Personalised coupon,7.25,1.0 transactions/month (last 3m); No marketing emails opened in last 3m; Spend $18/month (last 3m)
148,501576,Active,Silver,Nashville,Beverages,0.84,High,91.32,458.65,Personalised coupon,7.2,0.3 transactions/month (last 3m); Transactions trending down (-1.1/month); No marketing emails opened in last 3m
149,501703,Lapsed,Gold,Columbus,Dairy,0.98,High,162.45,959.9,Win-back offer,7.18,No purchase for 5 months; No marketing emails opened in last 3m; Spend $0/month (last 3m)
150,501121,Lapsed,Platinum,Boise,Produce,0.97,High,161.48,937.48,Win-back offer,7.11,No purchase in 6+ months; No marketing emails opened in last 3m; Spend $0/month (last 3m)
151,500201,Active,Silver,Denver,Personal Care,0.52,High,144.78,455.82,Personalised coupon,7.09,1.0 transactions/month (last 3m); Spend $29/month (last 3m); Opens 0.3 emails/month
152,500945,Lapsed,Silver,Spokane,Personal Care,1.0,High,161.17,964.43,Win-back offer,7.09,Transactions trending down (-1.5/month); No purchases in last 3m; No marketing emails opened in last 3m
153,500354,Lapsed,Platinum,Spokane,Dairy,0.97,High,160.04,930.76,Win-back offer,7.0,No purchase in 6+ months; No marketing emails opened in last 3m; Spend $0/month (last 3m)
154,500220,Active,Gold,Denver,Snacks,0.44,High,133.46,351.54,Proactive service call,6.97,No marketing emails opened in last 3m; No transactions last month; Transactions trending down (-0.9/month)
155,501913,Lapsed,Silver,Spokane,Personal Care,0.98,High,158.95,929.97,Win-back offer,6.92,No purchase in 6+ months; No marketing emails opened in last 3m; Spend $0/month (last 3m)
156,500948,Lapsed,Platinum,Austin,Frozen Foods,0.99,High,158.91,940.05,Win-back offer,6.92,No purchase in 6+ months; No marketing emails opened in last 3m; Spend $0/month (last 3m)
157,500247,Lapsed,Platinum,Columbus,Bakery,0.98,High,158.78,931.91,Win-back offer,6.91,No purchase in 6+ months; No marketing emails opened in last 3m; Spend $0/month (last 3m)
158,500145,Lapsed,Gold,Denver,Dairy,0.98,High,157.54,923.23,Win-back offer,6.82,No purchase in 6+ months; No marketing emails opened in last 3m; Spend $0/month (last 3m)
159,500925,Lapsed,Silver,Tulsa,Personal Care,0.99,High,155.36,925.56,Win-back offer,6.65,No purchase for 4 months; No marketing emails opened in last 3m; Spend $0/month (last 3m)
160,501374,Lapsed,Silver,Portland,Household,0.94,High,155.16,877.11,Win-back offer,6.64,No purchase in 6+ months; No marketing emails opened in last 3m; Spend $0/month (last 3m)
161,500376,Lapsed,Platinum,Spokane,Household,0.99,High,154.52,915.45,Win-back offer,6.59,No purchase in 6+ months; No marketing emails opened in last 3m; Spend $0/month (last 3m)
162,501291,Lapsed,Platinum,Nashville,Bakery,0.98,High,154.22,911.08,Win-back offer,6.57,No purchase in 6+ months; No marketing emails opened in last 3m; Spend $0/month (last 3m)
163,502111,Lapsed,Platinum,Boise,Produce,0.99,High,152.21,900.22,Win-back offer,6.42,No purchase in 6+ months; No marketing emails opened in last 3m; Spend $0/month (last 3m)
164,500374,Lapsed,Silver,Raleigh,Household,0.99,High,151.82,904.09,Win-back offer,6.39,Transactions trending down (-1.7/month); No purchase for 4 months; No marketing emails opened in last 3m
165,502131,Lapsed,Platinum,Denver,Produce,0.98,High,151.64,891.27,Win-back offer,6.37,No purchase for 4 months; No marketing emails opened in last 3m; Spend $0/month (last 3m)
166,502246,Lapsed,Platinum,Tulsa,Produce,0.98,High,151.22,886.78,Win-back offer,6.34,No purchase in 6+ months; No marketing emails opened in last 3m; Spend $0/month (last 3m)
167,502396,Lapsed,Silver,Raleigh,Personal Care,0.98,High,150.89,889.46,Win-back offer,6.32,No purchase in 6+ months; No marketing emails opened in last 3m; Spend $0/month (last 3m)
168,500409,Lapsed,Gold,Portland,Bakery,0.97,High,150.79,879.05,Win-back offer,6.31,No purchase in 6+ months; No marketing emails opened in last 3m; Spend $0/month (last 3m)
169,501502,Lapsed,Platinum,Raleigh,Bakery,0.97,High,150.77,880.17,Win-back offer,6.31,No purchases in last 3m; Transactions trending down (-1.1/month); No marketing emails opened in last 3m
170,502540,Lapsed,Silver,Boise,Household,0.95,High,150.62,862.37,Win-back offer,6.3,No purchase in 6+ months; No marketing emails opened in last 3m; Spend $0/month (last 3m)
171,500808,Lapsed,Gold,Denver,Bakery,0.98,High,150.58,889.57,Win-back offer,6.29,No purchase in 6+ months; No marketing emails opened in last 3m; Spend $0/month (last 3m)
172,500203,Lapsed,Silver,Columbus,Dairy,0.98,High,150.46,881.94,Win-back offer,6.28,No purchase in 6+ months; No marketing emails opened in last 3m; Spend $0/month (last 3m)
173,501663,Lapsed,Gold,Boise,Beverages,0.95,High,150.07,857.71,Win-back offer,6.26,No purchase in 6+ months; No marketing emails opened in last 3m; Spend $0/month (last 3m)
174,500265,Lapsed,Silver,Boise,Produce,0.97,High,150.04,876.55,Win-back offer,6.25,No purchase in 6+ months; No marketing emails opened in last 3m; Spend $0/month (last 3m)
175,502384,Lapsed,Silver,Raleigh,Household,0.97,High,149.88,871.7,Win-back offer,6.24,No purchase for 4 months; Transactions trending down (-1.0/month); No marketing emails opened in last 3m
176,500470,Lapsed,Gold,Spokane,Snacks,0.98,High,149.88,883.98,Win-back offer,6.24,No purchase in 6+ months; No marketing emails opened in last 3m; Spend $0/month (last 3m)
177,501544,Lapsed,Platinum,Boise,Dairy,0.99,High,148.76,882.51,Win-back offer,6.16,No purchase for 4 months; No marketing emails opened in last 3m; Spend $0/month (last 3m)
178,501612,Lapsed,Platinum,Madison,Personal Care,0.99,High,148.73,882.39,Win-back offer,6.15,No purchase in 6+ months; No marketing emails opened in last 3m; Spend $0/month (last 3m)
179,502113,Lapsed,Silver,Denver,Household,0.96,High,148.25,851.28,Win-back offer,6.12,No purchase in 6+ months; No marketing emails opened in last 3m; Spend $0/month (last 3m)
180,502009,Lapsed,Silver,Raleigh,Bakery,0.99,High,148.08,879.63,Win-back offer,6.11,No purchase in 6+ months; No marketing emails opened in last 3m; Spend $0/month (last 3m)
181,500871,Lapsed,Silver,Columbus,Frozen Foods,0.98,High,147.1,860.64,Win-back offer,6.03,No purchase for 4 months; Transactions trending down (-1.1/month); No marketing emails opened in last 3m
182,502403,Active,Silver,Raleigh,Personal Care,0.98,High,57.2,335.4,Proactive service call,5.96,0.3 transactions/month (last 3m); 2 support tickets in last 3m; Spend $7/month (last 3m)
183,501371,Active,Silver,Spokane,Household,0.46,High,154.36,424.42,Personalised coupon,5.92,Transactions trending down (-1.4/month); Only 1 transaction(s) last month; Opens 0.3 emails/month
184,502341,Lapsed,Gold,Denver,Frozen Foods,0.96,High,145.16,835.96,Win-back offer,5.89,No purchase in 6+ months; No marketing emails opened in last 3m; Spend $0/month (last 3m)
185,501947,Lapsed,Silver,Spokane,Snacks,0.99,High,144.62,862.22,Win-back offer,5.85,No purchase for 4 months; No marketing emails opened in last 3m; Spend $0/month (last 3m)
186,501995,Lapsed,Gold,Tulsa,Dairy,0.99,High,144.25,860.97,Win-back offer,5.82,No purchase for 4 months; Transactions trending down (-1.1/month); No marketing emails opened in last 3m
187,501106,Lapsed,Silver,Nashville,Produce,0.99,High,144.05,858.18,Win-back offer,5.8,No purchase for 4 months; Transactions trending down (-0.9/month); No marketing emails opened in last 3m
188,501062,Lapsed,Silver,Denver,Beverages,0.99,High,142.65,846.73,Win-back offer,5.7,No purchase in 6+ months; No marketing emails opened in last 3m; Spend $0/month (last 3m)
189,500644,Lapsed,Silver,Nashville,Snacks,0.99,High,142.04,845.41,Win-back offer,5.65,No purchase for 4 months; No marketing emails opened in last 3m; Spend $0/month (last 3m)
190,500580,Active,Gold,Austin,Snacks,0.96,High,57.2,330.41,Proactive service call,5.65,3 support tickets in last 3m; 0.7 transactions/month (last 3m); Transactions trending down (-0.9/month)
191,500047,Lapsed,Gold,Raleigh,Dairy,0.99,High,141.67,838.12,Win-back offer,5.63,No purchase in 6+ months; No marketing emails opened in last 3m; Spend $0/month (last 3m)
192,502345,Lapsed,Gold,Columbus,Personal Care,0.99,High,140.43,830.58,Win-back offer,5.53,No purchase in 6+ months; No marketing emails opened in last 3m; Spend $0/month (last 3m)
193,500759,Lapsed,Silver,Madison,Personal Care,0.97,High,140.33,817.44,Win-back offer,5.52,No purchase in 6+ months; No marketing emails opened in last 3m; Spend $0/month (last 3m)
194,501755,Lapsed,Platinum,Columbus,Household,0.96,High,140.01,805.57,Win-back offer,5.5,No purchases in last 3m; No marketing emails opened in last 3m; Spend $0/month (last 3m)
195,500501,Lapsed,Gold,Raleigh,Snacks,0.99,High,139.85,826.63,Win-back offer,5.49,No purchase in 6+ months; No marketing emails opened in last 3m; Spend $0/month (last 3m)
196,500289,Lapsed,Gold,Spokane,Bakery,0.99,High,139.76,826.72,Win-back offer,5.48,No purchases in last 3m; Transactions trending down (-1.2/month); No marketing emails opened in last 3m
197,500157,Lapsed,Gold,Madison,Frozen Foods,0.99,High,138.31,817.69,Win-back offer,5.37,No purchase in 6+ months; No marketing emails opened in last 3m; Spend $0/month (last 3m)
198,501142,Lapsed,Platinum,Tulsa,Household,0.97,High,137.83,802.42,Win-back offer,5.34,No purchase in 6+ months; No marketing emails opened in last 3m; Spend $0/month (last 3m)
199,501636,Lapsed,Silver,Spokane,Bakery,0.99,High,137.24,814.78,Win-back offer,5.29,No purchase in 6+ months; No marketing emails opened in last 3m; Spend $0/month (last 3m)
200,502434,Lapsed,Silver,Portland,Beverages,0.96,High,136.57,785.76,Win-back offer,5.24,No purchase in 6+ months; No marketing emails opened in last 3m; Spend $0/month (last 3m)
201,500086,Lapsed,Silver,Tulsa,Bakery,0.97,High,136.15,795.79,Win-back offer,5.21,No purchase in 6+ months; No marketing emails opened in last 3m; Spend $0/month (last 3m)
202,501807,Lapsed,Gold,Columbus,Personal Care,1.0,High,136.07,812.79,Win-back offer,5.21,No purchases in last 3m; Transactions trending down (-1.0/month); No marketing emails opened in last 3m
203,500750,Lapsed,Gold,Boise,Frozen Foods,0.98,High,135.43,793.84,Win-back offer,5.16,No purchase in 6+ months; No marketing emails opened in last 3m; Spend $0/month (last 3m)
204,501906,Lapsed,Gold,Columbus,Snacks,0.99,High,135.4,800.98,Win-back offer,5.16,No purchase in 6+ months; No marketing emails opened in last 3m; Spend $0/month (last 3m)
205,500641,Lapsed,Gold,Boise,Personal Care,0.97,High,135.33,790.8,Win-back offer,5.15,No purchase in 6+ months; No marketing emails opened in last 3m; Spend $0/month (last 3m)
206,501506,Lapsed,Silver,Tulsa,Snacks,0.97,High,135.28,786.14,Win-back offer,5.15,No purchase in 6+ months; No marketing emails opened in last 3m; Spend $0/month (last 3m)
207,500256,Active,Gold,Nashville,Personal Care,0.58,High,93.12,321.38,Proactive service call,5.09,2 support tickets in last 3m; No app use in last 3m; Only 1 transaction(s) last month
208,500762,Lapsed,Gold,Madison,Snacks,1.0,High,134.29,802.11,Win-back offer,5.07,No purchase for 5 months; No marketing emails opened in last 3m; Spend $0/month (last 3m)
209,500790,Lapsed,Gold,Portland,Bakery,0.99,High,134.28,794.01,Win-back offer,5.07,No purchase in 6+ months; No marketing emails opened in last 3m; Spend $0/month (last 3m)
210,500036,Lapsed,Silver,Columbus,Frozen Foods,0.98,High,134.19,787.39,Win-back offer,5.06,No purchase in 6+ months; No marketing emails opened in last 3m; Spend $0/month (last 3m)
211,500290,Lapsed,Silver,Columbus,Beverages,0.99,High,134.18,795.8,Win-back offer,5.06,No purchase for 5 months; No marketing emails opened in last 3m; Spend $0/month (last 3m)
212,500690,Lapsed,Silver,Denver,Household,0.99,High,134.11,798.47,Win-back offer,5.06,No purchase for 5 months; No marketing emails opened in last 3m; Spend $0/month (last 3m)
213,501961,Lapsed,Silver,Raleigh,Snacks,0.98,High,133.79,783.36,Win-back offer,5.03,No purchase in 6+ months; No marketing emails opened in last 3m; Spend $0/month (last 3m)
214,501643,Lapsed,Platinum,Columbus,Household,0.99,High,133.38,789.43,Win-back offer,5.0,No purchase in 6+ months; No marketing emails opened in last 3m; Spend $0/month (last 3m)
215,501508,Lapsed,Silver,Austin,Beverages,0.99,High,133.2,788.42,Win-back offer,4.99,No purchase in 6+ months; No marketing emails opened in last 3m; Spend $0/month (last 3m)
216,500302,Lapsed,Silver,Austin,Snacks,1.0,High,133.07,795.24,Win-back offer,4.98,No purchase for 4 months; Transactions trending down (-1.5/month); No marketing emails opened in last 3m
217,501165,Lapsed,Silver,Boise,Bakery,0.98,High,133.01,780.53,Win-back offer,4.98,No purchase in 6+ months; No marketing emails opened in last 3m; Spend $0/month (last 3m)
218,501104,Lapsed,Silver,Raleigh,Bakery,0.99,High,132.78,785.24,Win-back offer,4.96,No purchase in 6+ months; No marketing emails opened in last 3m; Spend $0/month (last 3m)
219,500785,Lapsed,Platinum,Columbus,Bakery,0.99,High,132.67,786.54,Win-back offer,4.95,No purchase in 6+ months; No marketing emails opened in last 3m; Spend $0/month (last 3m)
220,500724,Lapsed,Silver,Boise,Snacks,0.98,High,130.5,767.66,Win-back offer,4.79,No purchase for 4 months; No marketing emails opened in last 3m; Spend $0/month (last 3m)
221,502144,Lapsed,Gold,Boise,Produce,0.99,High,130.49,778.14,Win-back offer,4.79,No purchase for 5 months; No marketing emails opened in last 3m; Spend $0/month (last 3m)
222,500926,Active,Gold,Spokane,Personal Care,0.36,Medium,145.07,316.24,Proactive service call,4.77,Transactions trending down (-1.1/month); 2 support tickets in last 3m; No transactions last month
223,501208,Lapsed,Gold,Austin,Bakery,0.99,High,130.16,774.34,Win-back offer,4.76,No purchase in 6+ months; No marketing emails opened in last 3m; Spend $0/month (last 3m)
224,500902,Lapsed,Platinum,Madison,Frozen Foods,0.96,High,129.75,745.91,Win-back offer,4.73,No purchase in 6+ months; No marketing emails opened in last 3m; Spend $0/month (last 3m)
225,501959,Lapsed,Silver,Tulsa,Produce,1.0,High,129.66,775.41,Win-back offer,4.72,No purchases in last 3m; Transactions trending down (-1.1/month); No marketing emails opened in last 3m
226,501184,Lapsed,Platinum,Nashville,Snacks,0.99,High,129.58,770.82,Win-back offer,4.72,No purchases in last 3m; Transactions trending down (-1.3/month); No marketing emails opened in last 3m
227,502133,Lapsed,Silver,Columbus,Beverages,1.0,High,128.56,768.76,Win-back offer,4.64,No purchase for 4 months; Transactions trending down (-1.1/month); No marketing emails opened in last 3m
228,501034,Lapsed,Gold,Nashville,Dairy,0.98,High,128.4,756.86,Win-back offer,4.63,No purchase in 6+ months; No marketing emails opened in last 3m; Spend $0/month (last 3m)
229,500723,Lapsed,Platinum,Denver,Frozen Foods,0.97,High,128.21,749.26,Win-back offer,4.62,No purchase in 6+ months; No marketing emails opened in last 3m; Spend $0/month (last 3m)
230,500625,Active,Silver,Spokane,Personal Care,0.81,High,79.69,387.52,Personalised coupon,4.53,0.7 transactions/month (last 3m); Transactions trending down (-0.9/month); No marketing emails opened in last 3m
231,500225,Lapsed,Gold,Denver,Snacks,0.98,High,126.96,750.15,Win-back offer,4.52,No purchase in 6+ months; No marketing emails opened in last 3m; Spend $0/month (last 3m)
232,501730,Lapsed,Silver,Denver,Bakery,0.98,High,126.55,743.19,Win-back offer,4.49,No purchases in last 3m; No marketing emails opened in last 3m; Spend $0/month (last 3m)
233,500951,Lapsed,Gold,Columbus,Bakery,0.99,High,126.47,754.27,Win-back offer,4.49,No purchase in 6+ months; No marketing emails opened in last 3m; Spend $0/month (last 3m)
234,500467,Active,Gold,Tulsa,Personal Care,0.7,High,91.76,384.76,Personalised coupon,4.43,Transactions trending down (-1.0/month); No marketing emails opened in last 3m; No transactions last month
235,501296,Lapsed,Platinum,Tulsa,Personal Care,0.98,High,125.15,735.35,Win-back offer,4.39,No purchase in 6+ months; No marketing emails opened in last 3m; Spend $0/month (last 3m)
236,501962,Lapsed,Gold,Tulsa,Beverages,0.97,High,125.04,728.63,Win-back offer,4.38,No purchase in 6+ months; No marketing emails opened in last 3m; Spend $0/month (last 3m)
237,501771,Lapsed,Silver,Columbus,Dairy,0.99,High,124.7,740.39,Win-back offer,4.35,No purchases in last 3m; Transactions trending down (-1.1/month); No marketing emails opened in last 3m
238,502569,Active,Silver,Raleigh,Frozen Foods,0.52,High,98.94,309.11,Proactive service call,4.32,1.7 transactions/month (last 3m); App use 0.3 sessions/month; Spend $42/month (last 3m)
239,500566,Lapsed,Gold,Austin,Household,0.99,High,124.07,734.67,Win-back offer,4.31,No purchase in 6+ months; No marketing emails opened in last 3m; Spend $0/month (last 3m)
240,500254,Lapsed,Gold,Nashville,Beverages,0.97,High,123.19,714.36,Win-back offer,4.24,No purchase in 6+ months; No marketing emails opened in last 3m; Spend $0/month (last 3m)
241,500944,Lapsed,Silver,Austin,Personal Care,0.97,High,122.41,714.5,Win-back offer,4.18,No purchase in 6+ months; No marketing emails opened in last 3m; Spend $0/month (last 3m)
242,501701,Active,Gold,Raleigh,Personal Care,0.37,Medium,138.6,306.69,Proactive service call,4.17,No transactions last month; Spend +239% vs prior 3m; Opens 0.3 emails/month
243,502426,Lapsed,Silver,Denver,Produce,0.99,High,121.97,721.17,Win-back offer,4.15,No purchase in 6+ months; No marketing emails opened in last 3m; Spend $0/month (last 3m)
244,502364,Active,Silver,Columbus,Dairy,0.77,High,66.22,305.99,Proactive service call,4.12,3 support tickets in last 3m; Transactions trending down (-1.1/month); No transactions last month
245,500549,Lapsed,Gold,Raleigh,Household,0.97,High,121.48,709.87,Win-back offer,4.11,No purchase for 4 months; No marketing emails opened in last 3m; Spend $0/month (last 3m)
246,501881,Lapsed,Silver,Denver,Bakery,0.99,High,121.44,722.7,Win-back offer,4.11,No purchase in 6+ months; No marketing emails opened in last 3m; Spend $0/month (last 3m)
247,501376,Active,Silver,Madison,Dairy,0.59,High,106.64,375.97,Personalised coupon,4.1,0.3 transactions/month (last 3m); Transactions trending down (-1.1/month); Spend $13/month (last 3m)
248,500207,Lapsed,Gold,Tulsa,Household,0.96,High,121.24,699.62,Win-back offer,4.09,No purchase in 6+ months; No marketing emails opened in last 3m; Spend $0/month (last 3m)
249,500987,Lapsed,Gold,Madison,Frozen Foods,0.97,High,120.78,702.75,Win-back offer,4.06,No purchase in 6+ months; No marketing emails opened in last 3m; Spend $0/month (last 3m)
250,501578,Lapsed,Gold,Raleigh,Personal Care,0.98,High,120.7,709.02,Win-back offer,4.05,No purchases in last 3m; No marketing emails opened in last 3m; Spend $0/month (last 3m)
251,500567,Lapsed,Silver,Spokane,Snacks,0.98,High,120.54,706.45,Win-back offer,4.04,No purchase in 6+ months; No marketing emails opened in last 3m; Spend $0/month (last 3m)
252,501377,Lapsed,Silver,Nashville,Snacks,0.98,High,119.49,699.87,Win-back offer,3.96,No purchase in 6+ months; No marketing emails opened in last 3m; Spend $0/month (last 3m)
253,500689,Lapsed,Gold,Denver,Household,0.96,High,119.3,688.38,Win-back offer,3.95,No purchase in 6+ months; No marketing emails opened in last 3m; Spend $0/month (last 3m)
254,500107,Lapsed,Silver,Portland,Frozen Foods,0.99,High,118.97,704.63,Win-back offer,3.92,No purchase in 6+ months; No marketing emails opened in last 3m; Spend $0/month (last 3m)
255,501981,Lapsed,Silver,Madison,Dairy,0.97,High,118.93,688.87,Win-back offer,3.92,No purchase in 6+ months; No marketing emails opened in last 3m; Spend $0/month (last 3m)
256,501817,Lapsed,Silver,Tulsa,Frozen Foods,0.99,High,118.9,704.86,Win-back offer,3.92,Transactions trending down (-1.5/month); No purchases in last 3m; No marketing emails opened in last 3m
257,501872,Lapsed,Silver,Denver,Snacks,0.99,High,118.8,705.72,Win-back offer,3.91,No purchase in 6+ months; No marketing emails opened in last 3m; Spend $0/month (last 3m)
258,500445,Lapsed,Gold,Tulsa,Snacks,0.97,High,118.35,688.71,Win-back offer,3.88,No purchase in 6+ months; No marketing emails opened in last 3m; Spend $0/month (last 3m)
259,500649,Lapsed,Platinum,Boise,Produce,0.97,High,117.93,689.89,Win-back offer,3.84,No purchase in 6+ months; No marketing emails opened in last 3m; Spend $0/month (last 3m)
260,500889,Active,Silver,Raleigh,Bakery,0.48,High,128.25,368.39,Personalised coupon,3.81,No marketing emails opened in last 3m; 1.7 transactions/month (last 3m); App use 0.3 sessions/month
261,501294,Lapsed,Silver,Raleigh,Snacks,0.98,High,117.28,690.98,Win-back offer,3.8,No purchase in 6+ months; No marketing emails opened in last 3m; Spend $0/month (last 3m)
262,500044,Lapsed,Silver,Raleigh,Personal Care,0.97,High,117.17,684.21,Win-back offer,3.79,No purchases in last 3m; Spend $0/month (last 3m); Buys 0.0 categories/month
263,502410,Lapsed,Silver,Nashville,Dairy,0.99,High,117.11,697.41,Win-back offer,3.78,No purchase for 4 months; No marketing emails opened in last 3m; Spend $0/month (last 3m)
264,501168,Lapsed,Silver,Raleigh,Bakery,0.99,High,116.91,697.35,Win-back offer,3.77,No purchase in 6+ months; No marketing emails opened in last 3m; Spend $0/month (last 3m)
265,500634,Lapsed,Gold,Spokane,Beverages,0.98,High,116.62,687.65,Win-back offer,3.75,No purchase in 6+ months; No marketing emails opened in last 3m; Spend $0/month (last 3m)
266,500235,Active,Gold,Raleigh,Dairy,0.5,High,121.88,364.98,Personalised coupon,3.69,0.5 transactions/month (last 3m); Spend $22/month (last 3m); No app use in last 3m
267,500654,Lapsed,Silver,Austin,Beverages,0.96,High,115.71,666.22,Win-back offer,3.68,No purchase in 6+ months; No marketing emails opened in last 3m; Spend $0/month (last 3m)
268,502229,Lapsed,Gold,Austin,Household,0.99,High,115.45,683.28,Win-back offer,3.66,No purchase in 6+ months; No marketing emails opened in last 3m; Spend $0/month (last 3m)
269,501140,Lapsed,Gold,Austin,Personal Care,1.0,High,115.32,689.59,Win-back offer,3.65,No purchase in 6+ months; No marketing emails opened in last 3m; Spend $0/month (last 3m)
270,501756,Active,Gold,Denver,Household,0.98,High,50.85,298.1,Proactive service call,3.63,4 support tickets in last 3m; 0.3 transactions/month (last 3m); Spend $13/month (last 3m)
271,500196,Lapsed,Silver,Raleigh,Snacks,0.96,High,114.96,661.93,Win-back offer,3.62,No purchase in 6+ months; No marketing emails opened in last 3m; Spend $0/month (last 3m)
272,500996,Active,Silver,Madison,Dairy,0.99,High,50.3,297.82,Proactive service call,3.61,5 support tickets in last 3m; 1.7 transactions/month (last 3m); Spend $22/month (last 3m)
273,500883,Active,Silver,Austin,Produce,0.95,High,63.53,362.09,Personalised coupon,3.58,0.3 transactions/month (last 3m); No marketing emails opened in last 3m; Spend $8/month (last 3m)
274,501973,Lapsed,Silver,Portland,Frozen Foods,0.99,High,114.24,675.41,Win-back offer,3.57,No purchase in 6+ months; No marketing emails opened in last 3m; Spend $0/month (last 3m)
275,502128,Lapsed,Silver,Boise,Dairy,0.98,High,114.14,674.15,Win-back offer,3.56,No purchase in 6+ months; No marketing emails opened in last 3m; Spend $0/month (last 3m)
276,500236,Lapsed,Silver,Raleigh,Snacks,0.98,High,114.09,672.1,Win-back offer,3.56,No purchase in 6+ months; No marketing emails opened in last 3m; Spend $0/month (last 3m)
277,500573,Lapsed,Silver,Spokane,Dairy,0.98,High,113.81,672.49,Win-back offer,3.54,No purchase in 6+ months; No marketing emails opened in last 3m; Spend $0/month (last 3m)
278,501868,Lapsed,Silver,Denver,Produce,0.99,High,113.72,675.7,Win-back offer,3.53,No purchase in 6+ months; No marketing emails opened in last 3m; Spend $0/month (last 3m)
279,501398,Lapsed,Silver,Austin,Produce,0.98,High,113.56,670.77,Win-back offer,3.52,No purchase in 6+ months; No marketing emails opened in last 3m; Spend $0/month (last 3m)
280,501272,Lapsed,Platinum,Portland,Produce,0.98,High,113.23,665.13,Win-back offer,3.49,No purchase in 6+ months; No marketing emails opened in last 3m; Spend $0/month (last 3m)
281,501965,Lapsed,Platinum,Nashville,Personal Care,0.98,High,112.61,663.96,Win-back offer,3.45,No purchase in 6+ months; No marketing emails opened in last 3m; Spend $0/month (last 3m)
282,501531,Lapsed,Silver,Columbus,Beverages,0.99,High,111.88,663.06,Win-back offer,3.39,No purchase in 6+ months; No marketing emails opened in last 3m; Spend $0/month (last 3m)
283,501445,Lapsed,Gold,Tulsa,Bakery,0.98,High,111.44,654.31,Win-back offer,3.36,No purchase in 6+ months; No marketing emails opened in last 3m; Spend $0/month (last 3m)
284,500459,Lapsed,Silver,Madison,Personal Care,0.98,High,111.38,656.55,Win-back offer,3.35,No purchase in 6+ months; No marketing emails opened in last 3m; Spend $0/month (last 3m)
285,502600,Lapsed,Silver,Raleigh,Produce,0.99,High,110.75,655.52,Win-back offer,3.31,No purchase in 6+ months; No marketing emails opened in last 3m; Spend $0/month (last 3m)
286,502033,Active,Silver,Spokane,Frozen Foods,0.73,High,80.9,354.26,Personalised coupon,3.28,No transactions last month; No app use in last 3m; Transactions trending down (-0.7/month)
287,501179,Lapsed,Silver,Nashville,Beverages,0.97,High,110.45,641.33,Win-back offer,3.28,No purchases in last 3m; Spend $0/month (last 3m); No app use in last 3m
288,500893,Lapsed,Silver,Madison,Beverages,1.0,High,110.34,661.56,Win-back offer,3.28,No purchase for 4 months; 3 support tickets in last 3m; No marketing emails opened in last 3m
289,501644,Lapsed,Gold,Madison,Personal Care,0.99,High,109.86,652.31,Win-back offer,3.24,No purchase for 5 months; No marketing emails opened in last 3m; Spend $0/month (last 3m)
290,501046,Lapsed,Silver,Madison,Produce,0.99,High,109.11,645.33,Win-back offer,3.18,No purchase in 6+ months; No marketing emails opened in last 3m; Spend $0/month (last 3m)
291,501421,Lapsed,Silver,Columbus,Beverages,0.99,High,108.86,644.51,Win-back offer,3.16,No purchase in 6+ months; No marketing emails opened in last 3m; Spend $0/month (last 3m)
292,501065,Lapsed,Platinum,Tulsa,Household,0.97,High,108.84,636.11,Win-back offer,3.16,No purchase in 6+ months; No marketing emails opened in last 3m; Spend $0/month (last 3m)
293,501860,Lapsed,Silver,Austin,Personal Care,0.96,High,108.79,626.53,Win-back offer,3.16,No purchases in last 3m; No marketing emails opened in last 3m; Spend $0/month (last 3m)
294,502283,Lapsed,Silver,Raleigh,Beverages,0.98,High,108.56,638.5,Win-back offer,3.14,No purchase in 6+ months; No marketing emails opened in last 3m; Spend $0/month (last 3m)
295,500768,Lapsed,Gold,Raleigh,Frozen Foods,0.99,High,108.51,643.69,Win-back offer,3.14,No purchase for 5 months; No marketing emails opened in last 3m; Spend $0/month (last 3m)
296,500135,Lapsed,Silver,Madison,Bakery,0.99,High,108.26,644.42,Win-back offer,3.12,No purchase in 6+ months; No marketing emails opened in last 3m; Spend $0/month (last 3m)
297,501268,Lapsed,Platinum,Tulsa,Beverages,0.98,High,107.9,634.81,Win-back offer,3.09,No purchase in 6+ months; No marketing emails opened in last 3m; Spend $0/month (last 3m)
298,502291,Lapsed,Silver,Spokane,Bakery,0.98,High,107.7,632.08,Win-back offer,3.08,No purchase in 6+ months; No marketing emails opened in last 3m; Spend $0/month (last 3m)
299,501662,Active,Silver,Boise,Frozen Foods,0.71,High,81.38,348.57,Personalised coupon,3.07,1.0 transactions/month (last 3m); No app use in last 3m; Spend $28/month (last 3m)
300,501253,Active,Silver,Boise,Personal Care,0.94,High,61.64,348.41,Personalised coupon,3.07,1.0 transactions/month (last 3m); No app use in last 3m; Spend $26/month (last 3m)
301,501724,Lapsed,Silver,Madison,Frozen Foods,0.99,High,107.52,636.48,Win-back offer,3.06,No purchase in 6+ months; No marketing emails opened in last 3m; Spend $0/month (last 3m)
302,502579,Lapsed,Gold,Madison,Frozen Foods,0.99,High,107.4,636.37,Win-back offer,3.06,No purchase in 6+ months; No marketing emails opened in last 3m; Spend $0/month (last 3m)
303,501112,Lapsed,Silver,Portland,Snacks,0.96,High,107.38,620.32,Win-back offer,3.05,No purchase in 6+ months; No marketing emails opened in last 3m; Spend $0/month (last 3m)
304,501229,Lapsed,Silver,Tulsa,Bakery,0.98,High,107.02,630.06,Win-back offer,3.03,No purchase for 4 months; No marketing emails opened in last 3m; Spend $0/month (last 3m)
305,500760,Active,Gold,Portland,Frozen Foods,0.6,High,80.56,288.17,Proactive service call,3.01,No transactions last month; Spend $36/month (last 3m); App use 0.3 sessions/month
306,501877,Lapsed,Gold,Denver,Household,0.97,High,106.78,624.27,Win-back offer,3.01,No purchase in 6+ months; No marketing emails opened in last 3m; Spend $0/month (last 3m)
307,500941,Lapsed,Silver,Madison,Household,0.98,High,106.69,630.48,Win-back offer,3.0,No purchase in 6+ months; No marketing emails opened in last 3m; Spend $0/month (last 3m)
308,500218,Lapsed,Silver,Denver,Produce,0.97,High,106.65,619.49,Win-back offer,3.0,No purchase in 6+ months; No marketing emails opened in last 3m; Spend $0/month (last 3m)
309,501953,Lapsed,Silver,Nashville,Personal Care,0.99,High,106.65,631.61,Win-back offer,3.0,No purchase in 6+ months; No marketing emails opened in last 3m; Spend $0/month (last 3m)
310,501397,Lapsed,Silver,Boise,Bakery,0.97,High,106.47,621.94,Win-back offer,2.99,No purchase in 6+ months; No marketing emails opened in last 3m; Spend $0/month (last 3m)
311,500918,Lapsed,Platinum,Raleigh,Bakery,0.99,High,105.92,626.81,Win-back offer,2.94,No purchase in 6+ months; No marketing emails opened in last 3m; Spend $0/month (last 3m)
312,501525,Lapsed,Gold,Denver,Bakery,0.99,High,105.63,629.61,Win-back offer,2.92,No purchase in 6+ months; No marketing emails opened in last 3m; Spend $0/month (last 3m)
313,500882,Lapsed,Silver,Raleigh,Personal Care,0.99,High,105.59,627.76,Win-back offer,2.92,No purchase in 6+ months; No marketing emails opened in last 3m; Spend $0/month (last 3m)
314,501087,Lapsed,Silver,Denver,Bakery,0.96,High,105.59,608.77,Win-back offer,2.92,No purchases in last 3m; No marketing emails opened in last 3m; Spend $0/month (last 3m)
315,501831,Lapsed,Gold,Denver,Household,0.99,High,105.31,628.37,Win-back offer,2.9,No purchases in last 3m; Transactions trending down (-1.1/month); No marketing emails opened in last 3m
316,501095,Lapsed,Gold,Raleigh,Household,0.99,High,104.98,620.82,Win-back offer,2.87,No purchase in 6+ months; No marketing emails opened in last 3m; Spend $0/month (last 3m)
317,501383,Lapsed,Silver,Austin,Dairy,0.96,High,104.58,601.37,Win-back offer,2.84,No purchase in 6+ months; No marketing emails opened in last 3m; Spend $0/month (last 3m)
318,501289,Active,Platinum,Raleigh,Household,0.25,Medium,225.36,342.48,Personalised coupon,2.84,No transactions last month; Transactions trending down (-0.7/month); Opens 0.3 emails/month
319,500916,Lapsed,Silver,Madison,Bakery,0.99,High,104.08,618.97,Win-back offer,2.81,No purchase for 5 months; No marketing emails opened in last 3m; Spend $0/month (last 3m)
320,502597,Lapsed,Silver,Austin,Beverages,0.97,High,104.02,602.44,Win-back offer,2.8,No purchase in 6+ months; No marketing emails opened in last 3m; Spend $0/month (last 3m)
321,502447,Lapsed,Silver,Austin,Frozen Foods,0.97,High,103.78,603.97,Win-back offer,2.78,No purchase in 6+ months; No marketing emails opened in last 3m; Spend $0/month (last 3m)
322,502563,Lapsed,Gold,Nashville,Produce,0.99,High,103.3,612.83,Win-back offer,2.75,No purchase for 4 months; Spend $0/month (last 3m); No app use in last 3m
323,501748,Lapsed,Silver,Columbus,Household,0.99,High,102.94,613.74,Win-back offer,2.72,No purchase for 4 months; No marketing emails opened in last 3m; Spend $0/month (last 3m)
324,501622,Lapsed,Gold,Boise,Produce,0.98,High,102.85,602.0,Win-back offer,2.71,No purchase in 6+ months; No marketing emails opened in last 3m; Spend $0/month (last 3m)
325,502425,Lapsed,Gold,Raleigh,Bakery,0.98,High,102.82,603.3,Win-back offer,2.71,No purchase in 6+ months; No marketing emails opened in last 3m; Spend $0/month (last 3m)
326,501834,Active,Silver,Columbus,Household,0.55,High,86.37,283.26,Proactive service call,2.7,2 support tickets in last 3m; No transactions last month; Buys 0.3 categories/month
327,500147,Lapsed,Silver,Portland,Bakery,0.98,High,102.66,600.78,Win-back offer,2.7,No purchase in 6+ months; No marketing emails opened in last 3m; Spend $0/month (last 3m)
328,502420,Active,Silver,Tulsa,Frozen Foods,0.44,High,126.96,338.27,Personalised coupon,2.69,No marketing emails opened in last 3m; No transactions last month; No app use in last 3m
329,501354,Lapsed,Silver,Denver,Household,0.96,High,102.3,590.47,Win-back offer,2.67,No purchase for 4 months; No marketing emails opened in last 3m; Spend $0/month (last 3m)
330,500755,Active,Silver,Portland,Produce,0.85,High,66.24,336.98,Personalised coupon,2.64,0.3 transactions/month (last 3m); No marketing emails opened in last 3m; Spend $13/month (last 3m)
331,501299,Lapsed,Gold,Madison,Frozen Foods,0.99,High,101.8,601.85,Win-back offer,2.64,No purchase in 6+ months; No marketing emails opened in last 3m; Spend $0/month (last 3m)
332,501055,Lapsed,Silver,Boise,Personal Care,0.99,High,101.8,606.36,Win-back offer,2.63,No purchase for 4 months; No marketing emails opened in last 3m; Spend $0/month (last 3m)
333,501515,Lapsed,Silver,Columbus,Bakery,0.99,High,101.43,601.73,Win-back offer,2.61,No purchase in 6+ months; No marketing emails opened in last 3m; Spend $0/month (last 3m)
334,502259,Lapsed,Silver,Raleigh,Beverages,0.97,High,101.19,588.33,Win-back offer,2.59,No purchase in 6+ months; No marketing emails opened in last 3m; Spend $0/month (last 3m)
335,502433,Lapsed,Silver,Denver,Snacks,0.99,High,101.07,598.77,Win-back offer,2.58,No purchase in 6+ months; No marketing emails opened in last 3m; Spend $0/month (last 3m)
336,501084,Lapsed,Gold,Raleigh,Household,0.97,High,100.78,585.72,Win-back offer,2.56,No purchases in last 3m; No marketing emails opened in last 3m; Spend $0/month (last 3m)
337,501588,Lapsed,Silver,Raleigh,Bakery,0.99,High,100.77,598.77,Win-back offer,2.56,No purchase for 5 months; No marketing emails opened in last 3m; Spend $0/month (last 3m)
338,501071,Lapsed,Silver,Boise,Produce,0.97,High,100.58,588.12,Win-back offer,2.54,No purchase in 6+ months; No marketing emails opened in last 3m; Spend $0/month (last 3m)
339,502097,Lapsed,Silver,Spokane,Household,0.98,High,100.55,593.25,Win-back offer,2.54,No purchase in 6+ months; No marketing emails opened in last 3m; Spend $0/month (last 3m)
340,501116,Lapsed,Gold,Austin,Dairy,0.97,High,99.8,577.91,Win-back offer,2.49,No purchase in 6+ months; No marketing emails opened in last 3m; Spend $0/month (last 3m)
341,500834,Lapsed,Silver,Austin,Dairy,0.98,High,99.59,588.19,Win-back offer,2.47,No purchase in 6+ months; No marketing emails opened in last 3m; Spend $0/month (last 3m)
342,502185,Lapsed,Silver,Spokane,Personal Care,0.99,High,99.48,587.93,Win-back offer,2.46,No purchase in 6+ months; No marketing emails opened in last 3m; Spend $0/month (last 3m)
343,500084,Lapsed,Silver,Spokane,Dairy,0.99,High,99.2,591.54,Win-back offer,2.44,No purchases in last 3m; No marketing emails opened in last 3m; Spend $0/month (last 3m)
344,501781,Lapsed,Silver,Columbus,Dairy,0.99,High,98.99,588.94,Win-back offer,2.42,No purchase in 6+ months; No marketing emails opened in last 3m; Spend $0/month (last 3m)
345,502378,Active,Platinum,Columbus,Frozen Foods,0.47,High,116.84,329.86,Personalised coupon,2.37,0.7 transactions/month (last 3m); Transactions trending down (-0.8/month); Spend $27/month (last 3m)
346,501905,Lapsed,Platinum,Nashville,Personal Care,0.98,High,98.08,575.34,Win-back offer,2.36,No purchase in 6+ months; No marketing emails opened in last 3m; Spend $0/month (last 3m)
347,501286,Lapsed,Silver,Nashville,Bakery,0.98,High,97.87,575.51,Win-back offer,2.34,No purchase in 6+ months; No marketing emails opened in last 3m; Spend $0/month (last 3m)
348,501070,Lapsed,Silver,Raleigh,Household,0.97,High,97.58,570.52,Win-back offer,2.32,No purchase for 4 months; No marketing emails opened in last 3m; Spend $0/month (last 3m)
349,500621,Lapsed,Silver,Madison,Dairy,0.99,High,97.54,578.5,Win-back offer,2.32,No purchase in 6+ months; No marketing emails opened in last 3m; Spend $0/month (last 3m)
350,500140,Active,Silver,Austin,Personal Care,0.91,High,59.94,327.86,Personalised coupon,2.29,0.5 transactions/month (last 3m); No marketing emails opened in last 3m; Transactions trending down (-0.9/month)
351,500869,Lapsed,Silver,Raleigh,Frozen Foods,0.98,High,97.07,571.92,Win-back offer,2.28,No purchase for 4 months; No marketing emails opened in last 3m; Spend $0/month (last 3m)
352,501735,Active,Silver,Tulsa,Household,0.89,High,51.75,276.47,Proactive service call,2.28,2 support tickets in last 3m; Transactions trending down (-1.0/month); No transactions last month
353,501866,Lapsed,Platinum,Tulsa,Personal Care,0.99,High,97.0,575.86,Win-back offer,2.28,No purchase in 6+ months; No marketing emails opened in last 3m; Spend $0/month (last 3m)
354,500886,Lapsed,Silver,Nashville,Produce,0.97,High,96.82,564.89,Win-back offer,2.26,No purchase in 6+ months; No marketing emails opened in last 3m; Spend $0/month (last 3m)
355,500478,Lapsed,Silver,Austin,Frozen Foods,0.99,High,96.72,575.88,Win-back offer,2.25,No purchase for 5 months; No marketing emails opened in last 3m; Spend $0/month (last 3m)
356,502093,Lapsed,Silver,Austin,Dairy,0.99,High,96.58,571.55,Win-back offer,2.24,No purchase in 6+ months; No marketing emails opened in last 3m; Spend $0/month (last 3m)
357,502163,Lapsed,Silver,Madison,Produce,0.97,High,96.46,559.76,Win-back offer,2.23,No purchase in 6+ months; No marketing emails opened in last 3m; Spend $0/month (last 3m)
358,500019,Lapsed,Silver,Madison,Frozen Foods,0.98,High,96.41,565.74,Win-back offer,2.23,No purchases in last 3m; No marketing emails opened in last 3m; Spend $0/month (last 3m)
359,500798,Lapsed,Silver,Columbus,Personal Care,0.99,High,96.36,573.08,Win-back offer,2.23,No purchase in 6+ months; No marketing emails opened in last 3m; Spend $0/month (last 3m)
360,500077,Lapsed,Platinum,Columbus,Household,0.97,High,96.31,560.29,Win-back offer,2.22,No purchase for 4 months; No marketing emails opened in last 3m; Spend $0/month (last 3m)
361,502264,Lapsed,Gold,Columbus,Snacks,0.99,High,96.31,571.26,Win-back offer,2.22,No purchases in last 3m; Spend $0/month (last 3m); No app use in last 3m
362,500137,Lapsed,Silver,Denver,Snacks,0.97,High,96.1,557.88,Win-back offer,2.21,No purchase in 6+ months; No marketing emails opened in last 3m; Spend $0/month (last 3m)
363,500099,Lapsed,Silver,Madison,Produce,0.98,High,96.08,567.25,Win-back offer,2.21,No purchase for 4 months; No marketing emails opened in last 3m; Spend $0/month (last 3m)
364,501763,Active,Silver,Austin,Dairy,0.36,Medium,126.97,275.16,Proactive service call,2.2,2 support tickets in last 3m; No app use in last 3m; 2.7 transactions/month (last 3m)
365,501384,Lapsed,Gold,Raleigh,Household,0.96,High,95.63,551.46,Win-back offer,2.17,No purchase in 6+ months; No marketing emails opened in last 3m; Spend $0/month (last 3m)
366,502308,Lapsed,Gold,Portland,Beverages,0.97,High,95.33,553.4,Win-back offer,2.15,No purchase for 4 months; No marketing emails opened in last 3m; Spend $0/month (last 3m)
367,500388,Lapsed,Silver,Austin,Bakery,0.99,High,95.08,564.59,Win-back offer,2.13,No purchase in 6+ months; No marketing emails opened in last 3m; Spend $0/month (last 3m)
368,500816,Lapsed,Silver,Nashville,Beverages,0.98,High,95.07,556.9,Win-back offer,2.13,No purchase in 6+ months; No marketing emails opened in last 3m; Spend $0/month (last 3m)
369,501029,Lapsed,Silver,Portland,Household,0.99,High,94.84,564.29,Win-back offer,2.11,No purchases in last 3m; Transactions trending down (-1.1/month); No marketing emails opened in last 3m
370,501847,Lapsed,Gold,Spokane,Bakery,0.98,High,94.61,556.07,Win-back offer,2.1,No purchase in 6+ months; No marketing emails opened in last 3m; Spend $0/month (last 3m)
371,501641,Lapsed,Gold,Raleigh,Beverages,0.98,High,94.24,551.62,Win-back offer,2.07,No purchases in last 3m; No marketing emails opened in last 3m; Spend $0/month (last 3m)
372,500348,Lapsed,Silver,Madison,Dairy,0.96,High,94.22,545.44,Win-back offer,2.07,No purchase in 6+ months; No marketing emails opened in last 3m; Spend $0/month (last 3m)
373,500045,Lapsed,Silver,Columbus,Household,0.99,High,94.06,558.67,Win-back offer,2.05,No purchase in 6+ months; No marketing emails opened in last 3m; Spend $0/month (last 3m)
374,500158,Lapsed,Platinum,Spokane,Household,0.97,High,94.05,546.83,Win-back offer,2.05,No purchases in last 3m; Transactions trending down (-1.0/month); No marketing emails opened in last 3m
375,501754,Lapsed,Silver,Boise,Snacks,0.95,High,93.96,537.56,Win-back offer,2.05,No purchases in last 3m; No marketing emails opened in last 3m; Spend $0/month (last 3m)
376,500715,Lapsed,Gold,Austin,Bakery,0.98,High,93.93,553.34,Win-back offer,2.05,No purchase in 6+ months; No marketing emails opened in last 3m; Spend $0/month (last 3m)
377,501326,Lapsed,Silver,Austin,Household,0.98,High,93.85,551.6,Win-back offer,2.04,No purchase in 6+ months; No marketing emails opened in last 3m; Spend $0/month (last 3m)
378,502110,Lapsed,Silver,Tulsa,Produce,0.98,High,93.79,554.05,Win-back offer,2.03,No purchase in 6+ months; No marketing emails opened in last 3m; Spend $0/month (last 3m)
379,500244,Lapsed,Silver,Denver,Household,0.98,High,93.79,554.09,Win-back offer,2.03,No purchase in 6+ months; No marketing emails opened in last 3m; Spend $0/month (last 3m)
380,501895,Lapsed,Silver,Raleigh,Dairy,0.98,High,93.66,548.89,Win-back offer,2.02,No purchase in 6+ months; No marketing emails opened in last 3m; Spend $0/month (last 3m)
381,500937,Lapsed,Gold,Spokane,Produce,0.98,High,93.65,548.34,Win-back offer,2.02,No purchase for 5 months; No marketing emails opened in last 3m; Spend $0/month (last 3m)
382,502058,Lapsed,Gold,Portland,Snacks,0.99,High,92.93,554.47,Win-back offer,1.97,No purchase for 5 months; No marketing emails opened in last 3m; Spend $0/month (last 3m)
383,501706,Lapsed,Silver,Tulsa,Dairy,0.96,High,92.92,533.95,Win-back offer,1.97,No purchase in 6+ months; No marketing emails opened in last 3m; Spend $0/month (last 3m)
384,501356,Lapsed,Platinum,Boise,Snacks,0.98,High,92.86,548.23,Win-back offer,1.96,No purchase in 6+ months; No marketing emails opened in last 3m; Spend $0/month (last 3m)
385,502207,Lapsed,Silver,Tulsa,Produce,0.99,High,92.26,548.41,Win-back offer,1.92,No purchase for 5 months; No marketing emails opened in last 3m; Spend $0/month (last 3m)
386,500949,Active,Silver,Raleigh,Snacks,0.35,Medium,128.33,270.44,Proactive service call,1.9,Transactions trending down (-1.4/month); No marketing emails opened in last 3m; No transactions last month
387,500377,Lapsed,Silver,Tulsa,Dairy,0.99,High,92.02,543.88,Win-back offer,1.9,No purchase in 6+ months; No marketing emails opened in last 3m; Spend $0/month (last 3m)
388,500669,Lapsed,Gold,Tulsa,Personal Care,0.99,High,91.97,546.21,Win-back offer,1.9,No purchase for 4 months; No marketing emails opened in last 3m; Spend $0/month (last 3m)
389,501102,Lapsed,Silver,Portland,Personal Care,0.97,High,91.8,536.4,Win-back offer,1.89,No purchase in 6+ months; No marketing emails opened in last 3m; Spend $0/month (last 3m)
390,501673,Lapsed,Silver,Boise,Household,0.98,High,91.72,538.49,Win-back offer,1.88,No purchase for 4 months; No marketing emails opened in last 3m; Spend $0/month (last 3m)
391,500284,Lapsed,Silver,Raleigh,Snacks,0.98,High,91.66,540.3,Win-back offer,1.87,No purchase in 6+ months; No marketing emails opened in last 3m; Spend $0/month (last 3m)
392,501614,Lapsed,Silver,Tulsa,Frozen Foods,0.99,High,91.18,540.9,Win-back offer,1.84,No purchase in 6+ months; No marketing emails opened in last 3m; Spend $0/month (last 3m)
393,500661,Active,Platinum,Madison,Household,0.44,High,102.67,269.35,Proactive service call,1.83,1.0 transactions/month (last 3m); App use 0.3 sessions/month; Spend $44/month (last 3m)
394,501993,Lapsed,Gold,Austin,Bakery,0.96,High,90.98,525.08,Win-back offer,1.82,No purchases in last 3m; No marketing emails opened in last 3m; Spend $0/month (last 3m)
395,501107,Lapsed,Silver,Nashville,Snacks,0.96,High,90.84,525.82,Win-back offer,1.81,No purchase in 6+ months; No marketing emails opened in last 3m; Spend $0/month (last 3m)
396,502448,Lapsed,Silver,Nashville,Beverages,0.96,High,90.41,519.07,Win-back offer,1.78,No purchases in last 3m; No marketing emails opened in last 3m; Spend $0/month (last 3m)
397,502304,Lapsed,Silver,Tulsa,Frozen Foods,0.97,High,90.35,524.42,Win-back offer,1.78,No purchase for 4 months; No marketing emails opened in last 3m; Spend $0/month (last 3m)
398,501971,Lapsed,Silver,Madison,Produce,0.96,High,90.05,517.82,Win-back offer,1.75,No purchase in 6+ months; No marketing emails opened in last 3m; Spend $0/month (last 3m)
399,501251,Lapsed,Silver,Nashville,Beverages,0.98,High,89.99,526.52,Win-back offer,1.75,No purchase in 6+ months; No marketing emails opened in last 3m; Spend $0/month (last 3m)
400,501691,Lapsed,Silver,Columbus,Bakery,0.99,High,89.91,534.16,Win-back offer,1.74,No purchase in 6+ months; No marketing emails opened in last 3m; Spend $0/month (last 3m)
401,502485,Lapsed,Silver,Denver,Produce,0.99,High,89.79,532.14,Win-back offer,1.73,No purchase in 6+ months; No marketing emails opened in last 3m; Spend $0/month (last 3m)
402,501195,Lapsed,Gold,Denver,Household,0.99,High,89.65,529.89,Win-back offer,1.72,No purchase for 5 months; No marketing emails opened in last 3m; Spend $0/month (last 3m)
403,502443,Lapsed,Gold,Tulsa,Produce,0.98,High,89.04,524.82,Win-back offer,1.68,No purchase in 6+ months; No marketing emails opened in last 3m; Spend $0/month (last 3m)
404,500860,Lapsed,Silver,Madison,Household,0.97,High,88.84,516.78,Win-back offer,1.66,No purchase in 6+ months; No marketing emails opened in last 3m; Spend $0/month (last 3m)
405,502091,Lapsed,Silver,Boise,Household,0.97,High,88.8,514.85,Win-back offer,1.66,No purchase in 6+ months; No marketing emails opened in last 3m; Spend $0/month (last 3m)
406,500219,Lapsed,Silver,Denver,Frozen Foods,0.97,High,88.74,518.36,Win-back offer,1.66,No purchase for 5 months; No marketing emails opened in last 3m; Spend $0/month (last 3m)
407,502595,Lapsed,Silver,Columbus,Beverages,0.97,High,88.59,514.2,Win-back offer,1.64,No purchase in 6+ months; No marketing emails opened in last 3m; Spend $0/month (last 3m)
408,502554,Lapsed,Silver,Columbus,Frozen Foods,0.98,High,88.35,519.15,Win-back offer,1.63,No purchase in 6+ months; No marketing emails opened in last 3m; Spend $0/month (last 3m)
409,500185,Lapsed,Silver,Raleigh,Produce,0.97,High,88.32,512.62,Win-back offer,1.62,No purchase in 6+ months; No marketing emails opened in last 3m; Spend $0/month (last 3m)
410,502587,Lapsed,Silver,Nashville,Frozen Foods,0.99,High,88.27,523.91,Win-back offer,1.62,No purchase in 6+ months; No marketing emails opened in last 3m; Spend $0/month (last 3m)
411,501813,Lapsed,Silver,Tulsa,Household,0.98,High,87.94,518.73,Win-back offer,1.6,No purchase in 6+ months; No marketing emails opened in last 3m; Spend $0/month (last 3m)
412,501649,Lapsed,Silver,Portland,Frozen Foods,0.98,High,87.86,516.91,Win-back offer,1.59,No purchase in 6+ months; No marketing emails opened in last 3m; Spend $0/month (last 3m)
413,501842,Lapsed,Silver,Portland,Household,0.96,High,87.59,505.31,Win-back offer,1.57,No purchases in last 3m; No marketing emails opened in last 3m; Spend $0/month (last 3m)
414,500887,Lapsed,Gold,Denver,Dairy,0.99,High,87.33,517.52,Win-back offer,1.55,No purchase in 6+ months; No marketing emails opened in last 3m; Spend $0/month (last 3m)
415,500170,Active,Silver,Madison,Bakery,0.58,High,88.16,307.71,Personalised coupon,1.54,No transactions last month; App use 0.3 sessions/month; Opens 0.3 emails/month
416,501852,Lapsed,Gold,Austin,Bakery,0.99,High,86.94,517.05,Win-back offer,1.52,No purchase in 6+ months; No marketing emails opened in last 3m; Spend $0/month (last 3m)
417,501762,Lapsed,Platinum,Boise,Bakery,0.97,High,86.82,507.4,Win-back offer,1.51,No purchase in 6+ months; No marketing emails opened in last 3m; Spend $0/month (last 3m)
418,500694,Lapsed,Silver,Portland,Snacks,0.97,High,86.72,502.82,Win-back offer,1.5,No purchase in 6+ months; No marketing emails opened in last 3m; Spend $0/month (last 3m)
419,501556,Lapsed,Silver,Spokane,Dairy,0.98,High,86.43,510.24,Win-back offer,1.48,No purchase in 6+ months; No marketing emails opened in last 3m; Spend $0/month (last 3m)
420,501765,Lapsed,Silver,Boise,Dairy,0.98,High,86.38,507.8,Win-back offer,1.48,No purchase in 6+ months; No marketing emails opened in last 3m; Spend $0/month (last 3m)
421,500962,Lapsed,Gold,Madison,Bakery,0.97,High,86.29,504.53,Win-back offer,1.47,No purchase in 6+ months; No marketing emails opened in last 3m; Spend $0/month (last 3m)
422,500864,Lapsed,Silver,Boise,Household,0.98,High,85.99,505.35,Win-back offer,1.45,No purchase in 6+ months; No marketing emails opened in last 3m; Spend $0/month (last 3m)
423,502125,Lapsed,Silver,Raleigh,Dairy,0.99,High,85.94,513.05,Win-back offer,1.45,No purchases in last 3m; 5 support tickets in 6m; No marketing emails opened in last 3m
424,502273,Active,Silver,Austin,Bakery,0.22,Medium,228.28,304.78,Personalised coupon,1.43,Transactions trending down (-2.3/month); App use -67% vs prior 3m; 1 support tickets in last 3m
425,502053,Active,Silver,Columbus,Dairy,0.91,High,47.98,262.31,Proactive service call,1.39,3 support tickets in last 3m; 1.0 transactions/month (last 3m); Spend $23/month (last 3m)
426,501687,Lapsed,Silver,Tulsa,Household,0.99,High,85.25,506.74,Win-back offer,1.39,No purchase in 6+ months; No marketing emails opened in last 3m; Spend $0/month (last 3m)
427,501385,Lapsed,Silver,Tulsa,Personal Care,0.97,High,85.2,495.89,Win-back offer,1.39,No purchase in 6+ months; No marketing emails opened in last 3m; Spend $0/month (last 3m)
428,500637,Lapsed,Silver,Tulsa,Produce,0.98,High,85.06,501.31,Win-back offer,1.38,No purchase in 6+ months; No marketing emails opened in last 3m; Spend $0/month (last 3m)
429,500153,Lapsed,Silver,Austin,Personal Care,0.99,High,84.9,504.64,Win-back offer,1.37,No purchase in 6+ months; No marketing emails opened in last 3m; Spend $0/month (last 3m)
430,500451,Lapsed,Gold,Portland,Produce,0.96,High,84.88,488.75,Win-back offer,1.37,No purchase in 6+ months; No marketing emails opened in last 3m; Spend $0/month (last 3m)
431,500903,Lapsed,Silver,Nashville,Snacks,0.95,High,84.82,483.72,Win-back offer,1.36,No purchase for 4 months; No marketing emails opened in last 3m; Spend $0/month (last 3m)
432,502490,Lapsed,Silver,Columbus,Bakery,0.99,High,84.53,501.28,Win-back offer,1.34,No purchase in 6+ months; No marketing emails opened in last 3m; Spend $0/month (last 3m)
433,501325,Active,Gold,Nashville,Frozen Foods,0.35,Medium,145.95,302.13,Personalised coupon,1.33,Transactions trending down (-1.0/month); No transactions last month; App use -57% vs prior 3m
434,502215,Lapsed,Gold,Austin,Personal Care,0.99,High,84.33,500.99,Win-back offer,1.32,No purchase in 6+ months; No marketing emails opened in last 3m; Spend $0/month (last 3m)
435,500645,Active,Gold,Spokane,Frozen Foods,0.38,High,131.03,301.8,Personalised coupon,1.32,No marketing emails opened in last 3m; No transactions last month; App use -67% vs prior 3m
436,500031,Active,Silver,Columbus,Personal Care,0.7,High,71.16,300.78,Personalised coupon,1.28,1.0 transactions/month (last 3m); Spend $25/month (last 3m); Buys 0.0 categories/month
437,500006,Active,Silver,Nashville,Snacks,0.5,High,86.6,260.4,Proactive service call,1.28,2 support tickets in last 3m; No transactions last month; Spend $39/month (last 3m)
438,500237,Lapsed,Gold,Tulsa,Household,0.99,High,83.62,495.51,Win-back offer,1.27,No purchase in 6+ months; No marketing emails opened in last 3m; Spend $0/month (last 3m)
439,501220,Lapsed,Silver,Tulsa,Bakery,0.98,High,83.58,492.03,Win-back offer,1.27,No purchase for 4 months; No marketing emails opened in last 3m; Spend $0/month (last 3m)
440,501058,Lapsed,Silver,Austin,Produce,0.99,High,83.48,495.54,Win-back offer,1.26,No purchase for 5 months; No marketing emails opened in last 3m; Spend $0/month (last 3m)
441,500787,Lapsed,Silver,Madison,Frozen Foods,0.99,High,83.3,493.81,Win-back offer,1.25,No purchase for 5 months; No marketing emails opened in last 3m; Spend $0/month (last 3m)
442,501249,Lapsed,Silver,Austin,Household,0.98,High,83.2,491.04,Win-back offer,1.24,No purchase in 6+ months; No marketing emails opened in last 3m; Spend $0/month (last 3m)
443,501749,Lapsed,Gold,Portland,Frozen Foods,0.98,High,83.13,486.52,Win-back offer,1.23,No purchase in 6+ months; No marketing emails opened in last 3m; Spend $0/month (last 3m)
444,501227,Lapsed,Gold,Madison,Dairy,0.99,High,83.08,492.63,Win-back offer,1.23,No purchase in 6+ months; No marketing emails opened in last 3m; Spend $0/month (last 3m)
445,502526,Lapsed,Silver,Nashville,Snacks,0.98,High,83.08,490.84,Win-back offer,1.23,No purchase in 6+ months; No marketing emails opened in last 3m; Spend $0/month (last 3m)
446,500454,Lapsed,Silver,Denver,Snacks,0.8,High,83.02,396.34,Win-back offer,1.23,No purchases in last 3m; Spend $0/month (last 3m); No app use in last 3m
447,501394,Lapsed,Gold,Nashville,Snacks,0.98,High,82.75,489.04,Win-back offer,1.21,No purchase in 6+ months; No marketing emails opened in last 3m; Spend $0/month (last 3m)
448,502156,Lapsed,Silver,Madison,Produce,0.95,High,82.6,473.18,Win-back offer,1.2,No purchase in 6+ months; No marketing emails opened in last 3m; Spend $0/month (last 3m)
449,500822,Lapsed,Silver,Portland,Dairy,0.97,High,82.45,480.76,Win-back offer,1.18,No purchase in 6+ months; No marketing emails opened in last 3m; Spend $0/month (last 3m)
450,501414,Lapsed,Gold,Columbus,Frozen Foods,0.98,High,82.18,481.35,Win-back offer,1.16,No purchase in 6+ months; No marketing emails opened in last 3m; Spend $0/month (last 3m)
451,501110,Active,Silver,Denver,Produce,0.35,Medium,142.18,296.86,Personalised coupon,1.13,Transactions trending down (-1.0/month); No marketing emails opened in last 3m; 1.7 transactions/month (last 3m)
452,502018,Lapsed,Silver,Portland,Household,0.98,High,81.53,478.92,Win-back offer,1.11,No purchase in 6+ months; No marketing emails opened in last 3m; Spend $0/month (last 3m)
453,502407,Lapsed,Silver,Boise,Household,0.99,High,81.26,481.07,Win-back offer,1.09,No purchase in 6+ months; No marketing emails opened in last 3m; Spend $0/month (last 3m)
454,501521,Lapsed,Silver,Boise,Household,0.98,High,81.17,478.5,Win-back offer,1.09,No purchase in 6+ months; No marketing emails opened in last 3m; Spend $0/month (last 3m)
455,500416,Active,Gold,Raleigh,Bakery,0.78,High,62.86,295.27,Personalised coupon,1.07,0.7 transactions/month (last 3m); No app use in last 3m; Spend $27/month (last 3m)
456,500281,Lapsed,Silver,Boise,Bakery,0.99,High,80.7,479.95,Win-back offer,1.05,No purchase in 6+ months; No marketing emails opened in last 3m; Spend $0/month (last 3m)
457,500584,Lapsed,Silver,Austin,Bakery,0.99,High,80.67,477.33,Win-back offer,1.05,No purchase for 5 months; No marketing emails opened in last 3m; Spend $0/month (last 3m)
458,501318,Lapsed,Silver,Madison,Snacks,0.97,High,80.39,467.37,Win-back offer,1.03,No purchase in 6+ months; No marketing emails opened in last 3m; Spend $0/month (last 3m)
459,501099,Lapsed,Gold,Austin,Bakery,0.99,High,79.95,476.5,Win-back offer,1.0,No purchase in 6+ months; No marketing emails opened in last 3m; Spend $0/month (last 3m)
460,501684,Lapsed,Gold,Boise,Personal Care,0.99,High,79.78,474.05,Win-back offer,0.98,No purchase in 6+ months; No marketing emails opened in last 3m; Spend $0/month (last 3m)
461,502412,Lapsed,Silver,Madison,Household,0.99,High,79.68,472.18,Win-back offer,0.98,No purchase in 6+ months; No marketing emails opened in last 3m; Spend $0/month (last 3m)
462,501171,Lapsed,Silver,Columbus,Produce,0.98,High,79.66,468.96,Win-back offer,0.97,No purchase in 6+ months; No marketing emails opened in last 3m; Spend $0/month (last 3m)
463,502376,Lapsed,Platinum,Denver,Frozen Foods,0.99,High,79.6,474.86,Win-back offer,0.97,No purchase in 6+ months; No marketing emails opened in last 3m; Spend $0/month (last 3m)
464,500659,Lapsed,Silver,Columbus,Produce,0.96,High,79.35,459.2,Win-back offer,0.95,No purchase in 6+ months; No marketing emails opened in last 3m; Spend $0/month (last 3m)
465,502041,Lapsed,Silver,Nashville,Bakery,0.99,High,79.16,470.18,Win-back offer,0.94,No purchase for 5 months; No marketing emails opened in last 3m; Spend $0/month (last 3m)
466,500585,Active,Silver,Denver,Snacks,0.8,High,53.05,254.91,Proactive service call,0.93,0.7 transactions/month (last 3m); 2 support tickets in last 3m; No marketing emails opened in last 3m
467,501610,Lapsed,Gold,Raleigh,Personal Care,0.99,High,78.85,466.61,Win-back offer,0.91,No purchase in 6+ months; No marketing emails opened in last 3m; Spend $0/month (last 3m)
468,502166,Lapsed,Gold,Austin,Bakery,0.98,High,78.82,463.0,Win-back offer,0.91,No purchase in 6+ months; No marketing emails opened in last 3m; Spend $0/month (last 3m)
469,500872,Lapsed,Silver,Columbus,Personal Care,0.99,High,78.76,469.37,Win-back offer,0.91,No purchase in 6+ months; No marketing emails opened in last 3m; Spend $0/month (last 3m)
470,500683,Lapsed,Gold,Austin,Frozen Foods,0.99,High,78.65,466.46,Win-back offer,0.9,No purchase in 6+ months; No marketing emails opened in last 3m; Spend $0/month (last 3m)
471,500569,Lapsed,Gold,Boise,Bakery,0.97,High,78.6,458.98,Win-back offer,0.89,No purchase in 6+ months; No marketing emails opened in last 3m; Spend $0/month (last 3m)
472,501615,Lapsed,Gold,Denver,Household,0.97,High,78.56,458.95,Win-back offer,0.89,No purchase in 6+ months; No marketing emails opened in last 3m; Spend $0/month (last 3m)
473,501008,Lapsed,Silver,Denver,Household,0.98,High,78.12,458.57,Win-back offer,0.86,No purchase in 6+ months; No marketing emails opened in last 3m; Spend $0/month (last 3m)
474,502350,Active,Silver,Raleigh,Beverages,0.97,High,49.84,289.5,Personalised coupon,0.86,0.3 transactions/month (last 3m); Spend +300% vs prior 3m; No app use in last 3m
475,501582,Lapsed,Silver,Tulsa,Produce,0.97,High,78.06,454.08,Win-back offer,0.85,No purchase in 6+ months; No marketing emails opened in last 3m; Spend $0/month (last 3m)
476,500197,Lapsed,Gold,Tulsa,Household,0.97,High,78.04,453.2,Win-back offer,0.85,No purchase in 6+ months; No marketing emails opened in last 3m; Spend $0/month (last 3m)
477,500362,Lapsed,Gold,Portland,Bakery,0.99,High,77.82,460.37,Win-back offer,0.84,No purchase in 6+ months; No marketing emails opened in last 3m; Spend $0/month (last 3m)
478,501196,Lapsed,Gold,Columbus,Produce,0.97,High,77.49,449.7,Win-back offer,0.81,No purchase in 6+ months; No marketing emails opened in last 3m; Spend $0/month (last 3m)
479,501363,Lapsed,Silver,Tulsa,Dairy,0.97,High,77.49,452.46,Win-back offer,0.81,No purchase in 6+ months; No marketing emails opened in last 3m; Spend $0/month (last 3m)
480,500873,Lapsed,Silver,Tulsa,Produce,0.99,High,77.17,459.73,Win-back offer,0.79,No purchase for 4 months; No marketing emails opened in last 3m; Spend $0/month (last 3m)
481,501605,Lapsed,Silver,Nashville,Bakery,0.99,High,77.02,457.98,Win-back offer,0.78,No purchase in 6+ months; No marketing emails opened in last 3m; Spend $0/month (last 3m)
482,501483,Lapsed,Gold,Austin,Household,0.99,High,76.87,456.36,Win-back offer,0.77,No purchase in 6+ months; No marketing emails opened in last 3m; Spend $0/month (last 3m)
483,501708,Lapsed,Silver,Columbus,Beverages,0.98,High,76.64,452.87,Win-back offer,0.75,No purchase in 6+ months; No marketing emails opened in last 3m; Spend $0/month (last 3m)
484,501985,Lapsed,Silver,Raleigh,Frozen Foods,0.98,High,76.64,450.19,Win-back offer,0.75,No purchase in 6+ months; No marketing emails opened in last 3m; Spend $0/month (last 3m)
485,501262,Lapsed,Silver,Denver,Household,0.98,High,76.52,450.39,Win-back offer,0.74,No purchase in 6+ months; No marketing emails opened in last 3m; Spend $0/month (last 3m)
486,501475,Lapsed,Silver,Raleigh,Dairy,0.97,High,76.5,446.63,Win-back offer,0.74,No purchases in last 3m; No marketing emails opened in last 3m; Spend $0/month (last 3m)
487,502483,Lapsed,Gold,Spokane,Frozen Foods,0.99,High,76.23,451.25,Win-back offer,0.72,No purchase in 6+ months; No marketing emails opened in last 3m; Spend $0/month (last 3m)
488,502066,Lapsed,Platinum,Portland,Beverages,0.97,High,76.2,441.54,Win-back offer,0.72,No purchase for 5 months; No marketing emails opened in last 3m; Spend $0/month (last 3m)
489,501352,Lapsed,Gold,Denver,Beverages,0.95,High,76.18,432.26,Win-back offer,0.71,No purchases in last 3m; No marketing emails opened in last 3m; Spend $0/month (last 3m)
490,500461,Lapsed,Silver,Nashville,Household,0.99,High,76.08,450.98,Win-back offer,0.71,No purchase in 6+ months; No marketing emails opened in last 3m; Spend $0/month (last 3m)
491,502073,Lapsed,Silver,Spokane,Dairy,0.99,High,76.08,450.98,Win-back offer,0.71,No purchase in 6+ months; No marketing emails opened in last 3m; Spend $0/month (last 3m)
492,500152,Lapsed,Gold,Nashville,Household,0.96,High,76.02,439.8,Win-back offer,0.7,No purchase in 6+ months; No marketing emails opened in last 3m; Spend $0/month (last 3m)
493,500079,Lapsed,Silver,Spokane,Produce,0.99,High,75.8,450.59,Win-back offer,0.69,No purchase for 4 months; No marketing emails opened in last 3m; Spend $0/month (last 3m)
494,501459,Lapsed,Gold,Columbus,Dairy,0.97,High,75.69,441.61,Win-back offer,0.68,No purchases in last 3m; No marketing emails opened in last 3m; Spend $0/month (last 3m)
495,501052,Lapsed,Silver,Raleigh,Beverages,0.96,High,75.65,434.64,Win-back offer,0.67,No purchase in 6+ months; No marketing emails opened in last 3m; Spend $0/month (last 3m)
496,500720,Lapsed,Gold,Austin,Frozen Foods,0.99,High,75.64,449.0,Win-back offer,0.67,No purchase in 6+ months; No marketing emails opened in last 3m; Spend $0/month (last 3m)
497,500534,Lapsed,Gold,Denver,Frozen Foods,0.98,High,75.61,443.44,Win-back offer,0.67,No purchase for 4 months; No marketing emails opened in last 3m; Spend $0/month (last 3m)
498,500055,Lapsed,Silver,Tulsa,Beverages,0.99,High,75.54,450.29,Win-back offer,0.67,No purchase for 4 months; No marketing emails opened in last 3m; Spend $0/month (last 3m)
499,500274,Lapsed,Platinum,Columbus,Produce,0.99,High,75.07,445.63,Win-back offer,0.63,No purchase in 6+ months; No marketing emails opened in last 3m; Spend $0/month (last 3m)
500,501336,Lapsed,Silver,Raleigh,Snacks,0.98,High,74.93,441.56,Win-back offer,0.62,No purchase in 6+ months; No marketing emails opened in last 3m; Spend $0/month (last 3m)
501,502107,Lapsed,Silver,Denver,Personal Care,0.97,High,74.81,434.73,Win-back offer,0.61,No purchase in 6+ months; No marketing emails opened in last 3m; Spend $0/month (last 3m)
502,501885,Lapsed,Gold,Austin,Snacks,0.96,High,74.7,431.77,Win-back offer,0.6,No purchase for 5 months; Spend $0/month (last 3m); No app use in last 3m
503,500988,Lapsed,Silver,Austin,Household,0.99,High,74.61,442.87,Win-back offer,0.6,No purchase for 5 months; No marketing emails opened in last 3m; Spend $0/month (last 3m)
504,500395,Lapsed,Silver,Boise,Dairy,0.97,High,74.34,433.03,Win-back offer,0.58,No purchase in 6+ months; No marketing emails opened in last 3m; Spend $0/month (last 3m)
505,501837,Lapsed,Silver,Raleigh,Snacks,0.99,High,74.33,441.69,Win-back offer,0.57,No purchase for 5 months; No marketing emails opened in last 3m; Spend $0/month (last 3m)
506,501422,Lapsed,Platinum,Portland,Household,0.98,High,73.98,436.9,Win-back offer,0.55,No purchase for 4 months; No marketing emails opened in last 3m; Spend $0/month (last 3m)
507,501091,Lapsed,Silver,Nashville,Bakery,0.99,High,73.74,439.24,Win-back offer,0.53,No purchase in 6+ months; No marketing emails opened in last 3m; Spend $0/month (last 3m)
508,502252,Lapsed,Gold,Nashville,Snacks,0.97,High,73.64,429.09,Win-back offer,0.52,No purchase in 6+ months; No marketing emails opened in last 3m; Spend $0/month (last 3m)
509,500970,Lapsed,Platinum,Madison,Frozen Foods,0.99,High,73.63,436.57,Win-back offer,0.52,No purchase in 6+ months; No marketing emails opened in last 3m; Spend $0/month (last 3m)
510,501894,Lapsed,Silver,Tulsa,Bakery,0.97,High,73.53,430.0,Win-back offer,0.51,No purchase in 6+ months; No marketing emails opened in last 3m; Spend $0/month (last 3m)
511,502167,Lapsed,Gold,Austin,Beverages,0.98,High,73.18,432.29,Win-back offer,0.49,No purchase in 6+ months; No marketing emails opened in last 3m; Spend $0/month (last 3m)
512,500406,Lapsed,Silver,Boise,Personal Care,0.99,High,73.15,433.05,Win-back offer,0.49,No purchase in 6+ months; No marketing emails opened in last 3m; Spend $0/month (last 3m)
513,502520,Lapsed,Gold,Nashville,Frozen Foods,0.99,High,73.06,431.88,Win-back offer,0.48,No purchase for 4 months; No marketing emails opened in last 3m; Spend $0/month (last 3m)
514,501032,Active,Gold,Columbus,Frozen Foods,0.66,High,62.14,247.49,Proactive service call,0.47,No transactions last month; Transactions trending down (-0.7/month); Spend $41/month (last 3m)
515,500094,Lapsed,Silver,Columbus,Beverages,0.99,High,72.88,431.9,Win-back offer,0.47,No purchase in 6+ months; No marketing emails opened in last 3m; Spend $0/month (last 3m)
516,500677,Lapsed,Platinum,Madison,Snacks,0.99,High,72.78,431.67,Win-back offer,0.46,No purchase in 6+ months; No marketing emails opened in last 3m; Spend $0/month (last 3m)
517,501972,Lapsed,Silver,Spokane,Produce,0.97,High,72.47,420.65,Win-back offer,0.44,No purchase in 6+ months; No marketing emails opened in last 3m; Spend $0/month (last 3m)
518,501630,Lapsed,Silver,Columbus,Snacks,0.99,High,72.39,430.38,Win-back offer,0.43,No purchase in 6+ months; No marketing emails opened in last 3m; Spend $0/month (last 3m)
519,500186,Lapsed,Silver,Austin,Snacks,0.97,High,71.97,419.76,Win-back offer,0.4,No purchase in 6+ months; No marketing emails opened in last 3m; Spend $0/month (last 3m)
520,501146,Lapsed,Silver,Raleigh,Dairy,0.99,High,71.92,425.76,Win-back offer,0.39,No purchase in 6+ months; No marketing emails opened in last 3m; Spend $0/month (last 3m)
521,500928,Lapsed,Silver,Tulsa,Frozen Foods,0.98,High,71.77,423.21,Win-back offer,0.38,No purchase in 6+ months; No marketing emails opened in last 3m; Spend $0/month (last 3m)
522,500217,Lapsed,Gold,Columbus,Frozen Foods,0.99,High,71.74,425.2,Win-back offer,0.38,No purchases in last 3m; No marketing emails opened in last 3m; Spend $0/month (last 3m)
523,502303,Lapsed,Silver,Tulsa,Household,0.98,High,71.53,422.28,Win-back offer,0.36,No purchase in 6+ months; No marketing emails opened in last 3m; Spend $0/month (last 3m)
524,501324,Lapsed,Platinum,Nashville,Beverages,0.98,High,71.5,421.08,Win-back offer,0.36,No purchase in 6+ months; No marketing emails opened in last 3m; Spend $0/month (last 3m)
525,501126,Lapsed,Silver,Boise,Household,0.98,High,71.37,419.38,Win-back offer,0.35,No purchase in 6+ months; No marketing emails opened in last 3m; Spend $0/month (last 3m)
526,501350,Lapsed,Gold,Columbus,Snacks,0.98,High,71.26,418.95,Win-back offer,0.34,No purchase in 6+ months; No marketing emails opened in last 3m; Spend $0/month (last 3m)
527,500981,Active,Gold,Portland,Frozen Foods,0.71,High,64.43,275.59,Personalised coupon,0.33,1.3 transactions/month (last 3m); Opens 0.3 emails/month; Spend $43/month (last 3m)
528,500867,Active,Platinum,Spokane,Beverages,0.19,Medium,241.28,274.51,Personalised coupon,0.29,Transactions trending down (-0.9/month); No transactions last month; Opens 0.3 emails/month
529,501454,Lapsed,Platinum,Spokane,Personal Care,0.98,High,70.51,414.51,Win-back offer,0.29,No purchase in 6+ months; No marketing emails opened in last 3m; Spend $0/month (last 3m)
530,500089,Lapsed,Gold,Portland,Dairy,0.99,High,70.1,414.47,Win-back offer,0.26,No purchase in 6+ months; No marketing emails opened in last 3m; Spend $0/month (last 3m)
531,500681,Lapsed,Silver,Nashville,Beverages,0.99,High,69.8,414.53,Win-back offer,0.23,No purchase for 5 months; No marketing emails opened in last 3m; Spend $0/month (last 3m)
532,501406,Lapsed,Gold,Boise,Bakery,0.97,High,69.73,404.73,Win-back offer,0.23,No purchase in 6+ months; No marketing emails opened in last 3m; Spend $0/month (last 3m)
533,501522,Lapsed,Silver,Portland,Bakery,0.98,High,69.18,407.56,Win-back offer,0.19,No purchase in 6+ months; No marketing emails opened in last 3m; Spend $0/month (last 3m)
534,500176,Lapsed,Silver,Columbus,Frozen Foods,0.99,High,69.14,409.63,Win-back offer,0.19,No purchase in 6+ months; No marketing emails opened in last 3m; Spend $0/month (last 3m)
535,500968,Lapsed,Silver,Spokane,Frozen Foods,0.99,High,69.01,409.08,Win-back offer,0.18,No purchase for 5 months; No marketing emails opened in last 3m; Spend $0/month (last 3m)
536,501853,Lapsed,Silver,Denver,Bakery,0.99,High,68.88,407.57,Win-back offer,0.17,No purchase in 6+ months; No marketing emails opened in last 3m; Spend $0/month (last 3m)
537,502424,Active,Gold,Nashville,Bakery,0.32,Medium,141.78,271.05,Personalised coupon,0.16,Transactions trending down (-1.5/month); No transactions last month; Opens 0.3 emails/month
538,500503,Lapsed,Silver,Nashville,Household,0.99,High,68.6,405.88,Win-back offer,0.14,No purchase in 6+ months; No marketing emails opened in last 3m; Spend $0/month (last 3m)
539,501926,Lapsed,Silver,Boise,Beverages,0.99,High,68.42,404.39,Win-back offer,0.13,No purchase in 6+ months; No marketing emails opened in last 3m; Spend $0/month (last 3m)
540,502013,Lapsed,Gold,Denver,Frozen Foods,0.98,High,68.37,402.46,Win-back offer,0.13,No purchase in 6+ months; No marketing emails opened in last 3m; Spend $0/month (last 3m)
541,501066,Lapsed,Silver,Austin,Frozen Foods,0.97,High,68.19,398.01,Win-back offer,0.11,No purchase in 6+ months; No marketing emails opened in last 3m; Spend $0/month (last 3m)
542,500560,Lapsed,Gold,Denver,Bakery,0.99,High,68.12,404.49,Win-back offer,0.11,No purchase in 6+ months; No marketing emails opened in last 3m; Spend $0/month (last 3m)
543,500173,Lapsed,Gold,Nashville,Beverages,0.98,High,68.12,401.73,Win-back offer,0.11,No purchase for 4 months; 6 support tickets in 6m; No marketing emails opened in last 3m
544,502493,Active,Silver,Columbus,Snacks,0.58,High,77.65,268.44,Personalised coupon,0.07,No marketing emails opened in last 3m; No transactions last month; Spend $52/month (last 3m)
545,501869,Active,Silver,Nashville,Frozen Foods,0.6,High,74.56,267.81,Personalised coupon,0.04,1.0 transactions/month (last 3m); Spend $19/month (last 3m); No app use in last 3m
546,501303,Lapsed,Silver,Denver,Bakery,0.99,High,67.13,399.53,Win-back offer,0.03,No purchase for 5 months; No marketing emails opened in last 3m; Spend $0/month (last 3m)
547,502068,Lapsed,Gold,Denver,Dairy,0.97,High,67.06,390.13,Win-back offer,0.03,No purchase in 6+ months; No marketing emails opened in last 3m; Spend $0/month (last 3m)
548,502202,Lapsed,Silver,Boise,Beverages,0.98,High,66.94,391.88,Win-back offer,0.02,No purchase in 6+ months; No marketing emails opened in last 3m; Spend $0/month (last 3m)
549,500151,Lapsed,Gold,Tulsa,Frozen Foods,0.99,High,66.9,395.77,Win-back offer,0.02,No purchase in 6+ months; No marketing emails opened in last 3m; Spend $0/month (last 3m)
550,500129,Lapsed,Silver,Austin,Frozen Foods,0.99,High,66.33,393.28,Monitor (no paid action),0.0,No purchase in 6+ months; No marketing emails opened in last 3m; Spend $0/month (last 3m)
551,500022,Lapsed,Silver,Portland,Personal Care,0.98,High,66.41,391.98,Monitor (no paid action),0.0,No purchase for 4 months; No marketing emails opened in last 3m; Spend $0/month (last 3m)
552,501919,Lapsed,Gold,Nashville,Dairy,0.98,High,66.17,389.64,Monitor (no paid action),0.0,No purchase for 5 months; No marketing emails opened in last 3m; Spend $0/month (last 3m)
553,500278,Lapsed,Gold,Columbus,Dairy,0.98,High,65.76,388.51,Monitor (no paid action),0.0,No purchase in 6+ months; No marketing emails opened in last 3m; Spend $0/month (last 3m)
554,500725,Lapsed,Silver,Denver,Dairy,0.98,High,66.29,388.15,Monitor (no paid action),0.0,No purchase in 6+ months; No marketing emails opened in last 3m; Spend $0/month (last 3m)
555,502498,Lapsed,Gold,Columbus,Snacks,0.99,High,65.32,387.72,Monitor (no paid action),0.0,No purchase in 6+ months; No marketing emails opened in last 3m; Spend $0/month (last 3m)
556,502394,Lapsed,Silver,Nashville,Frozen Foods,0.99,High,65.01,387.39,Monitor (no paid action),0.0,No purchase for 5 months; No marketing emails opened in last 3m; Spend $0/month (last 3m)
557,500815,Lapsed,Silver,Nashville,Produce,0.99,High,64.92,385.47,Monitor (no paid action),0.0,No purchase in 6+ months; No marketing emails opened in last 3m; Spend $0/month (last 3m)
558,501233,Lapsed,Silver,Nashville,Snacks,0.99,High,65.17,385.26,Monitor (no paid action),0.0,No purchase in 6+ months; No marketing emails opened in last 3m; Spend $0/month (last 3m)
559,502063,Lapsed,Gold,Spokane,Bakery,0.98,High,64.37,379.81,Monitor (no paid action),0.0,No purchase in 6+ months; No marketing emails opened in last 3m; Spend $0/month (last 3m)
560,501293,Lapsed,Silver,Spokane,Beverages,0.96,High,65.59,379.11,Monitor (no paid action),0.0,No purchase in 6+ months; No marketing emails opened in last 3m; Spend $0/month (last 3m)
561,501621,Lapsed,Silver,Columbus,Personal Care,0.99,High,63.22,376.59,Monitor (no paid action),0.0,No purchase in 6+ months; No marketing emails opened in last 3m; Spend $0/month (last 3m)
562,502331,Lapsed,Silver,Nashville,Bakery,1.0,High,62.73,375.62,Monitor (no paid action),0.0,No purchase for 4 months; 2 support tickets in last 3m; Spend $0/month (last 3m)
563,500977,Lapsed,Silver,Tulsa,Beverages,0.98,High,63.16,372.52,Monitor (no paid action),0.0,No purchase in 6+ months; No marketing emails opened in last 3m; Spend $0/month (last 3m)
564,502062,Lapsed,Gold,Austin,Beverages,0.99,High,62.08,369.44,Monitor (no paid action),0.0,No purchase for 5 months; No marketing emails opened in last 3m; Spend $0/month (last 3m)
565,500874,Lapsed,Gold,Boise,Household,0.97,High,63.56,368.53,Monitor (no paid action),0.0,No purchase in 6+ months; No marketing emails opened in last 3m; Spend $0/month (last 3m)
566,501100,Lapsed,Gold,Boise,Bakery,0.99,High,61.95,367.69,Monitor (no paid action),0.0,No purchase in 6+ months; No marketing emails opened in last 3m; Spend $0/month (last 3m)
567,502482,Lapsed,Platinum,Denver,Household,0.99,High,61.69,366.84,Monitor (no paid action),0.0,No purchase for 5 months; No marketing emails opened in last 3m; Spend $0/month (last 3m)
568,502508,Lapsed,Silver,Tulsa,Household,0.97,High,63.0,366.55,Monitor (no paid action),0.0,No purchase in 6+ months; No marketing emails opened in last 3m; Spend $0/month (last 3m)
569,501192,Lapsed,Gold,Boise,Household,0.99,High,61.76,365.71,Monitor (no paid action),0.0,No purchase in 6+ months; No marketing emails opened in last 3m; Spend $0/month (last 3m)
570,501744,Lapsed,Silver,Denver,Produce,0.99,High,61.42,364.48,Monitor (no paid action),0.0,No purchase in 6+ months; No marketing emails opened in last 3m; Spend $0/month (last 3m)
571,502574,Lapsed,Silver,Raleigh,Snacks,0.98,High,61.01,359.93,Monitor (no paid action),0.0,No purchase in 6+ months; No marketing emails opened in last 3m; Spend $0/month (last 3m)
572,502391,Lapsed,Silver,Tulsa,Household,0.99,High,60.73,359.91,Monitor (no paid action),0.0,No purchase for 5 months; No marketing emails opened in last 3m; Spend $0/month (last 3m)
573,502220,Lapsed,Silver,Raleigh,Produce,0.98,High,60.61,357.09,Monitor (no paid action),0.0,No purchase in 6+ months; No marketing emails opened in last 3m; Spend $0/month (last 3m)
574,500124,Lapsed,Gold,Nashville,Produce,0.98,High,60.4,356.4,Monitor (no paid action),0.0,No purchase in 6+ months; No marketing emails opened in last 3m; Spend $0/month (last 3m)
575,500246,Lapsed,Silver,Nashville,Personal Care,1.0,High,59.43,355.03,Monitor (no paid action),0.0,No purchase for 5 months; Spend $0/month (last 3m); No app use in last 3m
576,501252,Lapsed,Gold,Portland,Beverages,0.92,High,64.03,355.02,Monitor (no paid action),0.0,No purchases in last 3m; No marketing emails opened in last 3m; Spend $0/month (last 3m)
577,501001,Lapsed,Silver,Austin,Personal Care,0.99,High,59.87,354.63,Monitor (no paid action),0.0,No purchase in 6+ months; No marketing emails opened in last 3m; Spend $0/month (last 3m)
578,502191,Lapsed,Silver,Denver,Beverages,0.99,High,59.68,354.21,Monitor (no paid action),0.0,No purchase in 6+ months; No marketing emails opened in last 3m; Spend $0/month (last 3m)
579,502258,Lapsed,Gold,Portland,Frozen Foods,0.98,High,60.52,354.17,Monitor (no paid action),0.0,No purchase for 4 months; No marketing emails opened in last 3m; Spend $0/month (last 3m)
580,502284,Lapsed,Platinum,Denver,Produce,0.97,High,60.77,352.96,Monitor (no paid action),0.0,No purchases in last 3m; No marketing emails opened in last 3m; Spend $0/month (last 3m)
581,501892,Lapsed,Silver,Spokane,Produce,0.98,High,59.7,351.49,Monitor (no paid action),0.0,No purchase in 6+ months; No marketing emails opened in last 3m; Spend $0/month (last 3m)
582,500074,Lapsed,Gold,Tulsa,Dairy,0.99,High,58.88,348.39,Monitor (no paid action),0.0,No purchase in 6+ months; No marketing emails opened in last 3m; Spend $0/month (last 3m)
583,502463,Lapsed,Gold,Spokane,Household,0.97,High,59.32,346.23,Monitor (no paid action),0.0,No purchase in 6+ months; No marketing emails opened in last 3m; Spend $0/month (last 3m)
584,500249,Lapsed,Gold,Boise,Beverages,0.96,High,59.74,345.76,Monitor (no paid action),0.0,No purchase in 6+ months; No marketing emails opened in last 3m; Spend $0/month (last 3m)
585,502232,Lapsed,Silver,Madison,Bakery,0.98,High,58.41,343.59,Monitor (no paid action),0.0,No purchase in 6+ months; No marketing emails opened in last 3m; Spend $0/month (last 3m)
586,500545,Lapsed,Gold,Spokane,Produce,0.99,High,57.91,343.47,Monitor (no paid action),0.0,No purchase in 6+ months; No marketing emails opened in last 3m; Spend $0/month (last 3m)
587,501173,Lapsed,Silver,Raleigh,Personal Care,0.99,High,58.03,343.39,Monitor (no paid action),0.0,No purchase in 6+ months; No marketing emails opened in last 3m; Spend $0/month (last 3m)
588,500101,Lapsed,Gold,Portland,Frozen Foods,0.98,High,58.4,341.83,Monitor (no paid action),0.0,No purchase in 6+ months; No marketing emails opened in last 3m; Spend $0/month (last 3m)
589,501999,Lapsed,Gold,Boise,Snacks,0.98,High,57.58,340.0,Monitor (no paid action),0.0,No purchase in 6+ months; No marketing emails opened in last 3m; Spend $0/month (last 3m)
590,500583,Lapsed,Gold,Columbus,Snacks,0.99,High,57.06,337.88,Monitor (no paid action),0.0,No purchase in 6+ months; No marketing emails opened in last 3m; Spend $0/month (last 3m)
591,501802,Lapsed,Platinum,Portland,Personal Care,0.97,High,58.03,336.89,Monitor (no paid action),0.0,No purchase in 6+ months; No marketing emails opened in last 3m; Spend $0/month (last 3m)
592,501265,Lapsed,Gold,Tulsa,Bakery,0.99,High,56.65,336.35,Monitor (no paid action),0.0,No purchase in 6+ months; No marketing emails opened in last 3m; Spend $0/month (last 3m)
593,501212,Lapsed,Silver,Madison,Dairy,0.98,High,56.58,333.41,Monitor (no paid action),0.0,No purchase in 6+ months; No marketing emails opened in last 3m; Spend $0/month (last 3m)
594,502026,Lapsed,Silver,Spokane,Frozen Foods,0.98,High,56.48,332.87,Monitor (no paid action),0.0,No purchase in 6+ months; No marketing emails opened in last 3m; Spend $0/month (last 3m)
595,502375,Lapsed,Silver,Madison,Frozen Foods,0.99,High,55.88,332.45,Monitor (no paid action),0.0,No purchase in 6+ months; No marketing emails opened in last 3m; Spend $0/month (last 3m)
596,500298,Lapsed,Silver,Raleigh,Bakery,0.99,High,55.63,331.89,Monitor (no paid action),0.0,No purchase in 6+ months; No marketing emails opened in last 3m; Spend $0/month (last 3m)
597,500499,Lapsed,Gold,Austin,Bakery,0.99,High,55.63,331.5,Monitor (no paid action),0.0,No purchases in last 3m; No marketing emails opened in last 3m; Spend $0/month (last 3m)
598,502055,Lapsed,Silver,Tulsa,Beverages,0.99,High,55.99,331.34,Monitor (no paid action),0.0,No purchase in 6+ months; No marketing emails opened in last 3m; Spend $0/month (last 3m)
599,502453,Lapsed,Silver,Spokane,Produce,0.98,High,56.08,329.53,Monitor (no paid action),0.0,No purchase in 6+ months; No marketing emails opened in last 3m; Spend $0/month (last 3m)
600,500904,Lapsed,Silver,Nashville,Household,0.98,High,55.94,328.7,Monitor (no paid action),0.0,No purchases in last 3m; No marketing emails opened in last 3m; Spend $0/month (last 3m)
601,500739,Lapsed,Silver,Austin,Snacks,0.99,High,55.27,327.33,Monitor (no paid action),0.0,No purchase in 6+ months; No marketing emails opened in last 3m; Spend $0/month (last 3m)
602,500221,Lapsed,Gold,Raleigh,Frozen Foods,0.99,High,54.64,324.15,Monitor (no paid action),0.0,No purchase for 5 months; No marketing emails opened in last 3m; Spend $0/month (last 3m)
603,502100,Lapsed,Gold,Raleigh,Produce,0.99,High,54.22,322.71,Monitor (no paid action),0.0,No purchase for 4 months; 2 support tickets in last 3m; No marketing emails opened in last 3m
604,500401,Lapsed,Gold,Nashville,Household,0.97,High,55.18,321.56,Monitor (no paid action),0.0,No purchase in 6+ months; No marketing emails opened in last 3m; Spend $0/month (last 3m)
605,501891,Lapsed,Platinum,Portland,Household,0.98,High,54.55,321.32,Monitor (no paid action),0.0,No purchase in 6+ months; No marketing emails opened in last 3m; Spend $0/month (last 3m)
606,500333,Lapsed,Gold,Tulsa,Household,0.98,High,54.8,321.21,Monitor (no paid action),0.0,No purchase for 5 months; No marketing emails opened in last 3m; Spend $0/month (last 3m)
607,501910,Lapsed,Silver,Austin,Beverages,0.99,High,54.12,320.46,Monitor (no paid action),0.0,No purchase in 6+ months; No marketing emails opened in last 3m; Spend $0/month (last 3m)
608,500582,Lapsed,Silver,Denver,Dairy,0.99,High,53.86,319.04,Monitor (no paid action),0.0,No purchase in 6+ months; No marketing emails opened in last 3m; Spend $0/month (last 3m)
609,501983,Lapsed,Silver,Raleigh,Household,0.99,High,53.79,318.67,Monitor (no paid action),0.0,No purchase in 6+ months; No marketing emails opened in last 3m; Spend $0/month (last 3m)
610,502032,Lapsed,Silver,Nashville,Frozen Foods,0.97,High,54.76,317.7,Monitor (no paid action),0.0,No purchase in 6+ months; No marketing emails opened in last 3m; Spend $0/month (last 3m)
611,502230,Lapsed,Silver,Austin,Household,0.99,High,53.46,316.82,Monitor (no paid action),0.0,No purchase for 5 months; No marketing emails opened in last 3m; Spend $0/month (last 3m)
612,502492,Lapsed,Silver,Tulsa,Frozen Foods,0.99,High,53.12,315.98,Monitor (no paid action),0.0,No purchase for 5 months; No marketing emails opened in last 3m; Spend $0/month (last 3m)
613,500068,Lapsed,Silver,Tulsa,Bakery,0.99,High,53.36,315.35,Monitor (no paid action),0.0,No purchase for 4 months; No marketing emails opened in last 3m; Spend $0/month (last 3m)
614,502368,Lapsed,Gold,Boise,Beverages,0.97,High,54.08,315.14,Monitor (no paid action),0.0,No purchase in 6+ months; No marketing emails opened in last 3m; Spend $0/month (last 3m)
615,501181,Lapsed,Silver,Raleigh,Personal Care,0.98,High,53.68,314.81,Monitor (no paid action),0.0,No purchase in 6+ months; No marketing emails opened in last 3m; Spend $0/month (last 3m)
616,501989,Lapsed,Silver,Tulsa,Personal Care,0.98,High,53.58,313.94,Monitor (no paid action),0.0,No purchase in 6+ months; No marketing emails opened in last 3m; Spend $0/month (last 3m)
617,501451,Lapsed,Silver,Boise,Beverages,0.99,High,52.61,311.03,Monitor (no paid action),0.0,No purchase in 6+ months; No marketing emails opened in last 3m; Spend $0/month (last 3m)
618,501631,Lapsed,Silver,Nashville,Beverages,0.99,High,52.47,310.79,Monitor (no paid action),0.0,No purchase in 6+ months; No marketing emails opened in last 3m; Spend $0/month (last 3m)
619,500894,Lapsed,Silver,Boise,Frozen Foods,0.97,High,53.09,310.41,Monitor (no paid action),0.0,No purchase in 6+ months; No marketing emails opened in last 3m; Spend $0/month (last 3m)
620,501908,Lapsed,Gold,Portland,Bakery,0.99,High,51.76,308.39,Monitor (no paid action),0.0,No purchase in 6+ months; No marketing emails opened in last 3m; Spend $0/month (last 3m)
621,500034,Lapsed,Gold,Madison,Bakery,0.99,High,51.86,308.03,Monitor (no paid action),0.0,No purchase in 6+ months; No marketing emails opened in last 3m; Spend $0/month (last 3m)
622,500310,Lapsed,Gold,Madison,Produce,0.94,High,54.68,307.54,Monitor (no paid action),0.0,No purchases in last 3m; No marketing emails opened in last 3m; Spend $0/month (last 3m)
623,501639,Lapsed,Gold,Tulsa,Snacks,0.99,High,51.6,307.01,Monitor (no paid action),0.0,No purchases in last 3m; 2 support tickets in last 3m; Spend $0/month (last 3m)
624,500779,Lapsed,Silver,Austin,Beverages,0.99,High,51.66,306.67,Monitor (no paid action),0.0,No purchase in 6+ months; No marketing emails opened in last 3m; Spend $0/month (last 3m)
625,501433,Lapsed,Silver,Madison,Household,0.97,High,52.39,304.61,Monitor (no paid action),0.0,No purchase for 4 months; No marketing emails opened in last 3m; Spend $0/month (last 3m)
626,500603,Lapsed,Silver,Nashville,Beverages,0.97,High,51.7,301.87,Monitor (no paid action),0.0,No purchase in 6+ months; No marketing emails opened in last 3m; Spend $0/month (last 3m)
627,501243,Lapsed,Silver,Denver,Personal Care,0.98,High,51.0,301.35,Monitor (no paid action),0.0,No purchase in 6+ months; No marketing emails opened in last 3m; Spend $0/month (last 3m)
628,500752,Lapsed,Gold,Spokane,Personal Care,0.98,High,51.06,301.03,Monitor (no paid action),0.0,No purchase in 6+ months; No marketing emails opened in last 3m; Spend $0/month (last 3m)
629,501479,Lapsed,Silver,Tulsa,Household,0.98,High,50.75,299.72,Monitor (no paid action),0.0,No purchase in 6+ months; No marketing emails opened in last 3m; Spend $0/month (last 3m)
630,500607,Lapsed,Gold,Tulsa,Beverages,0.96,High,51.44,297.06,Monitor (no paid action),0.0,No purchase in 6+ months; No marketing emails opened in last 3m; Spend $0/month (last 3m)
631,500878,Lapsed,Gold,Madison,Personal Care,0.99,High,50.07,296.9,Monitor (no paid action),0.0,No purchase in 6+ months; No marketing emails opened in last 3m; Spend $0/month (last 3m)
632,500418,Lapsed,Silver,Raleigh,Dairy,0.99,High,50.11,296.42,Monitor (no paid action),0.0,No purchase in 6+ months; No marketing emails opened in last 3m; Spend $0/month (last 3m)
633,500813,Lapsed,Silver,Raleigh,Snacks,0.99,High,50.13,296.29,Monitor (no paid action),0.0,No purchase in 6+ months; No marketing emails opened in last 3m; Spend $0/month (last 3m)
634,501097,Lapsed,Silver,Spokane,Personal Care,0.96,High,51.31,295.31,Monitor (no paid action),0.0,No purchase in 6+ months; No marketing emails opened in last 3m; Spend $0/month (last 3m)
635,502330,Lapsed,Silver,Columbus,Frozen Foods,0.98,High,50.09,294.22,Monitor (no paid action),0.0,No purchase in 6+ months; No marketing emails opened in last 3m; Spend $0/month (last 3m)
636,502533,Lapsed,Platinum,Spokane,Household,0.98,High,49.58,292.77,Monitor (no paid action),0.0,No purchase in 6+ months; No marketing emails opened in last 3m; Spend $0/month (last 3m)
637,501968,Lapsed,Gold,Madison,Frozen Foods,0.98,High,49.88,292.61,Monitor (no paid action),0.0,No purchase in 6+ months; No marketing emails opened in last 3m; Spend $0/month (last 3m)
638,502054,Lapsed,Platinum,Portland,Personal Care,0.99,High,49.06,291.23,Monitor (no paid action),0.0,No purchase in 6+ months; No marketing emails opened in last 3m; Spend $0/month (last 3m)
639,500211,Lapsed,Silver,Boise,Household,0.98,High,49.51,290.72,Monitor (no paid action),0.0,No purchase in 6+ months; No marketing emails opened in last 3m; Spend $0/month (last 3m)
640,500396,Lapsed,Silver,Austin,Beverages,0.99,High,48.55,288.58,Monitor (no paid action),0.0,No purchases in last 3m; No marketing emails opened in last 3m; Spend $0/month (last 3m)
641,501477,Lapsed,Silver,Madison,Dairy,0.98,High,48.74,286.32,Monitor (no paid action),0.0,No purchase in 6+ months; No marketing emails opened in last 3m; Spend $0/month (last 3m)
642,501267,Lapsed,Silver,Denver,Household,0.99,High,47.08,279.45,Monitor (no paid action),0.0,No purchase in 6+ months; No marketing emails opened in last 3m; Spend $0/month (last 3m)
643,500814,Lapsed,Gold,Nashville,Produce,0.97,High,47.28,275.91,Monitor (no paid action),0.0,No purchase in 6+ months; No marketing emails opened in last 3m; Spend $0/month (last 3m)
644,501478,Lapsed,Silver,Austin,Produce,0.97,High,47.17,275.76,Monitor (no paid action),0.0,No purchase in 6+ months; No marketing emails opened in last 3m; Spend $0/month (last 3m)
645,500316,Lapsed,Gold,Austin,Personal Care,0.99,High,46.03,272.72,Monitor (no paid action),0.0,No purchase in 6+ months; No marketing emails opened in last 3m; Spend $0/month (last 3m)
646,502007,Lapsed,Gold,Tulsa,Produce,0.99,High,45.93,271.51,Monitor (no paid action),0.0,No purchases in last 3m; 2 support tickets in last 3m; No marketing emails opened in last 3m
647,501784,Lapsed,Gold,Columbus,Snacks,0.98,High,45.89,271.0,Monitor (no paid action),0.0,No purchase in 6+ months; No marketing emails opened in last 3m; Spend $0/month (last 3m)
648,501806,Lapsed,Gold,Nashville,Dairy,0.99,High,45.56,270.43,Monitor (no paid action),0.0,No purchase in 6+ months; No marketing emails opened in last 3m; Spend $0/month (last 3m)
649,500483,Lapsed,Gold,Columbus,Beverages,0.99,High,45.64,270.2,Monitor (no paid action),0.0,No purchase in 6+ months; No marketing emails opened in last 3m; Spend $0/month (last 3m)
650,500783,Lapsed,Silver,Raleigh,Snacks,0.98,High,45.58,267.49,Monitor (no paid action),0.0,No purchase in 6+ months; No marketing emails opened in last 3m; Spend $0/month (last 3m)
651,500612,Lapsed,Platinum,Spokane,Snacks,0.98,High,45.54,266.89,Monitor (no paid action),0.0,No purchase in 6+ months; No marketing emails opened in last 3m; Spend $0/month (last 3m)
652,501449,Lapsed,Platinum,Austin,Produce,0.94,High,47.26,266.0,Monitor (no paid action),0.0,No purchases in last 3m; No marketing emails opened in last 3m; Spend $0/month (last 3m)
653,501129,Lapsed,Platinum,Madison,Personal Care,0.91,High,48.72,265.33,Monitor (no paid action),0.0,No purchases in last 3m; Spend $0/month (last 3m); No app use in last 3m
654,501548,Lapsed,Platinum,Austin,Dairy,0.99,High,44.17,261.84,Monitor (no paid action),0.0,No purchase in 6+ months; No marketing emails opened in last 3m; Spend $0/month (last 3m)
655,501270,Lapsed,Silver,Madison,Bakery,0.99,High,44.03,261.8,Monitor (no paid action),0.0,No purchase in 6+ months; No marketing emails opened in last 3m; Spend $0/month (last 3m)
656,502438,Lapsed,Silver,Tulsa,Snacks,0.98,High,44.24,261.41,Monitor (no paid action),0.0,No purchase in 6+ months; No marketing emails opened in last 3m; Spend $0/month (last 3m)
657,501175,Lapsed,Gold,Austin,Frozen Foods,0.97,High,44.88,260.74,Monitor (no paid action),0.0,No purchase in 6+ months; No marketing emails opened in last 3m; Spend $0/month (last 3m)
658,501844,Lapsed,Silver,Tulsa,Beverages,0.97,High,43.61,255.0,Monitor (no paid action),0.0,No purchase in 6+ months; No marketing emails opened in last 3m; Spend $0/month (last 3m)
659,501974,Lapsed,Silver,Portland,Frozen Foods,0.97,High,43.38,251.55,Monitor (no paid action),0.0,No purchase in 6+ months; No marketing emails opened in last 3m; Spend $0/month (last 3m)
660,501871,Lapsed,Platinum,Spokane,Frozen Foods,0.99,High,42.42,250.99,Monitor (no paid action),0.0,No purchase in 6+ months; No marketing emails opened in last 3m; Spend $0/month (last 3m)
661,502469,Lapsed,Silver,Raleigh,Personal Care,0.99,High,42.4,250.76,Monitor (no paid action),0.0,No purchase in 6+ months; No marketing emails opened in last 3m; Spend $0/month (last 3m)
662,501520,Lapsed,Silver,Columbus,Bakery,0.98,High,42.59,250.5,Monitor (no paid action),0.0,No purchase in 6+ months; No marketing emails opened in last 3m; Spend $0/month (last 3m)
663,502589,Lapsed,Gold,Columbus,Personal Care,0.99,High,41.9,249.21,Monitor (no paid action),0.0,No purchase in 6+ months; No marketing emails opened in last 3m; Spend $0/month (last 3m)
664,501441,Active,Platinum,Raleigh,Dairy,0.64,High,64.07,247.65,Monitor (no paid action),0.0,No transactions last month; No app use in last 3m; Spend $38/month (last 3m)
665,502430,Lapsed,Platinum,Raleigh,Frozen Foods,0.99,High,41.74,247.63,Monitor (no paid action),0.0,No purchase in 6+ months; No marketing emails opened in last 3m; Spend $0/month (last 3m)
666,500130,Lapsed,Gold,Columbus,Frozen Foods,0.99,High,41.46,246.53,Monitor (no paid action),0.0,No purchase in 6+ months; No marketing emails opened in last 3m; Spend $0/month (last 3m)
667,500588,Lapsed,Silver,Madison,Bakery,0.99,High,41.36,245.88,Monitor (no paid action),0.0,No purchases in last 3m; No marketing emails opened in last 3m; Spend $0/month (last 3m)
668,501067,Lapsed,Silver,Tulsa,Household,0.98,High,41.9,245.76,Monitor (no paid action),0.0,No purchase in 6+ months; No marketing emails opened in last 3m; Spend $0/month (last 3m)
669,500936,Lapsed,Silver,Nashville,Beverages,0.98,High,41.37,244.31,Monitor (no paid action),0.0,No purchase in 6+ months; No marketing emails opened in last 3m; Spend $0/month (last 3m)
670,500344,Lapsed,Silver,Madison,Bakery,0.98,High,41.35,243.35,Monitor (no paid action),0.0,No purchase in 6+ months; No marketing emails opened in last 3m; Spend $0/month (last 3m)
671,500590,Lapsed,Gold,Raleigh,Frozen Foods,0.99,High,41.02,243.29,Monitor (no paid action),0.0,No purchase in 6+ months; No marketing emails opened in last 3m; Spend $0/month (last 3m)
672,500866,Lapsed,Silver,Portland,Snacks,0.98,High,41.28,242.7,Monitor (no paid action),0.0,No purchase in 6+ months; No marketing emails opened in last 3m; Spend $0/month (last 3m)
673,500032,Active,Platinum,Portland,Produce,0.59,High,68.12,242.64,Monitor (no paid action),0.0,0.7 transactions/month (last 3m); Spend +300% vs prior 3m; 69% of trips use a promotion
674,502567,Active,Silver,Denver,Produce,0.23,Medium,176.47,240.74,Monitor (no paid action),0.0,Transactions trending down (-1.2/month); No transactions last month; Opens 0.3 emails/month
675,500082,Lapsed,Platinum,Boise,Household,0.94,High,42.52,240.65,Monitor (no paid action),0.0,No purchase for 4 months; No marketing emails opened in last 3m; Spend $0/month (last 3m)
676,502522,Lapsed,Silver,Nashville,Bakery,0.99,High,40.57,240.6,Monitor (no paid action),0.0,No purchase in 6+ months; No marketing emails opened in last 3m; Spend $0/month (last 3m)
677,500796,Lapsed,Gold,Austin,Snacks,0.98,High,41.05,240.17,Monitor (no paid action),0.0,No purchase in 6+ months; No marketing emails opened in last 3m; Spend $0/month (last 3m)
678,501145,Lapsed,Silver,Columbus,Produce,0.97,High,41.29,239.69,Monitor (no paid action),0.0,No purchases in last 3m; No marketing emails opened in last 3m; Spend $0/month (last 3m)
679,502224,Lapsed,Platinum,Columbus,Personal Care,0.99,High,39.99,238.34,Monitor (no paid action),0.0,No purchase in 6+ months; No marketing emails opened in last 3m; Spend $0/month (last 3m)
680,501759,Lapsed,Silver,Raleigh,Snacks,0.99,High,39.73,235.49,Monitor (no paid action),0.0,No purchase in 6+ months; No marketing emails opened in last 3m; Spend $0/month (last 3m)
681,501013,Lapsed,Silver,Austin,Personal Care,0.99,High,39.69,234.89,Monitor (no paid action),0.0,No purchase for 4 months; No marketing emails opened in last 3m; Spend $0/month (last 3m)
682,502479,Lapsed,Gold,Austin,Household,0.98,High,39.69,234.04,Monitor (no paid action),0.0,No purchase in 6+ months; No marketing emails opened in last 3m; Spend $0/month (last 3m)
683,500899,Lapsed,Gold,Denver,Beverages,0.9,High,43.51,233.99,Monitor (no paid action),0.0,No purchases in last 3m; Spend $0/month (last 3m); 3 support tickets in 6m
684,500198,Lapsed,Silver,Boise,Dairy,0.99,High,39.47,233.7,Monitor (no paid action),0.0,No purchase in 6+ months; No marketing emails opened in last 3m; Spend $0/month (last 3m)
685,501604,Lapsed,Silver,Boise,Beverages,0.9,High,43.04,231.49,Monitor (no paid action),0.0,No purchases in last 3m; Spend $0/month (last 3m); Buys 0.0 categories/month
686,500072,Active,Silver,Columbus,Personal Care,0.43,High,90.06,230.9,Monitor (no paid action),0.0,2 support tickets in last 3m; Only 1 transaction(s) last month; Opens 0.3 emails/month
687,500640,Active,Silver,Boise,Beverages,0.51,High,75.42,229.74,Monitor (no paid action),0.0,2 support tickets in last 3m; No marketing emails opened in last 3m; No transactions last month
688,500303,Active,Gold,Spokane,Snacks,0.42,High,90.2,228.59,Monitor (no paid action),0.0,0.7 transactions/month (last 3m); Spend $28/month (last 3m); Transactions trending down (-0.6/month)
689,500971,Lapsed,Gold,Portland,Snacks,0.96,High,39.81,228.4,Monitor (no paid action),0.0,No purchase in 6+ months; No marketing emails opened in last 3m; Spend $0/month (last 3m)
690,502010,Lapsed,Silver,Austin,Personal Care,0.98,High,38.65,228.1,Monitor (no paid action),0.0,No purchase in 6+ months; No marketing emails opened in last 3m; Spend $0/month (last 3m)
691,500991,Lapsed,Silver,Madison,Household,0.98,High,38.59,227.5,Monitor (no paid action),0.0,No purchase in 6+ months; No marketing emails opened in last 3m; Spend $0/month (last 3m)
692,502293,Active,Gold,Portland,Beverages,0.38,High,100.93,227.11,Monitor (no paid action),0.0,0.7 transactions/month (last 3m); Spend $19/month (last 3m); No app use in last 3m
693,501480,Active,Gold,Portland,Snacks,0.24,Medium,158.92,227.05,Monitor (no paid action),0.0,Transactions trending down (-2.5/month); No transactions last month; 1 support tickets in last 3m
694,501411,Lapsed,Silver,Tulsa,Dairy,0.97,High,39.03,226.12,Monitor (no paid action),0.0,No purchase for 4 months; No marketing emails opened in last 3m; Spend $0/month (last 3m)
695,501855,Active,Silver,Tulsa,Personal Care,0.35,Medium,106.86,226.07,Monitor (no paid action),0.0,No marketing emails opened in last 3m; 1.7 transactions/month (last 3m); Spend $45/month (last 3m)
696,500222,Active,Silver,Denver,Dairy,0.61,High,60.98,224.56,Monitor (no paid action),0.0,0.3 transactions/month (last 3m); Spend $15/month (last 3m); No app use in last 3m
697,501829,Lapsed,Silver,Columbus,Frozen Foods,0.99,High,37.79,224.34,Monitor (no paid action),0.0,No purchase in 6+ months; No marketing emails opened in last 3m; Spend $0/month (last 3m)
698,501941,Lapsed,Silver,Raleigh,Frozen Foods,0.97,High,38.33,224.22,Monitor (no paid action),0.0,No purchase in 6+ months; No marketing emails opened in last 3m; Spend $0/month (last 3m)
699,501824,Lapsed,Silver,Spokane,Personal Care,0.97,High,38.58,223.86,Monitor (no paid action),0.0,No purchase in 6+ months; No marketing emails opened in last 3m; Spend $0/month (last 3m)
700,502268,Lapsed,Gold,Nashville,Dairy,0.99,High,37.76,223.45,Monitor (no paid action),0.0,No purchase in 6+ months; No marketing emails opened in last 3m; Spend $0/month (last 3m)
701,502221,Lapsed,Gold,Tulsa,Personal Care,0.99,High,37.69,222.82,Monitor (no paid action),0.0,No purchase in 6+ months; No marketing emails opened in last 3m; Spend $0/month (last 3m)
702,501536,Lapsed,Silver,Nashville,Frozen Foods,0.99,High,37.58,222.79,Monitor (no paid action),0.0,No purchases in last 3m; 2 support tickets in last 3m; No marketing emails opened in last 3m
703,501659,Lapsed,Platinum,Denver,Household,0.97,High,38.32,222.76,Monitor (no paid action),0.0,No purchase in 6+ months; No marketing emails opened in last 3m; Spend $0/month (last 3m)
704,500121,Lapsed,Platinum,Raleigh,Beverages,0.73,High,50.98,222.46,Monitor (no paid action),0.0,No purchases in last 3m; Spend $0/month (last 3m); Buys 0.0 categories/month
705,502037,Lapsed,Gold,Tulsa,Dairy,0.99,High,37.48,221.56,Monitor (no paid action),0.0,No purchase in 6+ months; No marketing emails opened in last 3m; Spend $0/month (last 3m)
706,502147,Lapsed,Silver,Tulsa,Personal Care,0.99,High,37.25,221.42,Monitor (no paid action),0.0,No purchase in 6+ months; No marketing emails opened in last 3m; Spend $0/month (last 3m)
707,502060,Lapsed,Silver,Boise,Frozen Foods,0.99,High,37.38,221.06,Monitor (no paid action),0.0,No purchase in 6+ months; No marketing emails opened in last 3m; Spend $0/month (last 3m)
708,501811,Lapsed,Gold,Madison,Dairy,0.97,High,37.91,220.81,Monitor (no paid action),0.0,No purchase in 6+ months; No marketing emails opened in last 3m; Spend $0/month (last 3m)
709,502255,Lapsed,Gold,Columbus,Produce,0.99,High,37.11,220.43,Monitor (no paid action),0.0,No purchase in 6+ months; No marketing emails opened in last 3m; Spend $0/month (last 3m)
710,501570,Lapsed,Gold,Nashville,Frozen Foods,0.99,High,36.98,219.49,Monitor (no paid action),0.0,No purchase in 6+ months; No marketing emails opened in last 3m; Spend $0/month (last 3m)
711,500337,Active,Gold,Austin,Bakery,0.38,High,94.89,218.8,Monitor (no paid action),0.0,0.7 transactions/month (last 3m); Spend $27/month (last 3m); 1 support tickets in last 3m
712,502012,Active,Silver,Austin,Produce,0.59,High,62.13,218.59,Monitor (no paid action),0.0,2 support tickets in last 3m; No marketing emails opened in last 3m; Spend $45/month (last 3m)
713,502186,Lapsed,Silver,Raleigh,Beverages,0.95,High,38.27,217.6,Monitor (no paid action),0.0,No purchase in 6+ months; No marketing emails opened in last 3m; Spend $0/month (last 3m)
714,500116,Lapsed,Silver,Raleigh,Bakery,0.99,High,36.67,216.77,Monitor (no paid action),0.0,No purchase in 6+ months; Spend $0/month (last 3m); No app use in last 3m
715,502388,Lapsed,Gold,Spokane,Personal Care,0.98,High,36.79,216.58,Monitor (no paid action),0.0,No purchase in 6+ months; No marketing emails opened in last 3m; Spend $0/month (last 3m)
716,500849,Active,Platinum,Portland,Bakery,0.25,Medium,142.37,216.31,Monitor (no paid action),0.0,2 support tickets in last 3m; App use -67% vs prior 3m; Preferred category: Bakery
717,501528,Active,Silver,Nashville,Frozen Foods,0.22,Medium,162.63,215.89,Monitor (no paid action),0.0,Transactions trending down (-1.4/month); No transactions last month; Formal complaint in last 3m
718,501473,Lapsed,Silver,Tulsa,Snacks,0.98,High,36.77,215.21,Monitor (no paid action),0.0,No purchase in 6+ months; No marketing emails opened in last 3m; Spend $0/month (last 3m)
719,501408,Active,Silver,Tulsa,Beverages,0.57,High,62.64,215.2,Monitor (no paid action),0.0,Transactions trending down (-4.0/month); Opens 0.3 emails/month; Spend $63/month (last 3m)
720,502365,Lapsed,Gold,Austin,Snacks,0.97,High,36.72,214.49,Monitor (no paid action),0.0,No purchase in 6+ months; No marketing emails opened in last 3m; Spend $0/month (last 3m)
721,500773,Lapsed,Silver,Denver,Personal Care,0.99,High,36.05,214.34,Monitor (no paid action),0.0,No purchase in 6+ months; No marketing emails opened in last 3m; Spend $0/month (last 3m)
722,502222,Lapsed,Silver,Spokane,Personal Care,0.97,High,36.84,213.45,Monitor (no paid action),0.0,No purchase in 6+ months; No marketing emails opened in last 3m; Spend $0/month (last 3m)
723,501455,Lapsed,Silver,Madison,Beverages,0.99,High,35.93,213.12,Monitor (no paid action),0.0,No purchase for 5 months; No marketing emails opened in last 3m; Spend $0/month (last 3m)
724,500511,Lapsed,Gold,Spokane,Bakery,0.98,High,36.24,212.46,Monitor (no paid action),0.0,No purchase in 6+ months; No marketing emails opened in last 3m; Spend $0/month (last 3m)
725,502003,Active,Silver,Tulsa,Bakery,0.78,High,45.37,211.45,Monitor (no paid action),0.0,0.7 transactions/month (last 3m); Spend $18/month (last 3m); No app use in last 3m
726,501538,Active,Gold,Spokane,Frozen Foods,0.38,High,92.3,210.55,Monitor (no paid action),0.0,No marketing emails opened in last 3m; No transactions last month; Spend $31/month (last 3m)
727,502179,Active,Silver,Spokane,Bakery,0.92,High,37.8,208.86,Monitor (no paid action),0.0,No marketing emails opened in last 3m; No transactions last month; No app use in last 3m
728,502235,Lapsed,Silver,Raleigh,Snacks,0.98,High,35.62,208.77,Monitor (no paid action),0.0,No purchase in 6+ months; No marketing emails opened in last 3m; Spend $0/month (last 3m)
729,501358,Lapsed,Gold,Denver,Frozen Foods,0.99,High,35.09,208.21,Monitor (no paid action),0.0,No purchase in 6+ months; No marketing emails opened in last 3m; Spend $0/month (last 3m)
730,501830,Active,Silver,Raleigh,Bakery,0.38,High,90.98,207.78,Monitor (no paid action),0.0,1.0 transactions/month (last 3m); Spend $36/month (last 3m); App use 0.5 sessions/month
731,501464,Active,Gold,Austin,Dairy,0.64,High,54.32,207.68,Monitor (no paid action),0.0,0.7 transactions/month (last 3m); Spend $24/month (last 3m); No app use in last 3m
732,501287,Lapsed,Gold,Tulsa,Frozen Foods,0.99,High,34.98,206.95,Monitor (no paid action),0.0,No purchase in 6+ months; No marketing emails opened in last 3m; Spend $0/month (last 3m)
733,502170,Active,Silver,Austin,Frozen Foods,0.71,High,48.4,206.18,Monitor (no paid action),0.0,0.7 transactions/month (last 3m); No marketing emails opened in last 3m; Spend $18/month (last 3m)
734,501200,Lapsed,Silver,Denver,Snacks,0.98,High,34.95,205.98,Monitor (no paid action),0.0,No purchase in 6+ months; No marketing emails opened in last 3m; Spend $0/month (last 3m)
735,501260,Lapsed,Silver,Tulsa,Household,0.97,High,35.47,205.78,Monitor (no paid action),0.0,No purchase in 6+ months; No marketing emails opened in last 3m; Spend $0/month (last 3m)
736,502429,Lapsed,Gold,Boise,Snacks,0.98,High,34.73,205.09,Monitor (no paid action),0.0,No purchase in 6+ months; No marketing emails opened in last 3m; Spend $0/month (last 3m)
737,500632,Lapsed,Silver,Portland,Dairy,0.96,High,35.27,203.75,Monitor (no paid action),0.0,No purchase for 4 months; No marketing emails opened in last 3m; Spend $0/month (last 3m)
738,500436,Lapsed,Silver,Spokane,Produce,0.96,High,35.18,203.38,Monitor (no paid action),0.0,No purchase in 6+ months; No marketing emails opened in last 3m; Spend $0/month (last 3m)
739,500905,Lapsed,Silver,Columbus,Personal Care,0.99,High,34.14,203.04,Monitor (no paid action),0.0,No purchase in 6+ months; No marketing emails opened in last 3m; Spend $0/month (last 3m)
740,500017,Lapsed,Silver,Austin,Snacks,0.99,High,34.28,202.86,Monitor (no paid action),0.0,No purchase in 6+ months; No marketing emails opened in last 3m; Spend $0/month (last 3m)
741,500449,Lapsed,Silver,Columbus,Dairy,0.98,High,34.28,202.05,Monitor (no paid action),0.0,No purchase in 6+ months; No marketing emails opened in last 3m; Spend $0/month (last 3m)
742,501613,Lapsed,Silver,Spokane,Snacks,0.97,High,34.31,200.23,Monitor (no paid action),0.0,No purchase in 6+ months; No marketing emails opened in last 3m; Spend $0/month (last 3m)
743,501496,Active,Gold,Madison,Bakery,0.94,High,35.43,199.87,Monitor (no paid action),0.0,0.5 transactions/month (last 3m); No marketing emails opened in last 3m; Spend $18/month (last 3m)
744,500591,Lapsed,Silver,Spokane,Household,0.99,High,33.75,199.83,Monitor (no paid action),0.0,No purchase in 6+ months; No marketing emails opened in last 3m; Spend $0/month (last 3m)
745,500447,Active,Silver,Tulsa,Personal Care,0.25,Medium,130.47,196.85,Monitor (no paid action),0.0,No marketing emails opened in last 3m; No transactions last month; Transactions trending down (-0.8/month)
746,501185,Lapsed,Gold,Raleigh,Personal Care,0.99,High,33.11,196.83,Monitor (no paid action),0.0,No purchase in 6+ months; No marketing emails opened in last 3m; Spend $0/month (last 3m)
747,500109,Lapsed,Silver,Nashville,Household,0.96,High,34.11,196.22,Monitor (no paid action),0.0,No purchase in 6+ months; No marketing emails opened in last 3m; Spend $0/month (last 3m)
748,500564,Active,Silver,Denver,Household,0.98,High,33.07,194.78,Monitor (no paid action),0.0,3 support tickets in last 3m; 0.3 transactions/month (last 3m); Spend $10/month (last 3m)
749,502103,Lapsed,Silver,Columbus,Personal Care,0.99,High,32.57,194.13,Monitor (no paid action),0.0,No purchase in 6+ months; No marketing emails opened in last 3m; Spend $0/month (last 3m)
750,500885,Lapsed,Silver,Raleigh,Personal Care,0.95,High,34.0,193.23,Monitor (no paid action),0.0,No purchases in last 3m; No marketing emails opened in last 3m; Spend $0/month (last 3m)
751,500776,Active,Silver,Boise,Beverages,0.75,High,42.63,192.01,Monitor (no paid action),0.0,0.3 transactions/month (last 3m); Spend +300% vs prior 3m; No marketing emails opened in last 3m
752,502280,Active,Silver,Madison,Frozen Foods,0.85,High,37.64,191.89,Monitor (no paid action),0.0,Transactions trending down (-1.5/month); No transactions last month; Spend $25/month (last 3m)
753,500398,Active,Gold,Nashville,Household,0.78,High,41.15,191.69,Monitor (no paid action),0.0,0.3 transactions/month (last 3m); Spend $10/month (last 3m); No app use in last 3m
754,501118,Lapsed,Gold,Portland,Beverages,0.96,High,33.01,191.09,Monitor (no paid action),0.0,No purchase in 6+ months; No marketing emails opened in last 3m; Spend $0/month (last 3m)
755,500469,Lapsed,Gold,Austin,Household,0.97,High,32.67,190.85,Monitor (no paid action),0.0,No purchase in 6+ months; No marketing emails opened in last 3m; Spend $0/month (last 3m)
756,500295,Lapsed,Gold,Columbus,Produce,0.99,High,31.98,189.13,Monitor (no paid action),0.0,No purchase in 6+ months; No marketing emails opened in last 3m; Spend $0/month (last 3m)
757,501413,Lapsed,Gold,Portland,Bakery,0.97,High,32.43,188.59,Monitor (no paid action),0.0,No purchase in 6+ months; No marketing emails opened in last 3m; Spend $0/month (last 3m)
758,501399,Lapsed,Gold,Austin,Personal Care,0.98,High,32.08,188.57,Monitor (no paid action),0.0,No purchase in 6+ months; No marketing emails opened in last 3m; Spend $0/month (last 3m)
759,500804,Lapsed,Silver,Columbus,Produce,0.98,High,31.98,188.55,Monitor (no paid action),0.0,No purchase for 5 months; No marketing emails opened in last 3m; Spend $0/month (last 3m)
760,502312,Lapsed,Platinum,Nashville,Household,0.98,High,32.01,188.55,Monitor (no paid action),0.0,No purchase in 6+ months; No marketing emails opened in last 3m; Spend $0/month (last 3m)
761,500972,Lapsed,Gold,Spokane,Snacks,0.98,High,31.98,188.06,Monitor (no paid action),0.0,No purchase in 6+ months; No marketing emails opened in last 3m; Spend $0/month (last 3m)
762,501213,Lapsed,Silver,Nashville,Frozen Foods,0.95,High,33.04,188.06,Monitor (no paid action),0.0,No purchase for 4 months; No marketing emails opened in last 3m; Spend $0/month (last 3m)
763,501444,Lapsed,Silver,Boise,Snacks,0.98,High,31.85,188.04,Monitor (no paid action),0.0,No purchase in 6+ months; No marketing emails opened in last 3m; Spend $0/month (last 3m)
764,502586,Lapsed,Silver,Austin,Beverages,0.97,High,32.37,187.98,Monitor (no paid action),0.0,No purchase in 6+ months; No marketing emails opened in last 3m; Spend $0/month (last 3m)
765,501698,Active,Silver,Tulsa,Beverages,0.22,Medium,143.64,187.84,Monitor (no paid action),0.0,2 support tickets in last 3m; App use 0.3 sessions/month; Opens 0.3 emails/month
766,501085,Active,Silver,Raleigh,Beverages,0.45,High,70.1,187.33,Monitor (no paid action),0.0,No transactions last month; Transactions trending down (-0.7/month); Formal complaint in last 3m
767,502199,Lapsed,Silver,Tulsa,Snacks,0.96,High,32.37,185.68,Monitor (no paid action),0.0,No purchase in 6+ months; No marketing emails opened in last 3m; Spend $0/month (last 3m)
768,500175,Active,Silver,Boise,Produce,0.65,High,47.76,185.66,Monitor (no paid action),0.0,No transactions last month; 3 support tickets in 6m; App use 0.3 sessions/month
769,500719,Lapsed,Silver,Boise,Beverages,0.96,High,32.31,185.4,Monitor (no paid action),0.0,No purchase in 6+ months; No marketing emails opened in last 3m; Spend $0/month (last 3m)
770,501948,Lapsed,Platinum,Raleigh,Household,0.94,High,32.71,185.27,Monitor (no paid action),0.0,No purchases in last 3m; No marketing emails opened in last 3m; Spend $0/month (last 3m)
771,502039,Lapsed,Gold,Austin,Snacks,0.97,High,31.71,185.12,Monitor (no paid action),0.0,No purchase in 6+ months; No marketing emails opened in last 3m; Spend $0/month (last 3m)
772,501423,Lapsed,Gold,Spokane,Produce,0.96,High,31.96,183.91,Monitor (no paid action),0.0,No purchase in 6+ months; No marketing emails opened in last 3m; Spend $0/month (last 3m)
773,500421,Active,Platinum,Columbus,Beverages,0.22,Medium,140.58,183.86,Monitor (no paid action),0.0,No transactions last month; Transactions trending down (-0.7/month); Buys 0.3 categories/month
774,500014,Active,Gold,Austin,Snacks,0.78,High,38.95,182.89,Monitor (no paid action),0.0,0.5 transactions/month (last 3m); No marketing emails opened in last 3m; Spend $19/month (last 3m)
775,500983,Lapsed,Silver,Spokane,Household,0.98,High,31.09,182.36,Monitor (no paid action),0.0,No purchase in 6+ months; No marketing emails opened in last 3m; Spend $0/month (last 3m)
776,502556,Lapsed,Silver,Portland,Beverages,0.98,High,30.93,181.96,Monitor (no paid action),0.0,No purchase in 6+ months; No marketing emails opened in last 3m; Spend $0/month (last 3m)
777,502174,Lapsed,Gold,Columbus,Beverages,0.97,High,31.26,181.76,Monitor (no paid action),0.0,No purchase in 6+ months; No marketing emails opened in last 3m; Spend $0/month (last 3m)
778,502458,Lapsed,Silver,Denver,Snacks,0.99,High,30.57,181.15,Monitor (no paid action),0.0,No purchase in 6+ months; No marketing emails opened in last 3m; Spend $0/month (last 3m)
779,502507,Active,Silver,Austin,Household,0.84,High,35.94,180.98,Monitor (no paid action),0.0,0.3 transactions/month (last 3m); Spend +300% vs prior 3m; No marketing emails opened in last 3m
780,502333,Lapsed,Silver,Spokane,Bakery,0.99,High,30.58,180.78,Monitor (no paid action),0.0,No purchase in 6+ months; No marketing emails opened in last 3m; Spend $0/month (last 3m)
781,500819,Lapsed,Silver,Spokane,Bakery,0.98,High,30.52,180.1,Monitor (no paid action),0.0,No purchase in 6+ months; No marketing emails opened in last 3m; Spend $0/month (last 3m)
782,501161,Active,Gold,Austin,Bakery,0.39,High,77.08,179.76,Monitor (no paid action),0.0,1.3 transactions/month (last 3m); No app use in last 3m; Spend $40/month (last 3m)
783,501113,Lapsed,Silver,Madison,Beverages,0.99,High,30.14,179.72,Monitor (no paid action),0.0,No purchase in 6+ months; No marketing emails opened in last 3m; Spend $0/month (last 3m)
784,500799,Lapsed,Gold,Columbus,Produce,0.88,High,33.97,179.6,Monitor (no paid action),0.0,No purchases in last 3m; No marketing emails opened in last 3m; Spend $0/month (last 3m)
785,501481,Active,Silver,Boise,Personal Care,0.29,Medium,101.85,178.84,Monitor (no paid action),0.0,No transactions last month; Transactions trending down (-0.7/month); Spend $48/month (last 3m)
786,502150,Lapsed,Gold,Boise,Dairy,0.99,High,30.07,178.82,Monitor (no paid action),0.0,No purchase for 5 months; No marketing emails opened in last 3m; Spend $0/month (last 3m)
787,501117,Lapsed,Gold,Madison,Frozen Foods,0.97,High,30.69,177.99,Monitor (no paid action),0.0,No purchase in 6+ months; No marketing emails opened in last 3m; Spend $0/month (last 3m)
788,501558,Lapsed,Silver,Nashville,Frozen Foods,0.97,High,30.63,177.44,Monitor (no paid action),0.0,No purchase in 6+ months; No marketing emails opened in last 3m; Spend $0/month (last 3m)
789,502324,Active,Silver,Raleigh,Household,0.42,High,70.45,177.05,Monitor (no paid action),0.0,0.3 transactions/month (last 3m); Spend $11/month (last 3m); No app use in last 3m
790,502027,Lapsed,Silver,Austin,Personal Care,0.99,High,29.76,175.96,Monitor (no paid action),0.0,No purchase in 6+ months; No marketing emails opened in last 3m; Spend $0/month (last 3m)
791,502535,Active,Platinum,Madison,Beverages,0.22,Medium,132.79,174.85,Monitor (no paid action),0.0,1.3 transactions/month (last 3m); Transactions trending down (-0.6/month); App use 0.7 sessions/month
792,500933,Lapsed,Silver,Nashville,Household,0.99,High,29.38,173.75,Monitor (no paid action),0.0,No purchase in 6+ months; No marketing emails opened in last 3m; Spend $0/month (last 3m)
793,500241,Active,Silver,Columbus,Bakery,0.27,Medium,106.3,173.71,Monitor (no paid action),0.0,Transactions trending down (-1.2/month); No transactions last month; Spend $35/month (last 3m)
794,501951,Lapsed,Silver,Columbus,Produce,0.99,High,29.31,173.65,Monitor (no paid action),0.0,No purchase in 6+ months; No marketing emails opened in last 3m; Spend $0/month (last 3m)
795,502386,Active,Silver,Tulsa,Dairy,0.95,High,30.31,173.46,Monitor (no paid action),0.0,0.3 transactions/month (last 3m); No marketing emails opened in last 3m; Spend $10/month (last 3m)
796,500444,Lapsed,Silver,Portland,Frozen Foods,0.98,High,29.46,173.41,Monitor (no paid action),0.0,No purchase in 6+ months; No marketing emails opened in last 3m; Spend $0/month (last 3m)
797,500891,Lapsed,Silver,Columbus,Personal Care,0.99,High,29.15,172.77,Monitor (no paid action),0.0,No purchase in 6+ months; No marketing emails opened in last 3m; Spend $0/month (last 3m)
798,502196,Active,Silver,Columbus,Personal Care,0.26,Medium,109.58,172.13,Monitor (no paid action),0.0,Only 1 transaction(s) last month; Opens 0.3 emails/month; App use -75% vs prior 3m
799,501875,Lapsed,Silver,Tulsa,Snacks,0.98,High,29.04,171.55,Monitor (no paid action),0.0,No purchase in 6+ months; No marketing emails opened in last 3m; Spend $0/month (last 3m)
800,501859,Lapsed,Silver,Columbus,Bakery,0.99,High,28.64,170.86,Monitor (no paid action),0.0,No purchase in 6+ months; No marketing emails opened in last 3m; Spend $0/month (last 3m)
801,502510,Active,Silver,Spokane,Personal Care,0.15,Medium,195.9,170.65,Monitor (no paid action),0.0,Transactions trending down (-1.0/month); No transactions last month; Opens 0.3 emails/month
802,500239,Lapsed,Gold,Raleigh,Bakery,0.96,High,29.48,170.63,Monitor (no paid action),0.0,No purchase for 4 months; No marketing emails opened in last 3m; Spend $0/month (last 3m)
803,500965,Lapsed,Gold,Nashville,Frozen Foods,0.82,High,34.6,170.32,Monitor (no paid action),0.0,No purchase for 4 months; Spend $0/month (last 3m); Buys 0.0 categories/month
804,502001,Lapsed,Silver,Madison,Frozen Foods,0.99,High,28.62,169.48,Monitor (no paid action),0.0,No purchase in 6+ months; No marketing emails opened in last 3m; Spend $0/month (last 3m)
805,501427,Lapsed,Silver,Spokane,Bakery,0.99,High,28.47,169.31,Monitor (no paid action),0.0,No purchase in 6+ months; No marketing emails opened in last 3m; Spend $0/month (last 3m)
806,501764,Active,Silver,Denver,Household,0.35,Medium,79.75,168.7,Monitor (no paid action),0.0,Only 1 transaction(s) last month; Spend $42/month (last 3m); Formal complaint in last 3m
807,501808,Lapsed,Silver,Columbus,Dairy,0.99,High,28.37,168.02,Monitor (no paid action),0.0,No purchase in 6+ months; No marketing emails opened in last 3m; Spend $0/month (last 3m)
808,500653,Lapsed,Silver,Portland,Beverages,0.98,High,28.52,168.01,Monitor (no paid action),0.0,No purchase in 6+ months; No marketing emails opened in last 3m; Spend $0/month (last 3m)
809,501015,Active,Silver,Madison,Dairy,0.39,High,71.75,167.1,Monitor (no paid action),0.0,1.0 transactions/month (last 3m); No marketing emails opened in last 3m; Spend $24/month (last 3m)
810,502506,Active,Platinum,Spokane,Household,0.21,Medium,128.67,165.61,Monitor (no paid action),0.0,No marketing emails opened in last 3m; No transactions last month; App use 0.3 sessions/month
811,501984,Lapsed,Gold,Austin,Frozen Foods,0.99,High,27.64,163.69,Monitor (no paid action),0.0,No purchase in 6+ months; No marketing emails opened in last 3m; Spend $0/month (last 3m)
812,500666,Lapsed,Silver,Columbus,Bakery,0.99,High,27.26,162.37,Monitor (no paid action),0.0,No purchase in 6+ months; No marketing emails opened in last 3m; Spend $0/month (last 3m)
813,502195,Active,Silver,Madison,Household,0.48,High,55.74,160.91,Monitor (no paid action),0.0,1.3 transactions/month (last 3m); Spend $25/month (last 3m); App use 0.3 sessions/month
814,502193,Lapsed,Silver,Austin,Produce,0.99,High,27.12,160.68,Monitor (no paid action),0.0,No purchase in 6+ months; No marketing emails opened in last 3m; Spend $0/month (last 3m)
815,500204,Lapsed,Gold,Portland,Dairy,0.98,High,27.31,160.44,Monitor (no paid action),0.0,No purchase in 6+ months; No marketing emails opened in last 3m; Spend $0/month (last 3m)
816,501530,Lapsed,Gold,Columbus,Bakery,0.99,High,26.61,157.87,Monitor (no paid action),0.0,No purchase in 6+ months; No marketing emails opened in last 3m; Spend $0/month (last 3m)
817,502423,Lapsed,Silver,Columbus,Frozen Foods,0.98,High,26.87,157.75,Monitor (no paid action),0.0,No purchase in 6+ months; No marketing emails opened in last 3m; Spend $0/month (last 3m)
818,502200,Lapsed,Silver,Portland,Produce,0.98,High,26.79,157.6,Monitor (no paid action),0.0,No purchase in 6+ months; No marketing emails opened in last 3m; Spend $0/month (last 3m)
819,500852,Active,Silver,Raleigh,Bakery,0.26,Medium,101.05,156.5,Monitor (no paid action),0.0,0.7 transactions/month (last 3m); Transactions trending down (-1.0/month); Spend $21/month (last 3m)
820,500769,Active,Silver,Columbus,Beverages,0.27,Medium,94.88,156.39,Monitor (no paid action),0.0,4 support tickets in 6m; No app use in last 3m; 2.7 transactions/month (last 3m)
821,502050,Active,Silver,Nashville,Personal Care,0.68,High,38.42,156.21,Monitor (no paid action),0.0,1.0 transactions/month (last 3m); No marketing emails opened in last 3m; Spend $20/month (last 3m)
822,500341,Lapsed,Silver,Austin,Bakery,0.99,High,26.36,155.79,Monitor (no paid action),0.0,No purchase for 5 months; No marketing emails opened in last 3m; Spend $0/month (last 3m)
823,500509,Active,Silver,Austin,Beverages,0.28,Medium,92.37,154.74,Monitor (no paid action),0.0,Transactions trending down (-1.0/month); 2.0 transactions/month (last 3m); Spend $62/month (last 3m)
824,502295,Active,Gold,Austin,Household,0.28,Medium,89.9,153.2,Monitor (no paid action),0.0,No transactions last month; 1 support tickets in last 3m; Opted in to marketing
825,500496,Lapsed,Silver,Portland,Household,0.98,High,25.91,151.96,Monitor (no paid action),0.0,No purchase in 6+ months; No marketing emails opened in last 3m; Spend $0/month (last 3m)
826,501722,Active,Silver,Spokane,Household,0.28,Medium,90.62,150.61,Monitor (no paid action),0.0,No transactions last month; Transactions trending down (-0.8/month); No app use in last 3m
827,502573,Active,Silver,Nashville,Frozen Foods,0.27,Medium,93.37,148.87,Monitor (no paid action),0.0,1.7 transactions/month (last 3m); Spend $56/month (last 3m); App use 0.7 sessions/month
828,501351,Active,Silver,Nashville,Produce,0.24,Medium,104.96,148.83,Monitor (no paid action),0.0,No transactions last month; Opens 0.3 emails/month; Transactions trending down (-0.5/month)
829,501061,Lapsed,Silver,Nashville,Produce,0.99,High,25.13,148.73,Monitor (no paid action),0.0,No purchase in 6+ months; No marketing emails opened in last 3m; Spend $0/month (last 3m)
830,501740,Active,Silver,Denver,Beverages,0.95,High,25.88,147.93,Monitor (no paid action),0.0,0.3 transactions/month (last 3m); No marketing emails opened in last 3m; Spend $9/month (last 3m)
831,500365,Lapsed,Silver,Boise,Produce,0.97,High,25.37,147.52,Monitor (no paid action),0.0,No purchase in 6+ months; No marketing emails opened in last 3m; Spend $0/month (last 3m)
832,502030,Lapsed,Silver,Austin,Frozen Foods,0.86,High,28.44,147.49,Monitor (no paid action),0.0,No purchase in 6+ months; Spend $0/month (last 3m); Buys 0.0 categories/month
833,502541,Lapsed,Silver,Nashville,Produce,0.97,High,25.29,147.06,Monitor (no paid action),0.0,No purchase in 6+ months; No marketing emails opened in last 3m; Spend $0/month (last 3m)
834,501758,Active,Silver,Portland,Frozen Foods,0.24,Medium,103.86,146.94,Monitor (no paid action),0.0,No transactions last month; App use -57% vs prior 3m; Transactions trending down (-0.5/month)
835,500336,Active,Platinum,Raleigh,Frozen Foods,0.24,Medium,99.35,145.19,Monitor (no paid action),0.0,1.0 transactions/month (last 3m); Spend +202% vs prior 3m; Opens 0.3 emails/month
836,500394,Active,Gold,Boise,Dairy,0.1,Medium,230.98,143.44,Monitor (no paid action),0.0,Transactions trending down (-2.2/month); No marketing emails opened in last 3m; Only 1 transaction(s) last month
837,500320,Lapsed,Silver,Denver,Beverages,0.99,High,23.99,142.41,Monitor (no paid action),0.0,No purchase in 6+ months; No marketing emails opened in last 3m; Spend $0/month (last 3m)
838,501166,Lapsed,Silver,Austin,Household,0.98,High,24.15,142.37,Monitor (no paid action),0.0,No purchase in 6+ months; No marketing emails opened in last 3m; Spend $0/month (last 3m)
839,501372,Active,Gold,Nashville,Bakery,0.1,Low,242.23,141.79,Monitor (no paid action),0.0,Transactions trending down (-1.2/month); No marketing emails opened in last 3m; App use 0.3 sessions/month
840,501862,Active,Silver,Denver,Frozen Foods,0.66,High,35.81,141.66,Monitor (no paid action),0.0,0.3 transactions/month (last 3m); No marketing emails opened in last 3m; Spend $13/month (last 3m)
841,501623,Lapsed,Silver,Austin,Produce,0.97,High,24.24,141.5,Monitor (no paid action),0.0,No purchase for 4 months; No marketing emails opened in last 3m; Spend $0/month (last 3m)
842,502548,Active,Platinum,Spokane,Household,0.1,Low,241.57,141.23,Monitor (no paid action),0.0,2 support tickets in last 3m; Transactions trending down (-0.7/month); Opens 0.3 emails/month
843,500756,Lapsed,Silver,Columbus,Dairy,0.99,High,23.74,141.1,Monitor (no paid action),0.0,No purchase in 6+ months; No marketing emails opened in last 3m; Spend $0/month (last 3m)
844,502088,Lapsed,Silver,Austin,Produce,0.97,High,24.0,140.19,Monitor (no paid action),0.0,No purchase in 6+ months; No marketing emails opened in last 3m; Spend $0/month (last 3m)
845,500532,Active,Silver,Nashville,Household,0.22,Medium,103.52,139.03,Monitor (no paid action),0.0,No marketing emails opened in last 3m; No app use in last 3m; Formal complaint in last 3m
846,501310,Active,Silver,Denver,Beverages,0.77,High,29.8,137.53,Monitor (no paid action),0.0,1.0 transactions/month (last 3m); No marketing emails opened in last 3m; No app use in last 3m
847,500386,Lapsed,Silver,Austin,Snacks,0.99,High,23.08,137.12,Monitor (no paid action),0.0,No purchase in 6+ months; No marketing emails opened in last 3m; Spend $0/month (last 3m)
848,501772,Active,Silver,Columbus,Produce,0.37,Medium,62.21,136.5,Monitor (no paid action),0.0,No marketing emails opened in last 3m; 2.0 transactions/month (last 3m); App use 0.5 sessions/month
849,500508,Active,Silver,Portland,Bakery,0.27,Medium,84.76,136.26,Monitor (no paid action),0.0,2 support tickets in last 3m; Only 1 transaction(s) last month; Spend $55/month (last 3m)
850,501209,Active,Gold,Denver,Produce,0.19,Medium,119.99,133.54,Monitor (no paid action),0.0,Transactions trending down (-1.2/month); No transactions last month; Spend $56/month (last 3m)
851,501285,Active,Silver,Columbus,Bakery,0.31,Medium,70.59,133.15,Monitor (no paid action),0.0,No marketing emails opened in last 3m; 2.3 transactions/month (last 3m); App use 0.7 sessions/month
852,501149,Active,Silver,Portland,Household,0.13,Medium,172.68,132.19,Monitor (no paid action),0.0,Transactions trending down (-1.4/month); No marketing emails opened in last 3m; No transactions last month
853,502282,Active,Gold,Nashville,Dairy,0.36,Medium,60.28,131.92,Monitor (no paid action),0.0,0.7 transactions/month (last 3m); Spend $21/month (last 3m); App use 0.3 sessions/month
854,500568,Active,Silver,Denver,Produce,0.92,High,23.81,130.88,Monitor (no paid action),0.0,0.5 transactions/month (last 3m); No marketing emails opened in last 3m; Spend $8/month (last 3m)
855,501841,Active,Gold,Tulsa,Bakery,0.15,Medium,141.2,127.56,Monitor (no paid action),0.0,No transactions last month; Transactions trending down (-0.7/month); Opens 0.3 emails/month
856,501911,Active,Silver,Boise,Dairy,0.25,Medium,84.41,126.39,Monitor (no paid action),0.0,Transactions trending down (-1.2/month); No transactions last month; Formal complaint in last 3m
857,500228,Active,Silver,Spokane,Frozen Foods,0.14,Medium,145.24,126.34,Monitor (no paid action),0.0,2 support tickets in last 3m; App use 0.3 sessions/month; 2.7 transactions/month (last 3m)
858,501681,Lapsed,Gold,Boise,Produce,0.96,High,21.9,126.31,Monitor (no paid action),0.0,No purchase in 6+ months; No marketing emails opened in last 3m; Spend $0/month (last 3m)
859,501019,Active,Silver,Boise,Bakery,0.77,High,27.43,126.29,Monitor (no paid action),0.0,1.0 transactions/month (last 3m); No marketing emails opened in last 3m; No app use in last 3m
860,501580,Lapsed,Silver,Austin,Snacks,0.98,High,21.34,125.38,Monitor (no paid action),0.0,No purchase in 6+ months; No marketing emails opened in last 3m; Spend $0/month (last 3m)
861,501030,Active,Silver,Boise,Household,0.26,Medium,80.47,124.14,Monitor (no paid action),0.0,No transactions last month; App use 0.3 sessions/month; Opens 0.3 emails/month
862,501355,Active,Silver,Raleigh,Frozen Foods,0.35,Medium,58.35,123.5,Monitor (no paid action),0.0,No transactions last month; Transactions trending down (-0.8/month); Spend $37/month (last 3m)
863,501045,Active,Gold,Nashville,Personal Care,0.25,Medium,80.86,123.21,Monitor (no paid action),0.0,Transactions trending down (-1.4/month); 2 support tickets in last 3m; Only 1 transaction(s) last month
864,501489,Active,Silver,Denver,Dairy,0.41,High,50.26,123.11,Monitor (no paid action),0.0,Spend +300% vs prior 3m; 1.3 transactions/month (last 3m); No app use in last 3m
865,501627,Active,Silver,Raleigh,Personal Care,0.62,High,32.95,122.78,Monitor (no paid action),0.0,Spend +300% vs prior 3m; 1.0 transactions/month (last 3m); App use 0.7 sessions/month
866,500492,Lapsed,Silver,Columbus,Beverages,0.95,High,21.18,121.25,Monitor (no paid action),0.0,No purchase for 5 months; No marketing emails opened in last 3m; Spend $0/month (last 3m)
867,501172,Active,Silver,Boise,Personal Care,0.17,Medium,116.15,121.19,Monitor (no paid action),0.0,Transactions trending down (-2.5/month); Formal complaint in last 3m; Opted in to marketing
868,502478,Active,Gold,Tulsa,Personal Care,0.18,Medium,112.83,121.11,Monitor (no paid action),0.0,1.7 transactions/month (last 3m); Transactions trending down (-0.6/month); Opens 0.3 emails/month
869,501794,Lapsed,Silver,Raleigh,Snacks,0.98,High,20.34,119.82,Monitor (no paid action),0.0,No purchase in 6+ months; No marketing emails opened in last 3m; Spend $0/month (last 3m)
870,502228,Active,Silver,Spokane,Personal Care,0.75,High,26.54,119.47,Monitor (no paid action),0.0,0.3 transactions/month (last 3m); No marketing emails opened in last 3m; Spend $7/month (last 3m)
871,500660,Active,Silver,Columbus,Household,0.18,Medium,112.95,118.84,Monitor (no paid action),0.0,No marketing emails opened in last 3m; Transactions trending down (-0.6/month); App use -67% vs prior 3m
872,500437,Lapsed,Silver,Boise,Household,0.98,High,20.06,117.74,Monitor (no paid action),0.0,No purchase in 6+ months; No marketing emails opened in last 3m; Spend $0/month (last 3m)
873,501882,Active,Gold,Spokane,Produce,0.26,Medium,73.96,117.34,Monitor (no paid action),0.0,Only 1 transaction(s) last month; App use 0.3 sessions/month; Formal complaint in last 3m
874,502542,Active,Silver,Spokane,Household,0.71,High,27.62,117.19,Monitor (no paid action),0.0,0.7 transactions/month (last 3m); No marketing emails opened in last 3m; Spend $14/month (last 3m)
875,502297,Active,Silver,Boise,Snacks,0.17,Medium,114.42,115.85,Monitor (no paid action),0.0,No transactions last month; App use 0.7 sessions/month; 1 support tickets in last 3m
876,501069,Lapsed,Silver,Denver,Personal Care,0.97,High,19.58,113.84,Monitor (no paid action),0.0,No purchase in 6+ months; No marketing emails opened in last 3m; Spend $0/month (last 3m)
877,500627,Active,Silver,Raleigh,Frozen Foods,0.56,High,33.22,111.8,Monitor (no paid action),0.0,1.0 transactions/month (last 3m); No marketing emails opened in last 3m; Spend $28/month (last 3m)
878,500387,Active,Gold,Raleigh,Household,0.13,Medium,139.38,110.87,Monitor (no paid action),0.0,No transactions last month; Formal complaint in last 3m; Opted in to marketing
879,501330,Active,Gold,Boise,Produce,0.09,Low,215.74,110.14,Monitor (no paid action),0.0,No transactions last month; Transactions trending down (-0.8/month); Opens 0.3 emails/month
880,501857,Active,Silver,Madison,Household,0.36,Medium,50.34,109.47,Monitor (no paid action),0.0,2 support tickets in last 3m; Spend +229% vs prior 3m; 2.0 transactions/month (last 3m)
881,500868,Lapsed,Silver,Nashville,Snacks,0.99,High,18.4,109.11,Monitor (no paid action),0.0,No purchase in 6+ months; No marketing emails opened in last 3m; Spend $0/month (last 3m)
882,500946,Active,Silver,Tulsa,Personal Care,0.42,High,43.24,108.69,Monitor (no paid action),0.0,2 support tickets in last 3m; No app use in last 3m; 75% of trips use a promotion
883,502340,Active,Platinum,Raleigh,Frozen Foods,0.19,Medium,96.14,108.34,Monitor (no paid action),0.0,No marketing emails opened in last 3m; Only 1 transaction(s) last month; App use 0.7 sessions/month
884,501492,Active,Platinum,Columbus,Snacks,0.14,Medium,127.94,108.11,Monitor (no paid action),0.0,Transactions trending down (-1.5/month); 2 support tickets in last 3m; Only 1 transaction(s) last month
885,501248,Active,Gold,Boise,Bakery,0.5,High,35.69,108.05,Monitor (no paid action),0.0,1.0 transactions/month (last 3m); No app use in last 3m; Spend $36/month (last 3m)
886,502008,Active,Platinum,Denver,Snacks,0.1,Medium,171.31,106.61,Monitor (no paid action),0.0,2 support tickets in last 3m; Transactions trending down (-0.7/month); App use -58% vs prior 3m
887,500528,Active,Silver,Boise,Beverages,0.11,Medium,156.95,106.25,Monitor (no paid action),0.0,No marketing emails opened in last 3m; No transactions last month; Transactions trending down (-0.5/month)
888,501790,Active,Silver,Portland,Bakery,0.31,Medium,56.46,105.16,Monitor (no paid action),0.0,1.5 transactions/month (last 3m); Spend $56/month (last 3m); 1 support tickets in last 3m
889,501500,Active,Silver,Boise,Dairy,0.24,Medium,72.68,104.39,Monitor (no paid action),0.0,Spend +300% vs prior 3m; 1.3 transactions/month (last 3m); App use 0.7 sessions/month
890,501976,Active,Silver,Tulsa,Frozen Foods,0.17,Medium,104.4,104.32,Monitor (no paid action),0.0,1.0 transactions/month (last 3m); Spend $34/month (last 3m); Buys 0.5 categories/month
891,500424,Active,Gold,Boise,Personal Care,0.11,Medium,158.66,103.81,Monitor (no paid action),0.0,1.3 transactions/month (last 3m); Transactions trending down (-0.8/month); Spend $54/month (last 3m)
892,502239,Active,Silver,Austin,Beverages,0.15,Medium,115.64,103.58,Monitor (no paid action),0.0,Only 1 transaction(s) last month; Opens 0.3 emails/month; Transactions trending down (-0.5/month)
893,501038,Active,Platinum,Austin,Dairy,0.08,Low,214.66,102.51,Monitor (no paid action),0.0,Transactions trending down (-1.0/month); No marketing emails opened in last 3m; Formal complaint in last 3m
894,500414,Active,Silver,Portland,Produce,0.57,High,29.86,102.1,Monitor (no paid action),0.0,0.3 transactions/month (last 3m); No marketing emails opened in last 3m; Spend $9/month (last 3m)
895,501746,Active,Silver,Tulsa,Produce,0.3,Medium,57.0,101.38,Monitor (no paid action),0.0,1.3 transactions/month (last 3m); App use 0.3 sessions/month; Opens 0.3 emails/month
896,501594,Active,Silver,Spokane,Beverages,0.14,Medium,118.38,101.15,Monitor (no paid action),0.0,No marketing emails opened in last 3m; 1 support tickets in last 3m; Spend $70/month (last 3m)
897,500073,Active,Silver,Madison,Frozen Foods,0.22,Medium,76.13,100.98,Monitor (no paid action),0.0,2.0 transactions/month (last 3m); Spend $55/month (last 3m); 1 support tickets in last 3m
898,500120,Active,Silver,Portland,Beverages,0.16,Medium,100.69,99.08,Monitor (no paid action),0.0,No app use in last 3m; 2.0 transactions/month (last 3m); 1 support tickets in last 3m
899,500075,Active,Silver,Denver,Bakery,0.21,Medium,78.18,97.99,Monitor (no paid action),0.0,2 support tickets in last 3m; No marketing emails opened in last 3m; Only 1 transaction(s) last month
900,500515,Active,Platinum,Austin,Household,0.15,Medium,109.25,95.53,Monitor (no paid action),0.0,1.7 transactions/month (last 3m); Opens 0.3 emails/month; Spend $70/month (last 3m)
901,501463,Active,Platinum,Austin,Dairy,0.1,Low,159.43,93.9,Monitor (no paid action),0.0,No marketing emails opened in last 3m; Transactions trending down (-0.7/month); 1 support tickets in last 3m
902,502399,Active,Silver,Austin,Bakery,0.09,Low,176.76,93.41,Monitor (no paid action),0.0,Transactions trending down (-0.9/month); No transactions last month; 1 support tickets in last 3m
903,502329,Active,Silver,Spokane,Personal Care,0.12,Medium,130.88,92.77,Monitor (no paid action),0.0,No transactions last month; Transactions trending down (-0.5/month); Spend $72/month (last 3m)
904,501493,Active,Gold,Raleigh,Produce,0.11,Medium,140.5,92.7,Monitor (no paid action),0.0,No marketing emails opened in last 3m; Transactions trending down (-0.9/month); No transactions last month
905,501713,Active,Silver,Austin,Snacks,0.17,Medium,91.03,92.59,Monitor (no paid action),0.0,Transactions trending down (-0.7/month); Only 1 transaction(s) last month; Opens 0.3 emails/month
906,502451,Lapsed,Silver,Columbus,Snacks,0.99,High,15.56,92.52,Monitor (no paid action),0.0,No purchase in 6+ months; No marketing emails opened in last 3m; Spend $0/month (last 3m)
907,502132,Active,Silver,Boise,Household,0.44,High,34.9,92.05,Monitor (no paid action),0.0,No transactions last month; Spend $15/month (last 3m); Transactions trending down (-0.6/month)
908,502476,Active,Platinum,Denver,Frozen Foods,0.08,Low,184.95,91.97,Monitor (no paid action),0.0,Transactions trending down (-1.0/month); 1.7 transactions/month (last 3m); Spend $74/month (last 3m)
909,500596,Active,Silver,Madison,Dairy,0.48,High,31.57,91.67,Monitor (no paid action),0.0,1.0 transactions/month (last 3m); No marketing emails opened in last 3m; Spend $32/month (last 3m)
910,501949,Active,Silver,Madison,Beverages,0.09,Low,163.45,91.05,Monitor (no paid action),0.0,No transactions last month; Formal complaint in last 3m; Transactions trending down (-0.6/month)
911,501626,Active,Gold,Portland,Frozen Foods,0.48,High,31.52,90.88,Monitor (no paid action),0.0,1.3 transactions/month (last 3m); No app use in last 3m; Spend $25/month (last 3m)
912,500455,Active,Silver,Nashville,Snacks,0.54,High,27.92,90.58,Monitor (no paid action),0.0,0.3 transactions/month (last 3m); No marketing emails opened in last 3m; Spend $7/month (last 3m)
913,501939,Active,Silver,Nashville,Frozen Foods,0.2,Medium,74.58,89.92,Monitor (no paid action),0.0,Transactions trending down (-1.5/month); Only 1 transaction(s) last month; Opted in to marketing
914,500502,Active,Silver,Boise,Dairy,0.19,Medium,79.12,89.37,Monitor (no paid action),0.0,Transactions trending down (-1.5/month); Only 1 transaction(s) last month; Opted in to marketing
915,502153,Active,Silver,Madison,Household,0.17,Medium,86.43,87.75,Monitor (no paid action),0.0,2.0 transactions/month (last 3m); 3 support tickets in 6m; Transactions trending down (-0.6/month)
916,500911,Active,Silver,Denver,Produce,0.21,Medium,67.83,87.46,Monitor (no paid action),0.0,No marketing emails opened in last 3m; Formal complaint in last 3m; Spend $68/month (last 3m)
917,501162,Active,Silver,Nashville,Bakery,0.1,Low,147.38,85.64,Monitor (no paid action),0.0,Opens 0.3 emails/month; 1 support tickets in last 3m; Preferred category: Bakery
918,501665,Active,Silver,Columbus,Beverages,0.17,Medium,86.07,85.38,Monitor (no paid action),0.0,2 support tickets in last 3m; Spend +229% vs prior 3m; Only 1 transaction(s) last month
919,501715,Active,Platinum,Columbus,Snacks,0.33,Medium,43.51,85.28,Monitor (no paid action),0.0,0.7 transactions/month (last 3m); No marketing emails opened in last 3m; Spend $29/month (last 3m)
920,500419,Active,Platinum,Tulsa,Household,0.08,Low,169.29,85.02,Monitor (no paid action),0.0,No marketing emails opened in last 3m; No app use in last 3m; Only 2 transaction(s) last month
921,501403,Active,Platinum,Austin,Household,0.14,Medium,97.61,82.53,Monitor (no paid action),0.0,No marketing emails opened in last 3m; 1.7 transactions/month (last 3m); 1 support tickets in last 3m
922,500716,Active,Silver,Spokane,Beverages,0.16,Medium,85.15,81.96,Monitor (no paid action),0.0,2 support tickets in last 3m; No app use in last 3m; Only 2 transaction(s) last month
923,502398,Active,Gold,Austin,Household,0.14,Medium,100.56,81.94,Monitor (no paid action),0.0,Transactions trending down (-0.7/month); Only 1 transaction(s) last month; App use 0.3 sessions/month
924,502101,Active,Silver,Madison,Frozen Foods,0.12,Medium,111.28,81.56,Monitor (no paid action),0.0,No marketing emails opened in last 3m; Transactions trending down (-0.7/month); Only 1 transaction(s) last month
925,502078,Active,Silver,Madison,Household,0.28,Medium,48.09,80.33,Monitor (no paid action),0.0,1.0 transactions/month (last 3m); No marketing emails opened in last 3m; Spend $18/month (last 3m)
926,500565,Active,Platinum,Tulsa,Snacks,0.06,Low,231.9,79.86,Monitor (no paid action),0.0,Transactions trending down (-1.1/month); 2 support tickets in last 3m; No marketing emails opened in last 3m
927,500146,Active,Silver,Columbus,Dairy,0.18,Medium,74.63,79.74,Monitor (no paid action),0.0,Only 1 transaction(s) last month; Opens 0.3 emails/month; App use -75% vs prior 3m
928,502578,Active,Silver,Boise,Frozen Foods,0.41,High,31.5,77.52,Monitor (no paid action),0.0,1.7 transactions/month (last 3m); 3 support tickets in 6m; Opens 0.3 emails/month
929,501239,Active,Silver,Raleigh,Personal Care,0.11,Medium,117.4,76.53,Monitor (no paid action),0.0,No transactions last month; Spend $71/month (last 3m); Opted in to marketing
930,500142,Active,Platinum,Nashville,Produce,0.08,Low,150.66,73.81,Monitor (no paid action),0.0,Transactions trending down (-1.3/month); Opens 0.3 emails/month; Only 2 transaction(s) last month
931,500059,Active,Silver,Madison,Household,0.08,Low,143.58,72.23,Monitor (no paid action),0.0,Transactions trending down (-1.0/month); App use -83% vs prior 3m; 2.5 transactions/month (last 3m)
932,502134,Active,Gold,Denver,Household,0.08,Low,156.51,72.22,Monitor (no paid action),0.0,2 support tickets in last 3m; No marketing emails opened in last 3m; App use 0.5 sessions/month
933,502530,Active,Silver,Tulsa,Produce,0.18,Medium,65.66,71.73,Monitor (no paid action),0.0,1.0 transactions/month (last 3m); Spend $35/month (last 3m); App use 1.0 sessions/month
934,502152,Active,Gold,Raleigh,Bakery,0.21,Medium,57.41,71.05,Monitor (no paid action),0.0,1.7 transactions/month (last 3m); Formal complaint in last 3m; Spend $45/month (last 3m)
935,501554,Active,Gold,Spokane,Bakery,0.05,Low,227.25,70.51,Monitor (no paid action),0.0,3 support tickets in 6m; Transactions trending down (-0.6/month); App use -75% vs prior 3m
936,501420,Active,Gold,Portland,Household,0.07,Low,164.01,69.83,Monitor (no paid action),0.0,No marketing emails opened in last 3m; Transactions trending down (-0.8/month); 1 support tickets in last 3m
937,501005,Lapsed,Silver,Tulsa,Household,0.98,High,11.79,69.67,Monitor (no paid action),0.0,No purchase in 6+ months; No marketing emails opened in last 3m; Spend $0/month (last 3m)
938,502281,Active,Silver,Tulsa,Personal Care,0.07,Low,158.26,69.19,Monitor (no paid action),0.0,Transactions trending down (-0.8/month); Only 1 transaction(s) last month; 1 support tickets in last 3m
939,500707,Active,Silver,Raleigh,Household,0.3,Medium,37.73,68.29,Monitor (no paid action),0.0,0.7 transactions/month (last 3m); Spend $15/month (last 3m); No app use in last 3m
940,501584,Active,Silver,Columbus,Produce,0.12,Medium,92.24,68.17,Monitor (no paid action),0.0,2.3 transactions/month (last 3m); Spend $67/month (last 3m); Opted in to marketing
941,500877,Active,Gold,Tulsa,Household,0.1,Low,116.93,67.23,Monitor (no paid action),0.0,Opens 0.3 emails/month; Formal complaint in last 3m; 2.3 transactions/month (last 3m)
942,501777,Active,Platinum,Madison,Personal Care,0.13,Medium,88.77,66.99,Monitor (no paid action),0.0,1.3 transactions/month (last 3m); Buys 0.3 categories/month; Spend $63/month (last 3m)
943,501595,Active,Platinum,Austin,Bakery,0.08,Low,138.25,66.26,Monitor (no paid action),0.0,Transactions trending down (-0.5/month); 1 support tickets in last 3m; Preferred category: Bakery
944,501405,Active,Silver,Boise,Household,0.08,Low,137.48,65.53,Monitor (no paid action),0.0,Transactions trending down (-1.4/month); No marketing emails opened in last 3m; Only 1 transaction(s) last month
945,501923,Active,Silver,Columbus,Beverages,0.05,Low,197.77,65.2,Monitor (no paid action),0.0,3 support tickets in last 3m; No marketing emails opened in last 3m; App use -54% vs prior 3m
946,501897,Active,Silver,Madison,Snacks,0.2,Medium,54.43,65.11,Monitor (no paid action),0.0,No transactions last month; App use 0.3 sessions/month; Spend $58/month (last 3m)
947,501235,Active,Silver,Spokane,Dairy,0.08,Low,142.02,65.1,Monitor (no paid action),0.0,Transactions trending down (-0.9/month); Only 1 transaction(s) last month; App use 0.3 sessions/month
948,500973,Active,Platinum,Denver,Produce,0.1,Medium,104.36,64.46,Monitor (no paid action),0.0,Transactions trending down (-1.1/month); 1.3 transactions/month (last 3m); Spend $44/month (last 3m)
949,501079,Active,Gold,Denver,Bakery,0.08,Low,130.47,64.32,Monitor (no paid action),0.0,No marketing emails opened in last 3m; Only 1 transaction(s) last month; Preferred category: Bakery
950,501778,Active,Platinum,Raleigh,Snacks,0.15,Medium,69.95,62.87,Monitor (no paid action),0.0,0.7 transactions/month (last 3m); Spend $27/month (last 3m); App use 0.3 sessions/month
951,500793,Active,Silver,Columbus,Frozen Foods,0.11,Medium,98.8,62.87,Monitor (no paid action),0.0,Transactions trending down (-0.7/month); 1 support tickets in last 3m; Only 2 transaction(s) last month
952,500167,Active,Gold,Nashville,Household,0.13,Medium,78.95,62.77,Monitor (no paid action),0.0,No app use in last 3m; 2.3 transactions/month (last 3m); Opted in to marketing
953,500975,Active,Gold,Austin,Beverages,0.07,Low,143.33,62.23,Monitor (no paid action),0.0,No marketing emails opened in last 3m; Opted in to marketing; App use 1.0 sessions/month
954,502370,Active,Gold,Boise,Frozen Foods,0.12,Medium,86.12,62.16,Monitor (no paid action),0.0,No marketing emails opened in last 3m; 1.7 transactions/month (last 3m); Spend $55/month (last 3m)
955,501562,Active,Silver,Austin,Produce,0.08,Low,125.33,61.85,Monitor (no paid action),0.0,Transactions trending down (-1.7/month); No transactions last month; App use trending down
956,501670,Active,Silver,Raleigh,Personal Care,0.06,Low,177.04,61.27,Monitor (no paid action),0.0,Transactions trending down (-0.9/month); No marketing emails opened in last 3m; 1 support tickets in last 3m
957,500269,Active,Gold,Tulsa,Snacks,0.11,Medium,92.03,61.04,Monitor (no paid action),0.0,1.5 transactions/month (last 3m); No app use in last 3m; Spend $33/month (last 3m)
958,502151,Active,Gold,Madison,Household,0.08,Low,131.99,59.57,Monitor (no paid action),0.0,Transactions trending down (-1.5/month); Only 1 transaction(s) last month; Opens 0.3 emails/month
959,500108,Active,Silver,Columbus,Bakery,0.05,Low,191.95,59.45,Monitor (no paid action),0.0,Transactions trending down (-1.2/month); Opens 0.3 emails/month; 1 support tickets in last 3m
960,501134,Active,Gold,Columbus,Bakery,0.05,Low,186.43,59.42,Monitor (no paid action),0.0,No marketing emails opened in last 3m; Transactions trending down (-0.9/month); Preferred category: Bakery
961,500226,Active,Silver,Portland,Household,0.13,Medium,75.44,58.18,Monitor (no paid action),0.0,No app use in last 3m; Only 1 transaction(s) last month; Opens 0.3 emails/month
962,501491,Active,Silver,Austin,Bakery,0.1,Medium,93.64,57.95,Monitor (no paid action),0.0,App use 0.7 sessions/month; 1 support tickets in last 3m; Preferred category: Bakery
963,501059,Active,Gold,Raleigh,Personal Care,0.08,Low,123.56,57.61,Monitor (no paid action),0.0,App use 0.3 sessions/month; Opens 0.3 emails/month; Buys 0.7 categories/month
964,501000,Active,Gold,Austin,Beverages,0.05,Low,203.14,57.29,Monitor (no paid action),0.0,Transactions trending down (-0.8/month); Opens 0.3 emails/month; 1 support tickets in last 3m
965,500351,Active,Gold,Madison,Household,0.06,Low,164.98,57.11,Monitor (no paid action),0.0,Transactions trending down (-1.2/month); 2.7 transactions/month (last 3m); Opted in to marketing
966,500613,Active,Silver,Raleigh,Frozen Foods,0.06,Low,150.99,56.8,Monitor (no paid action),0.0,Transactions trending down (-0.9/month); Only 1 transaction(s) last month; Opens 0.3 emails/month
967,500195,Active,Silver,Madison,Beverages,0.15,Medium,63.38,56.75,Monitor (no paid action),0.0,No transactions last month; Spend $37/month (last 3m); App use 0.3 sessions/month
968,502532,Active,Silver,Columbus,Snacks,0.11,Medium,84.53,56.46,Monitor (no paid action),0.0,Only 1 transaction(s) last month; Buys 0.7 categories/month; Spend $71/month (last 3m)
969,501370,Active,Silver,Portland,Snacks,0.1,Low,96.42,56.26,Monitor (no paid action),0.0,Only 1 transaction(s) last month; App use 0.3 sessions/month; Opted in to marketing
970,501672,Active,Gold,Tulsa,Household,0.14,Medium,67.84,55.51,Monitor (no paid action),0.0,No transactions last month; Buys 0.3 categories/month; Spend $59/month (last 3m)
971,502450,Active,Gold,Spokane,Bakery,0.1,Low,92.59,54.81,Monitor (no paid action),0.0,No marketing emails opened in last 3m; 2.0 transactions/month (last 3m); 1 support tickets in last 3m
972,501012,Active,Gold,Tulsa,Personal Care,0.04,Low,203.22,54.78,Monitor (no paid action),0.0,No transactions last month; Transactions trending down (-0.7/month); Formal complaint in last 3m
973,500453,Active,Silver,Nashville,Beverages,0.27,Medium,34.24,54.68,Monitor (no paid action),0.0,1.0 transactions/month (last 3m); Spend $19/month (last 3m); Opens 0.3 emails/month
974,501903,Active,Gold,Austin,Snacks,0.06,Low,153.04,54.17,Monitor (no paid action),0.0,No marketing emails opened in last 3m; Opted in to marketing; App use 1.0 sessions/month
975,501269,Active,Silver,Madison,Produce,0.08,Low,107.6,53.52,Monitor (no paid action),0.0,0.7 transactions/month (last 3m); Spend $27/month (last 3m); Opens 0.3 emails/month
976,501238,Active,Gold,Austin,Bakery,0.06,Low,134.43,51.9,Monitor (no paid action),0.0,2 support tickets in last 3m; Only 2 transaction(s) last month; Preferred category: Bakery
977,501098,Active,Gold,Boise,Snacks,0.05,Low,162.49,51.75,Monitor (no paid action),0.0,No transactions last month; Transactions trending down (-0.8/month); Opted in to marketing
978,500372,Active,Silver,Tulsa,Beverages,0.2,Medium,42.56,51.65,Monitor (no paid action),0.0,No marketing emails opened in last 3m; 1.5 transactions/month (last 3m); Buys 0.0 categories/month
979,501689,Active,Platinum,Spokane,Household,0.04,Low,193.1,51.47,Monitor (no paid action),0.0,Transactions trending down (-1.6/month); 2.3 transactions/month (last 3m); 1 support tickets in last 3m
980,502272,Active,Silver,Columbus,Bakery,0.09,Low,92.9,51.33,Monitor (no paid action),0.0,1 support tickets in last 3m; Only 2 transaction(s) last month; Preferred category: Bakery
981,501591,Active,Silver,Denver,Snacks,0.12,Medium,73.73,51.32,Monitor (no paid action),0.0,Transactions trending down (-1.0/month); 1.7 transactions/month (last 3m); App use 0.3 sessions/month
982,502583,Active,Gold,Spokane,Dairy,0.05,Low,181.92,50.92,Monitor (no paid action),0.0,Formal complaint in last 3m; Transactions trending down (-0.5/month); Opted in to marketing
983,500033,Active,Silver,Nashville,Beverages,0.05,Low,162.64,50.18,Monitor (no paid action),0.0,No transactions last month; Transactions trending down (-0.7/month); App use -56% vs prior 3m
984,501696,Active,Gold,Austin,Snacks,0.11,Medium,76.64,49.89,Monitor (no paid action),0.0,Transactions trending down (-1.5/month); Only 1 transaction(s) last month; Opens 0.3 emails/month
985,501048,Active,Silver,Columbus,Produce,0.09,Low,88.74,49.74,Monitor (no paid action),0.0,Transactions trending down (-1.8/month); No marketing emails opened in last 3m; Only 1 transaction(s) last month
986,502251,Active,Silver,Raleigh,Household,0.19,Medium,41.7,48.57,Monitor (no paid action),0.0,1.0 transactions/month (last 3m); Spend +223% vs prior 3m; Buys 0.7 categories/month
987,500854,Active,Silver,Spokane,Dairy,0.07,Low,109.4,48.29,Monitor (no paid action),0.0,No app use in last 3m; Opens 0.3 emails/month; Spend +143% vs prior 3m
988,501462,Active,Gold,Denver,Frozen Foods,0.04,Low,181.52,48.27,Monitor (no paid action),0.0,No marketing emails opened in last 3m; Only 1 transaction(s) last month; Transactions trending down (-0.5/month)
989,501334,Active,Silver,Portland,Dairy,0.09,Low,84.6,48.05,Monitor (no paid action),0.0,1.0 transactions/month (last 3m); Spend $38/month (last 3m); App use 0.5 sessions/month
990,500037,Active,Silver,Tulsa,Personal Care,0.12,Medium,66.08,48.05,Monitor (no paid action),0.0,0.7 transactions/month (last 3m); Spend $20/month (last 3m); App use 0.3 sessions/month
991,501472,Active,Silver,Raleigh,Dairy,0.23,Medium,34.17,48.03,Monitor (no paid action),0.0,0.3 transactions/month (last 3m); Spend +300% vs prior 3m; Buys 0.3 categories/month
992,501305,Active,Silver,Portland,Frozen Foods,0.08,Low,105.23,47.36,Monitor (no paid action),0.0,No app use in last 3m; Transactions trending down (-0.7/month); 2.3 transactions/month (last 3m)
993,502043,Active,Silver,Raleigh,Snacks,0.04,Low,189.01,46.57,Monitor (no paid action),0.0,Transactions trending down (-0.9/month); No marketing emails opened in last 3m; App use -80% vs prior 3m
994,501482,Active,Silver,Nashville,Personal Care,0.11,Medium,71.51,46.48,Monitor (no paid action),0.0,Transactions trending down (-0.6/month); Spend $48/month (last 3m); App use -78% vs prior 3m
995,500665,Active,Silver,Tulsa,Frozen Foods,0.05,Low,147.43,46.16,Monitor (no paid action),0.0,No transactions last month; Opens 0.3 emails/month; Opted in to marketing
996,502035,Active,Silver,Nashville,Snacks,0.1,Medium,72.52,45.23,Monitor (no paid action),0.0,2 support tickets in last 3m; 1.3 transactions/month (last 3m); Spend $36/month (last 3m)
997,500657,Active,Gold,Denver,Bakery,0.12,Medium,60.51,45.13,Monitor (no paid action),0.0,Spend +300% vs prior 3m; App use 0.3 sessions/month; Formal complaint in last 3m
998,501646,Active,Gold,Tulsa,Frozen Foods,0.09,Low,85.87,44.77,Monitor (no paid action),0.0,1.7 transactions/month (last 3m); Spend $46/month (last 3m); Buys 0.3 categories/month
999,502494,Active,Silver,Nashville,Snacks,0.08,Low,90.07,44.69,Monitor (no paid action),0.0,Opens 0.3 emails/month; 2.3 transactions/month (last 3m); 1 support tickets in last 3m
1000,500030,Active,Platinum,Spokane,Dairy,0.1,Low,74.71,43.83,Monitor (no paid action),0.0,No transactions last month; Spend $43/month (last 3m); Buys 0.7 categories/month
1001,500615,Active,Silver,Madison,Personal Care,0.07,Low,99.54,43.19,Monitor (no paid action),0.0,2 support tickets in last 3m; Opted in to marketing; Opens 0.7 emails/month
1002,500477,Active,Platinum,Portland,Produce,0.17,Medium,43.12,42.72,Monitor (no paid action),0.0,1.0 transactions/month (last 3m); No marketing emails opened in last 3m; Spend $43/month (last 3m)
1003,502512,Active,Silver,Austin,Frozen Foods,0.07,Low,104.84,42.57,Monitor (no paid action),0.0,Formal complaint in last 3m; App use -67% vs prior 3m; Opted in to marketing
1004,501431,Active,Silver,Nashville,Personal Care,0.13,Medium,53.47,42.38,Monitor (no paid action),0.0,Only 1 transaction(s) last month; Spend $41/month (last 3m); Transactions trending down (-0.5/month)
1005,500200,Active,Silver,Madison,Dairy,0.14,Medium,48.53,41.86,Monitor (no paid action),0.0,2.0 transactions/month (last 3m); Spend $48/month (last 3m); 1 support tickets in last 3m
1006,500404,Active,Gold,Denver,Produce,0.03,Low,238.78,40.57,Monitor (no paid action),0.0,Transactions trending down (-0.7/month); Only 1 transaction(s) last month; App use -75% vs prior 3m
1007,500708,Active,Silver,Austin,Bakery,0.08,Low,81.75,40.11,Monitor (no paid action),0.0,App use 0.3 sessions/month; Formal complaint in last 3m; Preferred category: Bakery
1008,500969,Active,Silver,Boise,Bakery,0.06,Low,111.81,39.95,Monitor (no paid action),0.0,1 support tickets in last 3m; Preferred category: Bakery; Opted in to marketing
1009,501573,Active,Gold,Tulsa,Snacks,0.05,Low,141.97,39.82,Monitor (no paid action),0.0,No marketing emails opened in last 3m; Only 1 transaction(s) last month; Home-store price tier: Value
1010,500604,Active,Silver,Columbus,Bakery,0.15,Medium,44.02,39.7,Monitor (no paid action),0.0,1.3 transactions/month (last 3m); Spend $34/month (last 3m); Opens 0.3 emails/month
1011,500738,Active,Silver,Spokane,Personal Care,0.14,Medium,47.94,39.68,Monitor (no paid action),0.0,1.7 transactions/month (last 3m); Spend $48/month (last 3m); 1 support tickets in last 3m
1012,501692,Active,Gold,Spokane,Frozen Foods,0.07,Low,91.76,39.61,Monitor (no paid action),0.0,Formal complaint in last 3m; App use -71% vs prior 3m; Opted in to marketing
1013,502537,Active,Silver,Spokane,Personal Care,0.14,Medium,46.14,39.43,Monitor (no paid action),0.0,Only 1 transaction(s) last month; Spend $46/month (last 3m); App use 0.5 sessions/month
1014,501361,Active,Silver,Portland,Dairy,0.24,Medium,26.78,39.33,Monitor (no paid action),0.0,0.3 transactions/month (last 3m); Spend $9/month (last 3m); App use 0.7 sessions/month
1015,501969,Active,Gold,Columbus,Snacks,0.03,Low,240.81,39.19,Monitor (no paid action),0.0,No marketing emails opened in last 3m; Transactions trending down (-0.8/month); App use -59% vs prior 3m
1016,500379,Active,Silver,Tulsa,Dairy,0.06,Low,115.39,38.71,Monitor (no paid action),0.0,No transactions last month; App use -70% vs prior 3m; Transactions trending down (-0.5/month)
1017,501945,Active,Silver,Tulsa,Snacks,0.06,Low,104.74,38.62,Monitor (no paid action),0.0,No transactions last month; Transactions trending down (-0.6/month); Spend $57/month (last 3m)
1018,501812,Active,Silver,Spokane,Dairy,0.25,Medium,25.47,38.33,Monitor (no paid action),0.0,1.0 transactions/month (last 3m); Spend $20/month (last 3m); No app use in last 3m
1019,502149,Active,Silver,Austin,Household,0.12,Medium,51.74,38.14,Monitor (no paid action),0.0,No marketing emails opened in last 3m; App use 0.3 sessions/month; Spend $50/month (last 3m)
1020,500010,Active,Platinum,Boise,Personal Care,0.07,Low,85.5,38.09,Monitor (no paid action),0.0,1.0 transactions/month (last 3m); Spend $54/month (last 3m); Buys 1.0 categories/month
1021,502049,Active,Silver,Nashville,Bakery,0.14,Medium,46.83,38.04,Monitor (no paid action),0.0,Spend $56/month (last 3m); Only 2 transaction(s) last month; Preferred category: Bakery
1022,500544,Active,Platinum,Austin,Dairy,0.08,Low,75.34,37.96,Monitor (no paid action),0.0,0.7 transactions/month (last 3m); No app use in last 3m; Spend $30/month (last 3m)
1023,502525,Active,Silver,Columbus,Beverages,0.02,Low,252.34,37.38,Monitor (no paid action),0.0,Transactions trending down (-1.0/month); No transactions last month; Opens 0.3 emails/month
1024,500192,Active,Silver,Spokane,Beverages,0.07,Low,82.72,36.18,Monitor (no paid action),0.0,App use 0.7 sessions/month; Transactions trending down (-0.5/month); Spend $66/month (last 3m)
1025,500460,Active,Silver,Tulsa,Personal Care,0.12,Medium,48.69,36.17,Monitor (no paid action),0.0,1.3 transactions/month (last 3m); No app use in last 3m; Spend $37/month (last 3m)
1026,501880,Active,Silver,Denver,Beverages,0.09,Low,64.53,36.08,Monitor (no paid action),0.0,1.3 transactions/month (last 3m); Spend $51/month (last 3m); Buys 0.3 categories/month
1027,502292,Active,Gold,Raleigh,Household,0.04,Low,147.79,35.97,Monitor (no paid action),0.0,2 support tickets in last 3m; No marketing emails opened in last 3m; Transactions trending down (-0.7/month)
1028,502044,Active,Gold,Austin,Snacks,0.07,Low,87.14,35.89,Monitor (no paid action),0.0,1.3 transactions/month (last 3m); App use 0.3 sessions/month; Spend $56/month (last 3m)
1029,501089,Active,Silver,Madison,Personal Care,0.04,Low,160.72,35.83,Monitor (no paid action),0.0,Transactions trending down (-0.9/month); No transactions last month; Opted in to marketing
1030,501387,Active,Silver,Columbus,Snacks,0.04,Low,160.56,35.29,Monitor (no paid action),0.0,Only 1 transaction(s) last month; 3 support tickets in 6m; Opened 0.0 emails/month before
1031,501998,Active,Silver,Austin,Personal Care,0.09,Low,64.33,35.29,Monitor (no paid action),0.0,1.0 transactions/month (last 3m); Spend $27/month (last 3m); 1 support tickets in last 3m
1032,502262,Active,Platinum,Spokane,Personal Care,0.04,Low,148.49,35.28,Monitor (no paid action),0.0,No marketing emails opened in last 3m; 62% of trips use a promotion; 1 support tickets in last 3m
1033,500955,Active,Silver,Raleigh,Snacks,0.1,Low,60.25,35.09,Monitor (no paid action),0.0,0.7 transactions/month (last 3m); Spend +300% vs prior 3m; 63% of trips use a promotion
1034,500678,Active,Gold,Boise,Bakery,0.05,Low,112.05,34.99,Monitor (no paid action),0.0,2 support tickets in last 3m; Preferred category: Bakery; Opted in to marketing
1035,502154,Active,Gold,Austin,Bakery,0.14,Medium,40.47,34.7,Monitor (no paid action),0.0,2 support tickets in last 3m; 1.0 transactions/month (last 3m); No marketing emails opened in last 3m
1036,500309,Active,Silver,Madison,Snacks,0.11,Medium,52.45,34.4,Monitor (no paid action),0.0,1.3 transactions/month (last 3m); No app use in last 3m; Spend $52/month (last 3m)
1037,502210,Active,Gold,Austin,Bakery,0.13,Medium,43.66,34.03,Monitor (no paid action),0.0,1.0 transactions/month (last 3m); Spend $44/month (last 3m); Opens 0.5 emails/month
1038,501244,Active,Silver,Columbus,Household,0.05,Low,112.02,34.03,Monitor (no paid action),0.0,Only 1 transaction(s) last month; Opens 0.3 emails/month; App use 1.0 sessions/month
1039,500710,Active,Platinum,Austin,Snacks,0.02,Low,271.48,34.01,Monitor (no paid action),0.0,Transactions trending down (-1.3/month); 1 support tickets in last 3m; Opted in to marketing
1040,501827,Active,Silver,Austin,Bakery,0.06,Low,93.99,33.8,Monitor (no paid action),0.0,Transactions trending down (-1.1/month); Spend $55/month (last 3m); 2.5 transactions/month (last 3m)
1041,501624,Active,Gold,Spokane,Produce,0.04,Low,140.81,33.66,Monitor (no paid action),0.0,Opens 0.3 emails/month; Formal complaint in last 3m; No coupons redeemed in last 3m
1042,501997,Active,Platinum,Tulsa,Household,0.04,Low,145.26,33.63,Monitor (no paid action),0.0,Transactions trending down (-0.7/month); 2.0 transactions/month (last 3m); App use 0.7 sessions/month
1043,501592,Active,Silver,Spokane,Beverages,0.05,Low,108.36,33.59,Monitor (no paid action),0.0,App use 0.7 sessions/month; Transactions trending down (-0.5/month); 1 support tickets in last 3m
1044,500999,Active,Gold,Columbus,Personal Care,0.03,Low,173.41,33.1,Monitor (no paid action),0.0,App use 0.3 sessions/month; Opens 0.3 emails/month; City: Columbus
1045,500806,Active,Platinum,Spokane,Bakery,0.08,Low,66.48,33.07,Monitor (no paid action),0.0,Spend +300% vs prior 3m; No marketing emails opened in last 3m; 1.7 transactions/month (last 3m)
1046,502435,Active,Silver,Tulsa,Frozen Foods,0.04,Low,141.42,32.85,Monitor (no paid action),0.0,Transactions trending down (-0.6/month); Opted in to marketing; Spend $83/month (last 3m)
1047,500542,Active,Silver,Denver,Snacks,0.04,Low,123.7,32.45,Monitor (no paid action),0.0,2 support tickets in last 3m; Opens 0.3 emails/month; App use 0.7 sessions/month
1048,500209,Active,Silver,Madison,Snacks,0.08,Low,69.0,32.36,Monitor (no paid action),0.0,Opens 0.3 emails/month; Formal complaint in last 3m; App use -62% vs prior 3m
1049,502562,Active,Silver,Boise,Snacks,0.07,Low,78.14,32.25,Monitor (no paid action),0.0,Only 1 transaction(s) last month; Spend $64/month (last 3m); Opted in to marketing
1050,501890,Active,Silver,Portland,Dairy,0.08,Low,65.41,31.83,Monitor (no paid action),0.0,No marketing emails opened in last 3m; 1.3 transactions/month (last 3m); Buys 0.3 categories/month
1051,501263,Active,Gold,Madison,Produce,0.05,Low,108.79,31.22,Monitor (no paid action),0.0,3 support tickets in last 3m; Opted in to marketing; App use -44% vs prior 3m
1052,500308,Active,Silver,Raleigh,Frozen Foods,0.06,Low,92.15,31.21,Monitor (no paid action),0.0,Transactions trending down (-0.6/month); Spend $67/month (last 3m); Only 2 transaction(s) last month
1053,502474,Active,Gold,Columbus,Personal Care,0.04,Low,122.56,30.71,Monitor (no paid action),0.0,2.0 transactions/month (last 3m); Opens 0.5 emails/month; Transactions trending down (-0.4/month)
1054,502416,Active,Silver,Portland,Snacks,0.04,Low,128.2,30.19,Monitor (no paid action),0.0,No marketing emails opened in last 3m; Only 1 transaction(s) last month; App use -57% vs prior 3m
1055,501156,Active,Silver,Denver,Personal Care,0.04,Low,121.64,30.0,Monitor (no paid action),0.0,No marketing emails opened in last 3m; App use 0.3 sessions/month; Formal complaint in last 3m
1056,502311,Active,Gold,Spokane,Household,0.2,Medium,24.36,29.37,Monitor (no paid action),0.0,0.3 transactions/month (last 3m); Spend $8/month (last 3m); App use 0.3 sessions/month
1057,502257,Active,Silver,Boise,Household,0.16,Medium,30.2,29.35,Monitor (no paid action),0.0,0.5 transactions/month (last 3m); Spend $15/month (last 3m); Opens 0.5 emails/month
1058,500016,Active,Platinum,Boise,Snacks,0.03,Low,190.04,29.24,Monitor (no paid action),0.0,Transactions trending down (-0.9/month); Opted in to marketing; Opens 0.7 emails/month
1059,502422,Active,Gold,Austin,Beverages,0.08,Low,62.4,29.2,Monitor (no paid action),0.0,1.3 transactions/month (last 3m); Spend $45/month (last 3m); App use -67% vs prior 3m
1060,502126,Active,Silver,Tulsa,Snacks,0.11,Medium,44.9,29.1,Monitor (no paid action),0.0,0.7 transactions/month (last 3m); Spend $18/month (last 3m); Transactions trending down (-0.7/month)
1061,502120,Active,Silver,Madison,Frozen Foods,0.03,Low,147.1,29.02,Monitor (no paid action),0.0,Transactions trending down (-1.5/month); Formal complaint in last 3m; Opted in to marketing
1062,501198,Active,Silver,Raleigh,Household,0.09,Low,55.23,28.92,Monitor (no paid action),0.0,2 support tickets in last 3m; No marketing emails opened in last 3m; 2.0 transactions/month (last 3m)
1063,500711,Active,Gold,Spokane,Produce,0.03,Low,141.52,28.67,Monitor (no paid action),0.0,No marketing emails opened in last 3m; Transactions trending down (-0.9/month); Only 2 transaction(s) last month
1064,502404,Active,Silver,Spokane,Household,0.14,Medium,34.24,28.65,Monitor (no paid action),0.0,0.5 transactions/month (last 3m); Spend $17/month (last 3m); Buys 0.5 categories/month
1065,502539,Active,Platinum,Spokane,Frozen Foods,0.03,Low,171.5,28.59,Monitor (no paid action),0.0,No app use in last 3m; Only 1 transaction(s) last month; Opted in to marketing
1066,500384,Active,Silver,Boise,Produce,0.07,Low,70.27,28.29,Monitor (no paid action),0.0,2.0 transactions/month (last 3m); Opens 0.3 emails/month; Spend $55/month (last 3m)
1067,500093,Active,Gold,Denver,Household,0.03,Low,159.94,28.07,Monitor (no paid action),0.0,Transactions trending down (-1.4/month); Only 1 transaction(s) last month; Opted in to marketing
1068,500117,Active,Gold,Madison,Snacks,0.04,Low,117.62,27.99,Monitor (no paid action),0.0,Only 1 transaction(s) last month; Opens 0.3 emails/month; App use -60% vs prior 3m
1069,500402,Active,Silver,Tulsa,Dairy,0.07,Low,64.27,27.9,Monitor (no paid action),0.0,No transactions last month; Opens 0.3 emails/month; Spend $50/month (last 3m)
1070,500251,Active,Gold,Boise,Frozen Foods,0.05,Low,99.76,27.73,Monitor (no paid action),0.0,Opens 0.3 emails/month; App use -67% vs prior 3m; 2.7 transactions/month (last 3m)
1071,501581,Active,Silver,Tulsa,Personal Care,0.06,Low,82.45,27.44,Monitor (no paid action),0.0,No marketing emails opened in last 3m; Only 1 transaction(s) last month; Spend $69/month (last 3m)
1072,500844,Active,Silver,Portland,Frozen Foods,0.07,Low,64.29,27.44,Monitor (no paid action),0.0,2.0 transactions/month (last 3m); Buys 0.0 categories/month; Spend $42/month (last 3m)
1073,500002,Active,Silver,Spokane,Beverages,0.02,Low,199.16,27.36,Monitor (no paid action),0.0,Transactions trending down (-0.8/month); Opens 0.3 emails/month; Only 2 transaction(s) last month
1074,500594,Active,Gold,Boise,Frozen Foods,0.06,Low,75.27,27.34,Monitor (no paid action),0.0,No transactions last month; Spend $62/month (last 3m); Opted in to marketing
1075,501661,Active,Platinum,Austin,Snacks,0.06,Low,82.07,27.32,Monitor (no paid action),0.0,No marketing emails opened in last 3m; 1.7 transactions/month (last 3m); Spend $64/month (last 3m)
1076,500572,Active,Silver,Boise,Frozen Foods,0.16,Medium,28.08,27.25,Monitor (no paid action),0.0,Spend $28/month (last 3m); Only 1 transaction(s) last month; 1 support tickets in last 3m
1077,502582,Active,Silver,Raleigh,Bakery,0.06,Low,77.58,27.07,Monitor (no paid action),0.0,2.0 transactions/month (last 3m); App use -71% vs prior 3m; Spend $68/month (last 3m)
1078,501404,Active,Gold,Boise,Bakery,0.04,Low,101.77,27.05,Monitor (no paid action),0.0,1 support tickets in last 3m; Only 2 transaction(s) last month; Preferred category: Bakery
1079,501682,Active,Gold,Austin,Dairy,0.03,Low,172.57,27.03,Monitor (no paid action),0.0,Opens 0.3 emails/month; 1 support tickets in last 3m; Transactions trending down (-0.5/month)
1080,502005,Active,Platinum,Portland,Beverages,0.03,Low,164.9,26.97,Monitor (no paid action),0.0,2 support tickets in last 3m; 2.3 transactions/month (last 3m); Transactions trending down (-0.5/month)
1081,500182,Active,Silver,Nashville,Household,0.05,Low,85.63,26.95,Monitor (no paid action),0.0,3 support tickets in 6m; Opens 0.3 emails/month; App use 0.7 sessions/month
1082,501425,Active,Silver,Columbus,Snacks,0.04,Low,102.3,26.86,Monitor (no paid action),0.0,2 support tickets in last 3m; App use 0.3 sessions/month; Opened 0.0 emails/month before
1083,501343,Active,Gold,Nashville,Frozen Foods,0.08,Low,57.96,26.76,Monitor (no paid action),0.0,1.3 transactions/month (last 3m); Spend $40/month (last 3m); Opted in to marketing
1084,500334,Active,Gold,Columbus,Dairy,0.02,Low,178.06,26.36,Monitor (no paid action),0.0,No marketing emails opened in last 3m; App use 0.7 sessions/month; City: Columbus
1085,501966,Active,Silver,Austin,Personal Care,0.03,Low,145.86,25.92,Monitor (no paid action),0.0,1.7 transactions/month (last 3m); Opens 0.3 emails/month; Spend $61/month (last 3m)
1086,501203,Active,Silver,Boise,Personal Care,0.05,Low,84.18,25.59,Monitor (no paid action),0.0,App use 0.3 sessions/month; Spend $56/month (last 3m); Opted in to marketing
1087,502516,Active,Platinum,Columbus,Household,0.04,Low,114.76,25.54,Monitor (no paid action),0.0,2.0 transactions/month (last 3m); Buys 0.7 categories/month; Opted in to marketing
1088,500749,Active,Gold,Columbus,Dairy,0.04,Low,100.92,25.4,Monitor (no paid action),0.0,No marketing emails opened in last 3m; Buys 0.7 categories/month; App use 1.0 sessions/month
1089,500126,Active,Gold,Spokane,Beverages,0.02,Low,277.24,25.33,Monitor (no paid action),0.0,Transactions trending down (-1.4/month); No transactions last month; App use -56% vs prior 3m
1090,501457,Active,Platinum,Nashville,Bakery,0.02,Low,170.42,25.28,Monitor (no paid action),0.0,2 support tickets in last 3m; App use -60% vs prior 3m; Preferred category: Bakery
1091,502523,Active,Silver,Nashville,Dairy,0.03,Low,150.19,25.26,Monitor (no paid action),0.0,Transactions trending down (-0.6/month); Only 2 transaction(s) last month; App use -50% vs prior 3m
1092,500890,Active,Silver,Nashville,Frozen Foods,0.02,Low,175.36,25.25,Monitor (no paid action),0.0,Transactions trending down (-1.2/month); Only 1 transaction(s) last month; Opted in to marketing
1093,500224,Active,Gold,Nashville,Beverages,0.06,Low,68.75,25.22,Monitor (no paid action),0.0,1.3 transactions/month (last 3m); Spend $33/month (last 3m); Transactions trending down (-0.5/month)
1094,501590,Active,Silver,Boise,Beverages,0.06,Low,67.34,25.04,Monitor (no paid action),0.0,No transactions last month; Spend $50/month (last 3m); Opted in to marketing
1095,502261,Active,Silver,Madison,Produce,0.05,Low,79.49,25.02,Monitor (no paid action),0.0,1.7 transactions/month (last 3m); App use 0.3 sessions/month; Spend $45/month (last 3m)
1096,500810,Active,Silver,Boise,Bakery,0.02,Low,270.94,24.95,Monitor (no paid action),0.0,Transactions trending down (-1.8/month); 1 support tickets in last 3m; Preferred category: Bakery
1097,502414,Active,Gold,Spokane,Dairy,0.02,Low,181.23,24.75,Monitor (no paid action),0.0,2 support tickets in last 3m; No marketing emails opened in last 3m; No coupons redeemed in last 3m
1098,501453,Active,Silver,Boise,Dairy,0.07,Low,61.26,24.73,Monitor (no paid action),0.0,No marketing emails opened in last 3m; 1.3 transactions/month (last 3m); Spend $37/month (last 3m)
1099,501246,Active,Gold,Portland,Frozen Foods,0.05,Low,79.08,24.73,Monitor (no paid action),0.0,2 support tickets in last 3m; 1.7 transactions/month (last 3m); App use 0.7 sessions/month
1100,500280,Active,Silver,Raleigh,Bakery,0.05,Low,88.05,24.71,Monitor (no paid action),0.0,Transactions trending down (-1.5/month); App use trending down; Preferred category: Bakery
1101,500624,Active,Silver,Austin,Dairy,0.08,Low,54.32,24.59,Monitor (no paid action),0.0,Transactions trending down (-1.0/month); Only 1 transaction(s) last month; Spend $54/month (last 3m)
1102,501840,Active,Gold,Tulsa,Beverages,0.05,Low,77.3,24.55,Monitor (no paid action),0.0,No marketing emails opened in last 3m; 2.0 transactions/month (last 3m); No coupons redeemed in last 3m
1103,502441,Active,Gold,Madison,Personal Care,0.05,Low,87.66,24.55,Monitor (no paid action),0.0,Only 1 transaction(s) last month; Spend $58/month (last 3m); Opted in to marketing
1104,500713,Active,Silver,Tulsa,Frozen Foods,0.03,Low,124.16,24.34,Monitor (no paid action),0.0,No marketing emails opened in last 3m; Only 1 transaction(s) last month; App use 1.0 sessions/month
1105,501369,Active,Gold,Nashville,Snacks,0.03,Low,116.27,24.26,Monitor (no paid action),0.0,Transactions trending down (-0.7/month); Opens 0.3 emails/month; Buys 1.0 categories/month
1106,502047,Active,Silver,Tulsa,Bakery,0.05,Low,76.16,24.07,Monitor (no paid action),0.0,1.3 transactions/month (last 3m); Spend $31/month (last 3m); Preferred category: Bakery
1107,501901,Active,Platinum,Spokane,Dairy,0.01,Low,269.79,23.95,Monitor (no paid action),0.0,No transactions last month; Opted in to marketing; App use 1.0 sessions/month
1108,501773,Active,Silver,Boise,Bakery,0.02,Low,160.92,23.9,Monitor (no paid action),0.0,Opens 0.3 emails/month; Transactions trending down (-0.5/month); App use -67% vs prior 3m
1109,501937,Active,Gold,Spokane,Frozen Foods,0.03,Low,121.22,23.64,Monitor (no paid action),0.0,Only 1 transaction(s) last month; App use 0.7 sessions/month; Opened 0.0 emails/month before
1110,501123,Active,Gold,Madison,Bakery,0.05,Low,84.52,23.62,Monitor (no paid action),0.0,1.3 transactions/month (last 3m); Transactions trending down (-0.7/month); Spend $41/month (last 3m)
1111,500078,Active,Platinum,Boise,Bakery,0.04,Low,100.87,23.38,Monitor (no paid action),0.0,2.0 transactions/month (last 3m); Preferred category: Bakery; Opted in to marketing
1112,502139,Active,Gold,Raleigh,Snacks,0.05,Low,83.54,23.38,Monitor (no paid action),0.0,No transactions last month; Transactions trending down (-0.5/month); Opted in to marketing
1113,500888,Active,Platinum,Tulsa,Personal Care,0.03,Low,134.91,23.18,Monitor (no paid action),0.0,Formal complaint in last 3m; App use -78% vs prior 3m; Only 2 transaction(s) last month
1114,502241,Active,Silver,Tulsa,Bakery,0.02,Low,230.79,23.04,Monitor (no paid action),0.0,Transactions trending down (-0.9/month); Formal complaint in last 3m; Preferred category: Bakery
1115,502116,Active,Silver,Columbus,Household,0.04,Low,99.84,22.58,Monitor (no paid action),0.0,1.7 transactions/month (last 3m); Opens 0.3 emails/month; Spend $50/month (last 3m)
1116,501152,Active,Silver,Boise,Produce,0.04,Low,84.25,22.55,Monitor (no paid action),0.0,2.3 transactions/month (last 3m); Buys 0.7 categories/month; Opted in to marketing
1117,500705,Active,Silver,Raleigh,Dairy,0.04,Low,86.16,22.31,Monitor (no paid action),0.0,1 support tickets in last 3m; Opted in to marketing; App use was 0.7 sessions/month
1118,501960,Active,Silver,Columbus,Snacks,0.03,Low,112.62,22.08,Monitor (no paid action),0.0,Only 1 transaction(s) last month; Opens 0.3 emails/month; Transactions trending down (-0.4/month)
1119,502486,Active,Platinum,Portland,Snacks,0.02,Low,215.36,22.0,Monitor (no paid action),0.0,Transactions trending down (-1.0/month); Only 1 transaction(s) last month; App use -59% vs prior 3m
1120,500166,Active,Silver,Boise,Dairy,0.07,Low,53.28,21.99,Monitor (no paid action),0.0,1.3 transactions/month (last 3m); Spend $37/month (last 3m); 1 support tickets in last 3m
1121,500673,Active,Gold,Boise,Beverages,0.02,Low,154.01,21.9,Monitor (no paid action),0.0,1 support tickets in last 3m; Opted in to marketing; Redeemed 0.0 coupons/month before
1122,500758,Active,Gold,Nashville,Produce,0.03,Low,137.55,21.4,Monitor (no paid action),0.0,Only 1 transaction(s) last month; App use 0.5 sessions/month; Opted in to marketing
1123,500104,Active,Silver,Tulsa,Bakery,0.05,Low,68.54,21.35,Monitor (no paid action),0.0,1 support tickets in last 3m; Only 2 transaction(s) last month; Preferred category: Bakery
1124,500674,Active,Silver,Portland,Produce,0.02,Low,233.25,21.31,Monitor (no paid action),0.0,No transactions last month; Transactions trending down (-0.9/month); Opened 0.0 emails/month before
1125,501861,Active,Gold,Nashville,Household,0.03,Low,108.05,21.26,Monitor (no paid action),0.0,No marketing emails opened in last 3m; Only 2 transaction(s) last month; No coupons redeemed in last 3m
1126,500326,Active,Silver,Boise,Dairy,0.03,Low,140.53,21.26,Monitor (no paid action),0.0,Opens 0.3 emails/month; 1 support tickets in last 3m; Opted in to marketing
1127,501320,Active,Platinum,Tulsa,Snacks,0.02,Low,184.93,21.23,Monitor (no paid action),0.0,No transactions last month; 1 support tickets in last 3m; Opted in to marketing
1128,502148,Active,Gold,Denver,Household,0.06,Low,62.73,21.14,Monitor (no paid action),0.0,Spend $54/month (last 3m); App use 0.7 sessions/month; 1 support tickets in last 3m
1129,500966,Active,Silver,Columbus,Personal Care,0.03,Low,100.61,21.08,Monitor (no paid action),0.0,Only 1 transaction(s) last month; Opted in to marketing; No coupons redeemed in last 3m
1130,500050,Active,Platinum,Denver,Frozen Foods,0.03,Low,122.57,20.83,Monitor (no paid action),0.0,Transactions trending down (-0.5/month); No coupons redeemed in last 3m; Opened 0.0 emails/month before
1131,502212,Active,Silver,Boise,Frozen Foods,0.05,Low,75.18,20.82,Monitor (no paid action),0.0,1.7 transactions/month (last 3m); App use 0.3 sessions/month; Spend $60/month (last 3m)
1132,500193,Active,Gold,Denver,Household,0.08,Low,45.64,20.6,Monitor (no paid action),0.0,0.7 transactions/month (last 3m); Spend $23/month (last 3m); Buys 0.7 categories/month
1133,500635,Active,Platinum,Boise,Frozen Foods,0.03,Low,104.52,20.6,Monitor (no paid action),0.0,Opens 0.3 emails/month; 1 support tickets in last 3m; 2.7 transactions/month (last 3m)
1134,500468,Active,Gold,Portland,Household,0.04,Low,88.12,20.17,Monitor (no paid action),0.0,No transactions last month; Transactions trending down (-0.6/month); No coupons redeemed in last 3m
1135,501127,Active,Gold,Nashville,Frozen Foods,0.02,Low,142.94,19.75,Monitor (no paid action),0.0,Opens 0.3 emails/month; Formal complaint in last 3m; No coupons redeemed in last 3m
1136,502552,Active,Silver,Raleigh,Frozen Foods,0.02,Low,142.49,19.74,Monitor (no paid action),0.0,App use 0.3 sessions/month; 1 support tickets in last 3m; Opted in to marketing
1137,502382,Active,Platinum,Madison,Produce,0.05,Low,67.36,19.66,Monitor (no paid action),0.0,Spend +286% vs prior 3m; 2.0 transactions/month (last 3m); App use 0.3 sessions/month
1138,501428,Active,Silver,Madison,Dairy,0.02,Low,149.02,19.56,Monitor (no paid action),0.0,Transactions trending down (-0.9/month); Opens 0.3 emails/month; App use -67% vs prior 3m
1139,501814,Active,Silver,Tulsa,Dairy,0.03,Low,104.37,19.48,Monitor (no paid action),0.0,Buys 0.3 categories/month; 1 support tickets in last 3m; Only 2 transaction(s) last month
1140,501886,Active,Gold,Spokane,Beverages,0.03,Low,96.36,19.41,Monitor (no paid action),0.0,Only 2 transaction(s) last month; Opted in to marketing; Transactions trending down (-0.3/month)
1141,501382,Active,Silver,Austin,Frozen Foods,0.03,Low,126.61,19.03,Monitor (no paid action),0.0,2 support tickets in last 3m; Opted in to marketing; Home-store price tier: Value
1142,502338,Active,Silver,Spokane,Bakery,0.05,Low,68.58,19.02,Monitor (no paid action),0.0,2.0 transactions/month (last 3m); Spend $48/month (last 3m); Preferred category: Bakery
1143,500884,Active,Silver,Madison,Bakery,0.03,Low,101.5,18.92,Monitor (no paid action),0.0,Only 1 transaction(s) last month; App use 0.7 sessions/month; Preferred category: Bakery
1144,501741,Active,Platinum,Denver,Household,0.02,Low,180.57,18.79,Monitor (no paid action),0.0,1.7 transactions/month (last 3m); Buys 0.0 categories/month; Transactions trending down (-0.5/month)
1145,501120,Active,Silver,Tulsa,Personal Care,0.04,Low,84.84,18.49,Monitor (no paid action),0.0,Only 1 transaction(s) last month; App use -78% vs prior 3m; Spend $53/month (last 3m)
1146,500650,Active,Silver,Portland,Bakery,0.04,Low,84.17,18.33,Monitor (no paid action),0.0,Opens 0.3 emails/month; Spend $61/month (last 3m); Preferred category: Bakery
1147,501368,Active,Gold,Nashville,Frozen Foods,0.11,Medium,27.56,18.25,Monitor (no paid action),0.0,1.0 transactions/month (last 3m); No marketing emails opened in last 3m; Spend $28/month (last 3m)
1148,500672,Active,Silver,Raleigh,Snacks,0.04,Low,76.99,18.21,Monitor (no paid action),0.0,Buys 0.3 categories/month; 2.7 transactions/month (last 3m); Spend $74/month (last 3m)
1149,500076,Active,Gold,Tulsa,Beverages,0.02,Low,129.57,18.2,Monitor (no paid action),0.0,App use 0.3 sessions/month; Opens 0.3 emails/month; Spend +155% vs prior 3m
1150,500484,Active,Platinum,Spokane,Personal Care,0.05,Low,65.45,17.96,Monitor (no paid action),0.0,1.3 transactions/month (last 3m); Formal complaint in last 3m; Spend $54/month (last 3m)
1151,501766,Active,Platinum,Madison,Bakery,0.02,Low,129.76,17.88,Monitor (no paid action),0.0,No marketing emails opened in last 3m; App use 0.3 sessions/month; Preferred category: Bakery
1152,500693,Active,Silver,Nashville,Frozen Foods,0.03,Low,109.38,17.83,Monitor (no paid action),0.0,Formal complaint in last 3m; Opted in to marketing; Home-store price tier: Value
1153,501290,Active,Silver,Boise,Snacks,0.03,Low,99.7,17.8,Monitor (no paid action),0.0,No marketing emails opened in last 3m; No app use in last 3m; No coupons redeemed in last 3m
1154,501709,Active,Platinum,Madison,Beverages,0.02,Low,168.78,17.47,Monitor (no paid action),0.0,2 support tickets in last 3m; Only 1 transaction(s) last month; Opens 0.3 emails/month
1155,502029,Active,Silver,Denver,Bakery,0.05,Low,52.79,17.29,Monitor (no paid action),0.0,No transactions last month; Spend $53/month (last 3m); Preferred category: Bakery
1156,501138,Active,Gold,Raleigh,Dairy,0.09,Low,32.0,17.22,Monitor (no paid action),0.0,0.3 transactions/month (last 3m); Spend $11/month (last 3m); Formal complaint in last 3m
1157,500531,Active,Silver,Spokane,Frozen Foods,0.04,Low,74.21,17.0,Monitor (no paid action),0.0,1.7 transactions/month (last 3m); Spend $52/month (last 3m); 1 support tickets in last 3m
1158,500818,Active,Silver,Nashville,Dairy,0.05,Low,60.64,16.98,Monitor (no paid action),0.0,2.0 transactions/month (last 3m); Spend $50/month (last 3m); 1 support tickets in last 3m
1159,501648,Active,Gold,Columbus,Frozen Foods,0.02,Low,126.17,16.88,Monitor (no paid action),0.0,Only 1 transaction(s) last month; App use -56% vs prior 3m; Transactions trending down (-0.4/month)
1160,501471,Active,Silver,Nashville,Personal Care,0.02,Low,170.27,16.86,Monitor (no paid action),0.0,2 support tickets in last 3m; Opens 0.3 emails/month; Spend +139% vs prior 3m
1161,500929,Active,Platinum,Boise,Beverages,0.03,Low,91.68,16.8,Monitor (no paid action),0.0,2.0 transactions/month (last 3m); App use 0.7 sessions/month; 1 support tickets in last 3m
1162,500520,Active,Platinum,Madison,Dairy,0.01,Low,227.11,16.76,Monitor (no paid action),0.0,Transactions trending down (-0.7/month); Opens 0.3 emails/month; Opted in to marketing
1163,501664,Active,Gold,Raleigh,Beverages,0.06,Low,46.0,16.74,Monitor (no paid action),0.0,No marketing emails opened in last 3m; No app use in last 3m; 2.0 transactions/month (last 3m)
1164,500370,Active,Silver,Austin,Household,0.03,Low,102.15,16.73,Monitor (no paid action),0.0,Only 1 transaction(s) last month; App use -50% vs prior 3m; Opted in to marketing
1165,500038,Active,Silver,Spokane,Snacks,0.03,Low,82.99,16.37,Monitor (no paid action),0.0,2 support tickets in last 3m; Only 1 transaction(s) last month; Transactions trending down (-0.6/month)
1166,501321,Active,Gold,Columbus,Beverages,0.02,Low,151.22,16.35,Monitor (no paid action),0.0,Formal complaint in last 3m; Transactions trending down (-0.5/month); App use -50% vs prior 3m
1167,502254,Active,Silver,Columbus,Beverages,0.03,Low,103.3,16.32,Monitor (no paid action),0.0,No transactions last month; Spend $72/month (last 3m); Opted in to marketing
1168,500782,Active,Silver,Columbus,Frozen Foods,0.04,Low,76.24,16.22,Monitor (no paid action),0.0,Spend $64/month (last 3m); Opted in to marketing; No coupons redeemed in last 3m
1169,501409,Active,Gold,Madison,Personal Care,0.02,Low,135.89,16.07,Monitor (no paid action),0.0,No marketing emails opened in last 3m; App use -67% vs prior 3m; Preferred category: Personal Care
1170,500160,Active,Platinum,Madison,Snacks,0.02,Low,148.67,16.01,Monitor (no paid action),0.0,1 support tickets in last 3m; App use -56% vs prior 3m; Opted in to marketing
1171,500597,Active,Gold,Raleigh,Dairy,0.02,Low,150.6,16.0,Monitor (no paid action),0.0,3 support tickets in 6m; Opted in to marketing; Home-store price tier: Value
1172,500020,Active,Silver,Spokane,Produce,0.05,Low,55.02,15.97,Monitor (no paid action),0.0,1.7 transactions/month (last 3m); Spend $46/month (last 3m); App use 0.7 sessions/month
1173,501401,Active,Silver,Raleigh,Bakery,0.04,Low,63.02,15.82,Monitor (no paid action),0.0,Transactions trending down (-0.8/month); Spend $41/month (last 3m); 2.3 transactions/month (last 3m)
1174,500524,Active,Silver,Madison,Personal Care,0.03,Low,78.21,15.75,Monitor (no paid action),0.0,1.7 transactions/month (last 3m); Spend $59/month (last 3m); 1 support tickets in last 3m
1175,502320,Active,Silver,Austin,Bakery,0.03,Low,99.59,15.69,Monitor (no paid action),0.0,App use 0.3 sessions/month; Opens 0.3 emails/month; Preferred category: Bakery
1176,500652,Active,Gold,Portland,Dairy,0.05,Low,53.98,15.66,Monitor (no paid action),0.0,1.3 transactions/month (last 3m); Spend $42/month (last 3m); Buys 0.3 categories/month
1177,500537,Active,Gold,Boise,Snacks,0.03,Low,87.33,15.41,Monitor (no paid action),0.0,No transactions last month; Spend $71/month (last 3m); Opted in to marketing
1178,500800,Active,Silver,Spokane,Personal Care,0.02,Low,122.25,15.36,Monitor (no paid action),0.0,No marketing emails opened in last 3m; Buys 0.0 categories/month; App use 1.0 sessions/month
1179,502085,Active,Silver,Columbus,Personal Care,0.02,Low,101.86,15.2,Monitor (no paid action),0.0,2.0 transactions/month (last 3m); Formal complaint in last 3m; Opted in to marketing
1180,500187,Active,Silver,Columbus,Dairy,0.03,Low,75.46,15.2,Monitor (no paid action),0.0,Spend +300% vs prior 3m; 2.3 transactions/month (last 3m); Opted in to marketing
1181,502413,Active,Silver,Denver,Personal Care,0.01,Low,190.92,15.11,Monitor (no paid action),0.0,No marketing emails opened in last 3m; Formal complaint in last 3m; Opted in to marketing
1182,501023,Active,Silver,Austin,Household,0.02,Low,106.47,15.08,Monitor (no paid action),0.0,Formal complaint in last 3m; Transactions trending down (-0.5/month); Only 2 transaction(s) last month
1183,500540,Active,Silver,Madison,Beverages,0.02,Low,133.45,15.02,Monitor (no paid action),0.0,App use -83% vs prior 3m; Opens 0.5 emails/month; Only 2 transaction(s) last month
1184,500741,Active,Gold,Austin,Snacks,0.02,Low,161.98,14.96,Monitor (no paid action),0.0,Only 1 transaction(s) last month; 3 support tickets in 6m; Opted in to marketing
1185,500523,Active,Silver,Tulsa,Household,0.01,Low,180.51,14.67,Monitor (no paid action),0.0,Transactions trending down (-1.1/month); 1 support tickets in last 3m; Buys 1.0 categories/month
1186,500829,Active,Gold,Austin,Bakery,0.02,Low,117.43,14.58,Monitor (no paid action),0.0,App use 0.3 sessions/month; 1 support tickets in last 3m; Preferred category: Bakery
1187,500746,Active,Gold,Portland,Bakery,0.02,Low,135.42,14.49,Monitor (no paid action),0.0,Formal complaint in last 3m; Preferred category: Bakery; Opted in to marketing
1188,501769,Active,Platinum,Denver,Produce,0.01,Low,186.44,14.46,Monitor (no paid action),0.0,Transactions trending down (-1.1/month); Only 1 transaction(s) last month; App use -50% vs prior 3m
1189,501273,Active,Gold,Raleigh,Beverages,0.02,Low,140.48,14.06,Monitor (no paid action),0.0,Transactions trending down (-0.9/month); Only 1 transaction(s) last month; Opted in to marketing
1190,501395,Active,Silver,Madison,Personal Care,0.03,Low,91.92,14.04,Monitor (no paid action),0.0,1.7 transactions/month (last 3m); Spend $56/month (last 3m); Opted in to marketing
1191,501047,Active,Silver,Madison,Snacks,0.02,Low,141.63,13.97,Monitor (no paid action),0.0,2 support tickets in last 3m; Opted in to marketing; Transactions trending down (-0.4/month)
1192,501678,Active,Silver,Austin,Produce,0.03,Low,78.11,13.69,Monitor (no paid action),0.0,No marketing emails opened in last 3m; 1 support tickets in last 3m; No coupons redeemed in last 3m
1193,502204,Active,Gold,Raleigh,Frozen Foods,0.03,Low,68.97,13.69,Monitor (no paid action),0.0,1.7 transactions/month (last 3m); Spend $56/month (last 3m); App use 0.7 sessions/month
1194,502470,Active,Platinum,Nashville,Household,0.01,Low,216.69,13.64,Monitor (no paid action),0.0,Formal complaint in last 3m; Only 2 transaction(s) last month; Opted in to marketing
1195,501337,Active,Silver,Portland,Frozen Foods,0.03,Low,88.66,13.46,Monitor (no paid action),0.0,Only 1 transaction(s) last month; Formal complaint in last 3m; Spend $72/month (last 3m)
1196,500592,Active,Gold,Tulsa,Bakery,0.03,Low,64.32,13.42,Monitor (no paid action),0.0,2.3 transactions/month (last 3m); Spend $58/month (last 3m); Preferred category: Bakery
1197,500208,Active,Silver,Spokane,Household,0.02,Low,89.8,13.26,Monitor (no paid action),0.0,Opens 0.3 emails/month; 2.3 transactions/month (last 3m); Spend $68/month (last 3m)
1198,501717,Active,Platinum,Tulsa,Beverages,0.01,Low,180.49,13.18,Monitor (no paid action),0.0,No marketing emails opened in last 3m; Buys 0.3 categories/month; App use -54% vs prior 3m
1199,500143,Active,Silver,Austin,Personal Care,0.02,Low,124.39,13.17,Monitor (no paid action),0.0,Formal complaint in last 3m; Only 2 transaction(s) last month; Opted in to marketing
1200,500923,Active,Silver,Columbus,Beverages,0.01,Low,148.13,13.12,Monitor (no paid action),0.0,App use 0.3 sessions/month; Opens 0.3 emails/month; Transactions trending down (-0.5/month)
1201,501909,Active,Gold,Madison,Household,0.01,Low,170.75,13.07,Monitor (no paid action),0.0,Transactions trending down (-0.6/month); Opens 0.7 emails/month; Home-store price tier: Value
1202,500656,Active,Silver,Spokane,Household,0.02,Low,144.35,13.07,Monitor (no paid action),0.0,No marketing emails opened in last 3m; Transactions trending down (-0.7/month); 1 support tickets in last 3m
1203,502400,Active,Silver,Denver,Snacks,0.05,Low,46.99,13.07,Monitor (no paid action),0.0,2.3 transactions/month (last 3m); Spend $57/month (last 3m); App use 0.7 sessions/month
1204,501935,Active,Silver,Austin,Frozen Foods,0.07,Low,29.28,13.03,Monitor (no paid action),0.0,0.3 transactions/month (last 3m); Spend $8/month (last 3m); App use 0.3 sessions/month
1205,500623,Active,Silver,Raleigh,Frozen Foods,0.03,Low,74.91,12.94,Monitor (no paid action),0.0,No marketing emails opened in last 3m; App use 1.0 sessions/month; Age unknown
1206,502343,Active,Gold,Denver,Beverages,0.03,Low,69.82,12.93,Monitor (no paid action),0.0,Only 1 transaction(s) last month; Opens 0.3 emails/month; Spend $53/month (last 3m)
1207,502359,Active,Silver,Austin,Produce,0.01,Low,313.63,12.92,Monitor (no paid action),0.0,Transactions trending down (-0.7/month); Opens 0.3 emails/month; 1 support tickets in last 3m
1208,501357,Active,Silver,Columbus,Beverages,0.03,Low,68.47,12.88,Monitor (no paid action),0.0,Only 1 transaction(s) last month; Opens 0.3 emails/month; Spend $57/month (last 3m)
1209,502211,Active,Gold,Portland,Beverages,0.03,Low,67.14,12.8,Monitor (no paid action),0.0,1.5 transactions/month (last 3m); Spend $67/month (last 3m); Opted in to marketing
1210,502358,Active,Gold,Raleigh,Dairy,0.01,Low,215.43,12.68,Monitor (no paid action),0.0,Transactions trending down (-0.6/month); 1 support tickets in last 3m; Opens 0.5 emails/month
1211,502290,Active,Gold,Tulsa,Frozen Foods,0.01,Low,143.23,12.63,Monitor (no paid action),0.0,App use 0.7 sessions/month; 2.7 transactions/month (last 3m); Opted in to marketing
1212,500922,Active,Silver,Columbus,Household,0.01,Low,174.12,12.6,Monitor (no paid action),0.0,No marketing emails opened in last 3m; Transactions trending down (-0.5/month); Only 2 transaction(s) last month
1213,502069,Active,Silver,Nashville,Bakery,0.02,Low,113.99,12.5,Monitor (no paid action),0.0,App use 0.5 sessions/month; Transactions trending down (-0.5/month); Preferred category: Bakery
1214,500930,Active,Silver,Spokane,Bakery,0.02,Low,118.25,12.35,Monitor (no paid action),0.0,No marketing emails opened in last 3m; Preferred category: Bakery; Opted in to marketing
1215,500912,Active,Platinum,Columbus,Dairy,0.01,Low,276.03,12.34,Monitor (no paid action),0.0,No marketing emails opened in last 3m; Buys 0.0 categories/month; No coupons redeemed in last 3m
1216,502444,Active,Gold,Nashville,Personal Care,0.01,Low,230.85,12.34,Monitor (no paid action),0.0,2 support tickets in last 3m; Transactions trending down (-0.9/month); Opted in to marketing
1217,500851,Active,Silver,Portland,Personal Care,0.01,Low,142.41,12.26,Monitor (no paid action),0.0,Transactions trending down (-0.9/month); Only 1 transaction(s) last month; Opted in to marketing
1218,501936,Active,Gold,Denver,Produce,0.06,Low,36.53,12.25,Monitor (no paid action),0.0,1.3 transactions/month (last 3m); Spend $37/month (last 3m); Transactions trending down (-0.5/month)
1219,500426,Active,Silver,Madison,Bakery,0.02,Low,95.39,12.23,Monitor (no paid action),0.0,Preferred category: Bakery; App use -50% vs prior 3m; Opted in to marketing
1220,501819,Active,Silver,Raleigh,Personal Care,0.03,Low,71.92,12.16,Monitor (no paid action),0.0,1.3 transactions/month (last 3m); Spend $35/month (last 3m); Transactions trending down (-0.4/month)
1221,501988,Active,Silver,Raleigh,Produce,0.03,Low,58.86,12.04,Monitor (no paid action),0.0,1.5 transactions/month (last 3m); Spend $59/month (last 3m); Opted in to marketing
1222,500668,Active,Silver,Nashville,Beverages,0.01,Low,141.49,12.0,Monitor (no paid action),0.0,Only 1 transaction(s) last month; Formal complaint in last 3m; Opted in to marketing
1223,502405,Active,Gold,Austin,Beverages,0.02,Low,83.07,12.0,Monitor (no paid action),0.0,Spend +189% vs prior 3m; Opens 0.3 emails/month; App use -50% vs prior 3m
1224,501222,Active,Silver,Spokane,Frozen Foods,0.03,Low,77.37,11.99,Monitor (no paid action),0.0,Spend $60/month (last 3m); Opted in to marketing; App use 1.0 sessions/month
1225,500979,Active,Silver,Boise,Frozen Foods,0.01,Low,191.91,11.92,Monitor (no paid action),0.0,App use -50% vs prior 3m; Opted in to marketing; No coupons redeemed in last 3m
1226,500539,Active,Silver,Columbus,Beverages,0.02,Low,97.24,11.79,Monitor (no paid action),0.0,Opens 0.3 emails/month; 2.3 transactions/month (last 3m); App use 0.7 sessions/month
1227,502263,Active,Platinum,Nashville,Snacks,0.01,Low,286.5,11.79,Monitor (no paid action),0.0,Transactions trending down (-1.4/month); Opened 0.0 emails/month before; Home-store price tier: Value
1228,501586,Active,Silver,Raleigh,Beverages,0.03,Low,75.78,11.71,Monitor (no paid action),0.0,Spend +225% vs prior 3m; No app use in last 3m; Opens 0.3 emails/month
1229,502464,Active,Gold,Raleigh,Bakery,0.02,Low,94.65,11.64,Monitor (no paid action),0.0,Opens 0.3 emails/month; Only 2 transaction(s) last month; Preferred category: Bakery
1230,502379,Active,Silver,Austin,Household,0.02,Low,110.39,11.61,Monitor (no paid action),0.0,App use -58% vs prior 3m; Opted in to marketing; Opens 0.7 emails/month
1231,502519,Active,Gold,Nashville,Personal Care,0.01,Low,179.97,11.59,Monitor (no paid action),0.0,1 support tickets in last 3m; Opens 0.7 emails/month; Preferred category: Personal Care
1232,500154,Active,Gold,Spokane,Bakery,0.02,Low,122.86,11.58,Monitor (no paid action),0.0,Opens 0.3 emails/month; Only 2 transaction(s) last month; Preferred category: Bakery
1233,500025,Active,Gold,Raleigh,Frozen Foods,0.02,Low,97.01,11.56,Monitor (no paid action),0.0,Only 1 transaction(s) last month; App use 0.7 sessions/month; Transactions trending down (-0.5/month)
1234,501526,Active,Gold,Tulsa,Produce,0.02,Low,80.49,11.51,Monitor (no paid action),0.0,No app use in last 3m; Only 2 transaction(s) last month; Spend +72% vs prior 3m
1235,500961,Active,Silver,Austin,Dairy,0.03,Low,70.96,11.47,Monitor (no paid action),0.0,2.0 transactions/month (last 3m); Spend $54/month (last 3m); Opted in to marketing
1236,501858,Active,Silver,Boise,Produce,0.01,Low,197.27,11.46,Monitor (no paid action),0.0,No marketing emails opened in last 3m; App use -67% vs prior 3m; Transactions trending down (-0.5/month)
1237,502596,Active,Gold,Nashville,Bakery,0.01,Low,247.4,11.43,Monitor (no paid action),0.0,No marketing emails opened in last 3m; Transactions trending down (-0.7/month); Only 2 transaction(s) last month
1238,501559,Active,Gold,Columbus,Personal Care,0.01,Low,194.37,11.27,Monitor (no paid action),0.0,Transactions trending down (-1.0/month); New member (<4 months of history); City: Columbus
1239,502020,Active,Silver,Spokane,Snacks,0.01,Low,142.76,11.21,Monitor (no paid action),0.0,Transactions trending down (-0.5/month); Opted in to marketing; App use 1.0 sessions/month
1240,500578,Active,Silver,Nashville,Produce,0.06,Low,33.8,11.17,Monitor (no paid action),0.0,1.3 transactions/month (last 3m); No app use in last 3m; Spend $34/month (last 3m)
1241,500880,Active,Silver,Tulsa,Dairy,0.02,Low,83.16,11.05,Monitor (no paid action),0.0,1.7 transactions/month (last 3m); Opens 0.3 emails/month; Transactions trending down (-0.6/month)
1242,501207,Active,Gold,Tulsa,Dairy,0.01,Low,153.07,11.04,Monitor (no paid action),0.0,Opens 0.3 emails/month; Formal complaint in last 3m; Buys 1.0 categories/month
1243,502421,Active,Platinum,Columbus,Dairy,0.03,Low,58.73,11.03,Monitor (no paid action),0.0,1.0 transactions/month (last 3m); Spend $40/month (last 3m); App use 0.7 sessions/month
1244,502034,Active,Gold,Columbus,Dairy,0.02,Low,113.28,11.02,Monitor (no paid action),0.0,App use 0.3 sessions/month; Only 2 transaction(s) last month; Opted in to marketing
1245,500947,Active,Silver,Nashville,Dairy,0.02,Low,100.97,10.98,Monitor (no paid action),0.0,Transactions trending down (-0.7/month); 1 support tickets in last 3m; Only 2 transaction(s) last month
1246,501930,Active,Platinum,Tulsa,Bakery,0.01,Low,129.55,10.91,Monitor (no paid action),0.0,Only 1 transaction(s) last month; Preferred category: Bakery; Transactions trending down (-0.4/month)
1247,502460,Active,Silver,Boise,Produce,0.02,Low,92.71,10.82,Monitor (no paid action),0.0,No transactions last month; Spend +182% vs prior 3m; Age unknown
1248,502454,Active,Silver,Madison,Dairy,0.02,Low,94.22,10.72,Monitor (no paid action),0.0,2 support tickets in last 3m; Opens 0.3 emails/month; Only 2 transaction(s) last month
1249,502572,Active,Platinum,Denver,Snacks,0.01,Low,171.0,10.72,Monitor (no paid action),0.0,2 support tickets in last 3m; Only 1 transaction(s) last month; Opted in to marketing
1250,500066,Active,Silver,Tulsa,Household,0.02,Low,91.63,10.71,Monitor (no paid action),0.0,Transactions trending down (-0.7/month); 1 support tickets in last 3m; Opted in to marketing
1251,501845,Active,Silver,Portland,Dairy,0.03,Low,51.38,10.57,Monitor (no paid action),0.0,Spend +300% vs prior 3m; App use 0.7 sessions/month; Only 2 transaction(s) last month
1252,502022,Active,Silver,Columbus,Frozen Foods,0.03,Low,54.84,10.53,Monitor (no paid action),0.0,Spend +300% vs prior 3m; App use 0.7 sessions/month; 1 support tickets in last 3m
1253,502048,Active,Silver,Columbus,Snacks,0.01,Low,196.95,10.48,Monitor (no paid action),0.0,Transactions trending down (-0.6/month); Opted in to marketing; City: Columbus
1254,502393,Active,Silver,Denver,Snacks,0.01,Low,137.22,10.41,Monitor (no paid action),0.0,Transactions trending down (-1.0/month); Formal complaint in last 3m; Buys 0.5 categories/month
1255,502427,Active,Gold,Tulsa,Bakery,0.01,Low,230.74,10.35,Monitor (no paid action),0.0,2 support tickets in last 3m; Opens 0.3 emails/month; Transactions trending down (-0.6/month)
1256,501928,Active,Gold,Austin,Bakery,0.01,Low,195.58,10.33,Monitor (no paid action),0.0,Formal complaint in last 3m; Preferred category: Bakery; Spend +94% vs prior 3m
1257,502051,Active,Silver,Denver,Snacks,0.01,Low,123.48,10.3,Monitor (no paid action),0.0,Transactions trending down (-0.9/month); Only 2 transaction(s) last month; Opted in to marketing
1258,500931,Active,Silver,Columbus,Snacks,0.04,Low,47.45,10.29,Monitor (no paid action),0.0,1.7 transactions/month (last 3m); Spend $38/month (last 3m); Opted in to marketing
1259,502057,Active,Platinum,Raleigh,Beverages,0.01,Low,278.82,10.26,Monitor (no paid action),0.0,Transactions trending down (-1.6/month); Only 1 transaction(s) last month; Opens 0.3 emails/month
1260,502546,Active,Silver,Columbus,Snacks,0.01,Low,120.95,10.24,Monitor (no paid action),0.0,App use 0.5 sessions/month; Opted in to marketing; New member (<4 months of history)
1261,500048,Active,Silver,Denver,Produce,0.01,Low,138.12,10.2,Monitor (no paid action),0.0,Opens 0.3 emails/month; App use -83% vs prior 3m; Only 2 transaction(s) last month
1262,500242,Active,Silver,Boise,Snacks,0.01,Low,165.33,10.18,Monitor (no paid action),0.0,App use -75% vs prior 3m; 1 support tickets in last 3m; Opted in to marketing
1263,501158,Active,Silver,Columbus,Snacks,0.01,Low,132.36,10.04,Monitor (no paid action),0.0,No transactions last month; Transactions trending down (-0.7/month); City: Columbus
1264,500262,Active,Silver,Madison,Household,0.02,Low,71.69,10.0,Monitor (no paid action),0.0,App use 0.3 sessions/month; 1 support tickets in last 3m; Opted in to marketing
1265,502102,Active,Platinum,Nashville,Household,0.02,Low,68.85,9.91,Monitor (no paid action),0.0,0.3 transactions/month (last 3m); Spend $12/month (last 3m); Buys 0.0 categories/month
1266,501883,Active,Platinum,Madison,Snacks,0.02,Low,99.5,9.9,Monitor (no paid action),0.0,1.7 transactions/month (last 3m); Spend $56/month (last 3m); Buys 0.7 categories/month
1267,502521,Active,Silver,Raleigh,Bakery,0.02,Low,105.48,9.83,Monitor (no paid action),0.0,Transactions trending down (-0.5/month); Only 2 transaction(s) last month; Preferred category: Bakery
1268,500526,Active,Gold,Madison,Snacks,0.02,Low,78.24,9.82,Monitor (no paid action),0.0,No marketing emails opened in last 3m; App use 0.7 sessions/month; Buys 1.0 categories/month
1269,501418,Active,Silver,Columbus,Household,0.01,Low,147.57,9.8,Monitor (no paid action),0.0,Opens 0.3 emails/month; Transactions trending down (-0.5/month); Opted in to marketing
1270,501916,Active,Silver,Portland,Household,0.02,Low,100.94,9.78,Monitor (no paid action),0.0,No transactions last month; Transactions trending down (-0.8/month); Opens 0.3 emails/month
1271,501147,Active,Silver,Portland,Dairy,0.01,Low,116.74,9.72,Monitor (no paid action),0.0,Buys 0.3 categories/month; 1 support tickets in last 3m; Transactions trending down (-0.4/month)
1272,501007,Active,Silver,Tulsa,Dairy,0.02,Low,105.47,9.53,Monitor (no paid action),0.0,Transactions trending down (-0.5/month); Only 2 transaction(s) last month; Spend $73/month (last 3m)
1273,500297,Active,Platinum,Austin,Frozen Foods,0.01,Low,130.24,9.52,Monitor (no paid action),0.0,Spend +300% vs prior 3m; App use 0.3 sessions/month; Opted in to marketing
1274,502342,Active,Silver,Denver,Frozen Foods,0.01,Low,190.75,9.5,Monitor (no paid action),0.0,Transactions trending down (-1.1/month); Opens 0.5 emails/month; Only 2 transaction(s) last month
1275,500917,Active,Silver,Tulsa,Household,0.02,Low,95.64,9.48,Monitor (no paid action),0.0,App use -67% vs prior 3m; Opted in to marketing; Spend $77/month (last 3m)
1276,500821,Active,Platinum,Denver,Bakery,0.01,Low,173.59,9.45,Monitor (no paid action),0.0,Preferred category: Bakery; Opted in to marketing; App use 1.0 sessions/month
1277,501952,Active,Silver,Tulsa,Snacks,0.02,Low,71.87,9.43,Monitor (no paid action),0.0,No marketing emails opened in last 3m; 3 support tickets in 6m; Buys 0.7 categories/month
1278,500589,Active,Platinum,Boise,Bakery,0.01,Low,170.19,9.4,Monitor (no paid action),0.0,Buys 0.5 categories/month; Opens 0.5 emails/month; Only 2 transaction(s) last month
1279,502244,Active,Gold,Columbus,Personal Care,0.01,Low,128.82,9.4,Monitor (no paid action),0.0,App use -89% vs prior 3m; Opens 0.3 emails/month; Spend +77% vs prior 3m
1280,501353,Active,Platinum,Portland,Bakery,0.01,Low,170.3,9.31,Monitor (no paid action),0.0,No marketing emails opened in last 3m; App use 0.3 sessions/month; Preferred category: Bakery
1281,500003,Active,Gold,Tulsa,Frozen Foods,0.01,Low,156.97,9.29,Monitor (no paid action),0.0,2 support tickets in last 3m; Opens 0.3 emails/month; No coupons redeemed in last 3m
1282,500448,Active,Gold,Spokane,Frozen Foods,0.01,Low,127.83,9.26,Monitor (no paid action),0.0,Transactions trending down (-0.5/month); Buys 0.7 categories/month; 2.7 transactions/month (last 3m)
1283,501393,Active,Platinum,Spokane,Snacks,0.01,Low,110.31,9.24,Monitor (no paid action),0.0,No marketing emails opened in last 3m; Only 2 transaction(s) last month; App use 1.0 sessions/month
1284,500743,Active,Platinum,Portland,Household,0.01,Low,197.49,9.11,Monitor (no paid action),0.0,Opens 0.3 emails/month; 1 support tickets in last 3m; App use -33% vs prior 3m
1285,500233,Active,Gold,Madison,Household,0.0,Low,312.63,9.11,Monitor (no paid action),0.0,Transactions trending down (-1.6/month); Opted in to marketing; App use trending down
1286,501801,Active,Platinum,Boise,Dairy,0.01,Low,177.2,9.08,Monitor (no paid action),0.0,Formal complaint in last 3m; Opted in to marketing; New member (<4 months of history)
1287,502313,Active,Gold,Spokane,Personal Care,0.02,Low,75.19,9.06,Monitor (no paid action),0.0,No marketing emails opened in last 3m; 1.3 transactions/month (last 3m); Spend $40/month (last 3m)
1288,500139,Active,Gold,Nashville,Produce,0.01,Low,111.03,9.02,Monitor (no paid action),0.0,Only 2 transaction(s) last month; App use -50% vs prior 3m; Opened 0.0 emails/month before
1289,501942,Active,Gold,Spokane,Household,0.01,Low,164.38,9.0,Monitor (no paid action),0.0,1 support tickets in last 3m; Opted in to marketing; No coupons redeemed in last 3m
1290,501292,Active,Silver,Boise,Personal Care,0.02,Low,62.4,8.9,Monitor (no paid action),0.0,1.7 transactions/month (last 3m); App use 0.3 sessions/month; Spend $43/month (last 3m)
1291,501241,Active,Silver,Boise,Bakery,0.02,Low,82.97,8.89,Monitor (no paid action),0.0,1 support tickets in last 3m; Preferred category: Bakery; Opted in to marketing
1292,500156,Active,Silver,Tulsa,Dairy,0.02,Low,75.04,8.81,Monitor (no paid action),0.0,Formal complaint in last 3m; Only 2 transaction(s) last month; Opted in to marketing
1293,502590,Active,Silver,Spokane,Personal Care,0.01,Low,119.24,8.8,Monitor (no paid action),0.0,2 support tickets in last 3m; Opted in to marketing; Transactions trending down (-0.4/month)
1294,500148,Active,Silver,Madison,Personal Care,0.01,Low,108.89,8.78,Monitor (no paid action),0.0,No marketing emails opened in last 3m; Only 2 transaction(s) last month; Preferred category: Personal Care
1295,500007,Active,Platinum,Tulsa,Frozen Foods,0.01,Low,128.36,8.76,Monitor (no paid action),0.0,1 support tickets in last 3m; Opted in to marketing; App use 1.3 sessions/month
1296,501867,Active,Silver,Madison,Household,0.01,Low,219.67,8.76,Monitor (no paid action),0.0,1 support tickets in last 3m; Opted in to marketing; App use -33% vs prior 3m
1297,501346,Active,Silver,Raleigh,Household,0.02,Low,74.49,8.71,Monitor (no paid action),0.0,2.0 transactions/month (last 3m); Spend $58/month (last 3m); Opened 0.0 emails/month before
1298,502585,Active,Gold,Portland,Bakery,0.01,Low,240.33,8.69,Monitor (no paid action),0.0,Preferred category: Bakery; Opted in to marketing; App use -33% vs prior 3m
1299,502081,Active,Silver,Denver,Bakery,0.01,Low,190.55,8.62,Monitor (no paid action),0.0,2 support tickets in last 3m; Opens 0.3 emails/month; Preferred category: Bakery
1300,500283,Active,Silver,Raleigh,Produce,0.02,Low,78.2,8.52,Monitor (no paid action),0.0,1 support tickets in last 3m; Only 2 transaction(s) last month; Opted in to marketing
1301,501822,Active,Gold,Denver,Snacks,0.02,Low,82.75,8.52,Monitor (no paid action),0.0,2.0 transactions/month (last 3m); Spend $46/month (last 3m); 1 support tickets in last 3m
1302,501704,Active,Gold,Nashville,Snacks,0.01,Low,158.89,8.52,Monitor (no paid action),0.0,Transactions trending down (-0.9/month); Formal complaint in last 3m; Opted in to marketing
1303,500571,Active,Silver,Austin,Snacks,0.02,Low,90.91,8.49,Monitor (no paid action),0.0,1 support tickets in last 3m; Transactions trending down (-0.5/month); Only 2 transaction(s) last month
1304,502278,Active,Gold,Raleigh,Snacks,0.01,Low,96.78,8.45,Monitor (no paid action),0.0,Opens 0.3 emails/month; 2.7 transactions/month (last 3m); 2 support tickets in 6m
1305,501240,Active,Silver,Tulsa,Produce,0.04,Low,37.67,8.45,Monitor (no paid action),0.0,1.0 transactions/month (last 3m); No app use in last 3m; Spend $38/month (last 3m)
1306,501339,Active,Silver,Denver,Bakery,0.01,Low,118.61,8.39,Monitor (no paid action),0.0,1 support tickets in last 3m; Preferred category: Bakery; App use -50% vs prior 3m
1307,500527,Active,Gold,Raleigh,Beverages,0.01,Low,130.1,8.37,Monitor (no paid action),0.0,Buys 0.7 categories/month; Opted in to marketing; No coupons redeemed in last 3m
1308,502316,Active,Gold,Portland,Bakery,0.01,Low,124.24,8.27,Monitor (no paid action),0.0,Preferred category: Bakery; Opted in to marketing; Transactions trending down (-0.4/month)
1309,500577,Active,Silver,Spokane,Frozen Foods,0.01,Low,127.72,8.13,Monitor (no paid action),0.0,Transactions trending down (-4.0/month); Opted in to marketing; New member (<4 months of history)
1310,501982,Active,Gold,Nashville,Frozen Foods,0.01,Low,192.64,8.13,Monitor (no paid action),0.0,Transactions trending down (-0.7/month); Formal complaint in last 3m; Opted in to marketing
1311,501329,Active,Gold,Portland,Beverages,0.01,Low,133.15,8.1,Monitor (no paid action),0.0,Opted in to marketing; No coupons redeemed in last 3m; Home-store price tier: Value
1312,501105,Active,Silver,Nashville,Frozen Foods,0.01,Low,237.43,8.08,Monitor (no paid action),0.0,Transactions trending down (-0.8/month); Opens 0.3 emails/month; App use -45% vs prior 3m
1313,501466,Active,Silver,Boise,Frozen Foods,0.01,Low,192.98,8.06,Monitor (no paid action),0.0,No marketing emails opened in last 3m; Transactions trending down (-0.5/month); Opted in to marketing
1314,500383,Active,Silver,Madison,Produce,0.01,Low,102.19,8.04,Monitor (no paid action),0.0,1 support tickets in last 3m; Opted in to marketing; App use 1.0 sessions/month
1315,501109,Active,Gold,Portland,Beverages,0.01,Low,164.94,7.94,Monitor (no paid action),0.0,Spend +165% vs prior 3m; Opens 0.3 emails/month; Formal complaint in last 3m
1316,502536,Active,Platinum,Boise,Beverages,0.0,Low,277.33,7.79,Monitor (no paid action),0.0,No marketing emails opened in last 3m; Only 1 transaction(s) last month; Home-store price tier: Value
1317,500744,Active,Platinum,Columbus,Household,0.01,Low,238.46,7.78,Monitor (no paid action),0.0,1 support tickets in last 3m; Opted in to marketing; Transactions trending down (-0.3/month)
1318,501589,Active,Silver,Nashville,Dairy,0.01,Low,97.97,7.78,Monitor (no paid action),0.0,Opens 0.3 emails/month; Transactions trending down (-0.5/month); No coupons redeemed in last 3m
1319,500858,Active,Silver,Nashville,Snacks,0.01,Low,149.51,7.72,Monitor (no paid action),0.0,2 support tickets in last 3m; Opens 0.3 emails/month; App use -78% vs prior 3m
1320,501078,Active,Platinum,Madison,Dairy,0.01,Low,193.67,7.68,Monitor (no paid action),0.0,Only 1 transaction(s) last month; Transactions trending down (-0.5/month); Opted in to marketing
1321,502024,Active,Silver,Tulsa,Dairy,0.01,Low,114.09,7.67,Monitor (no paid action),0.0,Spend +209% vs prior 3m; Only 1 transaction(s) last month; Opted in to marketing
1322,501611,Active,Silver,Tulsa,Snacks,0.01,Low,153.39,7.59,Monitor (no paid action),0.0,Transactions trending down (-0.9/month); Opens 0.3 emails/month; Formal complaint in last 3m
1323,501723,Active,Platinum,Madison,Produce,0.01,Low,164.42,7.54,Monitor (no paid action),0.0,Formal complaint in last 3m; Opted in to marketing; App use was 1.0 sessions/month
1324,501710,Active,Gold,Portland,Produce,0.01,Low,134.04,7.53,Monitor (no paid action),0.0,Opens 0.5 emails/month; Only 2 transaction(s) last month; Opted in to marketing
1325,501743,Active,Gold,Columbus,Produce,0.02,Low,83.17,7.51,Monitor (no paid action),0.0,Transactions trending down (-0.5/month); Spend $59/month (last 3m); 1 support tickets in last 3m
1326,500435,Active,Silver,Boise,Produce,0.01,Low,84.06,7.46,Monitor (no paid action),0.0,2 support tickets in last 3m; Opens 0.3 emails/month; App use -33% vs prior 3m
1327,501250,Active,Platinum,Portland,Personal Care,0.01,Low,127.94,7.46,Monitor (no paid action),0.0,No marketing emails opened in last 3m; 1 support tickets in last 3m; No coupons redeemed in last 3m
1328,500271,Active,Gold,Tulsa,Dairy,0.02,Low,68.25,7.45,Monitor (no paid action),0.0,1.0 transactions/month (last 3m); Spend $45/month (last 3m); App use 0.7 sessions/month
1329,501096,Active,Silver,Denver,Frozen Foods,0.01,Low,124.7,7.4,Monitor (no paid action),0.0,Transactions trending down (-0.9/month); Opted in to marketing; Opens 0.7 emails/month
1330,500772,Active,Silver,Portland,Personal Care,0.01,Low,100.36,7.36,Monitor (no paid action),0.0,No marketing emails opened in last 3m; Only 1 transaction(s) last month; Opted in to marketing
1331,502023,Active,Gold,Portland,Snacks,0.02,Low,76.95,7.34,Monitor (no paid action),0.0,1.7 transactions/month (last 3m); Spend $60/month (last 3m); App use -60% vs prior 3m
1332,500433,Active,Gold,Nashville,Frozen Foods,0.01,Low,93.86,7.28,Monitor (no paid action),0.0,Opens 0.3 emails/month; 2.3 transactions/month (last 3m); Spend $85/month (last 3m)
1333,502083,Active,Silver,Columbus,Personal Care,0.01,Low,89.23,7.28,Monitor (no paid action),0.0,Buys 0.0 categories/month; Opted in to marketing; New member (<4 months of history)
1334,501898,Active,Silver,Tulsa,Produce,0.01,Low,161.08,7.26,Monitor (no paid action),0.0,No app use in last 3m; Opted in to marketing; New member (<4 months of history)
1335,501331,Active,Gold,Nashville,Dairy,0.01,Low,119.6,7.26,Monitor (no paid action),0.0,Transactions trending down (-0.4/month); 3.0 transactions/month (last 3m); Opens 0.7 emails/month
1336,501546,Active,Platinum,Spokane,Beverages,0.01,Low,161.27,7.24,Monitor (no paid action),0.0,2.7 transactions/month (last 3m); Opted in to marketing; Home-store price tier: Value
1337,500149,Active,Silver,Austin,Snacks,0.02,Low,53.77,7.22,Monitor (no paid action),0.0,No marketing emails opened in last 3m; 2.7 transactions/month (last 3m); App use 1.0 sessions/month
1338,500206,Active,Gold,Raleigh,Produce,0.01,Low,212.7,7.22,Monitor (no paid action),0.0,Formal complaint in last 3m; Opens 0.7 emails/month; Home-store price tier: Value
1339,501186,Active,Silver,Spokane,Household,0.01,Low,127.26,7.2,Monitor (no paid action),0.0,Opted in to marketing; New member (<4 months of history); 3.0 transactions/month (last 3m)
1340,500111,Active,Platinum,Denver,Household,0.01,Low,156.21,7.17,Monitor (no paid action),0.0,No marketing emails opened in last 3m; Transactions trending down (-0.5/month); Age unknown
1341,500346,Active,Silver,Denver,Personal Care,0.01,Low,81.47,7.09,Monitor (no paid action),0.0,No marketing emails opened in last 3m; App use 0.7 sessions/month; New member (<4 months of history)
1342,500942,Active,Gold,Madison,Personal Care,0.01,Low,152.36,7.08,Monitor (no paid action),0.0,Transactions trending down (-0.7/month); 1 support tickets in last 3m; Opted in to marketing
1343,502021,Active,Platinum,Denver,Personal Care,0.0,Low,293.81,7.05,Monitor (no paid action),0.0,Opens 0.3 emails/month; Transactions trending down (-0.3/month); Preferred category: Personal Care
1344,500510,Active,Silver,Tulsa,Snacks,0.01,Low,195.96,7.02,Monitor (no paid action),0.0,Transactions trending down (-0.9/month); Opens 0.3 emails/month; No coupons redeemed in last 3m
1345,501386,Active,Gold,Spokane,Snacks,0.01,Low,156.61,6.93,Monitor (no paid action),0.0,Transactions trending down (-0.4/month); Opted in to marketing; App use -37% vs prior 3m
1346,502592,Active,Platinum,Spokane,Personal Care,0.01,Low,176.57,6.91,Monitor (no paid action),0.0,Transactions trending down (-0.5/month); App use -60% vs prior 3m; 2.7 transactions/month (last 3m)
1347,502553,Active,Gold,Spokane,Dairy,0.02,Low,49.44,6.88,Monitor (no paid action),0.0,2.0 transactions/month (last 3m); Opens 0.3 emails/month; Spend $52/month (last 3m)
1348,502419,Active,Gold,Austin,Snacks,0.01,Low,202.87,6.86,Monitor (no paid action),0.0,No marketing emails opened in last 3m; Transactions trending down (-0.8/month); No coupons redeemed in last 3m
1349,500229,Active,Silver,Tulsa,Produce,0.02,Low,72.12,6.85,Monitor (no paid action),0.0,No app use in last 3m; 2.3 transactions/month (last 3m); Spend $70/month (last 3m)
1350,500504,Active,Silver,Denver,Frozen Foods,0.01,Low,91.93,6.81,Monitor (no paid action),0.0,2.0 transactions/month (last 3m); Opens 0.5 emails/month; Spend $76/month (last 3m)
1351,502439,Active,Silver,Portland,Beverages,0.01,Low,81.27,6.81,Monitor (no paid action),0.0,Transactions trending down (-0.7/month); Opens 0.3 emails/month; Spend $70/month (last 3m)
1352,502004,Active,Platinum,Spokane,Beverages,0.01,Low,195.66,6.77,Monitor (no paid action),0.0,2.0 transactions/month (last 3m); 50% of trips use a promotion; Buys 1.0 categories/month
1353,502036,Active,Silver,Tulsa,Beverages,0.01,Low,86.21,6.75,Monitor (no paid action),0.0,Opens 0.3 emails/month; No coupons redeemed in last 3m; New member (<4 months of history)
1354,502216,Active,Silver,Austin,Dairy,0.01,Low,87.59,6.7,Monitor (no paid action),0.0,Transactions trending down (-0.6/month); Spend $67/month (last 3m); Only 2 transaction(s) last month
1355,500250,Active,Silver,Columbus,Beverages,0.01,Low,174.08,6.63,Monitor (no paid action),0.0,Buys 0.5 categories/month; Opted in to marketing; No coupons redeemed in last 3m
1356,501990,Active,Silver,Denver,Beverages,0.03,Low,32.53,6.57,Monitor (no paid action),0.0,1.7 transactions/month (last 3m); Spend $26/month (last 3m); Opted in to marketing
1357,500726,Active,Silver,Tulsa,Frozen Foods,0.01,Low,102.64,6.56,Monitor (no paid action),0.0,App use -67% vs prior 3m; 1 support tickets in last 3m; Opened 0.0 emails/month before
1358,502352,Active,Silver,Tulsa,Personal Care,0.02,Low,48.9,6.53,Monitor (no paid action),0.0,Spend $33/month (last 3m); 2.0 transactions/month (last 3m); Opted in to marketing
1359,500794,Active,Gold,Nashville,Produce,0.01,Low,82.51,6.47,Monitor (no paid action),0.0,1 support tickets in last 3m; Opted in to marketing; App use -45% vs prior 3m
1360,501896,Active,Gold,Boise,Snacks,0.01,Low,192.61,6.45,Monitor (no paid action),0.0,Opens 0.3 emails/month; 1 support tickets in last 3m; Transactions trending down (-0.5/month)
1361,501789,Active,Gold,Spokane,Snacks,0.01,Low,99.94,6.43,Monitor (no paid action),0.0,2 support tickets in last 3m; Opted in to marketing; New member (<4 months of history)
1362,501541,Active,Silver,Nashville,Personal Care,0.01,Low,80.76,6.42,Monitor (no paid action),0.0,Transactions trending down (-0.5/month); Opted in to marketing; Spend $79/month (last 3m)
1363,500095,Active,Gold,Portland,Personal Care,0.02,Low,62.15,6.4,Monitor (no paid action),0.0,No marketing emails opened in last 3m; 2.0 transactions/month (last 3m); Spend $62/month (last 3m)
1364,501534,Active,Silver,Spokane,Produce,0.01,Low,153.54,6.37,Monitor (no paid action),0.0,No marketing emails opened in last 3m; App use 0.3 sessions/month; Home-store price tier: Value
1365,502406,Active,Silver,Spokane,Snacks,0.01,Low,120.66,6.37,Monitor (no paid action),0.0,Transactions trending down (-0.5/month); Opted in to marketing; 3.0 transactions/month (last 3m)
1366,500446,Active,Gold,Boise,Snacks,0.0,Low,260.97,6.37,Monitor (no paid action),0.0,Transactions trending down (-2.6/month); 1 support tickets in last 3m; Opted in to marketing
1367,502528,Active,Platinum,Austin,Snacks,0.0,Low,222.13,6.28,Monitor (no paid action),0.0,No app use in last 3m; Opted in to marketing; Buys 1.0 categories/month
1368,501327,Active,Gold,Austin,Beverages,0.01,Low,149.87,6.23,Monitor (no paid action),0.0,60% of trips use a promotion; Opted in to marketing; App use 1.0 sessions/month
1369,502344,Active,Gold,Austin,Frozen Foods,0.02,Low,60.8,6.21,Monitor (no paid action),0.0,No marketing emails opened in last 3m; 2.0 transactions/month (last 3m); Spend $61/month (last 3m)
1370,501178,Active,Silver,Portland,Personal Care,0.01,Low,158.67,6.18,Monitor (no paid action),0.0,Transactions trending down (-1.1/month); Opens 0.3 emails/month; Preferred category: Personal Care
1371,502504,Active,Gold,Austin,Household,0.01,Low,180.7,6.15,Monitor (no paid action),0.0,Only 2 transaction(s) last month; Opted in to marketing; Age unknown
1372,501779,Active,Gold,Nashville,Dairy,0.01,Low,100.63,6.14,Monitor (no paid action),0.0,2.0 transactions/month (last 3m); Buys 0.0 categories/month; Spend $66/month (last 3m)
1373,501264,Active,Silver,Portland,Household,0.05,Low,19.61,6.12,Monitor (no paid action),0.0,1.0 transactions/month (last 3m); Spend $20/month (last 3m); No coupons redeemed in last 3m
1374,502140,Active,Silver,Madison,Beverages,0.01,Low,71.95,6.12,Monitor (no paid action),0.0,Spend $64/month (last 3m); Only 2 transaction(s) last month; Opted in to marketing
1375,501750,Active,Gold,Raleigh,Snacks,0.01,Low,129.8,6.04,Monitor (no paid action),0.0,Transactions trending down (-1.2/month); Opted in to marketing; No coupons redeemed in last 3m
1376,501498,Active,Silver,Nashville,Bakery,0.02,Low,60.55,6.01,Monitor (no paid action),0.0,Spend $61/month (last 3m); Preferred category: Bakery; Opted in to marketing
1377,502067,Active,Gold,Portland,Personal Care,0.02,Low,66.08,5.98,Monitor (no paid action),0.0,2.0 transactions/month (last 3m); Spend $74/month (last 3m); No coupons redeemed in last 3m
1378,500837,Active,Silver,Portland,Bakery,0.01,Low,119.35,5.94,Monitor (no paid action),0.0,App use 0.7 sessions/month; 1 support tickets in last 3m; Preferred category: Bakery
1379,500533,Active,Silver,Madison,Dairy,0.01,Low,159.78,5.94,Monitor (no paid action),0.0,Transactions trending down (-2.7/month); Only 2 transaction(s) last month; Opted in to marketing
1380,501575,Active,Platinum,Denver,Snacks,0.01,Low,83.63,5.93,Monitor (no paid action),0.0,Opens 0.3 emails/month; 2.3 transactions/month (last 3m); App use -56% vs prior 3m
1381,500441,Active,Silver,Denver,Household,0.01,Low,84.99,5.92,Monitor (no paid action),0.0,1.5 transactions/month (last 3m); Spend $52/month (last 3m); Transactions trending down (-0.5/month)
1382,500817,Active,Gold,Tulsa,Household,0.01,Low,178.6,5.89,Monitor (no paid action),0.0,Transactions trending down (-1.5/month); Opens 0.3 emails/month; App use 1.0 sessions/month
1383,502565,Active,Gold,Spokane,Personal Care,0.01,Low,137.93,5.86,Monitor (no paid action),0.0,Spend +185% vs prior 3m; 2.7 transactions/month (last 3m); Opted in to marketing
1384,500205,Active,Gold,Tulsa,Household,0.0,Low,283.07,5.85,Monitor (no paid action),0.0,Transactions trending down (-0.9/month); App use -50% vs prior 3m; Opted in to marketing
1385,502534,Active,Gold,Columbus,Personal Care,0.03,Low,27.39,5.72,Monitor (no paid action),0.0,1.0 transactions/month (last 3m); Spend $27/month (last 3m); Opted in to marketing
1386,501551,Active,Silver,Portland,Bakery,0.03,Low,36.49,5.72,Monitor (no paid action),0.0,1.7 transactions/month (last 3m); Spend $46/month (last 3m); Preferred category: Bakery
1387,501647,Active,Silver,Columbus,Household,0.01,Low,89.22,5.65,Monitor (no paid action),0.0,No marketing emails opened in last 3m; No coupons redeemed in last 3m; App use -43% vs prior 3m
1388,501076,Active,Silver,Portland,Beverages,0.01,Low,112.93,5.58,Monitor (no paid action),0.0,Opens 0.3 emails/month; 2.3 transactions/month (last 3m); Transactions trending down (-0.5/month)
1389,500105,Active,Silver,Tulsa,Personal Care,0.01,Low,117.02,5.55,Monitor (no paid action),0.0,3.0 transactions/month (last 3m); Opens 0.7 emails/month; Buys 1.3 categories/month
1390,502201,Active,Silver,Madison,Frozen Foods,0.01,Low,98.67,5.5,Monitor (no paid action),0.0,Only 1 transaction(s) last month; 1 support tickets in last 3m; Opted in to marketing
1391,501194,Active,Silver,Denver,Produce,0.01,Low,103.23,5.49,Monitor (no paid action),0.0,Opens 0.3 emails/month; 1 support tickets in last 3m; App use -33% vs prior 3m
1392,500123,Active,Silver,Raleigh,Personal Care,0.0,Low,270.35,5.48,Monitor (no paid action),0.0,Transactions trending down (-2.5/month); App use trending down; No marketing emails opened in last 3m
1393,500159,Active,Gold,Portland,Dairy,0.01,Low,153.83,5.47,Monitor (no paid action),0.0,Opens 0.3 emails/month; Redeemed 0.0 coupons/month before; App use 1.3 sessions/month
1394,501042,Active,Gold,Portland,Beverages,0.01,Low,174.69,5.46,Monitor (no paid action),0.0,2 support tickets in last 3m; No marketing emails opened in last 3m; No coupons redeemed in last 3m
1395,500516,Active,Silver,Boise,Household,0.01,Low,178.78,5.46,Monitor (no paid action),0.0,Opens 0.3 emails/month; App use -71% vs prior 3m; Opted in to marketing
1396,500757,Active,Gold,Madison,Produce,0.01,Low,138.55,5.43,Monitor (no paid action),0.0,Opens 0.3 emails/month; 1 support tickets in last 3m; Transactions trending down (-0.5/month)
1397,500736,Active,Platinum,Austin,Household,0.01,Low,85.88,5.43,Monitor (no paid action),0.0,1.7 transactions/month (last 3m); Spend $63/month (last 3m); Opted in to marketing
1398,500824,Active,Silver,Denver,Personal Care,0.0,Low,205.03,5.43,Monitor (no paid action),0.0,Transactions trending down (-1.7/month); Opted in to marketing; Preferred category: Personal Care
1399,500311,Active,Silver,Madison,Bakery,0.01,Low,121.18,5.36,Monitor (no paid action),0.0,App use trending down; Transactions trending down (-0.5/month); Preferred category: Bakery
1400,501912,Active,Platinum,Nashville,Beverages,0.01,Low,135.83,5.35,Monitor (no paid action),0.0,App use -62% vs prior 3m; Opted in to marketing; Home-store price tier: Value
1401,500464,Active,Gold,Nashville,Dairy,0.01,Low,169.79,5.35,Monitor (no paid action),0.0,Only 2 transaction(s) last month; Buys 1.0 categories/month; Transactions trending down (-0.3/month)
1402,501728,Active,Silver,Madison,Produce,0.01,Low,138.57,5.29,Monitor (no paid action),0.0,App use 0.3 sessions/month; Opens 0.3 emails/month; Transactions trending down (-0.3/month)
1403,501017,Active,Silver,Raleigh,Dairy,0.01,Low,130.84,5.28,Monitor (no paid action),0.0,No app use in last 3m; 60% of trips use a promotion; Opted in to marketing
1404,501617,Active,Silver,Raleigh,Beverages,0.01,Low,122.34,5.22,Monitor (no paid action),0.0,Opens 0.3 emails/month; Transactions trending down (-0.4/month); App use -50% vs prior 3m
1405,502555,Active,Silver,Madison,Household,0.01,Low,146.17,5.19,Monitor (no paid action),0.0,1 support tickets in last 3m; Only 2 transaction(s) last month; Opted in to marketing
1406,501571,Active,Gold,Columbus,Bakery,0.01,Low,110.22,5.15,Monitor (no paid action),0.0,2.0 transactions/month (last 3m); Opens 0.3 emails/month; Preferred category: Bakery
1407,500359,Active,Platinum,Tulsa,Snacks,0.0,Low,174.05,5.14,Monitor (no paid action),0.0,Transactions trending down (-0.5/month); Buys 1.0 categories/month; Opened 0.0 emails/month before
1408,501655,Active,Silver,Tulsa,Frozen Foods,0.01,Low,122.71,5.1,Monitor (no paid action),0.0,No marketing emails opened in last 3m; 2.5 transactions/month (last 3m); Spend $77/month (last 3m)
1409,502357,Active,Gold,Denver,Frozen Foods,0.01,Low,95.41,5.08,Monitor (no paid action),0.0,Only 2 transaction(s) last month; Opted in to marketing; Spend $79/month (last 3m)
1410,502559,Active,Gold,Madison,Frozen Foods,0.01,Low,108.61,5.05,Monitor (no paid action),0.0,2.7 transactions/month (last 3m); New member (<4 months of history); App use trending down
1411,500939,Active,Gold,Austin,Snacks,0.01,Low,122.42,5.04,Monitor (no paid action),0.0,No marketing emails opened in last 3m; Transactions trending down (-0.6/month); 2 support tickets in 6m
1412,501967,Active,Gold,Portland,Beverages,0.01,Low,80.8,5.03,Monitor (no paid action),0.0,2.5 transactions/month (last 3m); Spend $64/month (last 3m); Opted in to marketing
1413,500279,Active,Silver,Nashville,Snacks,0.01,Low,95.2,5.0,Monitor (no paid action),0.0,App use 0.3 sessions/month; Opted in to marketing; Home-store price tier: Value
1414,500934,Active,Platinum,Tulsa,Personal Care,0.01,Low,145.64,4.96,Monitor (no paid action),0.0,No marketing emails opened in last 3m; Preferred category: Personal Care; Transactions trending down (-0.3/month)
1415,502178,Active,Platinum,Nashville,Household,0.01,Low,88.93,4.95,Monitor (no paid action),0.0,Only 1 transaction(s) last month; Spend $89/month (last 3m); Buys 1.3 categories/month
1416,502390,Active,Gold,Portland,Dairy,0.01,Low,152.11,4.95,Monitor (no paid action),0.0,App use -56% vs prior 3m; Opted in to marketing; Home-store price tier: Value
1417,500352,Active,Silver,Portland,Snacks,0.01,Low,106.78,4.92,Monitor (no paid action),0.0,Opted in to marketing; Buys 1.0 categories/month; Opened 0.0 emails/month before
1418,502173,Active,Silver,Madison,Beverages,0.01,Low,105.48,4.91,Monitor (no paid action),0.0,Only 2 transaction(s) last month; Opted in to marketing; App use 1.0 sessions/month
1419,502056,Active,Silver,Portland,Household,0.01,Low,67.09,4.9,Monitor (no paid action),0.0,Only 1 transaction(s) last month; App use 0.7 sessions/month; Spend $67/month (last 3m)
1420,501917,Active,Silver,Boise,Frozen Foods,0.01,Low,87.07,4.85,Monitor (no paid action),0.0,Spend +300% vs prior 3m; No app use in last 3m; Opted in to marketing
1421,502524,Active,Gold,Raleigh,Snacks,0.0,Low,164.71,4.81,Monitor (no paid action),0.0,Opens 0.3 emails/month; Transactions trending down (-0.5/month); App use -60% vs prior 3m
1422,501174,Active,Silver,Spokane,Dairy,0.01,Low,94.0,4.79,Monitor (no paid action),0.0,App use 0.7 sessions/month; 2.7 transactions/month (last 3m); Opted in to marketing
1423,501450,Active,Gold,Austin,Produce,0.01,Low,136.45,4.78,Monitor (no paid action),0.0,Transactions trending down (-0.8/month); Formal complaint in last 3m; Home-store price tier: Value
1424,501458,Active,Silver,Denver,Dairy,0.01,Low,84.28,4.78,Monitor (no paid action),0.0,Buys 0.7 categories/month; Only 2 transaction(s) last month; Opted in to marketing
1425,501381,Active,Gold,Portland,Snacks,0.01,Low,150.43,4.76,Monitor (no paid action),0.0,No marketing emails opened in last 3m; App use -33% vs prior 3m; Home-store price tier: Value
1426,500400,Active,Gold,Denver,Beverages,0.0,Low,170.59,4.74,Monitor (no paid action),0.0,Formal complaint in last 3m; Opted in to marketing; App use was 0.7 sessions/month
1427,502136,Active,Silver,Madison,Personal Care,0.01,Low,104.63,4.73,Monitor (no paid action),0.0,Opens 0.3 emails/month; Opted in to marketing; New member (<4 months of history)
1428,501533,Active,Silver,Denver,Dairy,0.01,Low,52.88,4.73,Monitor (no paid action),0.0,No marketing emails opened in last 3m; 2.0 transactions/month (last 3m); Spend $53/month (last 3m)
1429,500179,Active,Silver,Tulsa,Bakery,0.01,Low,113.42,4.7,Monitor (no paid action),0.0,Opens 0.3 emails/month; Preferred category: Bakery; No coupons redeemed in last 3m
1430,501718,Active,Silver,Spokane,Household,0.01,Low,115.61,4.66,Monitor (no paid action),0.0,Opted in to marketing; App use -29% vs prior 3m; Buys 1.7 categories/month
1431,502243,Active,Silver,Boise,Snacks,0.01,Low,58.64,4.61,Monitor (no paid action),0.0,Spend $59/month (last 3m); Opted in to marketing; New member (<4 months of history)
1432,500485,Active,Gold,Portland,Frozen Foods,0.01,Low,128.01,4.59,Monitor (no paid action),0.0,Transactions trending down (-1.4/month); Only 1 transaction(s) last month; Spend $66/month (last 3m)
1433,501119,Active,Gold,Nashville,Frozen Foods,0.0,Low,227.3,4.58,Monitor (no paid action),0.0,Transactions trending down (-1.0/month); App use -50% vs prior 3m; Opted in to marketing
1434,502302,Active,Gold,Madison,Household,0.01,Low,112.42,4.54,Monitor (no paid action),0.0,Opted in to marketing; App use 1.0 sessions/month; New member (<4 months of history)
1435,500213,Active,Gold,Madison,Snacks,0.01,Low,140.47,4.53,Monitor (no paid action),0.0,No app use in last 3m; Only 2 transaction(s) last month; New member (<4 months of history)
1436,502285,Active,Silver,Madison,Bakery,0.01,Low,135.48,4.51,Monitor (no paid action),0.0,App use -57% vs prior 3m; Preferred category: Bakery; Spend +62% vs prior 3m
1437,501446,Active,Silver,Spokane,Beverages,0.01,Low,50.18,4.5,Monitor (no paid action),0.0,1.0 transactions/month (last 3m); Spend $31/month (last 3m); Buys 0.0 categories/month
1438,501564,Active,Silver,Nashville,Produce,0.01,Low,144.33,4.47,Monitor (no paid action),0.0,No marketing emails opened in last 3m; Opted in to marketing; New member (<4 months of history)
1439,502339,Active,Gold,Boise,Household,0.0,Low,233.42,4.45,Monitor (no paid action),0.0,No transactions last month; Opens 0.3 emails/month; Opted in to marketing
1440,502090,Active,Silver,Spokane,Snacks,0.01,Low,78.24,4.43,Monitor (no paid action),0.0,Opted in to marketing; No coupons redeemed in last 3m; New member (<4 months of history)
1441,502488,Active,Silver,Tulsa,Bakery,0.01,Low,60.3,4.42,Monitor (no paid action),0.0,Spend $50/month (last 3m); 2.3 transactions/month (last 3m); Preferred category: Bakery
1442,500191,Active,Gold,Madison,Bakery,0.01,Low,141.32,4.4,Monitor (no paid action),0.0,Opens 0.3 emails/month; 1 support tickets in last 3m; Spend +103% vs prior 3m
1443,501340,Active,Platinum,Spokane,Frozen Foods,0.0,Low,149.34,4.39,Monitor (no paid action),0.0,App use 0.7 sessions/month; Opted in to marketing; No coupons redeemed in last 3m
1444,500261,Active,Silver,Nashville,Bakery,0.01,Low,121.31,4.35,Monitor (no paid action),0.0,Only 1 transaction(s) last month; Preferred category: Bakery; Opted in to marketing
1445,501328,Active,Platinum,Tulsa,Household,0.01,Low,121.53,4.34,Monitor (no paid action),0.0,Opens 0.3 emails/month; App use -37% vs prior 3m; Buys 1.7 categories/month
1446,501308,Active,Silver,Madison,Bakery,0.02,Low,34.28,4.32,Monitor (no paid action),0.0,0.5 transactions/month (last 3m); Spend +300% vs prior 3m; No app use in last 3m
1447,502321,Active,Silver,Austin,Frozen Foods,0.0,Low,232.38,4.3,Monitor (no paid action),0.0,2 support tickets in last 3m; Opted in to marketing; Transactions trending down (-0.4/month)
1448,502518,Active,Gold,Denver,Frozen Foods,0.01,Low,56.08,4.26,Monitor (no paid action),0.0,Spend $65/month (last 3m); Only 2 transaction(s) last month; Opted in to marketing
1449,501379,Active,Gold,Portland,Dairy,0.0,Low,161.59,4.26,Monitor (no paid action),0.0,3 support tickets in 6m; Opens 0.7 emails/month; Home-store price tier: Value
1450,500740,Active,Silver,Nashville,Produce,0.01,Low,108.11,4.25,Monitor (no paid action),0.0,Opted in to marketing; No coupons redeemed in last 3m; Buys 1.0 categories/month
1451,501742,Active,Gold,Madison,Produce,0.0,Low,198.8,4.22,Monitor (no paid action),0.0,Transactions trending down (-0.5/month); Opted in to marketing; App use 1.0 sessions/month
1452,502016,Active,Silver,Portland,Produce,0.01,Low,119.86,4.2,Monitor (no paid action),0.0,Buys 0.7 categories/month; 2.7 transactions/month (last 3m); Opted in to marketing
1453,501523,Active,Gold,Madison,Personal Care,0.0,Low,261.37,4.19,Monitor (no paid action),0.0,No marketing emails opened in last 3m; Transactions trending down (-0.8/month); Opted in to marketing
1454,500367,Active,Silver,Denver,Frozen Foods,0.01,Low,92.25,4.18,Monitor (no paid action),0.0,Opens 0.3 emails/month; Spend $73/month (last 3m); Opted in to marketing
1455,501460,Active,Gold,Denver,Household,0.01,Low,132.38,4.17,Monitor (no paid action),0.0,Opted in to marketing; Transactions trending down (-0.4/month); App use was 1.0 sessions/month
1456,501259,Active,Gold,Tulsa,Frozen Foods,0.0,Low,156.43,4.16,Monitor (no paid action),0.0,No marketing emails opened in last 3m; No coupons redeemed in last 3m; New member (<4 months of history)
1457,502160,Active,Silver,Nashville,Household,0.0,Low,176.02,4.14,Monitor (no paid action),0.0,Transactions trending down (-1.3/month); Opted in to marketing; Opens 0.7 emails/month
1458,500875,Active,Silver,Nashville,Frozen Foods,0.01,Low,121.93,4.14,Monitor (no paid action),0.0,Formal complaint in last 3m; Spend +94% vs prior 3m; No coupons redeemed in last 3m
1459,500054,Active,Gold,Madison,Snacks,0.0,Low,146.27,4.14,Monitor (no paid action),0.0,1 support tickets in last 3m; Opted in to marketing; Buys 1.0 categories/month
1460,501519,Active,Platinum,Raleigh,Personal Care,0.0,Low,219.84,4.14,Monitor (no paid action),0.0,Transactions trending down (-0.7/month); Only 2 transaction(s) last month; Opted in to marketing
1461,502466,Active,Platinum,Raleigh,Bakery,0.0,Low,208.67,4.14,Monitor (no paid action),0.0,3 support tickets in 6m; Opens 0.3 emails/month; Preferred category: Bakery
1462,501851,Active,Gold,Portland,Dairy,0.01,Low,127.89,4.13,Monitor (no paid action),0.0,Opens 0.7 emails/month; Home-store price tier: Value; App use 1.3 sessions/month
1463,501667,Active,Platinum,Columbus,Frozen Foods,0.0,Low,182.32,4.13,Monitor (no paid action),0.0,App use -50% vs prior 3m; Opted in to marketing; City: Columbus
1464,500570,Active,Silver,Portland,Produce,0.0,Low,273.0,4.13,Monitor (no paid action),0.0,Transactions trending down (-1.5/month); 2 support tickets in last 3m; No marketing emails opened in last 3m
1465,502130,Active,Silver,Madison,Personal Care,0.01,Low,108.99,4.11,Monitor (no paid action),0.0,No marketing emails opened in last 3m; Buys 1.0 categories/month; App use -30% vs prior 3m
1466,501677,Active,Silver,Denver,Bakery,0.01,Low,123.89,4.09,Monitor (no paid action),0.0,Opens 0.3 emails/month; 1 support tickets in last 3m; Preferred category: Bakery
1467,501255,Active,Gold,Austin,Bakery,0.0,Low,204.75,4.08,Monitor (no paid action),0.0,Transactions trending down (-0.8/month); Preferred category: Bakery; Opted in to marketing
1468,500171,Active,Silver,Spokane,Bakery,0.0,Low,286.38,4.08,Monitor (no paid action),0.0,Transactions trending down (-1.1/month); Opens 0.3 emails/month; Preferred category: Bakery
1469,501888,Active,Silver,Boise,Personal Care,0.0,Low,141.56,4.08,Monitor (no paid action),0.0,Formal complaint in last 3m; Opted in to marketing; No coupons redeemed in last 3m
1470,500797,Active,Silver,Tulsa,Bakery,0.01,Low,110.01,4.07,Monitor (no paid action),0.0,No marketing emails opened in last 3m; Preferred category: Bakery; App use 1.0 sessions/month
1471,501782,Active,Silver,Denver,Household,0.01,Low,102.33,4.07,Monitor (no paid action),0.0,2.0 transactions/month (last 3m); Transactions trending down (-0.4/month); Opted in to marketing
1472,500343,Active,Silver,Madison,Produce,0.01,Low,70.12,4.02,Monitor (no paid action),0.0,1 support tickets in last 3m; Opted in to marketing; Spend +64% vs prior 3m
1473,500497,Active,Gold,Madison,Household,0.0,Low,178.13,3.98,Monitor (no paid action),0.0,Only 2 transaction(s) last month; App use -50% vs prior 3m; Opens 0.7 emails/month
1474,502157,Active,Silver,Denver,Household,0.01,Low,74.12,3.95,Monitor (no paid action),0.0,App use 0.7 sessions/month; Buys 1.0 categories/month; Spend $81/month (last 3m)
1475,501797,Active,Platinum,Columbus,Beverages,0.0,Low,184.42,3.95,Monitor (no paid action),0.0,Opens 0.3 emails/month; App use -57% vs prior 3m; No coupons redeemed in last 3m
1476,501702,Active,Gold,Portland,Produce,0.0,Low,181.32,3.92,Monitor (no paid action),0.0,Transactions trending down (-0.9/month); App use trending down; Opted in to marketing
1477,501569,Active,Silver,Madison,Bakery,0.01,Low,53.22,3.91,Monitor (no paid action),0.0,1.7 transactions/month (last 3m); Spend $53/month (last 3m); Preferred category: Bakery
1478,501011,Active,Gold,Columbus,Personal Care,0.02,Low,32.9,3.84,Monitor (no paid action),0.0,1.0 transactions/month (last 3m); Spend $33/month (last 3m); Opted in to marketing
1479,502335,Active,Silver,Boise,Household,0.0,Low,130.59,3.82,Monitor (no paid action),0.0,Opens 0.3 emails/month; 1 support tickets in last 3m; Spend +48% vs prior 3m
1480,500489,Active,Gold,Columbus,Beverages,0.0,Low,275.98,3.81,Monitor (no paid action),0.0,No marketing emails opened in last 3m; City: Columbus; App use -33% vs prior 3m
1481,501889,Active,Gold,Tulsa,Snacks,0.0,Low,253.41,3.79,Monitor (no paid action),0.0,Only 1 transaction(s) last month; Transactions trending down (-0.5/month); Opted in to marketing
1482,500475,Active,Silver,Nashville,Household,0.01,Low,88.06,3.79,Monitor (no paid action),0.0,Opted in to marketing; 2 support tickets in 6m; Spend $75/month (last 3m)
1483,501820,Active,Gold,Nashville,Produce,0.0,Low,143.05,3.73,Monitor (no paid action),0.0,App use -60% vs prior 3m; Spend +101% vs prior 3m; Opted in to marketing
1484,501155,Active,Silver,Denver,Frozen Foods,0.0,Low,181.17,3.7,Monitor (no paid action),0.0,No marketing emails opened in last 3m; No coupons redeemed in last 3m; New member (<4 months of history)
1485,501514,Active,Platinum,Raleigh,Snacks,0.0,Low,189.44,3.66,Monitor (no paid action),0.0,Opens 0.3 emails/month; Formal complaint in last 3m; Spend +105% vs prior 3m
1486,501257,Active,Silver,Austin,Produce,0.0,Low,158.73,3.65,Monitor (no paid action),0.0,No marketing emails opened in last 3m; App use -75% vs prior 3m; Spend +48% vs prior 3m
1487,501963,Active,Silver,Denver,Dairy,0.0,Low,123.05,3.62,Monitor (no paid action),0.0,No marketing emails opened in last 3m; City: Denver; 3.3 transactions/month (last 3m)
1488,502072,Active,Silver,Spokane,Produce,0.01,Low,88.33,3.62,Monitor (no paid action),0.0,Formal complaint in last 3m; App use -56% vs prior 3m; Opted in to marketing
1489,501975,Active,Gold,Columbus,Personal Care,0.02,Low,36.21,3.6,Monitor (no paid action),0.0,Spend +300% vs prior 3m; 1.7 transactions/month (last 3m); 1 support tickets in last 3m
1490,500780,Active,Silver,Madison,Bakery,0.0,Low,160.23,3.58,Monitor (no paid action),0.0,Opens 0.3 emails/month; Preferred category: Bakery; No coupons redeemed in last 3m
1491,500648,Active,Silver,Nashville,Beverages,0.01,Low,78.79,3.57,Monitor (no paid action),0.0,Spend $64/month (last 3m); App use -56% vs prior 3m; 2.7 transactions/month (last 3m)
1492,502266,Active,Gold,Spokane,Produce,0.01,Low,106.2,3.57,Monitor (no paid action),0.0,Opted in to marketing; New member (<4 months of history); 3.0 transactions/month (last 3m)
1493,501043,Active,Gold,Nashville,Bakery,0.01,Low,86.71,3.57,Monitor (no paid action),0.0,Preferred category: Bakery; No coupons redeemed in last 3m; Spend $85/month (last 3m)
1494,500753,Active,Silver,Nashville,Beverages,0.01,Low,61.54,3.56,Monitor (no paid action),0.0,No marketing emails opened in last 3m; Formal complaint in last 3m; Spend +103% vs prior 3m
1495,500870,Active,Gold,Denver,Produce,0.0,Low,243.04,3.54,Monitor (no paid action),0.0,3 support tickets in 6m; Opens 0.3 emails/month; Home-store price tier: Value
1496,500432,Active,Platinum,Madison,Dairy,0.01,Low,100.98,3.51,Monitor (no paid action),0.0,Only 2 transaction(s) last month; Opted in to marketing; App use 1.0 sessions/month
1497,500688,Active,Gold,Madison,Snacks,0.0,Low,250.48,3.51,Monitor (no paid action),0.0,1 support tickets in last 3m; Opted in to marketing; App use 1.0 sessions/month
1498,502496,Active,Silver,Boise,Bakery,0.01,Low,71.77,3.47,Monitor (no paid action),0.0,Spend +300% vs prior 3m; App use 0.3 sessions/month; Opens 0.3 emails/month
1499,502449,Active,Silver,Columbus,Snacks,0.0,Low,194.15,3.42,Monitor (no paid action),0.0,Transactions trending down (-0.5/month); App use -58% vs prior 3m; Opted in to marketing
1500,500953,Active,Silver,Boise,Snacks,0.01,Low,97.7,3.42,Monitor (no paid action),0.0,Opens 0.3 emails/month; 1 support tickets in last 3m; Opted in to marketing
1501,500245,Active,Gold,Columbus,Produce,0.0,Low,172.68,3.42,Monitor (no paid action),0.0,2 support tickets in last 3m; Opened 0.0 emails/month before; City: Columbus
1502,500100,Active,Gold,Portland,Produce,0.01,Low,99.95,3.4,Monitor (no paid action),0.0,App use 0.7 sessions/month; Opted in to marketing; Spend $94/month (last 3m)
1503,501160,Active,Silver,Spokane,Bakery,0.01,Low,86.55,3.39,Monitor (no paid action),0.0,Preferred category: Bakery; Opted in to marketing; No coupons redeemed in last 3m
1504,500735,Active,Silver,Raleigh,Dairy,0.0,Low,159.81,3.38,Monitor (no paid action),0.0,Transactions trending down (-1.7/month); No transactions last month; Opted in to marketing
1505,501549,Active,Silver,Denver,Frozen Foods,0.0,Low,145.85,3.38,Monitor (no paid action),0.0,Opens 0.3 emails/month; 2 support tickets in 6m; No coupons redeemed in last 3m
1506,501133,Active,Silver,Portland,Produce,0.0,Low,202.03,3.37,Monitor (no paid action),0.0,Only 2 transaction(s) last month; Transactions trending down (-0.4/month); Opted in to marketing
1507,500932,Active,Silver,Boise,Snacks,0.01,Low,88.01,3.35,Monitor (no paid action),0.0,App use 0.3 sessions/month; Opted in to marketing; No coupons redeemed in last 3m
1508,502309,Active,Gold,Austin,Personal Care,0.0,Low,127.57,3.35,Monitor (no paid action),0.0,1 support tickets in last 3m; Opted in to marketing; App use -29% vs prior 3m
1509,500620,Active,Gold,Columbus,Frozen Foods,0.0,Low,175.13,3.3,Monitor (no paid action),0.0,1 support tickets in last 3m; App use -57% vs prior 3m; Opted in to marketing
1510,502234,Active,Silver,Portland,Produce,0.0,Low,169.54,3.28,Monitor (no paid action),0.0,1 support tickets in last 3m; Opted in to marketing; Transactions trending down (-0.3/month)
1511,501955,Active,Silver,Nashville,Snacks,0.0,Low,157.14,3.27,Monitor (no paid action),0.0,Transactions trending down (-0.5/month); Opted in to marketing; Home-store price tier: Value
1512,501417,Active,Gold,Madison,Household,0.01,Low,85.54,3.27,Monitor (no paid action),0.0,2 support tickets in last 3m; Only 2 transaction(s) last month; Opted in to marketing
1513,502031,Active,Silver,Nashville,Frozen Foods,0.0,Low,183.38,3.27,Monitor (no paid action),0.0,No marketing emails opened in last 3m; Opted in to marketing; Home-store price tier: Value
1514,501507,Active,Silver,Portland,Beverages,0.0,Low,131.27,3.26,Monitor (no paid action),0.0,Opens 0.3 emails/month; App use -60% vs prior 3m; 1 support tickets in last 3m
1515,501040,Active,Gold,Madison,Household,0.0,Low,139.12,3.26,Monitor (no paid action),0.0,1 support tickets in last 3m; App use was 0.0 sessions/month; No coupons redeemed in last 3m
1516,501940,Active,Silver,Raleigh,Snacks,0.01,Low,75.01,3.21,Monitor (no paid action),0.0,Opens 0.3 emails/month; Spend $62/month (last 3m); No coupons redeemed in last 3m
1517,500766,Active,Silver,Portland,Household,0.0,Low,132.88,3.21,Monitor (no paid action),0.0,Opted in to marketing; No coupons redeemed in last 3m; New member (<4 months of history)
1518,500848,Active,Silver,Spokane,Snacks,0.0,Low,105.75,3.15,Monitor (no paid action),0.0,Only 1 transaction(s) last month; Spend +109% vs prior 3m; Opted in to marketing
1519,500300,Active,Silver,Boise,Household,0.0,Low,130.39,3.14,Monitor (no paid action),0.0,1 support tickets in last 3m; Opted in to marketing; Home-store price tier: Value
1520,502477,Active,Gold,Tulsa,Frozen Foods,0.0,Low,173.02,3.14,Monitor (no paid action),0.0,Opted in to marketing; New member (<4 months of history); Home-store price tier: Value
1521,500381,Active,Silver,Raleigh,Household,0.0,Low,128.33,3.1,Monitor (no paid action),0.0,2 support tickets in last 3m; Opted in to marketing; 38% of trips use a promotion
1522,501529,Active,Silver,Tulsa,Frozen Foods,0.01,Low,77.0,3.09,Monitor (no paid action),0.0,2.0 transactions/month (last 3m); Spend $63/month (last 3m); Opted in to marketing
1523,500434,Active,Silver,Austin,Beverages,0.0,Low,131.07,3.08,Monitor (no paid action),0.0,Opens 0.5 emails/month; Opted in to marketing; No coupons redeemed in last 3m
1524,500155,Active,Gold,Raleigh,Dairy,0.0,Low,139.35,3.07,Monitor (no paid action),0.0,Transactions trending down (-1.1/month); Opted in to marketing; Buys 1.7 categories/month
1525,502305,Active,Gold,Portland,Beverages,0.01,Low,92.81,3.05,Monitor (no paid action),0.0,Opens 0.3 emails/month; Spend $96/month (last 3m); Only 3 transaction(s) last month
1526,500216,Active,Gold,Madison,Snacks,0.0,Low,196.55,3.04,Monitor (no paid action),0.0,Opted in to marketing; No coupons redeemed in last 3m; App use -30% vs prior 3m
1527,500775,Active,Gold,Denver,Frozen Foods,0.0,Low,183.97,3.04,Monitor (no paid action),0.0,No marketing emails opened in last 3m; Transactions trending down (-0.5/month); 2 support tickets in 6m
1528,500830,Active,Silver,Austin,Dairy,0.01,Low,77.81,2.99,Monitor (no paid action),0.0,1 support tickets in last 3m; Spend $70/month (last 3m); Opted in to marketing
1529,501675,Active,Gold,Portland,Household,0.0,Low,162.11,2.99,Monitor (no paid action),0.0,Age unknown; Opens 0.7 emails/month; Redeemed 0.0 coupons/month before
1530,502194,Active,Silver,Madison,Household,0.02,Low,33.0,2.98,Monitor (no paid action),0.0,Spend $35/month (last 3m); 2.0 transactions/month (last 3m); Opted in to marketing
1531,501826,Active,Silver,Spokane,Personal Care,0.0,Low,102.06,2.97,Monitor (no paid action),0.0,Only 2 transaction(s) last month; App use -50% vs prior 3m; Opted in to marketing
1532,500685,Active,Silver,Madison,Bakery,0.0,Low,129.59,2.96,Monitor (no paid action),0.0,Preferred category: Bakery; Transactions trending down (-0.4/month); Buys 1.3 categories/month
1533,502591,Active,Silver,Raleigh,Personal Care,0.0,Low,102.25,2.95,Monitor (no paid action),0.0,Spend +99% vs prior 3m; Opted in to marketing; Opens 0.7 emails/month
1534,502294,Active,Gold,Denver,Personal Care,0.01,Low,92.38,2.95,Monitor (no paid action),0.0,Only 1 transaction(s) last month; Transactions trending down (-0.5/month); Opted in to marketing
1535,500892,Active,Silver,Portland,Snacks,0.0,Low,180.98,2.95,Monitor (no paid action),0.0,Transactions trending down (-1.2/month); Only 1 transaction(s) last month; Opted in to marketing
1536,502440,Active,Gold,Raleigh,Household,0.0,Low,110.37,2.93,Monitor (no paid action),0.0,2.3 transactions/month (last 3m); Transactions trending down (-0.5/month); Opted in to marketing
1537,502214,Active,Silver,Boise,Produce,0.0,Low,103.51,2.92,Monitor (no paid action),0.0,Transactions trending down (-1.2/month); Only 1 transaction(s) last month; App use -47% vs prior 3m
1538,500427,Active,Silver,Nashville,Household,0.01,Low,87.61,2.91,Monitor (no paid action),0.0,No marketing emails opened in last 3m; App use -70% vs prior 3m; Spend +129% vs prior 3m
1539,501247,Active,Silver,Boise,Dairy,0.0,Low,141.39,2.9,Monitor (no paid action),0.0,Opens 0.3 emails/month; 3.0 transactions/month (last 3m); Spend $95/month (last 3m)
1540,500473,Active,Silver,Portland,Produce,0.01,Low,73.01,2.9,Monitor (no paid action),0.0,Formal complaint in last 3m; Spend $67/month (last 3m); Opened 0.0 emails/month before
1541,501561,Active,Silver,Nashville,Dairy,0.01,Low,84.68,2.9,Monitor (no paid action),0.0,3 support tickets in 6m; Opted in to marketing; Home-store price tier: Value
1542,502045,Active,Silver,Denver,Frozen Foods,0.01,Low,85.38,2.84,Monitor (no paid action),0.0,No marketing emails opened in last 3m; No coupons redeemed in last 3m; Home-store price tier: Value
1543,501716,Active,Silver,Austin,Bakery,0.01,Low,55.74,2.81,Monitor (no paid action),0.0,Only 2 transaction(s) last month; Preferred category: Bakery; Opted in to marketing
1544,500495,Active,Gold,Madison,Personal Care,0.0,Low,128.04,2.8,Monitor (no paid action),0.0,Formal complaint in last 3m; Opens 0.5 emails/month; Opted in to marketing
1545,500458,Active,Gold,Denver,Beverages,0.01,Low,44.08,2.79,Monitor (no paid action),0.0,0.7 transactions/month (last 3m); Spend $30/month (last 3m); Opted in to marketing
1546,500413,Active,Gold,Spokane,Household,0.0,Low,109.05,2.79,Monitor (no paid action),0.0,1 support tickets in last 3m; Opted in to marketing; Spend +90% vs prior 3m
1547,502564,Active,Gold,Portland,Frozen Foods,0.0,Low,182.57,2.79,Monitor (no paid action),0.0,Transactions trending down (-1.3/month); Opted in to marketing; Redeems 0.3 coupons/month
1548,500530,Active,Platinum,Portland,Personal Care,0.0,Low,137.22,2.78,Monitor (no paid action),0.0,Opens 0.3 emails/month; Formal complaint in last 3m; App use was 0.7 sessions/month
1549,501775,Active,Gold,Raleigh,Snacks,0.0,Low,98.63,2.77,Monitor (no paid action),0.0,Opens 0.3 emails/month; 2.7 transactions/month (last 3m); Spend $91/month (last 3m)
1550,500896,Active,Gold,Denver,Produce,0.0,Low,92.86,2.76,Monitor (no paid action),0.0,No app use in last 3m; 2.0 transactions/month (last 3m); Spend $67/month (last 3m)
1551,501958,Active,Silver,Madison,Beverages,0.0,Low,139.38,2.76,Monitor (no paid action),0.0,Opens 0.3 emails/month; App use -70% vs prior 3m; 1 support tickets in last 3m
1552,500258,Active,Silver,Raleigh,Dairy,0.0,Low,115.29,2.76,Monitor (no paid action),0.0,App use 0.7 sessions/month; Opted in to marketing; Redeemed 0.0 coupons/month before
1553,502137,Active,Silver,Tulsa,Bakery,0.0,Low,228.62,2.74,Monitor (no paid action),0.0,3 support tickets in last 3m; No marketing emails opened in last 3m; Transactions trending down (-0.6/month)
1554,501082,Active,Silver,Boise,Produce,0.01,Low,84.35,2.71,Monitor (no paid action),0.0,Opens 0.3 emails/month; 1 support tickets in last 3m; Spend $70/month (last 3m)
1555,501711,Active,Silver,Austin,Personal Care,0.0,Low,91.74,2.67,Monitor (no paid action),0.0,Spend +137% vs prior 3m; 1 support tickets in last 3m; Opted in to marketing
1556,500285,Active,Gold,Columbus,Produce,0.0,Low,158.13,2.63,Monitor (no paid action),0.0,City: Columbus; Opens 0.7 emails/month; App use 1.3 sessions/month
1557,500593,Active,Silver,Spokane,Personal Care,0.0,Low,99.29,2.62,Monitor (no paid action),0.0,2 support tickets in last 3m; Opted in to marketing; Redeemed 0.0 coupons/month before
1558,500993,Active,Gold,Tulsa,Beverages,0.0,Low,98.76,2.61,Monitor (no paid action),0.0,Buys 0.5 categories/month; Opens 0.5 emails/month; 3.0 transactions/month (last 3m)
1559,500178,Active,Platinum,Spokane,Household,0.0,Low,219.91,2.58,Monitor (no paid action),0.0,Formal complaint in last 3m; Opted in to marketing; Redeemed 0.0 coupons/month before
1560,500411,Active,Gold,Austin,Household,0.0,Low,145.45,2.58,Monitor (no paid action),0.0,Spend +182% vs prior 3m; App use -62% vs prior 3m; Opted in to marketing
1561,500463,Active,Gold,Boise,Dairy,0.0,Low,274.65,2.57,Monitor (no paid action),0.0,Transactions trending down (-0.8/month); Opted in to marketing; App use -29% vs prior 3m
1562,502495,Active,Silver,Denver,Dairy,0.0,Low,129.04,2.56,Monitor (no paid action),0.0,Only 2 transaction(s) last month; Opted in to marketing; Transactions trending down (-0.3/month)
1563,501760,Active,Silver,Nashville,Beverages,0.0,Low,171.85,2.5,Monitor (no paid action),0.0,2.7 transactions/month (last 3m); App use -50% vs prior 3m; Opted in to marketing
1564,500288,Active,Gold,Denver,Personal Care,0.0,Low,164.1,2.49,Monitor (no paid action),0.0,No app use in last 3m; Opted in to marketing; No coupons redeemed in last 3m
1565,501799,Active,Gold,Austin,Snacks,0.0,Low,180.73,2.47,Monitor (no paid action),0.0,No marketing emails opened in last 3m; Home-store price tier: Value; Only 3 transaction(s) last month
1566,501111,Active,Gold,Portland,Beverages,0.0,Low,162.79,2.47,Monitor (no paid action),0.0,Transactions trending down (-0.9/month); Formal complaint in last 3m; Opted in to marketing
1567,500546,Active,Silver,Tulsa,Snacks,0.0,Low,137.83,2.47,Monitor (no paid action),0.0,Opted in to marketing; 3.0 transactions/month (last 3m); Spend $89/month (last 3m)
1568,501516,Active,Gold,Tulsa,Produce,0.0,Low,121.26,2.4,Monitor (no paid action),0.0,No marketing emails opened in last 3m; Spend +163% vs prior 3m; Formal complaint in last 3m
1569,500252,Active,Gold,Portland,Produce,0.0,Low,152.61,2.38,Monitor (no paid action),0.0,No marketing emails opened in last 3m; App use 0.7 sessions/month; Home-store price tier: Value
1570,501798,Active,Platinum,Portland,Frozen Foods,0.0,Low,274.22,2.38,Monitor (no paid action),0.0,No marketing emails opened in last 3m; No coupons redeemed in last 3m; Age unknown
1571,500553,Active,Silver,Denver,Beverages,0.0,Low,111.39,2.37,Monitor (no paid action),0.0,App use -46% vs prior 3m; Opted in to marketing; Redeemed 0.0 coupons/month before
1572,500364,Active,Silver,Madison,Dairy,0.0,Low,159.66,2.37,Monitor (no paid action),0.0,Transactions trending down (-0.7/month); 1 support tickets in last 3m; Opted in to marketing
1573,502455,Active,Gold,Madison,Household,0.0,Low,110.62,2.36,Monitor (no paid action),0.0,Opted in to marketing; App use 1.0 sessions/month; New member (<4 months of history)
1574,500595,Active,Silver,Denver,Produce,0.0,Low,167.69,2.36,Monitor (no paid action),0.0,Opted in to marketing; App use -33% vs prior 3m; Opens 0.7 emails/month
1575,502372,Active,Silver,Columbus,Beverages,0.0,Low,237.75,2.34,Monitor (no paid action),0.0,Transactions trending down (-0.9/month); 1 support tickets in last 3m; Opted in to marketing
1576,501053,Active,Silver,Spokane,Household,0.0,Low,81.36,2.34,Monitor (no paid action),0.0,Formal complaint in last 3m; Opted in to marketing; App use 1.3 sessions/month
1577,500168,Active,Gold,Boise,Personal Care,0.0,Low,247.04,2.34,Monitor (no paid action),0.0,Transactions trending down (-0.6/month); Opted in to marketing; Opens 0.7 emails/month
1578,500097,Active,Silver,Portland,Frozen Foods,0.0,Low,194.59,2.33,Monitor (no paid action),0.0,Transactions trending down (-0.7/month); Opted in to marketing; Redeemed 0.0 coupons/month before
1579,500317,Active,Silver,Columbus,Personal Care,0.0,Low,225.97,2.33,Monitor (no paid action),0.0,1 support tickets in last 3m; No coupons redeemed in last 3m; Opened 0.0 emails/month before
1580,501712,Active,Gold,Raleigh,Frozen Foods,0.01,Low,75.39,2.32,Monitor (no paid action),0.0,2.3 transactions/month (last 3m); Buys 0.7 categories/month; Spend $67/month (last 3m)
1581,502461,Active,Silver,Portland,Dairy,0.0,Low,115.58,2.31,Monitor (no paid action),0.0,1 support tickets in last 3m; Opted in to marketing; Opens 0.7 emails/month
1582,500747,Active,Gold,Denver,Household,0.0,Low,166.45,2.31,Monitor (no paid action),0.0,Opens 0.7 emails/month; City: Denver; Transactions trending down (-0.2/month)
1583,500263,Active,Platinum,Madison,Dairy,0.0,Low,81.17,2.28,Monitor (no paid action),0.0,1.7 transactions/month (last 3m); Spend $69/month (last 3m); Opted in to marketing
1584,501757,Active,Silver,Spokane,Beverages,0.0,Low,88.85,2.27,Monitor (no paid action),0.0,Spend +116% vs prior 3m; App use 1.0 sessions/month; Opens 0.7 emails/month
1585,502042,Active,Gold,Columbus,Household,0.0,Low,156.77,2.26,Monitor (no paid action),0.0,Opted in to marketing; App use was 0.3 sessions/month; City: Columbus
1586,500943,Active,Gold,Raleigh,Personal Care,0.0,Low,117.38,2.26,Monitor (no paid action),0.0,Spend +251% vs prior 3m; 1 support tickets in last 3m; App use 1.0 sessions/month
1587,501848,Active,Gold,Raleigh,Frozen Foods,0.0,Low,122.72,2.25,Monitor (no paid action),0.0,No marketing emails opened in last 3m; Age unknown; Spend +72% vs prior 3m
1588,500443,Active,Silver,Portland,Dairy,0.01,Low,46.56,2.25,Monitor (no paid action),0.0,Opens 0.3 emails/month; Spend $62/month (last 3m); 2.7 transactions/month (last 3m)
1589,500914,Active,Silver,Boise,Personal Care,0.0,Low,105.98,2.25,Monitor (no paid action),0.0,Only 2 transaction(s) last month; Buys 1.0 categories/month; Opened 0.0 emails/month before
1590,502544,Active,Silver,Madison,Produce,0.0,Low,205.82,2.24,Monitor (no paid action),0.0,Transactions trending down (-1.6/month); Opted in to marketing; No coupons redeemed in last 3m
1591,500638,Active,Silver,Austin,Personal Care,0.0,Low,194.73,2.24,Monitor (no paid action),0.0,Transactions trending down (-0.5/month); Opted in to marketing; App use -33% vs prior 3m
1592,501274,Active,Silver,Nashville,Beverages,0.0,Low,134.47,2.22,Monitor (no paid action),0.0,Opted in to marketing; App use 1.0 sessions/month; No coupons redeemed in last 3m
1593,501002,Active,Silver,Spokane,Beverages,0.0,Low,182.84,2.22,Monitor (no paid action),0.0,1 support tickets in last 3m; Opened 0.0 emails/month before; Redeemed 0.0 coupons/month before
1594,501499,Active,Silver,Spokane,Dairy,0.0,Low,108.87,2.22,Monitor (no paid action),0.0,Only 1 transaction(s) last month; Spend $70/month (last 3m); Opted in to marketing
1595,501187,Active,Gold,Spokane,Produce,0.0,Low,161.47,2.22,Monitor (no paid action),0.0,Formal complaint in last 3m; App use -37% vs prior 3m; Home-store price tier: Value
1596,501738,Active,Silver,Madison,Household,0.0,Low,112.91,2.22,Monitor (no paid action),0.0,No marketing emails opened in last 3m; New member (<4 months of history); Buys 1.0 categories/month
1597,500847,Active,Silver,Nashville,Dairy,0.0,Low,178.46,2.21,Monitor (no paid action),0.0,No marketing emails opened in last 3m; No app use in last 3m; New member (<4 months of history)
1598,500732,Active,Gold,Austin,Beverages,0.0,Low,123.16,2.21,Monitor (no paid action),0.0,Opens 0.7 emails/month; Home-store price tier: Value; App use -25% vs prior 3m
1599,500646,Active,Gold,Columbus,Bakery,0.0,Low,295.53,2.2,Monitor (no paid action),0.0,Transactions trending down (-1.0/month); No marketing emails opened in last 3m; Preferred category: Bakery
1600,501364,Active,Gold,Denver,Frozen Foods,0.0,Low,89.17,2.2,Monitor (no paid action),0.0,1.7 transactions/month (last 3m); Spend $55/month (last 3m); Opted in to marketing
1601,502237,Active,Silver,Austin,Snacks,0.01,Low,44.33,2.2,Monitor (no paid action),0.0,1.5 transactions/month (last 3m); Buys 0.0 categories/month; Spend $54/month (last 3m)
1602,502017,Active,Silver,Raleigh,Personal Care,0.0,Low,121.74,2.19,Monitor (no paid action),0.0,App use 0.7 sessions/month; Opted in to marketing; Preferred category: Personal Care
1603,502143,Active,Gold,Columbus,Snacks,0.0,Low,143.18,2.18,Monitor (no paid action),0.0,Opted in to marketing; City: Columbus; 45% of trips use a promotion
1604,500060,Active,Silver,Raleigh,Frozen Foods,0.0,Low,171.38,2.14,Monitor (no paid action),0.0,Transactions trending down (-1.2/month); Opens 0.7 emails/month; Home-store price tier: Value
1605,501761,Active,Silver,Tulsa,Produce,0.0,Low,112.61,2.14,Monitor (no paid action),0.0,Spend +300% vs prior 3m; App use 0.7 sessions/month; 1 support tickets in last 3m
1606,500091,Active,Silver,Raleigh,Frozen Foods,0.0,Low,156.47,2.11,Monitor (no paid action),0.0,Transactions trending down (-0.7/month); Home-store price tier: Value; Spend $101/month (last 3m)
1607,500389,Active,Silver,Spokane,Dairy,0.0,Low,161.48,2.1,Monitor (no paid action),0.0,Transactions trending down (-1.7/month); App use -53% vs prior 3m; Opted in to marketing
1608,500405,Active,Silver,Spokane,Frozen Foods,0.0,Low,143.29,2.1,Monitor (no paid action),0.0,1 support tickets in last 3m; Only 2 transaction(s) last month; Opted in to marketing
1609,500823,Active,Gold,Spokane,Bakery,0.0,Low,103.7,2.07,Monitor (no paid action),0.0,App use -57% vs prior 3m; Preferred category: Bakery; Opted in to marketing
1610,500165,Active,Gold,Columbus,Frozen Foods,0.0,Low,107.24,2.06,Monitor (no paid action),0.0,Spend +300% vs prior 3m; No marketing emails opened in last 3m; Formal complaint in last 3m
1611,501856,Active,Gold,Tulsa,Bakery,0.0,Low,132.74,2.06,Monitor (no paid action),0.0,Preferred category: Bakery; Opted in to marketing; Redeemed 0.0 coupons/month before
1612,500535,Active,Silver,Columbus,Produce,0.0,Low,117.5,2.05,Monitor (no paid action),0.0,1 support tickets in last 3m; Opted in to marketing; Spend +83% vs prior 3m
1613,502491,Active,Silver,Spokane,Produce,0.0,Low,92.44,2.01,Monitor (no paid action),0.0,No app use in last 3m; Opted in to marketing; 2 support tickets in 6m
1614,500018,Active,Gold,Spokane,Personal Care,0.0,Low,120.02,2.0,Monitor (no paid action),0.0,Only 1 transaction(s) last month; Opted in to marketing; Preferred category: Personal Care
1615,500959,Active,Gold,Denver,Personal Care,0.0,Low,196.66,2.0,Monitor (no paid action),0.0,1 support tickets in last 3m; App use -47% vs prior 3m; Opted in to marketing
1616,501183,Active,Silver,Tulsa,Dairy,0.0,Low,117.34,1.99,Monitor (no paid action),0.0,No marketing emails opened in last 3m; 1 support tickets in last 3m; No coupons redeemed in last 3m
1617,500679,Active,Gold,Nashville,Household,0.01,Low,59.46,1.99,Monitor (no paid action),0.0,1.3 transactions/month (last 3m); App use 0.3 sessions/month; Spend $54/month (last 3m)
1618,500210,Active,Gold,Raleigh,Frozen Foods,0.0,Low,151.18,1.97,Monitor (no paid action),0.0,Transactions trending down (-0.5/month); Opted in to marketing; Buys 1.0 categories/month
1619,501144,Active,Gold,Tulsa,Frozen Foods,0.0,Low,253.17,1.97,Monitor (no paid action),0.0,No marketing emails opened in last 3m; Transactions trending down (-0.8/month); Only 2 transaction(s) last month
1620,501731,Active,Silver,Boise,Frozen Foods,0.0,Low,95.76,1.96,Monitor (no paid action),0.0,Opted in to marketing; No coupons redeemed in last 3m; Spend $89/month (last 3m)
1621,501474,Active,Silver,Portland,Personal Care,0.0,Low,129.96,1.95,Monitor (no paid action),0.0,Opted in to marketing; Home-store price tier: Value; Redeemed 0.0 coupons/month before
1622,501964,Active,Platinum,Boise,Household,0.0,Low,137.1,1.9,Monitor (no paid action),0.0,App use -67% vs prior 3m; Opted in to marketing; No coupons redeemed in last 3m
1623,502158,Active,Gold,Raleigh,Beverages,0.0,Low,129.3,1.89,Monitor (no paid action),0.0,2.5 transactions/month (last 3m); Opens 0.5 emails/month; Opted in to marketing
1624,501342,Active,Silver,Spokane,Produce,0.0,Low,120.91,1.89,Monitor (no paid action),0.0,App use 0.7 sessions/month; Opened 0.3 emails/month before; Only 3 transaction(s) last month
1625,500081,Active,Silver,Denver,Household,0.0,Low,181.46,1.88,Monitor (no paid action),0.0,Formal complaint in last 3m; Opted in to marketing; App use -29% vs prior 3m
1626,501027,Active,Silver,Boise,Personal Care,0.0,Low,148.71,1.88,Monitor (no paid action),0.0,1 support tickets in last 3m; Opens 0.7 emails/month; Preferred category: Personal Care
1627,502374,Active,Silver,Spokane,Bakery,0.0,Low,125.65,1.87,Monitor (no paid action),0.0,Opens 0.3 emails/month; Preferred category: Bakery; Spend +99% vs prior 3m
1628,500835,Active,Silver,Austin,Snacks,0.0,Low,113.11,1.86,Monitor (no paid action),0.0,Transactions trending down (-0.8/month); Only 2 transaction(s) last month; Opted in to marketing
1629,500525,Active,Gold,Spokane,Personal Care,0.0,Low,180.18,1.86,Monitor (no paid action),0.0,Formal complaint in last 3m; Opted in to marketing; Redeemed 0.0 coupons/month before
1630,501568,Active,Gold,Columbus,Personal Care,0.0,Low,208.87,1.86,Monitor (no paid action),0.0,Formal complaint in last 3m; Opted in to marketing; City: Columbus
1631,501788,Active,Silver,Boise,Produce,0.0,Low,92.53,1.86,Monitor (no paid action),0.0,App use 1.0 sessions/month; Opened 0.5 emails/month before; Only 3 transaction(s) last month
1632,500556,Active,Gold,Portland,Personal Care,0.0,Low,126.21,1.84,Monitor (no paid action),0.0,No marketing emails opened in last 3m; Spend +99% vs prior 3m; 2 support tickets in 6m
1633,500305,Active,Silver,Boise,Dairy,0.0,Low,110.21,1.84,Monitor (no paid action),0.0,1 support tickets in last 3m; Transactions trending down (-0.5/month); Opted in to marketing
1634,500493,Active,Platinum,Austin,Produce,0.0,Low,270.59,1.83,Monitor (no paid action),0.0,Opens 0.3 emails/month; App use 1.0 sessions/month; No coupons redeemed in last 3m
1635,501957,Active,Platinum,Boise,Snacks,0.0,Low,68.03,1.82,Monitor (no paid action),0.0,Transactions trending down (-1.0/month); 1.7 transactions/month (last 3m); Spend $68/month (last 3m)
1636,500214,Active,Silver,Raleigh,Produce,0.01,Low,54.01,1.81,Monitor (no paid action),0.0,No app use in last 3m; 2.0 transactions/month (last 3m); Spend $54/month (last 3m)
1637,502289,Active,Gold,Madison,Bakery,0.0,Low,268.9,1.81,Monitor (no paid action),0.0,1 support tickets in last 3m; Preferred category: Bakery; Opted in to marketing
1638,501234,Active,Gold,Denver,Snacks,0.0,Low,224.76,1.8,Monitor (no paid action),0.0,No marketing emails opened in last 3m; City: Denver; Redeems 0.3 coupons/month
1639,500134,Active,Gold,Tulsa,Household,0.0,Low,232.32,1.79,Monitor (no paid action),0.0,1 support tickets in last 3m; Opted in to marketing; App use -33% vs prior 3m
1640,501832,Active,Silver,Portland,Household,0.0,Low,159.4,1.78,Monitor (no paid action),0.0,Only 2 transaction(s) last month; Opted in to marketing; No coupons redeemed in last 3m
1641,500838,Active,Gold,Nashville,Bakery,0.0,Low,116.04,1.77,Monitor (no paid action),0.0,No marketing emails opened in last 3m; Spend +129% vs prior 3m; App use -60% vs prior 3m
1642,500293,Active,Silver,Portland,Bakery,0.0,Low,144.9,1.75,Monitor (no paid action),0.0,Spend +300% vs prior 3m; Preferred category: Bakery; Opted in to marketing
1643,501601,Active,Silver,Tulsa,Household,0.0,Low,213.63,1.74,Monitor (no paid action),0.0,Opted in to marketing; Only 3 transaction(s) last month; App use was 1.3 sessions/month
1644,501006,Active,Platinum,Spokane,Beverages,0.0,Low,221.06,1.73,Monitor (no paid action),0.0,Transactions trending down (-0.8/month); 1 support tickets in last 3m; Buys 0.7 categories/month
1645,502189,Active,Silver,Columbus,Household,0.0,Low,119.58,1.73,Monitor (no paid action),0.0,App use 0.3 sessions/month; Opted in to marketing; Buys 1.0 categories/month
1646,502505,Active,Silver,Denver,Personal Care,0.0,Low,195.92,1.73,Monitor (no paid action),0.0,Opens 0.3 emails/month; Transactions trending down (-0.6/month); Preferred category: Personal Care
1647,500963,Active,Silver,Madison,Produce,0.0,Low,125.06,1.72,Monitor (no paid action),0.0,Transactions trending down (-0.7/month); Opted in to marketing; No coupons redeemed in last 3m
1648,500371,Active,Silver,Tulsa,Produce,0.0,Low,264.65,1.72,Monitor (no paid action),0.0,Transactions trending down (-0.8/month); Opted in to marketing; Buys 1.3 categories/month
1649,501236,Active,Silver,Austin,Produce,0.0,Low,113.67,1.68,Monitor (no paid action),0.0,Opens 0.3 emails/month; 1 support tickets in last 3m; App use -9% vs prior 3m
1650,501054,Active,Gold,Columbus,Beverages,0.0,Low,208.47,1.65,Monitor (no paid action),0.0,Opens 0.3 emails/month; Transactions trending down (-0.4/month); City: Columbus
1651,502269,Active,Platinum,Madison,Dairy,0.0,Low,277.86,1.65,Monitor (no paid action),0.0,Transactions trending down (-1.1/month); Opted in to marketing; Redeemed 0.0 coupons/month before
1652,502127,Active,Silver,Spokane,Household,0.0,Low,106.67,1.64,Monitor (no paid action),0.0,Transactions trending down (-0.7/month); Opted in to marketing; Opened 0.0 emails/month before
1653,500257,Active,Silver,Madison,Dairy,0.0,Low,170.72,1.62,Monitor (no paid action),0.0,Opens 0.3 emails/month; 1 support tickets in last 3m; App use -16% vs prior 3m
1654,501925,Active,Silver,Denver,Frozen Foods,0.0,Low,190.99,1.62,Monitor (no paid action),0.0,No marketing emails opened in last 3m; 61% of trips use a promotion; Opted in to marketing
1655,501800,Active,Silver,Nashville,Bakery,0.0,Low,111.45,1.62,Monitor (no paid action),0.0,Transactions trending down (-0.5/month); Preferred category: Bakery; Spend $76/month (last 3m)
1656,501938,Active,Silver,Columbus,Personal Care,0.0,Low,227.36,1.62,Monitor (no paid action),0.0,Opens 0.5 emails/month; Opted in to marketing; No coupons redeemed in last 3m
1657,500106,Active,Platinum,Austin,Personal Care,0.0,Low,199.8,1.62,Monitor (no paid action),0.0,Opens 0.3 emails/month; Home-store price tier: Value; Redeemed 0.0 coupons/month before
1658,500919,Active,Gold,Columbus,Personal Care,0.0,Low,311.46,1.61,Monitor (no paid action),0.0,Opted in to marketing; App use 1.0 sessions/month; 50% of trips use a promotion
1659,501540,Active,Gold,Portland,Household,0.0,Low,247.39,1.6,Monitor (no paid action),0.0,App use -82% vs prior 3m; Opted in to marketing; 2 support tickets in 6m
1660,500811,Active,Gold,Portland,Produce,0.0,Low,212.72,1.6,Monitor (no paid action),0.0,Opted in to marketing; Opens 0.7 emails/month; Home-store price tier: Value
1661,501333,Active,Gold,Portland,Bakery,0.0,Low,92.94,1.58,Monitor (no paid action),0.0,App use 0.7 sessions/month; Preferred category: Bakery; Opted in to marketing
1662,502531,Active,Platinum,Tulsa,Personal Care,0.0,Low,299.46,1.58,Monitor (no paid action),0.0,Opens 0.3 emails/month; 1 support tickets in last 3m; Spend +96% vs prior 3m
1663,500115,Active,Gold,Austin,Dairy,0.0,Low,111.32,1.58,Monitor (no paid action),0.0,Opted in to marketing; Spend $84/month (last 3m); Redeemed 0.0 coupons/month before
1664,502296,Active,Silver,Columbus,Dairy,0.0,Low,168.65,1.57,Monitor (no paid action),0.0,Opted in to marketing; No coupons redeemed in last 3m; Buys 1.0 categories/month
1665,501170,Active,Silver,Tulsa,Bakery,0.01,Low,34.74,1.56,Monitor (no paid action),0.0,No app use in last 3m; 2.0 transactions/month (last 3m); Spend $43/month (last 3m)
1666,501539,Active,Silver,Austin,Bakery,0.0,Low,168.56,1.55,Monitor (no paid action),0.0,Opens 0.5 emails/month; Preferred category: Bakery; App use -44% vs prior 3m
1667,500619,Active,Silver,Raleigh,Dairy,0.0,Low,72.51,1.55,Monitor (no paid action),0.0,No marketing emails opened in last 3m; Spend $73/month (last 3m); No coupons redeemed in last 3m
1668,501628,Active,Silver,Boise,Household,0.0,Low,124.53,1.54,Monitor (no paid action),0.0,Transactions trending down (-0.5/month); Opted in to marketing; Opens 0.7 emails/month
1669,500984,Active,Gold,Austin,Snacks,0.0,Low,202.26,1.53,Monitor (no paid action),0.0,No marketing emails opened in last 3m; 60% of trips use a promotion; New member (<4 months of history)
1670,501199,Active,Silver,Madison,Snacks,0.0,Low,135.43,1.53,Monitor (no paid action),0.0,Opted in to marketing; 2 support tickets in 6m; Home-store price tier: Value
1671,501157,Active,Silver,Raleigh,Household,0.0,Low,95.75,1.53,Monitor (no paid action),0.0,App use 1.0 sessions/month; No coupons redeemed in last 3m; New member (<4 months of history)
1672,501843,Active,Silver,Madison,Dairy,0.0,Low,103.42,1.53,Monitor (no paid action),0.0,Opens 0.3 emails/month; 1 support tickets in last 3m; App use was 0.5 sessions/month
1673,502497,Active,Silver,Denver,Frozen Foods,0.0,Low,174.26,1.5,Monitor (no paid action),0.0,No marketing emails opened in last 3m; 1 support tickets in last 3m; Spend +41% vs prior 3m
1674,501010,Active,Platinum,Raleigh,Snacks,0.0,Low,269.87,1.5,Monitor (no paid action),0.0,Transactions trending down (-1.1/month); Opted in to marketing; Home-store price tier: Value
1675,502322,Active,Silver,Tulsa,Produce,0.0,Low,154.42,1.49,Monitor (no paid action),0.0,Opens 0.5 emails/month; New member (<4 months of history); 0 formal complaints in 6m
1676,501415,Active,Silver,Portland,Household,0.0,Low,146.05,1.48,Monitor (no paid action),0.0,Transactions trending down (-1.2/month); Opted in to marketing; Age unknown
1677,501063,Active,Silver,Tulsa,Produce,0.0,Low,133.63,1.48,Monitor (no paid action),0.0,No marketing emails opened in last 3m; Spend +42% vs prior 3m; Only 3 transaction(s) last month
1678,501419,Active,Silver,Columbus,Bakery,0.0,Low,172.02,1.47,Monitor (no paid action),0.0,Formal complaint in last 3m; App use -58% vs prior 3m; Preferred category: Bakery
1679,500429,Active,Gold,Columbus,Produce,0.0,Low,248.8,1.47,Monitor (no paid action),0.0,Opens 0.3 emails/month; No coupons redeemed in last 3m; App use -40% vs prior 3m
1680,500629,Active,Gold,Columbus,Beverages,0.0,Low,123.44,1.46,Monitor (no paid action),0.0,City: Columbus; 3.0 transactions/month (last 3m); Redeemed 0.0 coupons/month before
1681,500745,Active,Gold,Columbus,Dairy,0.0,Low,285.59,1.46,Monitor (no paid action),0.0,Opens 0.3 emails/month; 1 support tickets in last 3m; City: Columbus
1682,501025,Active,Silver,Raleigh,Personal Care,0.0,Low,155.22,1.46,Monitor (no paid action),0.0,1 support tickets in last 3m; Opted in to marketing; Preferred category: Personal Care
1683,500697,Active,Gold,Tulsa,Dairy,0.0,Low,173.29,1.46,Monitor (no paid action),0.0,Opens 0.3 emails/month; Home-store price tier: Value; App use -25% vs prior 3m
1684,501271,Active,Silver,Boise,Snacks,0.0,Low,201.86,1.46,Monitor (no paid action),0.0,Transactions trending down (-1.0/month); No marketing emails opened in last 3m; Only 2 transaction(s) last month
1685,500113,Active,Silver,Boise,Bakery,0.0,Low,107.8,1.46,Monitor (no paid action),0.0,Preferred category: Bakery; Opted in to marketing; New member (<4 months of history)
1686,500809,Active,Gold,Spokane,Bakery,0.0,Low,129.39,1.44,Monitor (no paid action),0.0,Opens 0.3 emails/month; Preferred category: Bakery; Buys 1.0 categories/month
1687,500618,Active,Silver,Austin,Produce,0.0,Low,214.19,1.43,Monitor (no paid action),0.0,App use -78% vs prior 3m; 1 support tickets in last 3m; Opens 0.7 emails/month
1688,501226,Active,Silver,Boise,Snacks,0.0,Low,170.99,1.4,Monitor (no paid action),0.0,App use -78% vs prior 3m; Opens 0.7 emails/month; Spend +33% vs prior 3m
1689,500267,Active,Gold,Nashville,Bakery,0.0,Low,214.44,1.4,Monitor (no paid action),0.0,Preferred category: Bakery; Opted in to marketing; New member (<4 months of history)
1690,501075,Active,Gold,Portland,Personal Care,0.0,Low,189.34,1.39,Monitor (no paid action),0.0,Transactions trending down (-0.7/month); Opted in to marketing; App use -30% vs prior 3m
1691,502442,Active,Gold,Tulsa,Personal Care,0.0,Low,174.85,1.39,Monitor (no paid action),0.0,No marketing emails opened in last 3m; Transactions trending down (-0.8/month); Age unknown
1692,500457,Active,Silver,Raleigh,Dairy,0.0,Low,220.79,1.39,Monitor (no paid action),0.0,Formal complaint in last 3m; App use -12% vs prior 3m; Only 3 transaction(s) last month
1693,500605,Active,Platinum,Raleigh,Bakery,0.0,Low,225.75,1.38,Monitor (no paid action),0.0,Opens 0.3 emails/month; 1 support tickets in last 3m; Only 2 transaction(s) last month
1694,501787,Active,Gold,Portland,Produce,0.0,Low,139.86,1.36,Monitor (no paid action),0.0,Opens 0.3 emails/month; Spend +160% vs prior 3m; Only 3 transaction(s) last month
1695,502465,Active,Gold,Columbus,Snacks,0.0,Low,158.07,1.36,Monitor (no paid action),0.0,Formal complaint in last 3m; Opted in to marketing; City: Columbus
1696,501503,Active,Silver,Raleigh,Produce,0.0,Low,71.98,1.36,Monitor (no paid action),0.0,Opted in to marketing; Spend +62% vs prior 3m; Opened 0.3 emails/month before
1697,500617,Active,Platinum,Raleigh,Frozen Foods,0.0,Low,292.57,1.35,Monitor (no paid action),0.0,Opens 0.3 emails/month; 1 support tickets in last 3m; Redeemed 0.0 coupons/month before
1698,501809,Active,Silver,Madison,Bakery,0.0,Low,182.16,1.35,Monitor (no paid action),0.0,No marketing emails opened in last 3m; Only 2 transaction(s) last month; Preferred category: Bakery
1699,501094,Active,Silver,Tulsa,Bakery,0.0,Low,122.63,1.33,Monitor (no paid action),0.0,2 support tickets in last 3m; Preferred category: Bakery; Opted in to marketing
1700,502080,Active,Gold,Denver,Beverages,0.0,Low,158.66,1.33,Monitor (no paid action),0.0,No marketing emails opened in last 3m; Home-store price tier: Value; App use -17% vs prior 3m
1701,501077,Active,Gold,Portland,Personal Care,0.0,Low,223.05,1.33,Monitor (no paid action),0.0,No marketing emails opened in last 3m; Preferred category: Personal Care; 37% of trips use a promotion
1702,500491,Active,Silver,Tulsa,Beverages,0.0,Low,109.07,1.32,Monitor (no paid action),0.0,Opens 0.3 emails/month; No coupons redeemed in last 3m; Home-store price tier: Value
1703,501488,Active,Silver,Raleigh,Household,0.0,Low,134.53,1.31,Monitor (no paid action),0.0,Opens 0.7 emails/month; Home-store price tier: Value; 38% of trips use a promotion
1704,500474,Active,Gold,Austin,Snacks,0.0,Low,213.45,1.29,Monitor (no paid action),0.0,No marketing emails opened in last 3m; New member (<4 months of history); City: Austin
1705,502287,Active,Gold,Spokane,Beverages,0.0,Low,45.09,1.28,Monitor (no paid action),0.0,1.0 transactions/month (last 3m); Spend $45/month (last 3m); Opted in to marketing
1706,500471,Active,Gold,Denver,Snacks,0.0,Low,194.98,1.28,Monitor (no paid action),0.0,No marketing emails opened in last 3m; App use 1.3 sessions/month; City: Denver
1707,500266,Active,Silver,Tulsa,Bakery,0.0,Low,147.84,1.28,Monitor (no paid action),0.0,No marketing emails opened in last 3m; App use -58% vs prior 3m; 1 support tickets in last 3m
1708,500378,Active,Silver,Austin,Beverages,0.0,Low,85.66,1.28,Monitor (no paid action),0.0,Only 1 transaction(s) last month; Buys 0.7 categories/month; Opted in to marketing
1709,500662,Active,Silver,Nashville,Dairy,0.0,Low,110.93,1.27,Monitor (no paid action),0.0,No marketing emails opened in last 3m; Spend +135% vs prior 3m; 1 support tickets in last 3m
1710,500338,Active,Silver,Austin,Beverages,0.0,Low,137.26,1.25,Monitor (no paid action),0.0,No marketing emails opened in last 3m; Only 2 transaction(s) last month; App use was 1.0 sessions/month
1711,500957,Active,Platinum,Austin,Personal Care,0.0,Low,196.09,1.25,Monitor (no paid action),0.0,Opted in to marketing; Opened 0.0 emails/month before; Redeemed 0.0 coupons/month before
1712,501143,Active,Platinum,Austin,Bakery,0.0,Low,311.92,1.24,Monitor (no paid action),0.0,Transactions trending down (-0.5/month); Preferred category: Bakery; No coupons redeemed in last 3m
1713,501510,Active,Gold,Columbus,Produce,0.0,Low,150.45,1.24,Monitor (no paid action),0.0,No coupons redeemed in last 3m; New member (<4 months of history); Buys 1.0 categories/month
1714,501977,Active,Silver,Denver,Dairy,0.0,Low,184.3,1.2,Monitor (no paid action),0.0,Opens 0.3 emails/month; App use -27% vs prior 3m; City: Denver
1715,502558,Active,Silver,Raleigh,Frozen Foods,0.0,Low,173.31,1.19,Monitor (no paid action),0.0,1 support tickets in last 3m; Opted in to marketing; Home-store price tier: Value
1716,500238,Active,Gold,Madison,Bakery,0.0,Low,100.65,1.19,Monitor (no paid action),0.0,Preferred category: Bakery; Opted in to marketing; Home-store price tier: Value
1717,500199,Active,Silver,Boise,Produce,0.0,Low,210.81,1.19,Monitor (no paid action),0.0,App use -56% vs prior 3m; Opens 0.7 emails/month; Buys 1.7 categories/month
1718,501620,Active,Platinum,Tulsa,Personal Care,0.0,Low,136.59,1.19,Monitor (no paid action),0.0,Opted in to marketing; New member (<4 months of history); Preferred category: Personal Care
1719,500480,Active,Silver,Raleigh,Produce,0.0,Low,152.68,1.18,Monitor (no paid action),0.0,2 support tickets in last 3m; Opted in to marketing; Buys 1.3 categories/month
1720,500717,Active,Silver,Raleigh,Snacks,0.0,Low,172.58,1.18,Monitor (no paid action),0.0,No marketing emails opened in last 3m; App use was 1.0 sessions/month; Transactions trending down (-0.2/month)
1721,501439,Active,Gold,Austin,Snacks,0.0,Low,215.32,1.17,Monitor (no paid action),0.0,Transactions trending down (-0.5/month); Opens 0.7 emails/month; Home-store price tier: Value
1722,502298,Active,Gold,Denver,Household,0.0,Low,147.15,1.16,Monitor (no paid action),0.0,1 support tickets in last 3m; Opted in to marketing; App use -36% vs prior 3m
1723,502019,Active,Silver,Raleigh,Frozen Foods,0.0,Low,146.57,1.15,Monitor (no paid action),0.0,Transactions trending down (-0.6/month); Only 2 transaction(s) last month; Opted in to marketing
1724,500439,Active,Gold,Portland,Personal Care,0.0,Low,125.0,1.15,Monitor (no paid action),0.0,Transactions trending down (-0.4/month); Opted in to marketing; 3.0 transactions/month (last 3m)
1725,500015,Active,Platinum,Raleigh,Personal Care,0.0,Low,228.22,1.14,Monitor (no paid action),0.0,Opted in to marketing; Transactions trending down (-0.4/month); Redeemed 0.0 coupons/month before
1726,500976,Active,Silver,Tulsa,Snacks,0.0,Low,121.71,1.14,Monitor (no paid action),0.0,Opted in to marketing; No coupons redeemed in last 3m; App use -33% vs prior 3m
1727,500609,Active,Silver,Boise,Beverages,0.0,Low,181.99,1.13,Monitor (no paid action),0.0,Transactions trending down (-0.8/month); Only 2 transaction(s) last month; Opted in to marketing
1728,501979,Active,Gold,Austin,Household,0.0,Low,169.23,1.13,Monitor (no paid action),0.0,Transactions trending down (-0.6/month); App use -68% vs prior 3m; Opted in to marketing
1729,500420,Active,Gold,Columbus,Bakery,0.0,Low,294.73,1.13,Monitor (no paid action),0.0,Transactions trending down (-0.8/month); Preferred category: Bakery; Opted in to marketing
1730,501217,Active,Silver,Austin,Household,0.0,Low,234.58,1.12,Monitor (no paid action),0.0,Opted in to marketing; New member (<4 months of history); Opens 0.7 emails/month
1731,500041,Active,Silver,Madison,Personal Care,0.0,Low,171.32,1.12,Monitor (no paid action),0.0,1 support tickets in last 3m; Opted in to marketing; Preferred category: Personal Care
1732,500181,Active,Gold,Spokane,Beverages,0.0,Low,233.14,1.11,Monitor (no paid action),0.0,Opens 0.3 emails/month; Transactions trending down (-0.5/month); Only 2 transaction(s) last month
1733,500373,Active,Silver,Madison,Personal Care,0.0,Low,206.67,1.11,Monitor (no paid action),0.0,Transactions trending down (-0.9/month); Opens 0.3 emails/month; Preferred category: Personal Care
1734,502248,Active,Silver,Tulsa,Snacks,0.0,Low,269.43,1.1,Monitor (no paid action),0.0,No marketing emails opened in last 3m; Transactions trending down (-0.8/month); App use -33% vs prior 3m
1735,500324,Active,Silver,Madison,Dairy,0.0,Low,79.0,1.1,Monitor (no paid action),0.0,Spend +135% vs prior 3m; Opted in to marketing; 3.0 transactions/month (last 3m)
1736,500696,Active,Platinum,Columbus,Beverages,0.0,Low,226.69,1.09,Monitor (no paid action),0.0,Opted in to marketing; City: Columbus; Redeemed 0.0 coupons/month before
1737,500322,Active,Silver,Raleigh,Dairy,0.0,Low,104.25,1.08,Monitor (no paid action),0.0,Opted in to marketing; No coupons redeemed in last 3m; 3.0 transactions/month (last 3m)
1738,500183,Active,Gold,Portland,Produce,0.0,Low,60.67,1.06,Monitor (no paid action),0.0,No app use in last 3m; 2.0 transactions/month (last 3m); Spend +150% vs prior 3m
1739,501726,Active,Silver,Nashville,Snacks,0.0,Low,241.76,1.06,Monitor (no paid action),0.0,App use -67% vs prior 3m; Home-store price tier: Value; Transactions trending down (-0.2/month)
1740,502349,Active,Silver,Columbus,Dairy,0.0,Low,275.99,1.05,Monitor (no paid action),0.0,Transactions trending down (-0.6/month); 1 support tickets in last 3m; Opens 0.5 emails/month
1741,501276,Active,Silver,Columbus,Bakery,0.0,Low,114.21,1.05,Monitor (no paid action),0.0,Spend +300% vs prior 3m; 1 support tickets in last 3m; Preferred category: Bakery
1742,502270,Active,Silver,Tulsa,Frozen Foods,0.0,Low,189.94,1.04,Monitor (no paid action),0.0,No marketing emails opened in last 3m; No coupons redeemed in last 3m; Spend +59% vs prior 3m
1743,500667,Active,Platinum,Madison,Frozen Foods,0.0,Low,126.34,1.04,Monitor (no paid action),0.0,App use 0.5 sessions/month; Opted in to marketing; Spend +77% vs prior 3m
1744,500900,Active,Platinum,Spokane,Frozen Foods,0.0,Low,184.15,1.04,Monitor (no paid action),0.0,1 support tickets in last 3m; Opened 0.0 emails/month before; Home-store price tier: Value
1745,501345,Active,Gold,Spokane,Household,0.0,Low,309.7,1.04,Monitor (no paid action),0.0,Transactions trending down (-0.6/month); 1 support tickets in last 3m; App use -52% vs prior 3m
1746,500110,Active,Platinum,Madison,Snacks,0.0,Low,345.63,1.04,Monitor (no paid action),0.0,2 support tickets in 6m; Opened 0.0 emails/month before; Home-store price tier: Value
1747,502332,Active,Silver,Spokane,Personal Care,0.0,Low,158.52,1.03,Monitor (no paid action),0.0,Transactions trending down (-1.0/month); Opted in to marketing; Home-store price tier: Value
1748,501598,Active,Gold,Columbus,Produce,0.0,Low,102.6,1.02,Monitor (no paid action),0.0,Transactions trending down (-0.5/month); Opted in to marketing; City: Columbus
1749,501373,Active,Silver,Portland,Bakery,0.0,Low,87.0,1.02,Monitor (no paid action),0.0,Opens 0.3 emails/month; Buys 0.7 categories/month; Preferred category: Bakery
1750,501225,Active,Platinum,Tulsa,Snacks,0.0,Low,130.06,1.01,Monitor (no paid action),0.0,No marketing emails opened in last 3m; App use was 0.0 sessions/month; Spend +93% vs prior 3m
1751,500070,Active,Gold,Madison,Beverages,0.0,Low,264.09,1.01,Monitor (no paid action),0.0,1 support tickets in last 3m; Opted in to marketing; App use trending down
1752,500248,Active,Silver,Portland,Bakery,0.0,Low,193.16,1.0,Monitor (no paid action),0.0,Formal complaint in last 3m; Preferred category: Bakery; Opted in to marketing
1753,502484,Active,Silver,Spokane,Snacks,0.0,Low,109.59,1.0,Monitor (no paid action),0.0,Opted in to marketing; Opens 0.7 emails/month; Redeemed 0.0 coupons/month before
1754,501341,Active,Platinum,Portland,Snacks,0.0,Low,264.24,0.99,Monitor (no paid action),0.0,Transactions trending down (-0.7/month); Opted in to marketing; 0 formal complaints in 6m
1755,500992,Active,Gold,Portland,Beverages,0.0,Low,114.85,0.99,Monitor (no paid action),0.0,Opted in to marketing; Only 3 transaction(s) last month; App use was 1.3 sessions/month
1756,501671,Active,Silver,Austin,Personal Care,0.0,Low,162.62,0.99,Monitor (no paid action),0.0,Opted in to marketing; Opens 0.7 emails/month; Preferred category: Personal Care
1757,500748,Active,Silver,Tulsa,Personal Care,0.0,Low,162.39,0.99,Monitor (no paid action),0.0,App use -60% vs prior 3m; 1 support tickets in last 3m; Opted in to marketing
1758,500349,Active,Silver,Nashville,Bakery,0.0,Low,224.35,0.98,Monitor (no paid action),0.0,55% of trips use a promotion; Preferred category: Bakery; Opted in to marketing
1759,500479,Active,Silver,Portland,Snacks,0.0,Low,152.48,0.97,Monitor (no paid action),0.0,Opted in to marketing; App use -43% vs prior 3m; Spend +62% vs prior 3m
1760,501438,Active,Silver,Spokane,Frozen Foods,0.0,Low,105.31,0.96,Monitor (no paid action),0.0,2.0 transactions/month (last 3m); App use 0.7 sessions/month; Spend $70/month (last 3m)
1761,500482,Active,Silver,Spokane,Household,0.0,Low,159.76,0.95,Monitor (no paid action),0.0,1 support tickets in last 3m; Opted in to marketing; Home-store price tier: Value
1762,500304,Active,Platinum,Nashville,Frozen Foods,0.0,Low,207.45,0.95,Monitor (no paid action),0.0,Opens 0.3 emails/month; 46% of trips use a promotion; 0 formal complaints in 6m
1763,501224,Active,Silver,Austin,Personal Care,0.0,Low,121.64,0.94,Monitor (no paid action),0.0,1 support tickets in last 3m; Opted in to marketing; App use 1.3 sessions/month
1764,502502,Active,Gold,Tulsa,Bakery,0.0,Low,209.89,0.94,Monitor (no paid action),0.0,2 support tickets in last 3m; Preferred category: Bakery; Opted in to marketing
1765,501874,Active,Silver,Tulsa,Snacks,0.0,Low,69.62,0.94,Monitor (no paid action),0.0,Buys 0.5 categories/month; 2.5 transactions/month (last 3m); Spend $69/month (last 3m)
1766,502387,Active,Silver,Portland,Beverages,0.0,Low,238.8,0.94,Monitor (no paid action),0.0,No app use in last 3m; Opted in to marketing; No coupons redeemed in last 3m
1767,500907,Active,Platinum,Madison,Household,0.0,Low,243.59,0.93,Monitor (no paid action),0.0,Opens 0.3 emails/month; Opted in to marketing; No coupons redeemed in last 3m
1768,501634,Active,Silver,Madison,Frozen Foods,0.0,Low,215.11,0.93,Monitor (no paid action),0.0,Opened 0.0 emails/month before; Home-store price tier: Value; App use -22% vs prior 3m
1769,501657,Active,Gold,Portland,Beverages,0.0,Low,141.89,0.93,Monitor (no paid action),0.0,App use 0.3 sessions/month; Opted in to marketing; Spend +89% vs prior 3m
1770,502141,Active,Gold,Spokane,Produce,0.0,Low,179.84,0.92,Monitor (no paid action),0.0,App use -57% vs prior 3m; Opens 0.7 emails/month; Redeemed 0.0 coupons/month before
1771,501751,Active,Gold,Portland,Bakery,0.0,Low,133.19,0.92,Monitor (no paid action),0.0,Preferred category: Bakery; Transactions trending down (-0.4/month); Opens 0.7 emails/month
1772,500709,Active,Gold,Raleigh,Bakery,0.0,Low,151.13,0.91,Monitor (no paid action),0.0,1 support tickets in last 3m; Preferred category: Bakery; Opted in to marketing
1773,501793,Active,Silver,Austin,Household,0.0,Low,49.46,0.91,Monitor (no paid action),0.0,No marketing emails opened in last 3m; Spend +181% vs prior 3m; App use 1.0 sessions/month
1774,500562,Active,Platinum,Columbus,Household,0.0,Low,176.9,0.91,Monitor (no paid action),0.0,No marketing emails opened in last 3m; Only 2 transaction(s) last month; City: Columbus
1775,501542,Active,Silver,Columbus,Dairy,0.0,Low,154.18,0.9,Monitor (no paid action),0.0,1 support tickets in last 3m; Opted in to marketing; City: Columbus
1776,501650,Active,Platinum,Denver,Snacks,0.0,Low,348.03,0.9,Monitor (no paid action),0.0,Buys 1.0 categories/month; Opened 0.0 emails/month before; App use -33% vs prior 3m
1777,502135,Active,Silver,Denver,Frozen Foods,0.0,Low,150.45,0.9,Monitor (no paid action),0.0,Opted in to marketing; Transactions trending down (-0.3/month); City: Denver
1778,501319,Active,Gold,Columbus,Beverages,0.0,Low,90.79,0.9,Monitor (no paid action),0.0,1 support tickets in last 3m; Opted in to marketing; Spend +79% vs prior 3m
1779,500737,Active,Silver,Raleigh,Household,0.0,Low,81.16,0.89,Monitor (no paid action),0.0,No app use in last 3m; 1 support tickets in last 3m; Opted in to marketing
1780,501727,Active,Gold,Austin,Produce,0.0,Low,123.79,0.89,Monitor (no paid action),0.0,Opted in to marketing; No coupons redeemed in last 3m; Spend $98/month (last 3m)
1781,501632,Active,Silver,Nashville,Dairy,0.0,Low,130.94,0.88,Monitor (no paid action),0.0,Opted in to marketing; Opens 0.7 emails/month; 39% of trips use a promotion
1782,500554,Active,Platinum,Portland,Household,0.0,Low,171.88,0.88,Monitor (no paid action),0.0,1 support tickets in last 3m; Opted in to marketing; Opened 0.5 emails/month before
1783,501228,Active,Silver,Nashville,Beverages,0.0,Low,99.09,0.87,Monitor (no paid action),0.0,Opted in to marketing; Opens 0.7 emails/month; App use was 1.0 sessions/month
1784,500345,Active,Silver,Denver,Snacks,0.0,Low,85.73,0.87,Monitor (no paid action),0.0,Spend +300% vs prior 3m; Opened 0.0 emails/month before; Redeemed 0.0 coupons/month before
1785,501577,Active,Gold,Nashville,Personal Care,0.0,Low,199.68,0.87,Monitor (no paid action),0.0,No marketing emails opened in last 3m; Preferred category: Personal Care; 0 formal complaints in 6m
1786,501736,Active,Silver,Portland,Snacks,0.0,Low,261.87,0.87,Monitor (no paid action),0.0,2 support tickets in last 3m; App use -47% vs prior 3m; Opted in to marketing
1787,500982,Active,Gold,Denver,Produce,0.0,Low,120.95,0.87,Monitor (no paid action),0.0,No marketing emails opened in last 3m; Home-store price tier: Value; 40% of trips use a promotion
1788,501122,Active,Gold,Raleigh,Dairy,0.0,Low,158.26,0.86,Monitor (no paid action),0.0,Opens 0.3 emails/month; Formal complaint in last 3m; Transactions trending down (-0.2/month)
1789,501674,Active,Silver,Raleigh,Bakery,0.0,Low,143.26,0.86,Monitor (no paid action),0.0,Preferred category: Bakery; Opted in to marketing; Spend $81/month (last 3m)
1790,502129,Active,Gold,Boise,Personal Care,0.0,Low,156.52,0.85,Monitor (no paid action),0.0,2 support tickets in last 3m; Opted in to marketing; Preferred category: Personal Care
1791,500318,Active,Silver,Tulsa,Snacks,0.0,Low,147.75,0.84,Monitor (no paid action),0.0,Opted in to marketing; 2 support tickets in 6m; Transactions trending down (-0.3/month)
1792,500328,Active,Silver,Tulsa,Dairy,0.0,Low,165.37,0.84,Monitor (no paid action),0.0,Opted in to marketing; Home-store price tier: Value; Spend +48% vs prior 3m
1793,501954,Active,Silver,Denver,Dairy,0.0,Low,153.62,0.84,Monitor (no paid action),0.0,Opens 0.3 emails/month; Opted in to marketing; App use -36% vs prior 3m
1794,500684,Active,Silver,Tulsa,Personal Care,0.0,Low,212.73,0.83,Monitor (no paid action),0.0,No marketing emails opened in last 3m; Spend +71% vs prior 3m; Redeemed 0.0 coupons/month before
1795,501214,Active,Gold,Nashville,Beverages,0.0,Low,293.78,0.83,Monitor (no paid action),0.0,No marketing emails opened in last 3m; Transactions trending down (-0.3/month); Buys 1.7 categories/month
1796,500177,Active,Silver,Denver,Produce,0.0,Low,98.51,0.83,Monitor (no paid action),0.0,Only 2 transaction(s) last month; Opted in to marketing; New member (<4 months of history)
1797,500599,Active,Silver,Denver,Snacks,0.0,Low,135.14,0.83,Monitor (no paid action),0.0,App use -81% vs prior 3m; Opted in to marketing; No coupons redeemed in last 3m
1798,502367,Active,Silver,Columbus,Dairy,0.0,Low,157.62,0.82,Monitor (no paid action),0.0,Opted in to marketing; City: Columbus; Redeemed 0.0 coupons/month before
1799,502318,Active,Gold,Columbus,Dairy,0.0,Low,117.7,0.82,Monitor (no paid action),0.0,Opted in to marketing; Age unknown; New member (<4 months of history)
1800,502077,Active,Gold,Austin,Bakery,0.0,Low,175.76,0.82,Monitor (no paid action),0.0,1 support tickets in last 3m; Preferred category: Bakery; Opted in to marketing
1801,500355,Active,Gold,Spokane,Beverages,0.0,Low,278.21,0.81,Monitor (no paid action),0.0,2 support tickets in last 3m; Opted in to marketing; No coupons redeemed in last 3m
1802,502445,Active,Gold,Tulsa,Frozen Foods,0.0,Low,201.72,0.81,Monitor (no paid action),0.0,Opted in to marketing; Transactions trending down (-0.4/month); Home-store price tier: Value
1803,500703,Active,Silver,Boise,Personal Care,0.0,Low,45.25,0.81,Monitor (no paid action),0.0,No marketing emails opened in last 3m; Spend $52/month (last 3m); App use was 0.0 sessions/month
1804,501668,Active,Silver,Columbus,Bakery,0.0,Low,238.29,0.8,Monitor (no paid action),0.0,1 support tickets in last 3m; Preferred category: Bakery; Opted in to marketing
1805,500730,Active,Platinum,Raleigh,Beverages,0.0,Low,342.2,0.8,Monitor (no paid action),0.0,1 support tickets in last 3m; Opens 0.5 emails/month; Opted in to marketing
1806,500021,Active,Gold,Raleigh,Frozen Foods,0.0,Low,150.6,0.8,Monitor (no paid action),0.0,Opens 0.3 emails/month; Transactions trending down (-0.6/month); App use -42% vs prior 3m
1807,500046,Active,Platinum,Boise,Bakery,0.0,Low,319.94,0.79,Monitor (no paid action),0.0,Preferred category: Bakery; Opted in to marketing; 37% of trips use a promotion
1808,501767,Active,Silver,Madison,Frozen Foods,0.0,Low,196.64,0.79,Monitor (no paid action),0.0,App use -53% vs prior 3m; Opted in to marketing; Transactions trending down (-0.4/month)
1809,500512,Active,Silver,Raleigh,Personal Care,0.0,Low,304.36,0.79,Monitor (no paid action),0.0,No marketing emails opened in last 3m; Formal complaint in last 3m; No coupons redeemed in last 3m
1810,502513,Active,Platinum,Tulsa,Beverages,0.0,Low,146.19,0.78,Monitor (no paid action),0.0,Opened 0.0 emails/month before; Buys 1.3 categories/month; Redeemed 0.0 coupons/month before
1811,502431,Active,Gold,Raleigh,Snacks,0.0,Low,210.08,0.78,Monitor (no paid action),0.0,2 support tickets in last 3m; Opens 0.3 emails/month; Spend +52% vs prior 3m
1812,502356,Active,Silver,Columbus,Produce,0.0,Low,236.96,0.77,Monitor (no paid action),0.0,2 support tickets in 6m; Transactions trending down (-0.4/month); City: Columbus
1813,500828,Active,Silver,Boise,Bakery,0.0,Low,154.68,0.77,Monitor (no paid action),0.0,3 support tickets in 6m; Spend +117% vs prior 3m; Preferred category: Bakery
1814,502598,Active,Silver,Spokane,Beverages,0.0,Low,111.32,0.77,Monitor (no paid action),0.0,App use -54% vs prior 3m; Opted in to marketing; Spend +79% vs prior 3m
1815,500548,Active,Silver,Boise,Personal Care,0.0,Low,107.85,0.77,Monitor (no paid action),0.0,No marketing emails opened in last 3m; 48% of trips use a promotion; App use -30% vs prior 3m
1816,501815,Active,Silver,Boise,Produce,0.0,Low,186.86,0.76,Monitor (no paid action),0.0,Transactions trending down (-0.7/month); App use -50% vs prior 3m; Opted in to marketing
1817,501642,Active,Platinum,Madison,Personal Care,0.0,Low,161.76,0.76,Monitor (no paid action),0.0,Opted in to marketing; Preferred category: Personal Care; App use -17% vs prior 3m
1818,500840,Active,Gold,Austin,Household,0.0,Low,164.34,0.76,Monitor (no paid action),0.0,No marketing emails opened in last 3m; 1 support tickets in last 3m; Redeemed 0.0 coupons/month before
1819,501714,Active,Gold,Portland,Snacks,0.0,Low,199.47,0.76,Monitor (no paid action),0.0,No marketing emails opened in last 3m; Transactions trending down (-0.7/month); Redeemed 0.0 coupons/month before
1820,501130,Active,Silver,Tulsa,Dairy,0.0,Low,136.55,0.75,Monitor (no paid action),0.0,Formal complaint in last 3m; Opted in to marketing; No coupons redeemed in last 3m
1821,502011,Active,Gold,Tulsa,Produce,0.0,Low,148.22,0.75,Monitor (no paid action),0.0,Buys 0.5 categories/month; Opens 0.5 emails/month; New member (<4 months of history)
1822,500051,Active,Silver,Boise,Personal Care,0.0,Low,102.26,0.75,Monitor (no paid action),0.0,Opted in to marketing; Transactions trending down (-0.3/month); Preferred category: Personal Care
1823,500009,Active,Silver,Tulsa,Dairy,0.0,Low,53.87,0.75,Monitor (no paid action),0.0,Opens 0.3 emails/month; Spend $70/month (last 3m); App use was 1.3 sessions/month
1824,500088,Active,Silver,Austin,Dairy,0.0,Low,99.34,0.75,Monitor (no paid action),0.0,Transactions trending down (-0.5/month); Only 2 transaction(s) last month; Opted in to marketing
1825,502385,Active,Silver,Spokane,Snacks,0.0,Low,146.18,0.75,Monitor (no paid action),0.0,1 support tickets in last 3m; Spend +95% vs prior 3m; Opted in to marketing
1826,500472,Active,Platinum,Nashville,Personal Care,0.0,Low,186.6,0.75,Monitor (no paid action),0.0,Transactions trending down (-1.3/month); Opted in to marketing; 3.0 transactions/month (last 3m)
1827,502437,Active,Silver,Columbus,Beverages,0.0,Low,127.2,0.74,Monitor (no paid action),0.0,Opted in to marketing; No coupons redeemed in last 3m; City: Columbus
1828,501093,Active,Platinum,Denver,Household,0.0,Low,148.7,0.74,Monitor (no paid action),0.0,Only 2 transaction(s) last month; Opted in to marketing; Age unknown
1829,501770,Active,Gold,Spokane,Beverages,0.0,Low,157.16,0.73,Monitor (no paid action),0.0,No marketing emails opened in last 3m; Home-store price tier: Value; Spend +50% vs prior 3m
1830,502098,Active,Gold,Raleigh,Frozen Foods,0.0,Low,174.39,0.73,Monitor (no paid action),0.0,Opted in to marketing; Age unknown; Transactions trending down (-0.3/month)
1831,502588,Active,Gold,Madison,Household,0.0,Low,215.09,0.73,Monitor (no paid action),0.0,Opted in to marketing; Transactions trending down (-0.4/month); No coupons redeemed in last 3m
1832,501699,Active,Gold,Boise,Snacks,0.0,Low,81.57,0.73,Monitor (no paid action),0.0,App use 0.7 sessions/month; Spend +99% vs prior 3m; Opted in to marketing
1833,501608,Active,Silver,Madison,Snacks,0.0,Low,152.44,0.72,Monitor (no paid action),0.0,Transactions trending down (-1.1/month); Only 1 transaction(s) last month; Opted in to marketing
1834,501154,Active,Silver,Raleigh,Dairy,0.0,Low,94.95,0.71,Monitor (no paid action),0.0,Only 2 transaction(s) last month; Transactions trending down (-0.4/month); Spend $82/month (last 3m)
1835,502319,Active,Gold,Denver,Household,0.0,Low,298.63,0.71,Monitor (no paid action),0.0,No marketing emails opened in last 3m; No coupons redeemed in last 3m; New member (<4 months of history)
1836,500898,Active,Silver,Spokane,Bakery,0.0,Low,94.91,0.71,Monitor (no paid action),0.0,Formal complaint in last 3m; Opens 0.5 emails/month; Preferred category: Bakery
1837,500938,Active,Gold,Denver,Household,0.0,Low,259.08,0.7,Monitor (no paid action),0.0,Transactions trending down (-1.1/month); Opens 0.3 emails/month; 2 support tickets in 6m
1838,501314,Active,Silver,Denver,Snacks,0.0,Low,200.7,0.7,Monitor (no paid action),0.0,Opens 0.5 emails/month; Transactions trending down (-0.5/month); Opted in to marketing
1839,501424,Active,Gold,Portland,Bakery,0.0,Low,93.93,0.7,Monitor (no paid action),0.0,Preferred category: Bakery; Opted in to marketing; Spend $78/month (last 3m)
1840,500440,Active,Silver,Madison,Snacks,0.0,Low,118.91,0.69,Monitor (no paid action),0.0,App use 0.7 sessions/month; Spend +93% vs prior 3m; Opted in to marketing
1841,501201,Active,Silver,Raleigh,Frozen Foods,0.0,Low,254.52,0.68,Monitor (no paid action),0.0,No marketing emails opened in last 3m; App use -50% vs prior 3m; No coupons redeemed in last 3m
1842,500096,Active,Platinum,Madison,Dairy,0.0,Low,218.4,0.68,Monitor (no paid action),0.0,Opens 0.5 emails/month; Age unknown; Home-store price tier: Value
1843,502225,Active,Gold,Columbus,Household,0.0,Low,187.55,0.68,Monitor (no paid action),0.0,1 support tickets in last 3m; Opted in to marketing; City: Columbus
1844,502547,Active,Platinum,Nashville,Beverages,0.0,Low,195.13,0.67,Monitor (no paid action),0.0,No marketing emails opened in last 3m; App use 0.3 sessions/month; Spend +98% vs prior 3m
1845,500397,Active,Gold,Denver,Bakery,0.0,Low,121.54,0.67,Monitor (no paid action),0.0,App use 0.7 sessions/month; Preferred category: Bakery; Opted in to marketing
1846,501593,Active,Silver,Boise,Bakery,0.0,Low,113.22,0.66,Monitor (no paid action),0.0,Preferred category: Bakery; Spend +55% vs prior 3m; Opened 0.7 emails/month before
1847,502198,Active,Silver,Columbus,Dairy,0.0,Low,86.26,0.66,Monitor (no paid action),0.0,Spend $74/month (last 3m); Opted in to marketing; App use was 0.3 sessions/month
1848,500721,Active,Gold,Spokane,Personal Care,0.0,Low,145.55,0.66,Monitor (no paid action),0.0,Opted in to marketing; No coupons redeemed in last 3m; Preferred category: Personal Care
1849,500670,Active,Silver,Raleigh,Dairy,0.0,Low,149.88,0.65,Monitor (no paid action),0.0,Opted in to marketing; App use -25% vs prior 3m; Transactions trending down (-0.3/month)
1850,500850,Active,Platinum,Tulsa,Household,0.0,Low,162.17,0.65,Monitor (no paid action),0.0,No marketing emails opened in last 3m; Redeemed 0.0 coupons/month before; 0 formal complaints in 6m
1851,500083,Active,Gold,Portland,Bakery,0.0,Low,160.15,0.65,Monitor (no paid action),0.0,Preferred category: Bakery; Opted in to marketing; Transactions trending down (-0.3/month)
1852,502411,Active,Gold,Denver,Snacks,0.0,Low,141.98,0.65,Monitor (no paid action),0.0,Opted in to marketing; New member (<4 months of history); Buys 1.3 categories/month
1853,500287,Active,Gold,Madison,Household,0.0,Low,168.54,0.64,Monitor (no paid action),0.0,1 support tickets in last 3m; Opted in to marketing; App use was 1.3 sessions/month
1854,501136,Active,Silver,Madison,Snacks,0.0,Low,140.56,0.63,Monitor (no paid action),0.0,Opted in to marketing; 0 formal complaints in 6m; 0 months of missing data
1855,501465,Active,Gold,Denver,Household,0.0,Low,163.04,0.63,Monitor (no paid action),0.0,No coupons redeemed in last 3m; Opened 0.3 emails/month before; City: Denver
1856,502238,Active,Gold,Spokane,Dairy,0.0,Low,71.41,0.63,Monitor (no paid action),0.0,Spend +131% vs prior 3m; App use 1.0 sessions/month; No coupons redeemed in last 3m
1857,500131,Active,Silver,Boise,Beverages,0.0,Low,190.44,0.63,Monitor (no paid action),0.0,Transactions trending down (-0.6/month); Opted in to marketing; Opened 0.0 emails/month before
1858,502468,Active,Silver,Boise,Personal Care,0.0,Low,204.52,0.63,Monitor (no paid action),0.0,No marketing emails opened in last 3m; Transactions trending down (-0.5/month); No coupons redeemed in last 3m
1859,500610,Active,Gold,Raleigh,Beverages,0.0,Low,133.57,0.63,Monitor (no paid action),0.0,No marketing emails opened in last 3m; Opted in to marketing; New member (<4 months of history)
1860,501280,Active,Gold,Denver,Frozen Foods,0.0,Low,162.23,0.62,Monitor (no paid action),0.0,Opted in to marketing; App use 1.0 sessions/month; City: Denver
1861,501683,Active,Silver,Tulsa,Household,0.0,Low,131.87,0.62,Monitor (no paid action),0.0,1 support tickets in last 3m; Opted in to marketing; No coupons redeemed in last 3m
1862,501725,Active,Gold,Columbus,Bakery,0.0,Low,103.63,0.62,Monitor (no paid action),0.0,Preferred category: Bakery; Opted in to marketing; App use 1.0 sessions/month
1863,500423,Active,Platinum,Boise,Snacks,0.0,Low,247.29,0.61,Monitor (no paid action),0.0,Opted in to marketing; App use -43% vs prior 3m; Spend +28% vs prior 3m
1864,501375,Active,Silver,Raleigh,Snacks,0.0,Low,106.63,0.61,Monitor (no paid action),0.0,Opted in to marketing; Buys 1.0 categories/month; Opened 0.5 emails/month before
1865,500960,Active,Silver,Nashville,Produce,0.0,Low,149.61,0.61,Monitor (no paid action),0.0,2 support tickets in last 3m; Opted in to marketing; Home-store price tier: Value
1866,502112,Active,Silver,Raleigh,Bakery,0.0,Low,255.27,0.6,Monitor (no paid action),0.0,Opens 0.3 emails/month; 1 support tickets in last 3m; Preferred category: Bakery
1867,500986,Active,Silver,Denver,Personal Care,0.0,Low,79.27,0.6,Monitor (no paid action),0.0,1 support tickets in last 3m; Opted in to marketing; Spend $82/month (last 3m)
1868,501456,Active,Silver,Austin,Bakery,0.0,Low,166.79,0.6,Monitor (no paid action),0.0,Opens 0.3 emails/month; Preferred category: Bakery; Buys 1.0 categories/month
1869,501950,Active,Platinum,Portland,Household,0.0,Low,154.46,0.59,Monitor (no paid action),0.0,Transactions trending down (-0.5/month); Only 2 transaction(s) last month; Opted in to marketing
1870,500169,Active,Gold,Nashville,Beverages,0.0,Low,145.24,0.59,Monitor (no paid action),0.0,New member (<4 months of history); Only 3 transaction(s) last month; 0 formal complaints in 6m
1871,501301,Active,Silver,Madison,Produce,0.0,Low,108.77,0.59,Monitor (no paid action),0.0,3 support tickets in 6m; Opted in to marketing; Buys 1.3 categories/month
1872,501365,Active,Platinum,Nashville,Dairy,0.0,Low,156.79,0.58,Monitor (no paid action),0.0,Opted in to marketing; No coupons redeemed in last 3m; 3.0 transactions/month (last 3m)
1873,500323,Active,Silver,Portland,Beverages,0.0,Low,106.77,0.58,Monitor (no paid action),0.0,Spend +80% vs prior 3m; Opened 0.7 emails/month before; 0 formal complaints in 6m
1874,501115,Active,Gold,Nashville,Frozen Foods,0.0,Low,201.01,0.57,Monitor (no paid action),0.0,No marketing emails opened in last 3m; No coupons redeemed in last 3m; Age unknown
1875,500080,Active,Platinum,Denver,Dairy,0.0,Low,191.13,0.57,Monitor (no paid action),0.0,Opted in to marketing; App use -33% vs prior 3m; Home-store price tier: Value
1876,500664,Active,Silver,Austin,Frozen Foods,0.0,Low,145.85,0.56,Monitor (no paid action),0.0,Opted in to marketing; New member (<4 months of history); Home-store price tier: Value
1877,501927,Active,Silver,Denver,Snacks,0.0,Low,164.36,0.56,Monitor (no paid action),0.0,No marketing emails opened in last 3m; 1 support tickets in last 3m; App use was 0.5 sessions/month
1878,501035,Active,Silver,Portland,Snacks,0.0,Low,128.16,0.56,Monitor (no paid action),0.0,1 support tickets in last 3m; Age unknown; Redeemed 0.0 coupons/month before
1879,501720,Active,Platinum,Austin,Beverages,0.0,Low,274.68,0.56,Monitor (no paid action),0.0,Opens 0.5 emails/month; Opted in to marketing; New member (<4 months of history)
1880,502206,Active,Silver,Portland,Frozen Foods,0.0,Low,39.37,0.56,Monitor (no paid action),0.0,1.0 transactions/month (last 3m); Spend $27/month (last 3m); Buys 0.0 categories/month
1881,500967,Active,Gold,Denver,Snacks,0.0,Low,167.78,0.56,Monitor (no paid action),0.0,Opens 0.3 emails/month; App use -62% vs prior 3m; City: Denver
1882,501686,Active,Silver,Austin,Beverages,0.0,Low,264.6,0.55,Monitor (no paid action),0.0,Opens 0.5 emails/month; Opted in to marketing; New member (<4 months of history)
1883,500691,Active,Gold,Spokane,Produce,0.0,Low,175.85,0.55,Monitor (no paid action),0.0,Opted in to marketing; No coupons redeemed in last 3m; Transactions trending down (-0.3/month)
1884,500412,Active,Silver,Tulsa,Personal Care,0.0,Low,147.07,0.55,Monitor (no paid action),0.0,App use -75% vs prior 3m; Opted in to marketing; Preferred category: Personal Care
1885,500655,Active,Silver,Columbus,Produce,0.0,Low,104.51,0.54,Monitor (no paid action),0.0,2 support tickets in last 3m; Opened 0.0 emails/month before; City: Columbus
1886,502580,Active,Silver,Boise,Produce,0.0,Low,46.74,0.54,Monitor (no paid action),0.0,Spend $50/month (last 3m); 1 support tickets in last 3m; Opened 0.0 emails/month before
1887,502351,Active,Silver,Boise,Household,0.0,Low,250.62,0.54,Monitor (no paid action),0.0,Transactions trending down (-0.8/month); Opted in to marketing; Home-store price tier: Value
1888,500357,Active,Silver,Boise,Produce,0.0,Low,112.93,0.54,Monitor (no paid action),0.0,Formal complaint in last 3m; Spend +135% vs prior 3m; App use -50% vs prior 3m
1889,502334,Active,Silver,Boise,Beverages,0.0,Low,111.6,0.53,Monitor (no paid action),0.0,2 support tickets in last 3m; Spend +114% vs prior 3m; Opted in to marketing
1890,501512,Active,Silver,Austin,Personal Care,0.0,Low,145.11,0.53,Monitor (no paid action),0.0,Formal complaint in last 3m; App use was 0.0 sessions/month; Opted in to marketing
1891,500172,Active,Gold,Portland,Frozen Foods,0.0,Low,344.61,0.53,Monitor (no paid action),0.0,1 support tickets in last 3m; Opted in to marketing; App use -29% vs prior 3m
1892,502500,Active,Gold,Portland,Snacks,0.0,Low,134.82,0.52,Monitor (no paid action),0.0,1 support tickets in last 3m; Opted in to marketing; Spend +82% vs prior 3m
1893,500255,Active,Gold,Spokane,Household,0.0,Low,237.83,0.51,Monitor (no paid action),0.0,Transactions trending down (-1.9/month); Opted in to marketing; Only 3 transaction(s) last month
1894,500915,Active,Gold,Portland,Frozen Foods,0.0,Low,329.46,0.51,Monitor (no paid action),0.0,No marketing emails opened in last 3m; 1 support tickets in last 3m; Transactions trending down (-0.5/month)
1895,500307,Active,Gold,Spokane,Snacks,0.0,Low,108.44,0.51,Monitor (no paid action),0.0,Opted in to marketing; Buys 1.3 categories/month; Spend $101/month (last 3m)
1896,502568,Active,Silver,Boise,Beverages,0.0,Low,132.42,0.51,Monitor (no paid action),0.0,2.0 transactions/month (last 3m); Spend $60/month (last 3m); Opted in to marketing
1897,501360,Active,Silver,Portland,Beverages,0.0,Low,215.25,0.51,Monitor (no paid action),0.0,Transactions trending down (-0.9/month); Formal complaint in last 3m; Opens 0.7 emails/month
1898,501182,Active,Silver,Portland,Household,0.0,Low,101.95,0.49,Monitor (no paid action),0.0,Transactions trending down (-0.5/month); Opted in to marketing; Spend $84/month (last 3m)
1899,500731,Active,Silver,Nashville,Dairy,0.0,Low,162.41,0.49,Monitor (no paid action),0.0,Opted in to marketing; App use 1.0 sessions/month; Transactions trending down (-0.3/month)
1900,500270,Active,Gold,Raleigh,Produce,0.0,Low,225.08,0.49,Monitor (no paid action),0.0,App use 1.0 sessions/month; No coupons redeemed in last 3m; New member (<4 months of history)
1901,500552,Active,Gold,Denver,Bakery,0.0,Low,166.82,0.49,Monitor (no paid action),0.0,Opens 0.3 emails/month; 1 support tickets in last 3m; Preferred category: Bakery
1902,501390,Active,Gold,Denver,Household,0.0,Low,97.32,0.49,Monitor (no paid action),0.0,Opted in to marketing; Spend +88% vs prior 3m; 46% of trips use a promotion
1903,500587,Active,Gold,Columbus,Personal Care,0.0,Low,213.97,0.49,Monitor (no paid action),0.0,Transactions trending down (-0.8/month); Opted in to marketing; City: Columbus
1904,501785,Active,Gold,Tulsa,Dairy,0.0,Low,152.67,0.48,Monitor (no paid action),0.0,Opted in to marketing; Opens 0.7 emails/month; Home-store price tier: Value
1905,500729,Active,Gold,Austin,Frozen Foods,0.0,Low,185.87,0.48,Monitor (no paid action),0.0,Opted in to marketing; Home-store price tier: Value; City: Austin
1906,501437,Active,Silver,Denver,Snacks,0.0,Low,94.44,0.48,Monitor (no paid action),0.0,No marketing emails opened in last 3m; City: Denver; Spend $103/month (last 3m)
1907,501524,Active,Gold,Austin,Personal Care,0.0,Low,165.07,0.47,Monitor (no paid action),0.0,Opens 0.3 emails/month; App use was 0.0 sessions/month; No coupons redeemed in last 3m
1908,502446,Active,Silver,Tulsa,Bakery,0.0,Low,137.75,0.47,Monitor (no paid action),0.0,Preferred category: Bakery; Opted in to marketing; New member (<4 months of history)
1909,502002,Active,Gold,Nashville,Personal Care,0.0,Low,182.65,0.47,Monitor (no paid action),0.0,Home-store price tier: Value; Transactions trending down (-0.3/month); Redeemed 0.0 coupons/month before
1910,500956,Active,Gold,Denver,Household,0.0,Low,269.52,0.47,Monitor (no paid action),0.0,No marketing emails opened in last 3m; Age unknown; Home-store price tier: Value
1911,502219,Active,Silver,Raleigh,Dairy,0.0,Low,192.61,0.47,Monitor (no paid action),0.0,Opted in to marketing; Home-store price tier: Value; 41% of trips use a promotion
1912,501389,Active,Gold,Nashville,Bakery,0.0,Low,262.07,0.47,Monitor (no paid action),0.0,Spend +142% vs prior 3m; Preferred category: Bakery; App use -45% vs prior 3m
1913,501137,Active,Silver,Spokane,Household,0.0,Low,107.68,0.46,Monitor (no paid action),0.0,Only 1 transaction(s) last month; Formal complaint in last 3m; Opted in to marketing
1914,501729,Active,Silver,Tulsa,Snacks,0.0,Low,219.3,0.45,Monitor (no paid action),0.0,Transactions trending down (-0.9/month); Opted in to marketing; 2 support tickets in 6m
1915,502271,Active,Gold,Raleigh,Frozen Foods,0.0,Low,198.43,0.45,Monitor (no paid action),0.0,Transactions trending down (-0.5/month); Buys 0.7 categories/month; Opted in to marketing
1916,500500,Active,Silver,Denver,Bakery,0.0,Low,68.15,0.45,Monitor (no paid action),0.0,Spend $58/month (last 3m); Preferred category: Bakery; Opens 0.7 emails/month
1917,500742,Active,Silver,Tulsa,Snacks,0.0,Low,176.68,0.45,Monitor (no paid action),0.0,3 support tickets in 6m; Opted in to marketing; No coupons redeemed in last 3m
1918,502487,Active,Gold,Tulsa,Personal Care,0.0,Low,169.0,0.44,Monitor (no paid action),0.0,2 support tickets in 6m; Opens 0.7 emails/month; Preferred category: Personal Care
1919,502527,Active,Gold,Tulsa,Snacks,0.0,Low,177.83,0.44,Monitor (no paid action),0.0,Opted in to marketing; 42% of trips use a promotion; Only 3 transaction(s) last month
1920,502346,Active,Gold,Portland,Dairy,0.0,Low,211.24,0.44,Monitor (no paid action),0.0,No marketing emails opened in last 3m; App use -37% vs prior 3m; Spend +37% vs prior 3m
1921,502217,Active,Silver,Tulsa,Produce,0.0,Low,151.86,0.44,Monitor (no paid action),0.0,No marketing emails opened in last 3m; Spend +98% vs prior 3m; App use -33% vs prior 3m
1922,500558,Active,Silver,Denver,Snacks,0.0,Low,111.14,0.44,Monitor (no paid action),0.0,App use -75% vs prior 3m; Opted in to marketing; Opened 0.0 emails/month before
1923,502223,Active,Platinum,Portland,Frozen Foods,0.0,Low,178.59,0.43,Monitor (no paid action),0.0,2 support tickets in last 3m; Spend +111% vs prior 3m; Opted in to marketing
1924,500861,Active,Silver,Raleigh,Bakery,0.0,Low,118.8,0.43,Monitor (no paid action),0.0,Preferred category: Bakery; Opted in to marketing; Home-store price tier: Value
1925,500777,Active,Silver,Austin,Household,0.0,Low,148.81,0.43,Monitor (no paid action),0.0,New member (<4 months of history); Home-store price tier: Value; Bought in 1 of last 3 months
1926,502227,Active,Platinum,Nashville,Produce,0.0,Low,207.12,0.43,Monitor (no paid action),0.0,Opted in to marketing; App use 1.0 sessions/month; New member (<4 months of history)
1927,502061,Active,Silver,Raleigh,Produce,0.0,Low,117.08,0.43,Monitor (no paid action),0.0,Opted in to marketing; Buys 1.0 categories/month; Only 3 transaction(s) last month
1928,501074,Active,Silver,Denver,Produce,0.0,Low,146.04,0.43,Monitor (no paid action),0.0,2 support tickets in 6m; Home-store price tier: Value; App use -21% vs prior 3m
1929,502074,Active,Silver,Denver,Beverages,0.0,Low,179.45,0.43,Monitor (no paid action),0.0,Formal complaint in last 3m; Opted in to marketing; City: Denver
1930,502515,Active,Silver,Raleigh,Household,0.0,Low,149.96,0.42,Monitor (no paid action),0.0,Formal complaint in last 3m; Opted in to marketing; No coupons redeemed in last 3m
1931,501412,Active,Silver,Denver,Produce,0.0,Low,169.93,0.42,Monitor (no paid action),0.0,Opted in to marketing; City: Denver; Redeems 0.3 coupons/month
1932,500856,Active,Silver,Raleigh,Frozen Foods,0.0,Low,152.84,0.42,Monitor (no paid action),0.0,Opted in to marketing; No coupons redeemed in last 3m; App use -33% vs prior 3m
1933,501992,Active,Gold,Portland,Frozen Foods,0.0,Low,162.35,0.41,Monitor (no paid action),0.0,App use -60% vs prior 3m; 1 support tickets in last 3m; Opted in to marketing
1934,500071,Active,Gold,Portland,Snacks,0.0,Low,331.1,0.41,Monitor (no paid action),0.0,Transactions trending down (-0.8/month); App use -50% vs prior 3m; No coupons redeemed in last 3m
1935,502306,Active,Platinum,Madison,Frozen Foods,0.0,Low,337.77,0.4,Monitor (no paid action),0.0,Opted in to marketing; App use -33% vs prior 3m; Transactions trending down (-0.3/month)
1936,502121,Active,Gold,Madison,Bakery,0.0,Low,229.62,0.4,Monitor (no paid action),0.0,Opens 0.5 emails/month; Preferred category: Bakery; Opted in to marketing
1937,501188,Active,Silver,Raleigh,Dairy,0.0,Low,258.55,0.4,Monitor (no paid action),0.0,No marketing emails opened in last 3m; 1 support tickets in last 3m; Redeems 0.3 coupons/month
1938,501934,Active,Gold,Raleigh,Personal Care,0.0,Low,205.84,0.4,Monitor (no paid action),0.0,Opens 0.3 emails/month; 1 support tickets in last 3m; Home-store price tier: Value
1939,500490,Active,Silver,Raleigh,Beverages,0.0,Low,93.17,0.4,Monitor (no paid action),0.0,Opted in to marketing; Spend $90/month (last 3m); Redeemed 0.0 coupons/month before
1940,502226,Active,Silver,Nashville,Frozen Foods,0.0,Low,118.54,0.4,Monitor (no paid action),0.0,Opens 0.3 emails/month; Home-store price tier: Value; Redeems 0.3 coupons/month
1941,502242,Active,Silver,Columbus,Frozen Foods,0.0,Low,289.9,0.39,Monitor (no paid action),0.0,Opens 0.3 emails/month; Transactions trending down (-0.5/month); City: Columbus
1942,501302,Active,Silver,Raleigh,Household,0.0,Low,159.49,0.39,Monitor (no paid action),0.0,Transactions trending down (-0.5/month); Opted in to marketing; App use -30% vs prior 3m
1943,500550,Active,Platinum,Denver,Snacks,0.0,Low,272.51,0.39,Monitor (no paid action),0.0,Opens 0.3 emails/month; Formal complaint in last 3m; App use -33% vs prior 3m
1944,500695,Active,Gold,Columbus,Frozen Foods,0.0,Low,135.56,0.39,Monitor (no paid action),0.0,Opted in to marketing; App use 1.0 sessions/month; New member (<4 months of history)
1945,502557,Active,Silver,Raleigh,Frozen Foods,0.0,Low,197.47,0.39,Monitor (no paid action),0.0,Opted in to marketing; No coupons redeemed in last 3m; App use -40% vs prior 3m
1946,500184,Active,Gold,Nashville,Produce,0.0,Low,222.71,0.38,Monitor (no paid action),0.0,Transactions trending down (-0.5/month); Opted in to marketing; Home-store price tier: Value
1947,501597,Active,Gold,Raleigh,Dairy,0.0,Low,158.52,0.38,Monitor (no paid action),0.0,Buys 0.7 categories/month; Opted in to marketing; Spend +77% vs prior 3m
1948,501452,Active,Gold,Raleigh,Personal Care,0.0,Low,203.67,0.38,Monitor (no paid action),0.0,Opted in to marketing; No coupons redeemed in last 3m; Preferred category: Personal Care
1949,500330,Active,Silver,Denver,Produce,0.0,Low,128.0,0.38,Monitor (no paid action),0.0,No marketing emails opened in last 3m; Spend +60% vs prior 3m; City: Denver
1950,502549,Active,Platinum,Nashville,Frozen Foods,0.0,Low,196.9,0.38,Monitor (no paid action),0.0,Spend +176% vs prior 3m; App use 0.3 sessions/month; Formal complaint in last 3m
1951,500488,Active,Silver,Columbus,Household,0.0,Low,188.67,0.38,Monitor (no paid action),0.0,1 support tickets in last 3m; Opted in to marketing; No coupons redeemed in last 3m
1952,501283,Active,Silver,Tulsa,Dairy,0.0,Low,299.82,0.37,Monitor (no paid action),0.0,No marketing emails opened in last 3m; Home-store price tier: Value; Redeemed 0.0 coupons/month before
1953,500408,Active,Silver,Tulsa,Produce,0.0,Low,150.65,0.36,Monitor (no paid action),0.0,Transactions trending down (-0.8/month); Opted in to marketing; Home-store price tier: Value
1954,502118,Active,Silver,Austin,Frozen Foods,0.0,Low,160.88,0.36,Monitor (no paid action),0.0,Opted in to marketing; Spend +87% vs prior 3m; Opened 0.3 emails/month before
1955,500608,Active,Silver,Austin,Beverages,0.0,Low,212.87,0.36,Monitor (no paid action),0.0,Opens 0.3 emails/month; 1 support tickets in last 3m; 38% of trips use a promotion
1956,501254,Active,Silver,Spokane,Produce,0.0,Low,133.9,0.36,Monitor (no paid action),0.0,Transactions trending down (-0.8/month); Opens 0.5 emails/month; App use was 0.7 sessions/month
1957,502577,Active,Silver,Austin,Beverages,0.0,Low,66.58,0.35,Monitor (no paid action),0.0,2.0 transactions/month (last 3m); Spend $67/month (last 3m); Opted in to marketing
1958,500507,Active,Silver,Boise,Household,0.0,Low,100.29,0.35,Monitor (no paid action),0.0,Spend +224% vs prior 3m; Opted in to marketing; No coupons redeemed in last 3m
1959,502249,Active,Gold,Columbus,Beverages,0.0,Low,94.83,0.35,Monitor (no paid action),0.0,Opted in to marketing; New member (<4 months of history); City: Columbus
1960,501555,Active,Silver,Madison,Bakery,0.0,Low,135.12,0.35,Monitor (no paid action),0.0,Preferred category: Bakery; Opted in to marketing; 0 formal complaints in 6m
1961,500636,Active,Gold,Raleigh,Bakery,0.0,Low,189.31,0.35,Monitor (no paid action),0.0,Preferred category: Bakery; Opted in to marketing; Redeemed 0.0 coupons/month before
1962,502065,Active,Silver,Tulsa,Frozen Foods,0.0,Low,90.21,0.35,Monitor (no paid action),0.0,Opted in to marketing; Spend +72% vs prior 3m; 43% of trips use a promotion
1963,500141,Active,Silver,Nashville,Bakery,0.0,Low,242.6,0.35,Monitor (no paid action),0.0,Transactions trending down (-1.4/month); Preferred category: Bakery; Home-store price tier: Value
1964,501057,Active,Silver,Nashville,Produce,0.0,Low,197.42,0.35,Monitor (no paid action),0.0,No marketing emails opened in last 3m; Spend +216% vs prior 3m; App use -75% vs prior 3m
1965,501553,Active,Gold,Denver,Dairy,0.0,Low,297.73,0.35,Monitor (no paid action),0.0,No marketing emails opened in last 3m; Age unknown; New member (<4 months of history)
1966,502240,Active,Silver,Portland,Dairy,0.0,Low,215.38,0.35,Monitor (no paid action),0.0,Transactions trending down (-0.7/month); Opens 0.3 emails/month; Home-store price tier: Value
1967,501018,Active,Gold,Spokane,Dairy,0.0,Low,256.18,0.35,Monitor (no paid action),0.0,Opted in to marketing; App use -33% vs prior 3m; Home-store price tier: Value
1968,502142,Active,Silver,Denver,Dairy,0.0,Low,158.01,0.34,Monitor (no paid action),0.0,App use was 0.0 sessions/month; Opted in to marketing; Redeemed 0.0 coupons/month before
1969,500277,Active,Gold,Madison,Dairy,0.0,Low,117.05,0.34,Monitor (no paid action),0.0,Opted in to marketing; Home-store price tier: Value; Spend +60% vs prior 3m
1970,501865,Active,Gold,Boise,Bakery,0.0,Low,103.68,0.34,Monitor (no paid action),0.0,Buys 0.3 categories/month; Only 2 transaction(s) last month; Preferred category: Bakery
1971,501151,Active,Gold,Spokane,Snacks,0.0,Low,187.62,0.34,Monitor (no paid action),0.0,Opted in to marketing; App use 1.0 sessions/month; No coupons redeemed in last 3m
1972,502354,Active,Gold,Denver,Beverages,0.0,Low,182.9,0.34,Monitor (no paid action),0.0,No marketing emails opened in last 3m; Transactions trending down (-0.5/month); App use -15% vs prior 3m
1973,502119,Active,Gold,Raleigh,Household,0.0,Low,109.4,0.33,Monitor (no paid action),0.0,Opted in to marketing; 0 formal complaints in 6m; Active in 100% of recent months
1974,502499,Active,Silver,Columbus,Beverages,0.0,Low,177.72,0.33,Monitor (no paid action),0.0,Opted in to marketing; Transactions trending down (-0.4/month); No coupons redeemed in last 3m
1975,501435,Active,Silver,Madison,Dairy,0.0,Low,167.41,0.33,Monitor (no paid action),0.0,Formal complaint in last 3m; Transactions trending down (-0.5/month); Only 2 transaction(s) last month
1976,500505,Active,Silver,Spokane,Frozen Foods,0.0,Low,16.18,0.32,Monitor (no paid action),0.0,1.0 transactions/month (last 3m); Spend $16/month (last 3m); Opted in to marketing
1977,502471,Active,Silver,Boise,Dairy,0.0,Low,95.03,0.32,Monitor (no paid action),0.0,Spend +190% vs prior 3m; Opted in to marketing; Opens 0.7 emails/month
1978,500112,Active,Silver,Madison,Frozen Foods,0.0,Low,95.99,0.32,Monitor (no paid action),0.0,No marketing emails opened in last 3m; Spend +93% vs prior 3m; Home-store price tier: Value
1979,501651,Active,Silver,Madison,Household,0.0,Low,146.59,0.31,Monitor (no paid action),0.0,Opted in to marketing; App use -33% vs prior 3m; Redeemed 0.0 coupons/month before
1980,500784,Active,Silver,Columbus,Snacks,0.0,Low,219.3,0.31,Monitor (no paid action),0.0,Formal complaint in last 3m; Age unknown; New member (<4 months of history)
1981,502180,Active,Gold,Tulsa,Produce,0.0,Low,147.06,0.31,Monitor (no paid action),0.0,Spend +152% vs prior 3m; Opted in to marketing; Redeemed 0.0 coupons/month before
1982,500174,Active,Silver,Portland,Dairy,0.0,Low,170.05,0.3,Monitor (no paid action),0.0,Opted in to marketing; Redeemed 0.0 coupons/month before; App use was 1.0 sessions/month
1983,501803,Active,Silver,Austin,Frozen Foods,0.0,Low,132.92,0.3,Monitor (no paid action),0.0,Opted in to marketing; Buys 1.7 categories/month; City: Austin
1984,500058,Active,Platinum,Boise,Snacks,0.0,Low,193.89,0.3,Monitor (no paid action),0.0,Opted in to marketing; No coupons redeemed in last 3m; Home-store price tier: Value
1985,502046,Active,Silver,Boise,Snacks,0.0,Low,157.99,0.3,Monitor (no paid action),0.0,1 support tickets in last 3m; Opted in to marketing; Home-store price tier: Value
1986,501432,Active,Gold,Tulsa,Dairy,0.0,Low,206.59,0.3,Monitor (no paid action),0.0,Opted in to marketing; App use -10% vs prior 3m; Opened 0.7 emails/month before
1987,500133,Active,Silver,Boise,Household,0.0,Low,99.5,0.3,Monitor (no paid action),0.0,Opted in to marketing; No coupons redeemed in last 3m; New member (<4 months of history)
1988,502274,Active,Silver,Tulsa,Bakery,0.0,Low,94.35,0.29,Monitor (no paid action),0.0,App use trending down; Opens 0.3 emails/month; Preferred category: Bakery
1989,501818,Active,Silver,Nashville,Snacks,0.0,Low,83.9,0.29,Monitor (no paid action),0.0,Only 2 transaction(s) last month; Home-store price tier: Value; Spend +57% vs prior 3m
1990,502015,Active,Platinum,Columbus,Frozen Foods,0.0,Low,365.29,0.29,Monitor (no paid action),0.0,Transactions trending down (-1.0/month); No marketing emails opened in last 3m; No coupons redeemed in last 3m
1991,502028,Active,Silver,Spokane,Dairy,0.0,Low,123.77,0.29,Monitor (no paid action),0.0,Opted in to marketing; App use -40% vs prior 3m; 38% of trips use a promotion
1992,500329,Active,Gold,Boise,Household,0.0,Low,175.7,0.29,Monitor (no paid action),0.0,Opted in to marketing; Opens 0.7 emails/month; Spend +30% vs prior 3m
1993,501402,Active,Silver,Raleigh,Produce,0.0,Low,137.71,0.28,Monitor (no paid action),0.0,Opens 0.3 emails/month; Spend +79% vs prior 3m; App use was 1.3 sessions/month
1994,500974,Active,Silver,Raleigh,Frozen Foods,0.0,Low,209.91,0.28,Monitor (no paid action),0.0,Opens 0.3 emails/month; Transactions trending down (-0.4/month); No coupons redeemed in last 3m
1995,500194,Active,Gold,Tulsa,Beverages,0.0,Low,130.43,0.28,Monitor (no paid action),0.0,Spend +143% vs prior 3m; Opted in to marketing; Home-store price tier: Value
1996,502286,Active,Platinum,Spokane,Frozen Foods,0.0,Low,167.3,0.28,Monitor (no paid action),0.0,Opted in to marketing; 2 support tickets in 6m; App use was 1.0 sessions/month
1997,502594,Active,Silver,Madison,Dairy,0.0,Low,148.83,0.28,Monitor (no paid action),0.0,Opened 0.3 emails/month before; Spend $94/month (last 3m); App use -17% vs prior 3m
1998,501275,Active,Silver,Austin,Beverages,0.0,Low,140.42,0.27,Monitor (no paid action),0.0,Opted in to marketing; Spend +82% vs prior 3m; Redeemed 0.0 coupons/month before
1999,501440,Active,Silver,Raleigh,Frozen Foods,0.0,Low,142.79,0.27,Monitor (no paid action),0.0,Opted in to marketing; Home-store price tier: Value; App use -17% vs prior 3m
2000,502038,Active,Silver,Columbus,Produce,0.0,Low,169.88,0.27,Monitor (no paid action),0.0,Transactions trending down (-0.5/month); Opted in to marketing; City: Columbus
2001,500291,Active,Gold,Nashville,Beverages,0.0,Low,200.76,0.27,Monitor (no paid action),0.0,Opted in to marketing; Buys 1.0 categories/month; App use -30% vs prior 3m
2002,501366,Active,Gold,Boise,Produce,0.0,Low,123.8,0.27,Monitor (no paid action),0.0,Opted in to marketing; No coupons redeemed in last 3m; Home-store price tier: Value
2003,500728,Active,Silver,Denver,Snacks,0.0,Low,153.87,0.26,Monitor (no paid action),0.0,No marketing emails opened in last 3m; Spend +146% vs prior 3m; City: Denver
2004,500040,Active,Silver,Nashville,Dairy,0.0,Low,145.48,0.26,Monitor (no paid action),0.0,Opted in to marketing; Transactions trending down (-0.2/month); Redeems 0.3 coupons/month
2005,500391,Active,Silver,Raleigh,Beverages,0.0,Low,59.01,0.26,Monitor (no paid action),0.0,Opens 0.5 emails/month; Spend $69/month (last 3m); Home-store price tier: Value
2006,500212,Active,Gold,Madison,Bakery,0.0,Low,126.22,0.26,Monitor (no paid action),0.0,No marketing emails opened in last 3m; Preferred category: Bakery; Opted in to marketing
2007,502381,Active,Silver,Spokane,Frozen Foods,0.0,Low,160.8,0.26,Monitor (no paid action),0.0,No marketing emails opened in last 3m; Formal complaint in last 3m; Spend +89% vs prior 3m
2008,502432,Active,Gold,Boise,Bakery,0.0,Low,154.11,0.26,Monitor (no paid action),0.0,Preferred category: Bakery; Transactions trending down (-0.3/month); Redeemed 0.0 coupons/month before
2009,501088,Active,Platinum,Spokane,Household,0.0,Low,141.54,0.26,Monitor (no paid action),0.0,Opted in to marketing; 2 support tickets in 6m; App use -33% vs prior 3m
2010,501020,Active,Silver,Raleigh,Frozen Foods,0.0,Low,89.15,0.26,Monitor (no paid action),0.0,App use -50% vs prior 3m; Opted in to marketing; Spend +86% vs prior 3m
2011,500064,Active,Gold,Spokane,Bakery,0.0,Low,198.82,0.25,Monitor (no paid action),0.0,No marketing emails opened in last 3m; Preferred category: Bakery; Spend +53% vs prior 3m
2012,501854,Active,Silver,Tulsa,Personal Care,0.0,Low,135.72,0.25,Monitor (no paid action),0.0,App use -50% vs prior 3m; Opted in to marketing; Home-store price tier: Value
2013,500356,Active,Silver,Spokane,Personal Care,0.0,Low,179.9,0.25,Monitor (no paid action),0.0,No marketing emails opened in last 3m; Preferred category: Personal Care; App use -21% vs prior 3m
2014,500506,Active,Gold,Raleigh,Snacks,0.0,Low,175.07,0.25,Monitor (no paid action),0.0,Spend +115% vs prior 3m; Opted in to marketing; Home-store price tier: Value
2015,500275,Active,Gold,Boise,Produce,0.0,Low,153.06,0.24,Monitor (no paid action),0.0,Opted in to marketing; App use -26% vs prior 3m; Opened 0.5 emails/month before
2016,500223,Active,Gold,Spokane,Snacks,0.0,Low,97.91,0.24,Monitor (no paid action),0.0,Spend +183% vs prior 3m; App use 1.0 sessions/month; Opened 0.3 emails/month before
2017,500952,Active,Silver,Spokane,Beverages,0.0,Low,90.96,0.24,Monitor (no paid action),0.0,No coupons redeemed in last 3m; Spend +83% vs prior 3m; App use -37% vs prior 3m
2018,501315,Active,Silver,Denver,Personal Care,0.0,Low,139.18,0.24,Monitor (no paid action),0.0,Opens 0.5 emails/month; Buys 1.0 categories/month; Preferred category: Personal Care
2019,500839,Active,Silver,Columbus,Household,0.0,Low,190.16,0.24,Monitor (no paid action),0.0,Formal complaint in last 3m; Opted in to marketing; City: Columbus
2020,500601,Active,Silver,Tulsa,Household,0.0,Low,166.39,0.24,Monitor (no paid action),0.0,Opted in to marketing; App use 1.0 sessions/month; New member (<4 months of history)
2021,500103,Active,Gold,Portland,Dairy,0.0,Low,122.65,0.24,Monitor (no paid action),0.0,Opted in to marketing; Redeemed 0.0 coupons/month before; Buys 1.7 categories/month
2022,502436,Active,Silver,Tulsa,Snacks,0.0,Low,102.14,0.24,Monitor (no paid action),0.0,Formal complaint in last 3m; Opted in to marketing; No coupons redeemed in last 3m
2023,501545,Active,Gold,Denver,Household,0.0,Low,127.98,0.24,Monitor (no paid action),0.0,Opens 0.5 emails/month; Home-store price tier: Value; Spend +50% vs prior 3m
2024,501899,Active,Gold,Columbus,Frozen Foods,0.0,Low,208.62,0.24,Monitor (no paid action),0.0,Opens 0.3 emails/month; City: Columbus; Home-store price tier: Value
2025,500913,Active,Silver,Austin,Frozen Foods,0.0,Low,173.01,0.23,Monitor (no paid action),0.0,Opens 0.3 emails/month; Opted in to marketing; City: Austin
2026,500403,Active,Silver,Columbus,Beverages,0.0,Low,132.33,0.23,Monitor (no paid action),0.0,Opens 0.3 emails/month; No coupons redeemed in last 3m; Spend +82% vs prior 3m
2027,501400,Active,Gold,Austin,Dairy,0.0,Low,157.25,0.23,Monitor (no paid action),0.0,Opens 0.5 emails/month; App use was 0.0 sessions/month; Redeemed 0.0 coupons/month before
2028,500901,Active,Silver,Tulsa,Household,0.0,Low,154.87,0.22,Monitor (no paid action),0.0,Opted in to marketing; App use -11% vs prior 3m; 0 formal complaints in 6m
2029,500462,Active,Silver,Denver,Bakery,0.0,Low,246.14,0.22,Monitor (no paid action),0.0,No marketing emails opened in last 3m; Preferred category: Bakery; City: Denver
2030,500686,Active,Gold,Nashville,Frozen Foods,0.0,Low,281.69,0.22,Monitor (no paid action),0.0,Transactions trending down (-1.0/month); Opted in to marketing; Redeemed 0.0 coupons/month before
2031,502310,Active,Silver,Denver,Frozen Foods,0.0,Low,147.82,0.22,Monitor (no paid action),0.0,Age unknown; Home-store price tier: Value; Buys 1.3 categories/month
2032,501041,Active,Silver,Raleigh,Dairy,0.0,Low,186.25,0.22,Monitor (no paid action),0.0,1 support tickets in last 3m; Opted in to marketing; No coupons redeemed in last 3m
2033,501907,Active,Gold,Raleigh,Beverages,0.0,Low,184.69,0.22,Monitor (no paid action),0.0,Opted in to marketing; App use 1.0 sessions/month; New member (<4 months of history)
2034,502328,Active,Silver,Spokane,Household,0.0,Low,161.4,0.22,Monitor (no paid action),0.0,Opens 0.3 emails/month; App use -70% vs prior 3m; Spend +77% vs prior 3m
2035,500422,Active,Silver,Nashville,Produce,0.0,Low,174.49,0.22,Monitor (no paid action),0.0,1 support tickets in last 3m; Opted in to marketing; App use -33% vs prior 3m
2036,500859,Active,Silver,Spokane,Household,0.0,Low,181.72,0.22,Monitor (no paid action),0.0,Spend +96% vs prior 3m; Opted in to marketing; No coupons redeemed in last 3m
2037,501215,Active,Silver,Denver,Dairy,0.0,Low,193.05,0.21,Monitor (no paid action),0.0,Formal complaint in last 3m; New member (<4 months of history); App use trending down
2038,501135,Active,Silver,Portland,Personal Care,0.0,Low,191.23,0.21,Monitor (no paid action),0.0,No marketing emails opened in last 3m; Spend +55% vs prior 3m; Preferred category: Personal Care
2039,501810,Active,Silver,Nashville,Dairy,0.0,Low,148.47,0.21,Monitor (no paid action),0.0,Transactions trending down (-0.5/month); Opted in to marketing; New member (<4 months of history)
2040,502109,Active,Gold,Portland,Frozen Foods,0.0,Low,207.89,0.21,Monitor (no paid action),0.0,Formal complaint in last 3m; Only 2 transaction(s) last month; Opted in to marketing
2041,500335,Active,Silver,Nashville,Bakery,0.0,Low,175.92,0.21,Monitor (no paid action),0.0,Preferred category: Bakery; Opted in to marketing; App use -33% vs prior 3m
2042,501618,Active,Silver,Madison,Beverages,0.0,Low,190.31,0.21,Monitor (no paid action),0.0,1 support tickets in last 3m; Opens 0.5 emails/month; Opted in to marketing
2043,500812,Active,Gold,Denver,Bakery,0.0,Low,363.11,0.21,Monitor (no paid action),0.0,2 support tickets in last 3m; Preferred category: Bakery; Opted in to marketing
2044,502369,Active,Silver,Madison,Dairy,0.0,Low,151.21,0.21,Monitor (no paid action),0.0,Opted in to marketing; App use -45% vs prior 3m; No coupons redeemed in last 3m
2045,500136,Active,Gold,Columbus,Dairy,0.0,Low,176.39,0.2,Monitor (no paid action),0.0,City: Columbus; Home-store price tier: Value; Redeemed 0.0 coupons/month before
2046,502146,Active,Silver,Tulsa,Bakery,0.0,Low,148.91,0.2,Monitor (no paid action),0.0,No marketing emails opened in last 3m; Spend +157% vs prior 3m; Preferred category: Bakery
2047,500128,Active,Gold,Boise,Produce,0.0,Low,120.34,0.2,Monitor (no paid action),0.0,Opted in to marketing; Home-store price tier: Value; App use was 1.0 sessions/month
2048,502326,Active,Silver,Madison,Frozen Foods,0.0,Low,153.57,0.2,Monitor (no paid action),0.0,Opted in to marketing; No coupons redeemed in last 3m; 0 formal complaints in 6m
2049,502276,Active,Gold,Boise,Frozen Foods,0.0,Low,192.76,0.19,Monitor (no paid action),0.0,Transactions trending down (-0.6/month); Opted in to marketing; Home-store price tier: Value
2050,500369,Active,Platinum,Tulsa,Frozen Foods,0.0,Low,213.74,0.19,Monitor (no paid action),0.0,Opted in to marketing; Home-store price tier: Value; Spend +39% vs prior 3m
2051,500927,Active,Gold,Raleigh,Frozen Foods,0.0,Low,134.91,0.19,Monitor (no paid action),0.0,Opted in to marketing; Spend +91% vs prior 3m; Opened 0.5 emails/month before
2052,502475,Active,Gold,Raleigh,Frozen Foods,0.0,Low,112.26,0.19,Monitor (no paid action),0.0,Opted in to marketing; Redeemed 0.0 coupons/month before; App use was 1.0 sessions/month
2053,500764,Active,Silver,Portland,Frozen Foods,0.0,Low,236.52,0.19,Monitor (no paid action),0.0,Opted in to marketing; Redeemed 0.0 coupons/month before; App use was 1.3 sessions/month
2054,502355,Active,Gold,Raleigh,Personal Care,0.0,Low,200.4,0.19,Monitor (no paid action),0.0,Only 2 transaction(s) last month; Opted in to marketing; Preferred category: Personal Care
2055,502099,Active,Silver,Madison,Beverages,0.0,Low,120.97,0.18,Monitor (no paid action),0.0,Opted in to marketing; Spend $78/month (last 3m); Redeemed 0.0 coupons/month before
2056,501629,Active,Silver,Denver,Beverages,0.0,Low,82.44,0.18,Monitor (no paid action),0.0,Opted in to marketing; 2 support tickets in 6m; Home-store price tier: Value
2057,501487,Active,Silver,Denver,Frozen Foods,0.0,Low,213.12,0.18,Monitor (no paid action),0.0,Opens 0.3 emails/month; City: Denver; 0 formal complaints in 6m
2058,500563,Active,Silver,Raleigh,Frozen Foods,0.0,Low,178.78,0.18,Monitor (no paid action),0.0,No app use in last 3m; Opted in to marketing; New member (<4 months of history)
2059,501933,Active,Silver,Tulsa,Produce,0.0,Low,88.26,0.18,Monitor (no paid action),0.0,Opted in to marketing; Spend $82/month (last 3m); Redeems 0.3 coupons/month
2060,502279,Active,Silver,Denver,Dairy,0.0,Low,175.14,0.18,Monitor (no paid action),0.0,Opted in to marketing; City: Denver; Redeems 0.3 coupons/month
2061,501344,Active,Silver,Denver,Personal Care,0.0,Low,215.9,0.18,Monitor (no paid action),0.0,Opted in to marketing; 47% of trips use a promotion; Home-store price tier: Value
2062,502277,Active,Platinum,Portland,Household,0.0,Low,377.36,0.17,Monitor (no paid action),0.0,Formal complaint in last 3m; Transactions trending down (-0.6/month); Opted in to marketing
2063,500301,Active,Silver,Portland,Frozen Foods,0.0,Low,106.67,0.17,Monitor (no paid action),0.0,Opens 0.3 emails/month; Formal complaint in last 3m; App use -75% vs prior 3m
2064,501863,Active,Gold,Tulsa,Household,0.0,Low,175.96,0.17,Monitor (no paid action),0.0,Opted in to marketing; Redeems 0.3 coupons/month; 0 formal complaints in 6m
2065,501009,Active,Gold,Boise,Bakery,0.0,Low,213.21,0.17,Monitor (no paid action),0.0,Opens 0.3 emails/month; Preferred category: Bakery; 38% of trips use a promotion
2066,501461,Active,Gold,Madison,Frozen Foods,0.0,Low,217.04,0.17,Monitor (no paid action),0.0,Opens 0.3 emails/month; Opted in to marketing; Spend +60% vs prior 3m
2067,500647,Active,Silver,Madison,Produce,0.0,Low,222.26,0.17,Monitor (no paid action),0.0,Formal complaint in last 3m; Opted in to marketing; No coupons redeemed in last 3m
2068,500382,Active,Silver,Spokane,Household,0.0,Low,173.93,0.17,Monitor (no paid action),0.0,Only 2 transaction(s) last month; Opted in to marketing; Transactions trending down (-0.4/month)
2069,500733,Active,Gold,Tulsa,Snacks,0.0,Low,232.67,0.17,Monitor (no paid action),0.0,Opted in to marketing; Opened 0.0 emails/month before; Home-store price tier: Value
2070,500098,Active,Gold,Raleigh,Beverages,0.0,Low,143.44,0.17,Monitor (no paid action),0.0,Opted in to marketing; No coupons redeemed in last 3m; Age unknown
2071,502467,Active,Silver,Madison,Snacks,0.0,Low,115.81,0.17,Monitor (no paid action),0.0,Spend +194% vs prior 3m; Opted in to marketing; Home-store price tier: Value
2072,500541,Active,Silver,Austin,Beverages,0.0,Low,269.78,0.17,Monitor (no paid action),0.0,Opens 0.3 emails/month; Home-store price tier: Value; Transactions trending down (-0.3/month)
2073,501660,Active,Silver,Tulsa,Beverages,0.0,Low,218.27,0.17,Monitor (no paid action),0.0,1 support tickets in last 3m; Opted in to marketing; No coupons redeemed in last 3m
2074,500325,Active,Silver,Austin,Dairy,0.0,Low,97.2,0.16,Monitor (no paid action),0.0,Opted in to marketing; Spend +64% vs prior 3m; Home-store price tier: Value
2075,501864,Active,Platinum,Madison,Produce,0.0,Low,170.38,0.16,Monitor (no paid action),0.0,Opted in to marketing; App use -12% vs prior 3m; Redeems 0.3 coupons/month
2076,500698,Active,Silver,Madison,Household,0.0,Low,219.14,0.16,Monitor (no paid action),0.0,Opted in to marketing; No coupons redeemed in last 3m; App use -17% vs prior 3m
2077,500765,Active,Gold,Boise,Personal Care,0.0,Low,153.44,0.16,Monitor (no paid action),0.0,No marketing emails opened in last 3m; 1 support tickets in last 3m; New member (<4 months of history)
2078,502462,Active,Silver,Portland,Snacks,0.0,Low,186.3,0.16,Monitor (no paid action),0.0,Opens 0.3 emails/month; No coupons redeemed in last 3m; Spend +89% vs prior 3m
2079,502361,Active,Silver,Raleigh,Snacks,0.0,Low,150.48,0.16,Monitor (no paid action),0.0,Opens 0.5 emails/month; Opted in to marketing; Redeemed 0.0 coupons/month before
2080,502514,Active,Silver,Boise,Frozen Foods,0.0,Low,89.16,0.16,Monitor (no paid action),0.0,Spend +105% vs prior 3m; Opted in to marketing; No coupons redeemed in last 3m
2081,502203,Active,Gold,Raleigh,Personal Care,0.0,Low,179.8,0.16,Monitor (no paid action),0.0,Transactions trending down (-0.3/month); Preferred category: Personal Care; Opened 0.3 emails/month before
2082,501607,Active,Silver,Raleigh,Frozen Foods,0.0,Low,160.82,0.15,Monitor (no paid action),0.0,Opted in to marketing; App use -33% vs prior 3m; Redeemed 0.0 coupons/month before
2083,500264,Active,Platinum,Spokane,Household,0.0,Low,181.77,0.15,Monitor (no paid action),0.0,1 support tickets in last 3m; Opted in to marketing; Spend +55% vs prior 3m
2084,501497,Active,Silver,Austin,Personal Care,0.0,Low,220.66,0.15,Monitor (no paid action),0.0,App use -70% vs prior 3m; Opted in to marketing; Opens 0.7 emails/month
2085,501943,Active,Silver,Austin,Personal Care,0.0,Low,113.15,0.15,Monitor (no paid action),0.0,Opted in to marketing; Redeemed 0.0 coupons/month before; Preferred category: Personal Care
2086,500004,Active,Gold,Spokane,Snacks,0.0,Low,127.05,0.15,Monitor (no paid action),0.0,App use -49% vs prior 3m; Opted in to marketing; Redeemed 0.0 coupons/month before
2087,501579,Active,Gold,Tulsa,Frozen Foods,0.0,Low,184.26,0.15,Monitor (no paid action),0.0,Opens 0.3 emails/month; 2 support tickets in 6m; No coupons redeemed in last 3m
2088,500846,Active,Silver,Raleigh,Frozen Foods,0.0,Low,148.82,0.15,Monitor (no paid action),0.0,App use -62% vs prior 3m; Opted in to marketing; 0 formal complaints in 6m
2089,500658,Active,Gold,Columbus,Dairy,0.0,Low,165.85,0.15,Monitor (no paid action),0.0,Transactions trending down (-0.4/month); Opted in to marketing; App use was 0.5 sessions/month
2090,501557,Active,Silver,Boise,Produce,0.0,Low,194.53,0.14,Monitor (no paid action),0.0,Opted in to marketing; App use -43% vs prior 3m; 0 formal complaints in 6m
2091,500358,Active,Silver,Nashville,Beverages,0.0,Low,121.76,0.14,Monitor (no paid action),0.0,Opens 0.3 emails/month; Opted in to marketing; New member (<4 months of history)
2092,500598,Active,Silver,Columbus,Dairy,0.0,Low,227.34,0.14,Monitor (no paid action),0.0,Opens 0.3 emails/month; City: Columbus; Home-store price tier: Value
2093,500001,Active,Silver,Madison,Frozen Foods,0.0,Low,108.06,0.14,Monitor (no paid action),0.0,Opens 0.3 emails/month; Opted in to marketing; Spend +79% vs prior 3m
2094,500127,Active,Silver,Columbus,Dairy,0.0,Low,225.96,0.14,Monitor (no paid action),0.0,No marketing emails opened in last 3m; New member (<4 months of history); 48% of trips use a promotion
2095,501193,Active,Platinum,Denver,Frozen Foods,0.0,Low,201.49,0.14,Monitor (no paid action),0.0,No coupons redeemed in last 3m; Opens 0.7 emails/month; Home-store price tier: Value
2096,500980,Active,Gold,Tulsa,Frozen Foods,0.0,Low,300.21,0.14,Monitor (no paid action),0.0,No marketing emails opened in last 3m; No coupons redeemed in last 3m; 0 formal complaints in 6m
2097,501026,Active,Gold,Boise,Beverages,0.0,Low,204.93,0.13,Monitor (no paid action),0.0,Transactions trending down (-0.4/month); Opened 0.0 emails/month before; App use -14% vs prior 3m
2098,500188,Active,Silver,Spokane,Frozen Foods,0.0,Low,150.99,0.13,Monitor (no paid action),0.0,Opted in to marketing; Home-store price tier: Value; App use was 1.3 sessions/month
2099,500616,Active,Gold,Austin,Beverages,0.0,Low,137.99,0.13,Monitor (no paid action),0.0,Spend +156% vs prior 3m; App use -64% vs prior 3m; Opted in to marketing
2100,500855,Active,Gold,Nashville,Personal Care,0.0,Low,206.53,0.13,Monitor (no paid action),0.0,Formal complaint in last 3m; Opted in to marketing; New member (<4 months of history)
2101,501609,Active,Platinum,Tulsa,Dairy,0.0,Low,389.74,0.13,Monitor (no paid action),0.0,Opens 0.3 emails/month; Spend +80% vs prior 3m; 0 months of missing data
2102,500803,Active,Gold,Nashville,Snacks,0.0,Low,282.87,0.13,Monitor (no paid action),0.0,Transactions trending down (-0.5/month); Opens 0.7 emails/month; 0 formal complaints in 6m
2103,500910,Active,Silver,Nashville,Produce,0.0,Low,145.65,0.13,Monitor (no paid action),0.0,Spend +100% vs prior 3m; Opens 0.7 emails/month; Redeems 0.3 coupons/month
2104,501014,Active,Silver,Raleigh,Bakery,0.0,Low,109.46,0.13,Monitor (no paid action),0.0,Preferred category: Bakery; Opted in to marketing; Spend $90/month (last 3m)
2105,502409,Active,Platinum,Tulsa,Personal Care,0.0,Low,345.38,0.13,Monitor (no paid action),0.0,Formal complaint in last 3m; Opted in to marketing; Spend +67% vs prior 3m
2106,501721,Active,Gold,Portland,Dairy,0.0,Low,159.4,0.13,Monitor (no paid action),0.0,Opted in to marketing; No coupons redeemed in last 3m; App use -9% vs prior 3m
2107,500622,Active,Silver,Austin,Beverages,0.0,Low,268.4,0.13,Monitor (no paid action),0.0,Formal complaint in last 3m; Opted in to marketing; Opens 0.7 emails/month
2108,501876,Active,Silver,Raleigh,Frozen Foods,0.0,Low,146.22,0.13,Monitor (no paid action),0.0,App use -67% vs prior 3m; 1 support tickets in last 3m; Home-store price tier: Value
2109,502377,Active,Silver,Raleigh,Produce,0.0,Low,205.72,0.12,Monitor (no paid action),0.0,Opted in to marketing; App use -42% vs prior 3m; 0 formal complaints in 6m
2110,500380,Active,Silver,Madison,Bakery,0.0,Low,195.66,0.12,Monitor (no paid action),0.0,Transactions trending down (-1.5/month); Preferred category: Bakery; Opened 0.5 emails/month before
2111,501316,Active,Platinum,Tulsa,Dairy,0.0,Low,266.5,0.12,Monitor (no paid action),0.0,Opted in to marketing; App use -44% vs prior 3m; Opens 0.7 emails/month
2112,502299,Active,Silver,Austin,Beverages,0.0,Low,146.59,0.12,Monitor (no paid action),0.0,Opens 0.3 emails/month; App use -36% vs prior 3m; Home-store price tier: Value
2113,501206,Active,Gold,Tulsa,Snacks,0.0,Low,182.47,0.12,Monitor (no paid action),0.0,Opted in to marketing; No coupons redeemed in last 3m; Spend +47% vs prior 3m
2114,500712,Active,Silver,Denver,Beverages,0.0,Low,182.96,0.12,Monitor (no paid action),0.0,App use trending down; Opted in to marketing; Home-store price tier: Value
2115,501537,Active,Silver,Austin,Household,0.0,Low,336.38,0.12,Monitor (no paid action),0.0,No marketing emails opened in last 3m; App use was 0.7 sessions/month; Home-store price tier: Value
2116,501024,Active,Silver,Portland,Frozen Foods,0.0,Low,208.31,0.12,Monitor (no paid action),0.0,No marketing emails opened in last 3m; No coupons redeemed in last 3m; App use -23% vs prior 3m
2117,500788,Active,Silver,Spokane,Frozen Foods,0.0,Low,285.07,0.12,Monitor (no paid action),0.0,1 support tickets in last 3m; Opted in to marketing; App use -37% vs prior 3m
2118,502275,Active,Gold,Austin,Household,0.0,Low,242.71,0.12,Monitor (no paid action),0.0,Opted in to marketing; App use -44% vs prior 3m; City: Austin
2119,501359,Active,Gold,Columbus,Bakery,0.0,Low,243.13,0.12,Monitor (no paid action),0.0,Opens 0.3 emails/month; Preferred category: Bakery; Opted in to marketing
2120,501996,Active,Gold,Raleigh,Beverages,0.0,Low,160.69,0.11,Monitor (no paid action),0.0,Opted in to marketing; Home-store price tier: Value; App use -18% vs prior 3m
2121,501922,Active,Silver,Denver,Beverages,0.0,Low,258.83,0.11,Monitor (no paid action),0.0,Transactions trending down (-0.5/month); Opens 0.5 emails/month; City: Denver
2122,501637,Active,Silver,Boise,Produce,0.0,Low,206.67,0.11,Monitor (no paid action),0.0,Opted in to marketing; Opens 0.7 emails/month; Spend +46% vs prior 3m
2123,501050,Active,Silver,Denver,Produce,0.0,Low,113.86,0.11,Monitor (no paid action),0.0,Opted in to marketing; No coupons redeemed in last 3m; City: Denver
2124,501131,Active,Gold,Spokane,Beverages,0.0,Low,240.4,0.11,Monitor (no paid action),0.0,App use -57% vs prior 3m; Opted in to marketing; 35% of trips use a promotion
2125,502233,Active,Silver,Denver,Personal Care,0.0,Low,85.39,0.11,Monitor (no paid action),0.0,Spend +121% vs prior 3m; App use was 0.5 sessions/month; Opens 0.7 emails/month
2126,501587,Active,Gold,Boise,Frozen Foods,0.0,Low,163.06,0.11,Monitor (no paid action),0.0,Opted in to marketing; App use -33% vs prior 3m; Home-store price tier: Value
2127,500714,Active,Silver,Portland,Personal Care,0.0,Low,173.16,0.11,Monitor (no paid action),0.0,No marketing emails opened in last 3m; No coupons redeemed in last 3m; Preferred category: Personal Care
2128,501223,Active,Silver,Raleigh,Beverages,0.0,Low,98.28,0.11,Monitor (no paid action),0.0,Spend +164% vs prior 3m; Opted in to marketing; Redeemed 0.0 coupons/month before
2129,500575,Active,Silver,Spokane,Snacks,0.0,Low,223.35,0.11,Monitor (no paid action),0.0,Transactions trending down (-1.0/month); Opted in to marketing; App use trending down
2130,501527,Active,Silver,Denver,Snacks,0.0,Low,165.44,0.11,Monitor (no paid action),0.0,1 support tickets in last 3m; Opted in to marketing; Spend +44% vs prior 3m
2131,500476,Active,Silver,Spokane,Frozen Foods,0.0,Low,132.36,0.11,Monitor (no paid action),0.0,App use 0.7 sessions/month; Opted in to marketing; No coupons redeemed in last 3m
2132,502584,Active,Silver,Boise,Household,0.0,Low,98.99,0.1,Monitor (no paid action),0.0,Opens 0.7 emails/month; Home-store price tier: Value; 38% of trips use a promotion
2133,502481,Active,Gold,Boise,Produce,0.0,Low,171.42,0.1,Monitor (no paid action),0.0,Transactions trending down (-0.7/month); Only 2 transaction(s) last month; Opted in to marketing
2134,500012,Active,Silver,Columbus,Frozen Foods,0.0,Low,112.05,0.1,Monitor (no paid action),0.0,Opted in to marketing; City: Columbus; Spend +25% vs prior 3m
2135,502560,Active,Silver,Denver,Bakery,0.0,Low,180.1,0.1,Monitor (no paid action),0.0,No marketing emails opened in last 3m; Preferred category: Bakery; Home-store price tier: Value
2136,501944,Active,Platinum,Tulsa,Personal Care,0.0,Low,174.45,0.1,Monitor (no paid action),0.0,Opened 0.0 emails/month before; Spend +73% vs prior 3m; Redeemed 0.0 coupons/month before
2137,501532,Active,Silver,Columbus,Beverages,0.0,Low,154.82,0.1,Monitor (no paid action),0.0,2 support tickets in 6m; City: Columbus; App use was 0.7 sessions/month
2138,501189,Active,Silver,Raleigh,Snacks,0.0,Low,210.76,0.1,Monitor (no paid action),0.0,Opted in to marketing; No coupons redeemed in last 3m; Age unknown
2139,502096,Active,Silver,Boise,Household,0.0,Low,81.12,0.09,Monitor (no paid action),0.0,Opted in to marketing; Spend +88% vs prior 3m; 0 formal complaints in 6m
2140,500052,Active,Gold,Portland,Snacks,0.0,Low,267.46,0.09,Monitor (no paid action),0.0,No marketing emails opened in last 3m; App use -45% vs prior 3m; Home-store price tier: Value
2141,501124,Active,Gold,Austin,Dairy,0.0,Low,215.9,0.09,Monitor (no paid action),0.0,Spend +110% vs prior 3m; Opted in to marketing; No coupons redeemed in last 3m
2142,501606,Active,Gold,Boise,Bakery,0.0,Low,274.66,0.09,Monitor (no paid action),0.0,Preferred category: Bakery; Opted in to marketing; 2 support tickets in 6m
2143,500299,Active,Silver,Denver,Beverages,0.0,Low,146.92,0.09,Monitor (no paid action),0.0,Opted in to marketing; Opens 0.7 emails/month; Home-store price tier: Value
2144,500543,Active,Silver,Madison,Personal Care,0.0,Low,347.58,0.09,Monitor (no paid action),0.0,Opted in to marketing; App use 1.0 sessions/month; No coupons redeemed in last 3m
2145,501086,Active,Gold,Columbus,Frozen Foods,0.0,Low,168.98,0.09,Monitor (no paid action),0.0,Opted in to marketing; New member (<4 months of history); City: Columbus
2146,501921,Active,Silver,Denver,Beverages,0.0,Low,127.56,0.09,Monitor (no paid action),0.0,1 support tickets in last 3m; Opted in to marketing; Transactions trending down (-0.3/month)
2147,502106,Active,Gold,Spokane,Snacks,0.0,Low,228.29,0.09,Monitor (no paid action),0.0,Opens 0.3 emails/month; No coupons redeemed in last 3m; Age unknown
2148,501823,Active,Gold,Boise,Beverages,0.0,Low,327.59,0.09,Monitor (no paid action),0.0,Transactions trending down (-2.0/month); Opted in to marketing; New member (<4 months of history)
2149,501825,Active,Silver,Madison,Personal Care,0.0,Low,150.94,0.09,Monitor (no paid action),0.0,Spend +143% vs prior 3m; Opted in to marketing; Age unknown
2150,501509,Active,Silver,Spokane,Beverages,0.0,Low,92.67,0.09,Monitor (no paid action),0.0,Opted in to marketing; App use 1.0 sessions/month; Spend +85% vs prior 3m
2151,501125,Active,Silver,Raleigh,Snacks,0.0,Low,212.98,0.09,Monitor (no paid action),0.0,Opens 0.5 emails/month; No coupons redeemed in last 3m; New member (<4 months of history)
2152,502181,Active,Silver,Spokane,Beverages,0.0,Low,121.0,0.09,Monitor (no paid action),0.0,Transactions trending down (-0.4/month); Opted in to marketing; App use -37% vs prior 3m
2153,500180,Active,Platinum,Spokane,Personal Care,0.0,Low,374.5,0.09,Monitor (no paid action),0.0,Opted in to marketing; Preferred category: Personal Care; App use -11% vs prior 3m
2154,501915,Active,Silver,Raleigh,Produce,0.0,Low,202.67,0.09,Monitor (no paid action),0.0,App use -47% vs prior 3m; Opted in to marketing; Redeemed 0.0 coupons/month before
2155,500342,Active,Silver,Spokane,Dairy,0.0,Low,133.68,0.08,Monitor (no paid action),0.0,Opted in to marketing; Spend +35% vs prior 3m; 35% of trips use a promotion
2156,501313,Active,Silver,Tulsa,Frozen Foods,0.0,Low,183.78,0.08,Monitor (no paid action),0.0,54% of trips use a promotion; Opens 0.7 emails/month; App use -10% vs prior 3m
2157,501080,Active,Platinum,Tulsa,Snacks,0.0,Low,200.34,0.08,Monitor (no paid action),0.0,Opted in to marketing; App use was 0.3 sessions/month; Opens 0.7 emails/month
2158,500350,Active,Silver,Denver,Beverages,0.0,Low,117.73,0.08,Monitor (no paid action),0.0,Opens 0.5 emails/month; Home-store price tier: Value; City: Denver
2159,502177,Active,Silver,Spokane,Snacks,0.0,Low,190.57,0.08,Monitor (no paid action),0.0,No marketing emails opened in last 3m; New member (<4 months of history); 38% of trips use a promotion
2160,500879,Active,Gold,Boise,Frozen Foods,0.0,Low,136.44,0.08,Monitor (no paid action),0.0,Opted in to marketing; New member (<4 months of history); Home-store price tier: Value
2161,502138,Active,Gold,Denver,Frozen Foods,0.0,Low,125.19,0.08,Monitor (no paid action),0.0,Opens 0.3 emails/month; Spend +51% vs prior 3m; City: Denver
2162,501380,Active,Gold,Portland,Beverages,0.0,Low,203.25,0.08,Monitor (no paid action),0.0,Opens 0.3 emails/month; Opted in to marketing; Spend +44% vs prior 3m
2163,500706,Active,Silver,Spokane,Personal Care,0.0,Low,195.48,0.08,Monitor (no paid action),0.0,Opted in to marketing; App use -33% vs prior 3m; Transactions trending down (-0.3/month)
2164,502307,Active,Silver,Tulsa,Personal Care,0.0,Low,249.96,0.08,Monitor (no paid action),0.0,Formal complaint in last 3m; Transactions trending down (-0.6/month); No coupons redeemed in last 3m
2165,500675,Active,Silver,Tulsa,Snacks,0.0,Low,174.2,0.08,Monitor (no paid action),0.0,Opted in to marketing; Redeems 0.3 coupons/month; 0 formal complaints in 6m
2166,501835,Active,Silver,Raleigh,Produce,0.0,Low,252.74,0.08,Monitor (no paid action),0.0,Transactions trending down (-0.5/month); App use -41% vs prior 3m; Opened 0.0 emails/month before
2167,501205,Active,Silver,Spokane,Beverages,0.0,Low,180.44,0.08,Monitor (no paid action),0.0,Formal complaint in last 3m; Opted in to marketing; App use -29% vs prior 3m
2168,501410,Active,Silver,Tulsa,Snacks,0.0,Low,143.82,0.08,Monitor (no paid action),0.0,No marketing emails opened in last 3m; Home-store price tier: Value; Redeems 0.3 coupons/month
2169,502165,Active,Gold,Tulsa,Personal Care,0.0,Low,206.26,0.08,Monitor (no paid action),0.0,3 support tickets in last 3m; Opted in to marketing; App use -41% vs prior 3m
2170,500704,Active,Silver,Madison,Snacks,0.0,Low,316.71,0.07,Monitor (no paid action),0.0,1 support tickets in last 3m; Opted in to marketing; No coupons redeemed in last 3m
2171,501468,Active,Silver,Raleigh,Produce,0.0,Low,305.05,0.07,Monitor (no paid action),0.0,Transactions trending down (-0.8/month); Opted in to marketing; App use -11% vs prior 3m
2172,501547,Active,Silver,Portland,Bakery,0.0,Low,250.65,0.07,Monitor (no paid action),0.0,Preferred category: Bakery; Opted in to marketing; Opens 0.7 emails/month
2173,500978,Active,Silver,Spokane,Bakery,0.0,Low,173.93,0.07,Monitor (no paid action),0.0,3 support tickets in 6m; Opens 0.3 emails/month; Preferred category: Bakery
2174,502122,Active,Silver,Raleigh,Frozen Foods,0.0,Low,278.19,0.07,Monitor (no paid action),0.0,Transactions trending down (-0.5/month); Opted in to marketing; App use -29% vs prior 3m
2175,502176,Active,Silver,Madison,Personal Care,0.0,Low,113.4,0.07,Monitor (no paid action),0.0,Opted in to marketing; New member (<4 months of history); Preferred category: Personal Care
2176,502164,Active,Silver,Columbus,Personal Care,0.0,Low,192.76,0.07,Monitor (no paid action),0.0,Opted in to marketing; No coupons redeemed in last 3m; New member (<4 months of history)
2177,500774,Active,Silver,Denver,Household,0.0,Low,240.63,0.07,Monitor (no paid action),0.0,Opted in to marketing; Transactions trending down (-0.3/month); City: Denver
2178,500857,Active,Silver,Austin,Household,0.0,Low,148.19,0.07,Monitor (no paid action),0.0,Opted in to marketing; Spend +33% vs prior 3m; City: Austin
2179,502417,Active,Gold,Spokane,Snacks,0.0,Low,78.87,0.07,Monitor (no paid action),0.0,Spend $63/month (last 3m); Opted in to marketing; Home-store price tier: Value
2180,501068,Active,Gold,Madison,Snacks,0.0,Low,216.26,0.07,Monitor (no paid action),0.0,Opens 0.3 emails/month; 35% of trips use a promotion; 0 formal complaints in 6m
2181,502123,Active,Silver,Nashville,Beverages,0.0,Low,122.72,0.07,Monitor (no paid action),0.0,Spend +104% vs prior 3m; Opted in to marketing; No coupons redeemed in last 3m
2182,501513,Active,Silver,Nashville,Snacks,0.0,Low,185.98,0.06,Monitor (no paid action),0.0,App use -29% vs prior 3m; Opens 0.7 emails/month; Home-store price tier: Value
2183,501288,Active,Silver,Nashville,Personal Care,0.0,Low,74.93,0.06,Monitor (no paid action),0.0,Opted in to marketing; Redeemed 0.0 coupons/month before; Preferred category: Personal Care
2184,500331,Active,Silver,Raleigh,Personal Care,0.0,Low,216.42,0.06,Monitor (no paid action),0.0,Opted in to marketing; Preferred category: Personal Care; App use was 1.0 sessions/month
2185,502529,Active,Gold,Madison,Frozen Foods,0.0,Low,239.8,0.06,Monitor (no paid action),0.0,No marketing emails opened in last 3m; App use -9% vs prior 3m; 0 formal complaints in 6m
2186,501774,Active,Silver,Columbus,Bakery,0.0,Low,313.23,0.06,Monitor (no paid action),0.0,Transactions trending down (-0.5/month); Preferred category: Bakery; Opened 0.0 emails/month before
2187,501242,Active,Silver,Boise,Beverages,0.0,Low,74.16,0.06,Monitor (no paid action),0.0,Opted in to marketing; Redeemed 0.0 coupons/month before; Spend $100/month (last 3m)
2188,501204,Active,Silver,Boise,Household,0.0,Low,239.71,0.06,Monitor (no paid action),0.0,1 support tickets in last 3m; Opted in to marketing; Spend +56% vs prior 3m
2189,500561,Active,Silver,Raleigh,Bakery,0.0,Low,272.36,0.06,Monitor (no paid action),0.0,Preferred category: Bakery; Opted in to marketing; App use -31% vs prior 3m
2190,501956,Active,Platinum,Nashville,Beverages,0.0,Low,296.79,0.06,Monitor (no paid action),0.0,1 support tickets in last 3m; Opted in to marketing; Home-store price tier: Value
2191,502517,Active,Gold,Madison,Snacks,0.0,Low,209.48,0.06,Monitor (no paid action),0.0,Opted in to marketing; New member (<4 months of history); App use trending down
2192,500826,Active,Silver,Austin,Dairy,0.0,Low,165.4,0.06,Monitor (no paid action),0.0,Opted in to marketing; Home-store price tier: Value; App use -14% vs prior 3m
2193,501349,Active,Silver,Columbus,Frozen Foods,0.0,Low,153.48,0.06,Monitor (no paid action),0.0,Opted in to marketing; City: Columbus; App use -32% vs prior 3m
2194,502260,Active,Gold,Tulsa,Bakery,0.0,Low,195.78,0.06,Monitor (no paid action),0.0,1 support tickets in last 3m; Preferred category: Bakery; Opted in to marketing
2195,500122,Active,Silver,Denver,Frozen Foods,0.0,Low,139.48,0.06,Monitor (no paid action),0.0,Opted in to marketing; App use -45% vs prior 3m; City: Denver
2196,501625,Active,Gold,Columbus,Personal Care,0.0,Low,264.87,0.06,Monitor (no paid action),0.0,Opens 0.3 emails/month; Opted in to marketing; City: Columbus
2197,501311,Active,Silver,Raleigh,Dairy,0.0,Low,108.89,0.06,Monitor (no paid action),0.0,No marketing emails opened in last 3m; New member (<4 months of history); Buys 1.0 categories/month
2198,500138,Active,Gold,Columbus,Snacks,0.0,Low,397.32,0.06,Monitor (no paid action),0.0,1 support tickets in last 3m; App use -55% vs prior 3m; Opted in to marketing
2199,501796,Active,Silver,Raleigh,Dairy,0.0,Low,91.55,0.05,Monitor (no paid action),0.0,1 support tickets in last 3m; Opted in to marketing; App use was 1.0 sessions/month
2200,500430,Active,Silver,Raleigh,Produce,0.0,Low,194.49,0.05,Monitor (no paid action),0.0,Opted in to marketing; Transactions trending down (-0.4/month); Opens 0.7 emails/month
2201,500807,Active,Platinum,Columbus,Produce,0.0,Low,301.74,0.05,Monitor (no paid action),0.0,1 support tickets in last 3m; Opted in to marketing; City: Columbus
2202,500013,Active,Silver,Denver,Personal Care,0.0,Low,159.4,0.05,Monitor (no paid action),0.0,Opened 0.0 emails/month before; Preferred category: Personal Care; City: Denver
2203,500639,Active,Silver,Boise,Frozen Foods,0.0,Low,304.95,0.05,Monitor (no paid action),0.0,Opens 0.3 emails/month; Transactions trending down (-0.5/month); Home-store price tier: Value
2204,500028,Active,Gold,Denver,Frozen Foods,0.0,Low,230.08,0.05,Monitor (no paid action),0.0,Formal complaint in last 3m; Opted in to marketing; Home-store price tier: Value
2205,502571,Active,Platinum,Austin,Frozen Foods,0.0,Low,188.22,0.05,Monitor (no paid action),0.0,Opted in to marketing; App use was 1.3 sessions/month; City: Austin
2206,501407,Active,Gold,Raleigh,Beverages,0.0,Low,184.4,0.05,Monitor (no paid action),0.0,Opted in to marketing; App use -18% vs prior 3m; Spend +25% vs prior 3m
2207,500633,Active,Silver,Denver,Personal Care,0.0,Low,148.56,0.05,Monitor (no paid action),0.0,Opted in to marketing; App use was 0.7 sessions/month; Home-store price tier: Value
2208,502327,Active,Silver,Madison,Household,0.0,Low,213.85,0.05,Monitor (no paid action),0.0,Opted in to marketing; App use -25% vs prior 3m; Redeems 0.3 coupons/month
2209,501177,Active,Silver,Tulsa,Personal Care,0.0,Low,260.55,0.05,Monitor (no paid action),0.0,Opted in to marketing; App use -27% vs prior 3m; Home-store price tier: Value
2210,500347,Active,Silver,Austin,Snacks,0.0,Low,118.6,0.05,Monitor (no paid action),0.0,Opted in to marketing; Opens 0.7 emails/month; Home-store price tier: Value
2211,500536,Active,Gold,Boise,Produce,0.0,Low,245.79,0.05,Monitor (no paid action),0.0,Opted in to marketing; No coupons redeemed in last 3m; 0 formal complaints in 6m
2212,501261,Active,Platinum,Denver,Frozen Foods,0.0,Low,192.37,0.05,Monitor (no paid action),0.0,No coupons redeemed in last 3m; Opened 0.0 emails/month before; Spend +81% vs prior 3m
2213,500517,Active,Silver,Tulsa,Household,0.0,Low,227.38,0.05,Monitor (no paid action),0.0,1 support tickets in last 3m; Opted in to marketing; New member (<4 months of history)
2214,501430,Active,Gold,Spokane,Bakery,0.0,Low,161.3,0.05,Monitor (no paid action),0.0,No marketing emails opened in last 3m; Spend +203% vs prior 3m; Preferred category: Bakery
2215,501396,Active,Gold,Nashville,Bakery,0.0,Low,163.47,0.05,Monitor (no paid action),0.0,App use -58% vs prior 3m; Preferred category: Bakery; Opted in to marketing
2216,500321,Active,Silver,Raleigh,Snacks,0.0,Low,211.16,0.05,Monitor (no paid action),0.0,Opted in to marketing; 0 formal complaints in 6m; Gender: F
2217,500231,Active,Silver,Portland,Dairy,0.0,Low,113.67,0.05,Monitor (no paid action),0.0,Opted in to marketing; 2 support tickets in 6m; App use was 1.0 sessions/month
2218,500039,Active,Silver,Tulsa,Dairy,0.0,Low,222.32,0.05,Monitor (no paid action),0.0,Opted in to marketing; 0 formal complaints in 6m; 33% of trips use a promotion
2219,502124,Active,Silver,Tulsa,Personal Care,0.0,Low,305.32,0.04,Monitor (no paid action),0.0,Transactions trending down (-0.6/month); Opted in to marketing; Redeemed 0.0 coupons/month before
2220,500940,Active,Silver,Austin,Dairy,0.0,Low,178.14,0.04,Monitor (no paid action),0.0,App use -67% vs prior 3m; Opted in to marketing; Spend +59% vs prior 3m
2221,502300,Active,Silver,Tulsa,Personal Care,0.0,Low,156.42,0.04,Monitor (no paid action),0.0,Opted in to marketing; App use was 0.7 sessions/month; Preferred category: Personal Care
2222,501191,Active,Silver,Nashville,Household,0.0,Low,86.68,0.04,Monitor (no paid action),0.0,3 support tickets in 6m; Opted in to marketing; Spend +59% vs prior 3m
2223,500253,Active,Silver,Raleigh,Produce,0.0,Low,158.08,0.04,Monitor (no paid action),0.0,Opted in to marketing; 36% of trips use a promotion; Buys 1.7 categories/month
2224,500243,Active,Silver,Spokane,Household,0.0,Low,183.53,0.04,Monitor (no paid action),0.0,Opted in to marketing; No coupons redeemed in last 3m; Age unknown
2225,502472,Active,Silver,Tulsa,Bakery,0.0,Low,198.64,0.04,Monitor (no paid action),0.0,No marketing emails opened in last 3m; Spend +146% vs prior 3m; Preferred category: Bakery
2226,502162,Active,Gold,Spokane,Frozen Foods,0.0,Low,212.83,0.04,Monitor (no paid action),0.0,1 support tickets in last 3m; Opted in to marketing; Spend +39% vs prior 3m
2227,500671,Active,Silver,Portland,Frozen Foods,0.0,Low,188.36,0.04,Monitor (no paid action),0.0,Opted in to marketing; No coupons redeemed in last 3m; Home-store price tier: Value
2228,500555,Active,Silver,Columbus,Snacks,0.0,Low,119.12,0.04,Monitor (no paid action),0.0,Opted in to marketing; City: Columbus; App use -25% vs prior 3m
2229,501219,Active,Gold,Columbus,Dairy,0.0,Low,228.88,0.04,Monitor (no paid action),0.0,Opted in to marketing; City: Columbus; App use -21% vs prior 3m
2230,501167,Active,Gold,Raleigh,Bakery,0.0,Low,302.23,0.04,Monitor (no paid action),0.0,Opens 0.3 emails/month; 1 support tickets in last 3m; Preferred category: Bakery
2231,501780,Active,Silver,Columbus,Frozen Foods,0.0,Low,230.53,0.04,Monitor (no paid action),0.0,Opted in to marketing; City: Columbus; Home-store price tier: Value
2232,501306,Active,Silver,Spokane,Snacks,0.0,Low,248.01,0.04,Monitor (no paid action),0.0,Opens 0.7 emails/month; Redeemed 0.0 coupons/month before; Spend +28% vs prior 3m
2233,502566,Active,Silver,Tulsa,Produce,0.0,Low,145.26,0.04,Monitor (no paid action),0.0,Opted in to marketing; New member (<4 months of history); 0 formal complaints in 6m
2234,502348,Active,Silver,Tulsa,Household,0.0,Low,146.21,0.04,Monitor (no paid action),0.0,No marketing emails opened in last 3m; Average basket $18; 0 formal complaints in 6m
2235,501679,Active,Gold,Madison,Beverages,0.0,Low,222.78,0.04,Monitor (no paid action),0.0,No marketing emails opened in last 3m; Opted in to marketing; 39% of trips use a promotion
2236,500407,Active,Platinum,Nashville,Snacks,0.0,Low,294.1,0.04,Monitor (no paid action),0.0,Opted in to marketing; App use -17% vs prior 3m; 0 formal complaints in 6m
2237,502064,Active,Silver,Tulsa,Beverages,0.0,Low,252.94,0.03,Monitor (no paid action),0.0,Opted in to marketing; App use -8% vs prior 3m; 0 months of missing data
2238,501511,Active,Silver,Denver,Beverages,0.0,Low,161.85,0.03,Monitor (no paid action),0.0,Opens 0.3 emails/month; 1 support tickets in last 3m; App use -25% vs prior 3m
2239,501148,Active,Silver,Nashville,Personal Care,0.0,Low,146.98,0.03,Monitor (no paid action),0.0,Opened 0.0 emails/month before; Redeemed 0.0 coupons/month before; Preferred category: Personal Care
2240,500602,Active,Gold,Tulsa,Beverages,0.0,Low,177.95,0.03,Monitor (no paid action),0.0,App use -54% vs prior 3m; Opted in to marketing; Spend +76% vs prior 3m
2241,501805,Active,Gold,Austin,Produce,0.0,Low,184.18,0.03,Monitor (no paid action),0.0,Opted in to marketing; Transactions trending down (-0.3/month); City: Austin
2242,500642,Active,Silver,Columbus,Snacks,0.0,Low,186.9,0.03,Monitor (no paid action),0.0,Opens 0.3 emails/month; 49% of trips use a promotion; City: Columbus
2243,501786,Active,Silver,Tulsa,Snacks,0.0,Low,166.79,0.03,Monitor (no paid action),0.0,Opens 0.3 emails/month; Spend +101% vs prior 3m; App use -17% vs prior 3m
2244,501700,Active,Silver,Boise,Produce,0.0,Low,162.1,0.03,Monitor (no paid action),0.0,Opted in to marketing; New member (<4 months of history); Average basket $15
2245,501004,Active,Gold,Spokane,Household,0.0,Low,175.61,0.03,Monitor (no paid action),0.0,Opted in to marketing; App use -45% vs prior 3m; Spend +61% vs prior 3m
2246,501846,Active,Silver,Madison,Household,0.0,Low,264.53,0.03,Monitor (no paid action),0.0,No marketing emails opened in last 3m; No coupons redeemed in last 3m; New member (<4 months of history)
2247,502231,Active,Gold,Madison,Personal Care,0.0,Low,153.31,0.03,Monitor (no paid action),0.0,Opted in to marketing; Redeemed 0.0 coupons/month before; Preferred category: Personal Care
2248,501298,Active,Gold,Nashville,Produce,0.0,Low,299.79,0.03,Monitor (no paid action),0.0,No marketing emails opened in last 3m; No coupons redeemed in last 3m; 0 formal complaints in 6m
2249,502456,Active,Gold,Boise,Beverages,0.0,Low,169.89,0.03,Monitor (no paid action),0.0,App use -47% vs prior 3m; Opted in to marketing; 39% of trips use a promotion
2250,501163,Active,Platinum,Raleigh,Household,0.0,Low,261.59,0.03,Monitor (no paid action),0.0,Buys 1.0 categories/month; Opens 0.7 emails/month; App use was 1.3 sessions/month
2251,501816,Active,Silver,Austin,Snacks,0.0,Low,226.7,0.03,Monitor (no paid action),0.0,Opted in to marketing; Transactions trending down (-0.4/month); City: Austin
2252,500791,Active,Silver,Boise,Frozen Foods,0.0,Low,97.48,0.03,Monitor (no paid action),0.0,Opted in to marketing; App use was 1.0 sessions/month; Redeems 0.3 coupons/month
2253,501565,Active,Silver,Austin,Household,0.0,Low,112.38,0.03,Monitor (no paid action),0.0,Opens 0.5 emails/month; Opted in to marketing; No coupons redeemed in last 3m
2254,500190,Active,Gold,Tulsa,Produce,0.0,Low,177.4,0.03,Monitor (no paid action),0.0,Spend +166% vs prior 3m; Opted in to marketing; App use -33% vs prior 3m
2255,501436,Active,Platinum,Nashville,Snacks,0.0,Low,333.49,0.03,Monitor (no paid action),0.0,No marketing emails opened in last 3m; Home-store price tier: Value; Redeems 0.3 coupons/month
2256,502182,Active,Gold,Tulsa,Snacks,0.0,Low,240.49,0.03,Monitor (no paid action),0.0,Opened 0.3 emails/month before; App use -17% vs prior 3m; Spend +30% vs prior 3m
2257,500315,Active,Platinum,Spokane,Household,0.0,Low,345.53,0.03,Monitor (no paid action),0.0,Opted in to marketing; Spend +50% vs prior 3m; 0 formal complaints in 6m
2258,502366,Active,Gold,Portland,Produce,0.0,Low,238.88,0.03,Monitor (no paid action),0.0,No marketing emails opened in last 3m; Home-store price tier: Value; Redeems 0.3 coupons/month
2259,500841,Active,Silver,Boise,Bakery,0.0,Low,73.75,0.03,Monitor (no paid action),0.0,Spend $57/month (last 3m); Preferred category: Bakery; Opted in to marketing
2260,502489,Active,Platinum,Raleigh,Frozen Foods,0.0,Low,250.09,0.03,Monitor (no paid action),0.0,Opted in to marketing; Spend +63% vs prior 3m; App use was 1.0 sessions/month
2261,500831,Active,Silver,Denver,Household,0.0,Low,117.08,0.03,Monitor (no paid action),0.0,Spend +98% vs prior 3m; Opened 0.0 emails/month before; App use was 0.5 sessions/month
2262,500920,Active,Silver,Madison,Snacks,0.0,Low,118.01,0.03,Monitor (no paid action),0.0,Opted in to marketing; App use was 1.0 sessions/month; Average basket $19
2263,502362,Active,Silver,Nashville,Dairy,0.0,Low,231.35,0.02,Monitor (no paid action),0.0,Opted in to marketing; App use -43% vs prior 3m; Redeemed 0.0 coupons/month before
2264,502071,Active,Silver,Nashville,Snacks,0.0,Low,248.19,0.02,Monitor (no paid action),0.0,Opted in to marketing; 36% of trips use a promotion; Spend +27% vs prior 3m
2265,502236,Active,Silver,Portland,Produce,0.0,Low,107.75,0.02,Monitor (no paid action),0.0,Opted in to marketing; Opened 0.3 emails/month before; Average basket $13
2266,500393,Active,Silver,Austin,Dairy,0.0,Low,208.21,0.02,Monitor (no paid action),0.0,Opted in to marketing; Home-store price tier: Value; 37% of trips use a promotion
2267,501232,Active,Silver,Nashville,Produce,0.0,Low,234.26,0.02,Monitor (no paid action),0.0,Opted in to marketing; Home-store price tier: Value; App use was 1.3 sessions/month
2268,501603,Active,Silver,Madison,Produce,0.0,Low,185.88,0.02,Monitor (no paid action),0.0,Opens 0.3 emails/month; 1 support tickets in last 3m; No coupons redeemed in last 3m
2269,500521,Active,Silver,Nashville,Household,0.0,Low,184.6,0.02,Monitor (no paid action),0.0,Formal complaint in last 3m; Opted in to marketing; Spend +69% vs prior 3m
2270,500687,Active,Platinum,Madison,Household,0.0,Low,158.91,0.02,Monitor (no paid action),0.0,Opted in to marketing; Home-store price tier: Value; App use was 1.0 sessions/month
2271,501426,Active,Silver,Denver,Household,0.0,Low,225.02,0.02,Monitor (no paid action),0.0,Opted in to marketing; 43% of trips use a promotion; App use -15% vs prior 3m
2272,500363,Active,Silver,Columbus,Bakery,0.0,Low,175.38,0.02,Monitor (no paid action),0.0,Preferred category: Bakery; City: Columbus; Redeemed 0.0 coupons/month before
2273,501849,Active,Gold,Nashville,Snacks,0.0,Low,215.32,0.02,Monitor (no paid action),0.0,Transactions trending down (-0.5/month); Opted in to marketing; 0 formal complaints in 6m
2274,501060,Active,Silver,Boise,Produce,0.0,Low,108.26,0.02,Monitor (no paid action),0.0,Opted in to marketing; No coupons redeemed in last 3m; Spend +55% vs prior 3m
2275,501347,Active,Silver,Spokane,Beverages,0.0,Low,184.5,0.02,Monitor (no paid action),0.0,Opens 0.7 emails/month; Home-store price tier: Value; App use trending down
2276,501108,Active,Platinum,Denver,Dairy,0.0,Low,321.77,0.02,Monitor (no paid action),0.0,3 support tickets in 6m; Opted in to marketing; Transactions trending down (-0.3/month)
2277,502397,Active,Silver,Boise,Dairy,0.0,Low,169.9,0.02,Monitor (no paid action),0.0,Opted in to marketing; Spend +70% vs prior 3m; Home-store price tier: Value
2278,501323,Active,Silver,Raleigh,Dairy,0.0,Low,168.86,0.02,Monitor (no paid action),0.0,Opted in to marketing; Home-store price tier: Value; Redeemed 0.0 coupons/month before
2279,501697,Active,Gold,Spokane,Produce,0.0,Low,298.55,0.02,Monitor (no paid action),0.0,Transactions trending down (-0.5/month); Opted in to marketing; Home-store price tier: Value
2280,500008,Active,Platinum,Boise,Beverages,0.0,Low,261.04,0.02,Monitor (no paid action),0.0,No coupons redeemed in last 3m; App use -42% vs prior 3m; Opens 0.7 emails/month
2281,501707,Active,Gold,Nashville,Personal Care,0.0,Low,253.28,0.02,Monitor (no paid action),0.0,Opted in to marketing; Home-store price tier: Value; Preferred category: Personal Care
2282,500863,Active,Gold,Austin,Produce,0.0,Low,219.79,0.02,Monitor (no paid action),0.0,No marketing emails opened in last 3m; App use 1.0 sessions/month; Spend +71% vs prior 3m
2283,502538,Active,Silver,Tulsa,Household,0.0,Low,279.35,0.01,Monitor (no paid action),0.0,2 support tickets in last 3m; Opted in to marketing; Age unknown
2284,500843,Active,Silver,Portland,Frozen Foods,0.0,Low,159.86,0.01,Monitor (no paid action),0.0,Opted in to marketing; New member (<4 months of history); Bought in 1 of last 3 months
2285,502360,Active,Silver,Tulsa,Dairy,0.0,Low,353.24,0.01,Monitor (no paid action),0.0,New member (<4 months of history); Home-store price tier: Value; 43% of trips use a promotion
2286,502389,Active,Silver,Nashville,Personal Care,0.0,Low,189.03,0.01,Monitor (no paid action),0.0,Opens 0.3 emails/month; Opted in to marketing; Home-store price tier: Value
2287,500062,Active,Gold,Denver,Frozen Foods,0.0,Low,228.97,0.01,Monitor (no paid action),0.0,Spend +130% vs prior 3m; Opted in to marketing; City: Denver
2288,500574,Active,Silver,Tulsa,Beverages,0.0,Low,197.58,0.01,Monitor (no paid action),0.0,Opted in to marketing; New member (<4 months of history); Home-store price tier: Value
2289,500964,Active,Gold,Austin,Snacks,0.0,Low,340.28,0.01,Monitor (no paid action),0.0,Transactions trending down (-0.5/month); Opted in to marketing; Home-store price tier: Value
2290,500023,Active,Silver,Raleigh,Frozen Foods,0.0,Low,169.41,0.01,Monitor (no paid action),0.0,Spend +100% vs prior 3m; App use -50% vs prior 3m; Opted in to marketing
2291,501211,Active,Silver,Madison,Dairy,0.0,Low,216.82,0.01,Monitor (no paid action),0.0,Opted in to marketing; 42% of trips use a promotion; 0 formal complaints in 6m
2292,500057,Active,Silver,Portland,Dairy,0.0,Low,243.17,0.01,Monitor (no paid action),0.0,2 support tickets in last 3m; 37% of trips use a promotion; Gender: F
2293,501202,Active,Silver,Austin,Beverages,0.0,Low,188.29,0.01,Monitor (no paid action),0.0,No marketing emails opened in last 3m; Spend +53% vs prior 3m; 38% of trips use a promotion
2294,501484,Active,Silver,Tulsa,Household,0.0,Low,204.62,0.01,Monitor (no paid action),0.0,No marketing emails opened in last 3m; 1 support tickets in last 3m; Spend +104% vs prior 3m
2295,502089,Active,Platinum,Austin,Snacks,0.0,Low,289.48,0.01,Monitor (no paid action),0.0,Opted in to marketing; Home-store price tier: Value; City: Austin
2296,501739,Active,Gold,Spokane,Household,0.0,Low,163.94,0.01,Monitor (no paid action),0.0,App use was 0.0 sessions/month; Opted in to marketing; Spend +26% vs prior 3m
2297,500771,Active,Gold,Columbus,Beverages,0.0,Low,157.39,0.01,Monitor (no paid action),0.0,Opted in to marketing; City: Columbus; App use -18% vs prior 3m
2298,502599,Active,Silver,Raleigh,Bakery,0.0,Low,245.06,0.01,Monitor (no paid action),0.0,Preferred category: Bakery; Opted in to marketing; New member (<4 months of history)
2299,502323,Active,Platinum,Madison,Household,0.0,Low,356.52,0.01,Monitor (no paid action),0.0,Opted in to marketing; Age unknown; Buys 1.0 categories/month
2300,501705,Active,Silver,Boise,Personal Care,0.0,Low,128.81,0.01,Monitor (no paid action),0.0,Opted in to marketing; Preferred category: Personal Care; App use was 1.5 sessions/month
2301,500767,Active,Platinum,Madison,Beverages,0.0,Low,225.8,0.01,Monitor (no paid action),0.0,1 support tickets in last 3m; Opted in to marketing; Spend +68% vs prior 3m
2302,501003,Active,Silver,Portland,Personal Care,0.0,Low,174.8,0.01,Monitor (no paid action),0.0,App use -56% vs prior 3m; Opted in to marketing; Spend +70% vs prior 3m
2303,501081,Active,Silver,Raleigh,Beverages,0.0,Low,349.92,0.01,Monitor (no paid action),0.0,Opted in to marketing; No coupons redeemed in last 3m; New member (<4 months of history)
2304,501132,Active,Gold,Tulsa,Frozen Foods,0.0,Low,174.6,0.01,Monitor (no paid action),0.0,1 support tickets in last 3m; Opted in to marketing; Spend +76% vs prior 3m
2305,500410,Active,Silver,Austin,Bakery,0.0,Low,269.59,0.01,Monitor (no paid action),0.0,No marketing emails opened in last 3m; 1 support tickets in last 3m; Preferred category: Bakery
2306,500368,Active,Silver,Columbus,Household,0.0,Low,218.31,0.01,Monitor (no paid action),0.0,Spend +138% vs prior 3m; Opted in to marketing; City: Columbus
2307,501051,Active,Silver,Nashville,Snacks,0.0,Low,165.54,0.01,Monitor (no paid action),0.0,Spend +97% vs prior 3m; Opted in to marketing; 0 formal complaints in 6m
2308,500466,Active,Gold,Madison,Beverages,0.0,Low,131.81,0.01,Monitor (no paid action),0.0,Opted in to marketing; App use was 0.3 sessions/month; Spend +76% vs prior 3m
2309,501164,Active,Gold,Tulsa,Dairy,0.0,Low,213.67,0.01,Monitor (no paid action),0.0,Opens 0.3 emails/month; Spend +101% vs prior 3m; App use -37% vs prior 3m
2310,502075,Active,Silver,Raleigh,Beverages,0.0,Low,203.49,0.01,Monitor (no paid action),0.0,Opens 0.3 emails/month; No coupons redeemed in last 3m; Home-store price tier: Value
2311,500908,Active,Platinum,Nashville,Household,0.0,Low,181.31,0.01,Monitor (no paid action),0.0,Spend +67% vs prior 3m; Opens 0.7 emails/month; App use was 1.3 sessions/month
2312,502480,Active,Gold,Spokane,Bakery,0.0,Low,287.4,0.01,Monitor (no paid action),0.0,App use -55% vs prior 3m; Preferred category: Bakery; Opted in to marketing
2313,500881,Active,Gold,Denver,Frozen Foods,0.0,Low,188.48,0.01,Monitor (no paid action),0.0,Spend +102% vs prior 3m; Opted in to marketing; App use was 1.0 sessions/month
2314,500029,Active,Silver,Denver,Produce,0.0,Low,118.34,0.01,Monitor (no paid action),0.0,Opens 0.3 emails/month; Formal complaint in last 3m; Spend +94% vs prior 3m
2315,502363,Active,Silver,Nashville,Bakery,0.0,Low,150.69,0.01,Monitor (no paid action),0.0,Preferred category: Bakery; Opted in to marketing; No coupons redeemed in last 3m
2316,500259,Active,Platinum,Portland,Personal Care,0.0,Low,356.07,0.01,Monitor (no paid action),0.0,Opens 0.3 emails/month; New member (<4 months of history); Preferred category: Personal Care
2317,501870,Active,Silver,Boise,Frozen Foods,0.0,Low,265.39,0.01,Monitor (no paid action),0.0,Opted in to marketing; Spend +52% vs prior 3m; App use trending down
2318,500319,Active,Gold,Raleigh,Frozen Foods,0.0,Low,246.26,0.01,Monitor (no paid action),0.0,2 support tickets in last 3m; Opted in to marketing; 34% of trips use a promotion
2319,502459,Active,Platinum,Portland,Personal Care,0.0,Low,224.4,0.01,Monitor (no paid action),0.0,Opted in to marketing; Preferred category: Personal Care; 35% of trips use a promotion
2320,500390,Active,Platinum,Denver,Household,0.0,Low,243.13,0.01,Monitor (no paid action),0.0,Spend +199% vs prior 3m; Opens 0.3 emails/month; City: Denver
2321,501447,Active,Gold,Spokane,Produce,0.0,Low,229.97,0.01,Monitor (no paid action),0.0,App use -78% vs prior 3m; No coupons redeemed in last 3m; Opens 0.7 emails/month
2322,500486,Active,Gold,Raleigh,Produce,0.0,Low,198.03,0.01,Monitor (no paid action),0.0,No app use in last 3m; Opted in to marketing; No coupons redeemed in last 3m
2323,500909,Active,Silver,Denver,Bakery,0.0,Low,188.71,0.01,Monitor (no paid action),0.0,No marketing emails opened in last 3m; Spend +177% vs prior 3m; Preferred category: Bakery
2324,500438,Active,Silver,Denver,Snacks,0.0,Low,328.89,0.01,Monitor (no paid action),0.0,Opens 0.3 emails/month; 1 support tickets in last 3m; No coupons redeemed in last 3m
2325,500161,Active,Silver,Tulsa,Frozen Foods,0.0,Low,210.95,0.01,Monitor (no paid action),0.0,Opted in to marketing; Spend +81% vs prior 3m; Home-store price tier: Value
2326,501031,Active,Silver,Boise,Frozen Foods,0.0,Low,217.36,0.01,Monitor (no paid action),0.0,Opted in to marketing; App use -31% vs prior 3m; Redeemed 0.0 coupons/month before
2327,502209,Active,Silver,Portland,Beverages,0.0,Low,232.85,0.01,Monitor (no paid action),0.0,Opens 0.5 emails/month; No coupons redeemed in last 3m; 0 formal complaints in 6m
2328,500312,Active,Silver,Columbus,Produce,0.0,Low,266.65,0.01,Monitor (no paid action),0.0,1 support tickets in last 3m; City: Columbus; Opened 0.3 emails/month before
2329,502155,Active,Silver,Columbus,Bakery,0.0,Low,218.99,0.01,Monitor (no paid action),0.0,Formal complaint in last 3m; Preferred category: Bakery; Opted in to marketing
2330,500215,Active,Silver,Nashville,Frozen Foods,0.0,Low,277.69,0.01,Monitor (no paid action),0.0,Opted in to marketing; Spend +60% vs prior 3m; Redeems 0.3 coupons/month
2331,501348,Active,Silver,Boise,Beverages,0.0,Low,232.23,0.01,Monitor (no paid action),0.0,1 support tickets in last 3m; Opted in to marketing; No coupons redeemed in last 3m
2332,502169,Active,Silver,Tulsa,Frozen Foods,0.0,Low,202.81,0.01,Monitor (no paid action),0.0,Opted in to marketing; Spend +33% vs prior 3m; App use -7% vs prior 3m
2333,501745,Active,Gold,Nashville,Produce,0.0,Low,252.57,0.0,Monitor (no paid action),0.0,Opted in to marketing; No coupons redeemed in last 3m; Spend +88% vs prior 3m
2334,501309,Active,Silver,Nashville,Snacks,0.0,Low,138.65,0.0,Monitor (no paid action),0.0,Spend +124% vs prior 3m; Opted in to marketing; Redeemed 0.0 coupons/month before
2335,500189,Active,Platinum,Madison,Beverages,0.0,Low,215.6,0.0,Monitor (no paid action),0.0,Opted in to marketing; New member (<4 months of history); 0 formal complaints in 6m
2336,500026,Active,Gold,Portland,Dairy,0.0,Low,176.11,0.0,Monitor (no paid action),0.0,Opted in to marketing; App use 1.0 sessions/month; New member (<4 months of history)
2337,501552,Active,Gold,Raleigh,Frozen Foods,0.0,Low,284.72,0.0,Monitor (no paid action),0.0,Opted in to marketing; No coupons redeemed in last 3m; Spend +43% vs prior 3m
2338,500360,Active,Platinum,Boise,Dairy,0.0,Low,223.16,0.0,Monitor (no paid action),0.0,Opted in to marketing; Spend +67% vs prior 3m; App use was 1.3 sessions/month
2339,500921,Active,Platinum,Tulsa,Frozen Foods,0.0,Low,259.41,0.0,Monitor (no paid action),0.0,Opens 0.7 emails/month; Home-store price tier: Value; Spend +28% vs prior 3m
2340,502040,Active,Silver,Austin,Beverages,0.0,Low,174.03,0.0,Monitor (no paid action),0.0,Opted in to marketing; Home-store price tier: Value; City: Austin
2341,501101,Active,Silver,Boise,Frozen Foods,0.0,Low,198.05,0.0,Monitor (no paid action),0.0,Opted in to marketing; Home-store price tier: Value; 0 formal complaints in 6m
2342,500842,Active,Silver,Tulsa,Bakery,0.0,Low,378.13,0.0,Monitor (no paid action),0.0,Preferred category: Bakery; Opted in to marketing; App use -27% vs prior 3m
2343,501494,Active,Gold,Raleigh,Frozen Foods,0.0,Low,200.32,0.0,Monitor (no paid action),0.0,Opted in to marketing; Home-store price tier: Value; 0 formal complaints in 6m
2344,502082,Active,Silver,Columbus,Frozen Foods,0.0,Low,176.96,0.0,Monitor (no paid action),0.0,Opted in to marketing; Spend +79% vs prior 3m; City: Columbus
2345,501518,Active,Silver,Boise,Beverages,0.0,Low,157.0,0.0,Monitor (no paid action),0.0,Opted in to marketing; Spend +62% vs prior 3m; App use was 1.3 sessions/month
2346,501619,Active,Silver,Madison,Beverages,0.0,Low,174.09,0.0,Monitor (no paid action),0.0,Opted in to marketing; No coupons redeemed in last 3m; Spend +42% vs prior 3m
2347,501658,Active,Gold,Raleigh,Dairy,0.0,Low,362.35,0.0,Monitor (no paid action),0.0,Opted in to marketing; New member (<4 months of history); Home-store price tier: Value
2348,500067,Active,Silver,Tulsa,Produce,0.0,Low,355.31,0.0,Monitor (no paid action),0.0,No marketing emails opened in last 3m; New member (<4 months of history); 0 formal complaints in 6m
2349,500385,Active,Silver,Madison,Personal Care,0.0,Low,187.9,0.0,Monitor (no paid action),0.0,Opted in to marketing; No coupons redeemed in last 3m; Spend +83% vs prior 3m
2350,501616,Active,Platinum,Tulsa,Household,0.0,Low,398.92,0.0,Monitor (no paid action),0.0,Opted in to marketing; Home-store price tier: Value; Redeemed 0.0 coupons/month before
2351,502025,Active,Platinum,Raleigh,Household,0.0,Low,379.15,0.0,Monitor (no paid action),0.0,Opted in to marketing; New member (<4 months of history); 34% of trips use a promotion
2352,500795,Active,Gold,Portland,Household,0.0,Low,314.69,0.0,Monitor (no paid action),0.0,Opted in to marketing; New member (<4 months of history); 41% of trips use a promotion
2353,500487,Active,Silver,Portland,Household,0.0,Low,165.35,0.0,Monitor (no paid action),0.0,Spend +111% vs prior 3m; Opens 0.7 emails/month; Home-store price tier: Value
2354,501914,Active,Silver,Spokane,Beverages,0.0,Low,211.1,0.0,Monitor (no paid action),0.0,Opted in to marketing; Spend +37% vs prior 3m; App use was 1.3 sessions/month
2355,502115,Active,Gold,Madison,Beverages,0.0,Low,242.39,0.0,Monitor (no paid action),0.0,No marketing emails opened in last 3m; Spend +48% vs prior 3m; 0 formal complaints in 6m
2356,501266,Active,Silver,Boise,Frozen Foods,0.0,Low,270.76,0.0,Monitor (no paid action),0.0,New member (<4 months of history); Home-store price tier: Value; 35% of trips use a promotion
2357,500417,Active,Gold,Denver,Snacks,0.0,Low,221.79,0.0,Monitor (no paid action),0.0,Spend +227% vs prior 3m; 1 support tickets in last 3m; Opted in to marketing
2358,500442,Active,Gold,Boise,Beverages,0.0,Low,436.14,0.0,Monitor (no paid action),0.0,Opted in to marketing; New member (<4 months of history); Bought in 1 of last 3 months
2359,500286,Active,Platinum,Nashville,Beverages,0.0,Low,321.58,0.0,Monitor (no paid action),0.0,Spend +100% vs prior 3m; Opted in to marketing; No coupons redeemed in last 3m
2360,500313,Active,Gold,Portland,Dairy,0.0,Low,531.45,0.0,Monitor (no paid action),0.0,New member (<4 months of history); 0 formal complaints in 6m; Active in 100% of recent months
2361,501362,Active,Gold,Boise,Snacks,0.0,Low,362.44,0.0,Monitor (no paid action),0.0,55% of trips use a promotion; Opted in to marketing; New member (<4 months of history)
2362,501572,Active,Platinum,Boise,Bakery,0.0,Low,467.33,0.0,Monitor (no paid action),0.0,Preferred category: Bakery; Opted in to marketing; No coupons redeemed in last 3m
2363,500268,Active,Silver,Columbus,Beverages,0.0,Low,172.0,0.0,Monitor (no paid action),0.0,Spend +189% vs prior 3m; App use -62% vs prior 3m; Opted in to marketing
2364,501733,Active,Gold,Denver,Snacks,0.0,Low,439.9,0.0,Monitor (no paid action),0.0,1 support tickets in last 3m; Opted in to marketing; Opened 0.3 emails/month before
2365,501753,Active,Silver,Boise,Beverages,0.0,Low,228.4,0.0,Monitor (no paid action),0.0,Opted in to marketing; Spend +35% vs prior 3m; 0 formal complaints in 6m
2366,500924,Active,Platinum,Madison,Dairy,0.0,Low,313.91,0.0,Monitor (no paid action),0.0,Spend +121% vs prior 3m; Opted in to marketing; No coupons redeemed in last 3m
2367,502188,Active,Silver,Tulsa,Produce,0.0,Low,238.26,0.0,Monitor (no paid action),0.0,Opted in to marketing; Spend +66% vs prior 3m; Home-store price tier: Value
2368,500676,Active,Silver,Tulsa,Dairy,0.0,Low,180.66,0.0,Monitor (no paid action),0.0,Spend +110% vs prior 3m; Opted in to marketing; App use -9% vs prior 3m
